100013376,1,100016276,2
100016276,2,100013376,1
100042671,1,100042865,1
100042865,1,100042671,1
100045589,1,100049003,1
100049003,1,100045589,1
100049877,1,100280768,1
100053396,2,100053731,2
100053731,2,100053396,2
100061116,2,100062442,1
100062442,1,100061116,2
100076289,2,100076514,2
100076514,2,100076289,2
100121093,2,115594844,1
100123762,1,100123903,1
100123903,1,100123762,1
100124116,1,100124341,1
100124341,1,100124116,1
100144247,2,100144442,1
100144442,1,100144247,2
100151112,2,100151565,2
100151565,2,100151112,2
100181247,1,100181398,1
100181398,1,100181247,1
100186679,1,100186823,1
100186823,1,100186679,1
100195276,1,100195618,1
100195618,1,100195276,1
100207551,1,100232837,3
100227706,3,107463270,1
100230902,1,100234223,1
100232837,3,100207551,1
100234223,1,100230902,1
100275705,1,100394352,1
100280768,1,100049877,1
100286462,1,100286589,1
100286589,1,100286462,1
100300392,1,100300521,1
100300521,1,100300392,1
100329364,1,100329581,1
100329581,1,100329364,1
100337667,1,100343066,1
100342117,1,100344323,1
100343066,1,100337667,1
100344323,1,100342117,1
100350664,1,100362571,1
100355059,2,100366453,3
100355987,2,100356648,2
100356648,2,100355987,2
100360068,2,100363099,1
100361243,1,100366724,1
100361666,1,100373525,1
100361970,1,100374533,1
100362571,1,100350664,1
100363099,1,100360068,2
100363751,1,100363911,1
100363911,1,100363751,1
100364839,1,100365077,2
100365077,2,100364839,1
100366453,3,100355059,2
100366724,1,100361243,1
100368994,1,100405414,1
100373525,1,100361666,1
100374533,1,100361970,1
100381244,4,100385179,1
100382303,1,100382527,1
100382303,2,100382527,2
100382527,1,100382303,1
100382527,2,100382303,2
100385179,1,100381244,4
100394352,1,100275705,1
100405414,1,100368994,1
100407324,2,100407461,1
100407461,1,100407324,2
100407589,1,101077659,1
100457059,1,100457157,1
100457157,1,100457059,1
100457284,1,100457398,1
100457398,1,100457284,1
100475402,1,100476420,1
100476420,1,100475402,1
100569657,1,100571104,1
100571104,1,100569657,1
100617892,1,100618450,1
100618450,1,100617892,1
100687398,1,100687910,1
100687910,1,100687398,1
100713425,1,100713622,1
100713622,1,100713425,1
100716798,1,100717019,1
100717019,1,100716798,1
100761316,1,100761462,1
100761462,1,100761316,1
100761709,2,100762012,1
100762012,1,100761709,2
100788786,1,100788967,1
100788967,1,100788786,1
100839344,1,100839538,1
100839538,1,100839344,1
100858061,1,100858223,1
100858223,1,100858061,1
100885490,1,101234602,1
100923466,1,100923739,1
100923739,1,100923466,1
100923739,1,101249945,2
101032643,1,101037157,1
101032643,2,101037157,2
101037157,1,101032643,1
101037157,2,101032643,2
101077659,1,100407589,1
101093758,1,113775267,1
101093758,2,113775267,1
101126487,1,101126649,1
101126649,1,101126487,1
101130356,1,101130544,1
101130544,1,101130356,1
101136614,3,101137021,2
101137021,2,101136614,3
101142243,1,101142492,1
101142243,2,101142492,2
101142492,1,101142243,1
101142492,2,101142243,2
101156621,2,101156820,1
101156820,1,101156621,2
101166100,1,101166311,1
101166311,1,101166100,1
101169098,4,101169457,2
101169457,2,101169098,4
101174386,4,101176224,2
101174932,1,101175591,1
101174932,2,101175591,2
101175591,1,101174932,1
101175591,2,101174932,2
101176224,2,101174386,4
101177287,1,101177780,1
101177287,2,101177780,2
101177780,1,101177287,1
101177780,2,101177287,2
101185728,1,101198288,1
101187151,1,101221789,1
101198288,1,101185728,1
101198288,2,101222561,2
101204562,1,101204773,1
101204773,1,101204562,1
101207979,2,101212634,1
101208347,2,101208626,2
101208626,2,101208347,2
101211924,1,101212420,1
101212420,1,101211924,1
101212634,1,101207979,2
101217115,2,101217558,2
101217558,2,101217115,2
101221069,1,101221300,3
101221300,3,101221069,1
101221789,1,101187151,1
101222561,2,101198288,2
101222561,4,101223818,2
101223304,3,101223684,1
101223684,1,101223304,3
101223818,2,101222561,4
101228625,1,101228927,1
101228927,1,101228625,1
101234602,1,100885490,1
101249945,2,100923739,1
101253780,1,101254473,1
101254185,1,101254728,1
101254473,1,101253780,1
101254728,1,101254185,1
101258325,2,101258568,2
101258568,2,101258325,2
101259649,1,101260072,1
101259649,3,101260072,2
101259649,4,101260072,3
101260072,1,101259649,1
101260072,2,101259649,3
101260072,3,101259649,4
101343000,1,101343358,1
101343358,1,101343000,1
101408353,1,101409193,1
101409193,1,101408353,1
101439564,2,101439862,2
101439862,2,101439564,2
101453299,2,102594361,2
101543141,2,101543542,1
101543542,1,101543141,2
101690470,1,101690696,1
101690696,1,101690470,1
101879947,1,101880101,2
101880101,2,101879947,1
102191600,1,102191790,1
102191790,1,102191600,1
102413586,1,102434901,3
102434901,3,102413586,1
102508043,1,102508230,1
102508230,1,102508043,1
102548575,2,102548776,2
102548776,2,102548575,2
102594361,2,101453299,2
102746175,3,102850521,4
102760449,1,103033897,1
102760669,1,103034135,1
102761017,1,104442214,1
102846978,3,103920693,1
102850521,4,102746175,3
102894174,1,104648498,1
102904336,1,104459436,1
102939907,1,103489897,1
103033897,1,102760449,1
103034135,1,102760669,1
103099315,1,103908799,1
103204381,2,104122840,1
103222540,1,103888670,1
103304565,1,104642137,1
103305415,1,104642449,1
103308650,1,104311253,1
103329771,1,104608833,3
103360485,1,103621298,1
103360663,1,103738741,1
103378966,1,104309558,1
103379093,1,104486463,1
103453570,1,104123620,2
103489897,1,102939907,1
103543700,1,104058655,2
103548737,1,104322279,1
103549353,2,106666926,3
103557934,1,104450316,1
103621298,1,103360485,1
103622515,1,103919813,1
103700173,1,104369107,1
103738741,1,103360663,1
103739988,1,104410160,1
103836231,1,104359496,1
103888670,1,103222540,1
103890162,1,104607934,1
103890162,2,104607934,1
103901161,1,104149309,1
103908799,1,103099315,1
103919813,1,103622515,1
103920693,1,102846978,3
103924935,2,104575768,1
103927310,1,104062079,3
103927310,2,104062079,4
104058655,2,103543700,1
104062079,3,103927310,1
104062079,4,103927310,2
104122840,1,103204381,2
104123620,2,103453570,1
104149309,1,103901161,1
104176350,1,104372027,1
104309558,1,103378966,1
104311253,1,103308650,1
104322279,1,103548737,1
104359496,1,103836231,1
104369107,1,103700173,1
104372027,1,104176350,1
104410160,1,103739988,1
104413827,1,104428953,1
104428953,1,104413827,1
104442214,1,102761017,1
104450316,1,103557934,1
104459436,1,102904336,1
104486463,1,103379093,1
104575768,1,103924935,2
104607934,1,103890162,1
104607934,1,103890162,2
104608833,3,103329771,1
104642137,1,103304565,1
104642449,1,103305415,1
104648498,1,102894174,1
104689593,1,104689862,2
104689862,2,104689593,1
104690167,1,104690377,1
104690377,1,104690167,1
104690591,1,104690816,1
104690591,1,104691069,1
104690816,1,104690591,1
104690816,1,104691069,1
104691069,1,104690591,1
104691069,1,104690816,1
104695152,2,104698066,2
104698066,2,104695152,2
104699579,2,104700188,1
104700188,1,104699579,2
104704070,1,104704597,1
104704597,1,104704070,1
104706889,1,104708079,2
104708079,2,104706889,1
104709182,1,104710453,1
104709544,3,104711602,1
104709933,2,104712227,1
104710453,1,104709182,1
104711602,1,104709544,3
104712105,2,104775531,2
104712227,1,104709933,2
104713518,1,104714605,2
104714605,2,104713518,1
104715554,3,104717178,1
104717178,1,104715554,3
104719611,1,104720868,1
104720868,1,104719611,1
104722032,1,104725853,1
104723171,2,104726512,1
104723442,1,104726981,1
104724754,2,104726349,1
104724934,1,104727791,1
104725156,3,104727921,1
104725387,1,104728047,1
104725853,1,104722032,1
104726349,1,104724754,2
104726512,1,104723171,2
104726981,1,104723442,1
104727791,1,104724934,1
104727921,1,104725156,3
104728047,1,104725387,1
104728195,1,104729185,1
104728392,1,104729366,1
104729185,1,104728195,1
104729366,1,104728392,1
104729659,1,104730847,2
104730847,2,104729659,1
104732092,1,104732460,1
104732460,1,104732092,1
104732635,1,104734105,1
104732904,1,104734684,1
104732904,2,104734684,4
104733199,2,104734351,1
104733554,2,104734547,1
104734105,1,104732635,1
104734351,1,104733199,2
104734547,1,104733554,2
104734684,1,104732904,1
104734684,4,104732904,2
104735756,1,104736547,1
104736547,1,104735756,1
104737960,1,104739672,1
104737960,2,104739672,2
104738388,1,104739887,1
104738388,2,104739887,2
104739163,1,104740535,1
104739163,2,104740535,2
104739163,3,104740535,3
104739163,4,104740535,4
104739672,1,104737960,1
104739672,2,104737960,2
104739887,1,104738388,1
104739887,2,104738388,2
104740535,1,104739163,1
104740535,2,104739163,2
104740535,3,104739163,3
104740535,4,104739163,4
104741515,1,104742519,1
104742519,1,104741515,1
104753060,1,104753350,1
104753350,1,104753060,1
104753457,1,104759962,1
104754533,1,104760700,1
104755751,1,104761260,1
104759962,1,104753457,1
104760700,1,104754533,1
104761260,1,104755751,1
104771320,1,104773284,1
104772548,1,104774206,4
104772548,2,104774206,5
104773284,1,104771320,1
104774206,4,104772548,1
104774206,5,104772548,2
104775184,2,104775531,2
104775396,1,104775810,1
104775531,2,104712105,2
104775531,2,104775184,2
104775810,1,104775396,1
104775947,1,104777442,1
104776916,1,104777752,1
104777442,1,104775947,1
104777752,1,104776916,1
104777901,1,104779060,2
104778349,1,104779877,1
104779060,2,104777901,1
104779877,1,104778349,1
104783121,1,104784844,1
104784560,2,104785251,1
104784560,3,104785251,2
104784844,1,104783121,1
104785251,1,104784560,2
104785251,2,104784560,3
104785891,1,104791480,2
104785891,2,104791480,3
104786369,1,104792090,1
104786632,2,104792491,1
104786913,1,104791868,1
104786913,2,104791868,2
104787286,1,104792813,1
104787974,1,104788556,1
104788209,1,104788728,1
104788556,1,104787974,1
104788728,1,104788209,1
104788985,1,104793155,1
104789248,1,104793529,1
104789421,1,115594449,1
104789421,2,104793368,1
104791480,2,104785891,1
104791480,3,104785891,2
104791868,1,104786913,1
104791868,2,104786913,2
104792090,1,104786369,1
104792491,1,104786632,2
104792813,1,104787286,1
104793155,1,104788985,1
104793368,1,104789421,2
104793529,1,104789248,1
104798947,1,104801259,2
104798947,2,104801259,1
104801259,1,104798947,2
104801259,2,104798947,1
104804487,2,104808855,1
104805398,1,104810707,1
104805732,2,104809580,1
104806099,1,104810871,1
104806099,2,104810871,2
104806458,1,104811112,1
104806831,1,104811803,1
104807678,1,104807941,1
104807941,1,104807678,1
104808855,1,104804487,2
104809580,1,104805732,2
104810707,1,104805398,1
104810871,1,104806099,1
104810871,2,104806099,2
104811112,1,104806458,1
104811803,1,104806831,1
104812250,1,104812746,2
104812250,2,104812746,3
104812469,1,104813023,1
104812746,2,104812250,1
104812746,3,104812250,2
104813023,1,104812469,1
104813492,1,104819887,1
104814580,1,104821266,1
104815789,2,104821848,2
104815789,3,104821848,1
104816345,1,104822024,1
104816654,1,104822182,1
104816907,2,104822949,1
104818950,1,104823323,1
104819324,1,104823516,1
104819549,1,104824488,1
104819887,1,104813492,1
104821266,1,104814580,1
104821848,1,104815789,3
104821848,2,104815789,2
104822024,1,104816345,1
104822182,1,104816654,1
104822949,1,104816907,2
104823323,1,104818950,1
104823516,1,104819324,1
104824488,1,104819549,1
104824612,1,104828117,3
104825633,1,104829447,1
104827254,1,104829579,1
104827419,1,104829718,1
104827883,1,104830042,1
104827883,2,104830042,2
104828117,3,104824612,1
104829447,1,104825633,1
104829579,1,104827254,1
104829718,1,104827419,1
104830042,1,104827883,1
104830042,2,104827883,2
104830712,1,104830996,1
104830996,1,104830712,1
104831133,1,104833435,1
104831308,1,104831580,1
104831308,2,104831580,2
104831580,1,104831308,1
104831580,2,104831308,2
104832072,2,104832818,2
104832072,3,104832818,1
104832513,2,104833116,1
104832818,1,104832072,3
104832818,2,104832072,2
104833116,1,104832513,2
104833435,1,104831133,1
104833656,1,104833793,1
104833793,1,104833656,1
104833988,1,104835842,2
104834666,2,104836692,1
104835842,2,104833988,1
104836692,1,104834666,2
104838010,2,104838226,1
104838226,1,104838010,2
104839282,1,104842242,1
104841484,1,104843921,1
104841484,2,104843921,2
104842096,1,104845213,1
104842242,1,104839282,1
104843921,1,104841484,1
104843921,2,104841484,2
104845213,1,104842096,1
104845385,1,104848333,1
104845795,1,104848487,1
104845933,1,104848733,1
104845933,2,104848733,2
104846545,1,104848974,2
104847596,2,104849904,2
104847781,1,104850453,1
104847781,2,104850453,2
104848333,1,104845385,1
104848487,1,104845795,1
104848733,1,104845933,1
104848733,2,104845933,2
104848974,2,104846545,1
104849132,2,104849455,1
104849455,1,104849132,2
104849904,2,104847596,2
104850453,1,104847781,1
104850453,2,104847781,2
104850682,1,104851719,1
104851105,1,104852019,1
104851591,1,104852879,1
104851719,1,104850682,1
104852019,1,104851105,1
104852879,1,104851591,1
104855009,2,104856349,1
104855931,1,104856529,1
104856349,1,104855009,2
104856529,1,104855931,1
104856835,1,104857840,2
104856835,2,104857840,3
104857840,2,104856835,1
104857840,3,104856835,2
104858079,1,104859794,1
104858497,1,104860027,1
104859343,1,104861322,3
104859794,1,104858079,1
104860027,1,104858497,1
104861322,3,104859343,1
104862047,1,104862807,3
104862428,1,104864119,1
104862596,1,104864307,1
104862596,2,104864307,2
104862807,3,104862047,1
104864119,1,104862428,1
104864307,1,104862596,1
104864307,2,104862596,2
104864506,1,104865664,1
104864736,1,104865864,1
104864970,1,104866252,1
104865307,1,104866563,1
104865500,1,104866735,1
104865664,1,104864506,1
104865864,1,104864736,1
104866252,1,104864970,1
104866563,1,104865307,1
104866735,1,104865500,1
104867078,3,104868853,1
104867579,1,104869124,2
104867872,1,104869345,1
104868449,1,104869694,1
104868654,1,104869935,2
104868853,1,104867078,3
104869124,2,104867579,1
104869345,1,104867872,1
104869694,1,104868449,1
104869935,2,104868654,1
104871797,2,104872334,1
104872334,1,104871797,2
104872830,1,104873639,1
104873200,2,104873802,1
104873356,1,104874021,3
104873639,1,104872830,1
104873802,1,104873200,2
104874021,3,104873356,1
104874705,1,104874910,1
104874705,2,104874910,2
104874910,1,104874705,1
104874910,2,104874705,2
104875432,1,104876994,1
104875955,2,104877154,2
104876405,1,104877309,1
104876405,2,104877309,2
104876994,1,104875432,1
104877154,2,104875955,2
104877309,1,104876405,1
104877309,2,104876405,2
104877676,1,104879058,1
104877844,1,104878012,1
104878012,1,104877844,1
104879058,1,104877676,1
104879201,1,104880346,1
104880346,1,104879201,1
104881227,1,104881677,1
104881677,1,104881227,1
104881825,1,104882933,1
104882372,1,104883507,1
104882641,1,104884118,1
104882800,1,104884270,1
104882933,1,104881825,1
104883507,1,104882372,1
104884118,1,104882641,1
104884270,1,104882800,1
104884964,1,104888079,1
104886091,1,104891042,1
104888079,1,104884964,1
104888883,2,104889060,1
104889060,1,104888883,2
104891042,1,104886091,1
104891784,1,104894999,1
104892043,1,104895497,1
104892254,1,104896518,1
104893034,1,104896228,3
104893034,2,104896678,1
104893684,1,104898388,2
104894578,1,104897926,1
104894578,2,104897926,2
104894808,1,104897631,1
104894999,1,104891784,1
104895497,1,104892043,1
104896228,3,104893034,1
104896518,1,104892254,1
104896678,1,104893034,2
104897631,1,104894808,1
104897926,1,104894578,1
104897926,2,104894578,2
104898388,2,104893684,1
104899047,1,104900464,1
104899583,1,104901067,1
104900315,1,104901566,2
104900464,1,104899047,1
104901067,1,104899583,1
104901566,2,104900315,1
104901737,1,104902914,1
104902094,1,104903843,1
104902914,1,104901737,1
104903843,1,104902094,1
104904539,1,104906300,1
104905360,1,104907299,1
104905793,1,104907447,1
104906118,1,104907889,2
104906300,1,104904539,1
104907299,1,104905360,1
104907447,1,104905793,1
104907889,2,104906118,1
104912028,1,104912550,1
104912028,2,104912550,2
104912550,1,104912028,1
104912550,2,104912028,2
104912904,1,104918275,1
104913430,1,104919515,2
104913874,1,104915748,2
104913874,2,104915748,3
104914251,2,104918949,2
104914251,3,104918949,3
104914703,2,104919225,1
104915748,2,104913874,1
104915748,3,104913874,2
104915953,1,104916984,1
104915953,2,104916984,2
104916835,1,104918109,1
104916984,1,104915953,1
104916984,2,104915953,2
104918109,1,104916835,1
104918275,1,104912904,1
104918949,2,104914251,2
104918949,3,104914251,3
104919225,1,104914703,2
104919515,2,104913430,1
104919752,1,104923665,1
104920133,1,104925113,1
104921686,1,104922074,1
104922074,1,104921686,1
104922241,1,104925239,1
104922241,2,104925239,2
104923193,1,104927595,1
104923417,1,104927810,1
104923417,2,104927810,2
104923665,1,104919752,1
104924698,1,104943673,1
104925113,1,104920133,1
104925239,1,104922241,1
104925239,2,104922241,2
104927154,2,104943525,2
104927595,1,104923193,1
104927810,1,104923417,1
104927810,2,104923417,2
104928344,1,104929046,1
104929046,1,104928344,1
104929514,1,104929684,1
104929684,1,104929514,1
104929963,1,104930141,1
104929963,2,104930141,2
104930141,1,104929963,1
104930141,2,104929963,2
104930325,3,104933401,1
104931635,1,104933705,1
104931773,1,104933941,1
104932103,1,104934114,1
104933152,1,104934692,1
104933401,1,104930325,3
104933705,1,104931635,1
104933941,1,104931773,1
104934114,1,104932103,1
104934692,1,104933152,1
104934859,3,104939874,1
104937378,1,104940275,1
104937378,2,104940275,2
104939874,1,104934859,3
104940275,1,104937378,1
104940275,2,104937378,2
104940539,1,104941280,3
104941280,3,104940539,1
104942157,1,104947075,1
104942515,1,104947464,1
104942741,1,104947687,1
104943525,2,104927154,2
104943673,1,104924698,1
104944469,1,104948010,1
104944469,2,104948010,3
104944841,2,104948273,1
104945761,1,104949654,1
104945939,1,104949836,1
104946056,1,104949975,1
104946201,1,104950290,1
104947075,1,104942157,1
104947464,1,104942515,1
104947687,1,104942741,1
104948010,1,104944469,1
104948010,3,104944469,2
104948273,1,104944841,2
104949654,1,104945761,1
104949836,1,104945939,1
104949975,1,104946056,1
104950290,1,104946201,1
104950570,1,104952464,2
104950570,2,104952464,1
104951115,1,104952961,1
104952464,1,104950570,2
104952464,2,104950570,1
104952961,1,104951115,1
104953894,3,104954194,2
104954194,2,104953894,3
104955244,1,104958071,1
104956589,2,104958750,1
104957235,2,104958930,1
104958071,1,104955244,1
104958750,1,104956589,2
104958930,1,104957235,2
104960807,1,104963224,2
104963224,2,104960807,1
104963827,1,104965048,1
104965048,1,104963827,1
104966675,1,104967918,1
104966851,1,104968451,1
104967918,1,104966675,1
104968451,1,104966851,1
104969145,1,104969672,1
104969672,1,104969145,1
104970060,1,104970605,1
104970414,2,104971309,2
104970605,1,104970060,1
104971309,2,104970414,2
104972394,2,104975282,1
104972394,3,104975282,2
104972761,1,104976426,1
104972761,2,104976426,2
104972988,1,104975952,1
104973158,1,104975555,1
104973669,2,104975710,1
104974313,2,104976624,1
104974553,1,104976753,1
104974695,1,104976881,1
104974903,2,104977129,1
104975282,1,104972394,2
104975282,2,104972394,3
104975555,1,104973158,1
104975710,1,104973669,2
104975952,1,104972988,1
104976426,1,104972761,1
104976426,2,104972761,2
104976624,1,104974313,2
104976753,1,104974553,1
104976881,1,104974695,1
104977129,1,104974903,2
104977825,3,104978676,1
104978676,1,104977825,3
104979200,2,104981288,1
104979861,2,104981863,1
104980292,1,104983469,1
104981172,1,104982219,1
104981288,1,104979200,2
104981863,1,104979861,2
104982219,1,104981172,1
104983469,1,104980292,1
104985511,1,104986143,1
104985868,1,104986701,1
104986143,1,104985511,1
104986701,1,104985868,1
104986823,1,104988419,1
104987109,2,104988839,1
104987695,1,104989136,1
104988260,1,104989510,1
104988419,1,104986823,1
104988839,1,104987109,2
104989136,1,104987695,1
104989510,1,104988260,1
104992231,1,104992472,1
104992472,1,104992231,1
104993002,1,104994001,1
104993559,1,104994390,1
104994001,1,104993002,1
104994390,1,104993559,1
105000049,1,105001164,1
105001164,1,105000049,1
105001483,1,105002763,1
105002200,1,105003171,1
105002763,1,105001483,1
105003171,1,105002200,1
105007622,1,105007936,1
105007622,2,105007936,2
105007622,3,105007936,3
105007936,1,105007622,1
105007936,2,105007622,2
105007936,3,105007622,3
105011554,1,105011997,1
105011997,1,105011554,1
105012999,1,105013379,1
105013379,1,105012999,1
105013643,1,105013871,1
105013871,1,105013643,1
105014493,1,105015156,1
105015156,1,105014493,1
105015315,1,105016311,1
105015665,1,105017147,1
105015899,1,105017739,1
105015899,2,105017739,2
105016133,1,105018015,1
105016311,1,105015315,1
105017147,1,105015665,1
105017739,1,105015899,1
105017739,2,105015899,2
105018015,1,105016133,1
105022463,1,105023536,2
105023536,2,105022463,1
105027651,1,105031270,1
105031270,1,105027651,1
105032231,1,105034517,3
105034517,3,105032231,1
105035573,1,105036132,1
105036132,1,105035573,1
105036406,1,105036858,1
105036858,1,105036406,1
105052894,1,105053262,1
105053262,1,105052894,1
105056550,1,105056662,1
105056662,1,105056550,1
105058156,1,105059242,2
105059242,2,105058156,1
105061215,1,105061549,1
105061549,1,105061215,1
105062825,2,105063311,2
105063311,2,105062825,2
105067430,2,105067991,1
105067991,1,105067430,2
105072455,1,105073586,1
105072762,2,105074054,2
105073586,1,105072455,1
105074054,2,105072762,2
105074894,1,105075061,1
105075061,1,105074894,1
105076650,4,105078731,1
105078731,1,105076650,4
105079825,1,105079983,1
105079983,1,105079825,1
105080726,1,105081597,1
105081597,1,105080726,1
105082824,2,105083663,1
105083397,1,105084127,1
105083663,1,105082824,2
105084127,1,105083397,1
105085624,1,105086340,1
105086340,1,105085624,1
105092730,2,105093784,3
105093784,3,105092730,2
105094861,1,105096988,1
105095089,1,105095558,1
105095558,1,105095089,1
105096583,1,105096812,1
105096812,1,105096583,1
105096988,1,105094861,1
105098082,1,105100975,1
105099608,1,105101716,1
105100181,1,105101835,1
105100975,1,105098082,1
105101716,1,105099608,1
105101835,1,105100181,1
105105343,1,105106514,1
105106514,1,105105343,1
105107520,1,105118360,1
105107963,1,105120369,2
105109728,2,105239792,1
105111560,1,105120958,1
105117611,1,105117794,1
105117794,1,105117611,1
105118360,1,105107520,1
105120369,2,105107963,1
105120958,1,105111560,1
105121546,1,105121708,1
105121708,1,105121546,1
105124836,1,105125236,1
105125236,1,105124836,1
105125456,6,105125830,1
105125830,1,105125456,6
105125991,2,105126169,1
105126169,1,105125991,2
105127466,1,105127671,1
105127466,2,105127671,2
105127671,1,105127466,1
105127671,2,105127466,2
105127869,1,105128161,1
105127869,1,105128346,2
105128161,1,105127869,1
105128161,1,105128346,2
105128346,2,105127869,1
105128346,2,105128161,1
105129889,1,105131120,1
105131120,1,105129889,1
105131503,1,105133223,1
105133223,1,105131503,1
105134352,1,105134480,1
105134480,1,105134352,1
105139233,1,105139795,1
105139795,1,105139233,1
105143313,4,105144203,1
105144041,1,105144950,1
105144203,1,105143313,4
105144950,1,105144041,1
105148084,1,105148313,2
105148313,2,105148084,1
105149309,1,105151389,1
105150016,2,105150186,1
105150186,1,105150016,2
105151389,1,105149309,1
105152201,1,105152366,1
105152366,1,105152201,1
105152535,1,105152714,1
105152714,1,105152535,1
105152870,1,105153055,1
105153055,1,105152870,1
105156616,1,105156738,1
105156738,1,105156616,1
105156880,1,105157041,1
105157041,1,105156880,1
105157214,2,105157485,1
105157485,1,105157214,2
105157771,1,105157900,1
105157900,1,105157771,1
105163829,2,105164254,2
105164254,2,105163829,2
105165997,2,105167504,2
105167504,2,105165997,2
105173655,2,105173904,2
105173904,2,105173655,2
105176689,1,105176859,1
105176859,1,105176689,1
105182282,1,105182934,3
105182934,3,105182282,1
105183250,1,105185962,1
105183250,2,105185962,2
105185962,1,105183250,1
105185962,2,105183250,2
105187466,1,105187619,1
105187466,2,105187619,2
105187619,1,105187466,1
105187619,2,105187466,2
105188304,1,105189165,1
105189165,1,105188304,1
105191966,1,105192490,2
105191966,2,105192490,3
105192490,2,105191966,1
105192490,3,105191966,2
105194435,1,105196366,2
105196366,2,105194435,1
105197073,2,105197664,2
105197664,2,105197073,2
105201933,2,105202226,1
105202226,1,105201933,2
105212588,1,105213245,1
105213245,1,105212588,1
105214199,1,105215101,1
105215101,1,105214199,1
105215719,2,105216164,1
105216164,1,105215719,2
105216778,1,105216933,1
105216933,1,105216778,1
105217584,1,105218955,2
105218352,1,105218488,1
105218488,1,105218352,1
105218955,2,105217584,1
105221273,1,105221441,1
105221441,1,105221273,1
105221613,1,105223520,1
105221613,2,105223520,2
105222296,2,105244608,1
105223520,1,105221613,1
105223520,2,105221613,2
105225115,1,105225963,1
105225963,1,105225115,1
105226605,2,105227464,3
105227164,1,105227817,1
105227464,3,105226605,2
105227817,1,105227164,1
105227977,1,105229920,3
105227977,2,105229920,1
105229920,1,105227977,2
105229920,3,105227977,1
105230420,1,105231850,1
105231482,1,105232487,1
105231482,2,105232487,2
105231696,1,105232691,1
105231850,1,105230420,1
105232487,1,105231482,1
105232487,2,105231482,2
105232691,1,105231696,1
105232852,1,105233573,1
105233573,1,105232852,1
105233867,1,105241145,1
105235307,1,105241323,1
105237428,3,105245296,1
105237428,4,105245296,2
105237993,1,105245066,1
105237993,2,105245066,2
105238787,7,105239225,1
105239225,1,105238787,7
105239567,1,105239792,1
105239792,1,105109728,2
105239792,1,105239567,1
105240018,1,105244791,1
105240415,2,105241676,1
105240415,3,105241676,2
105240859,1,105241980,1
105240859,2,105241980,2
105241145,1,105233867,1
105241323,1,105235307,1
105241676,1,105240415,2
105241676,2,105240415,3
105241980,1,105240859,1
105241980,2,105240859,2
105244608,1,105222296,2
105244791,1,105240018,1
105245066,1,105237993,1
105245066,2,105237993,2
105245296,1,105237428,3
105245296,2,105237428,4
105245526,1,105245685,1
105245685,1,105245526,1
105246640,1,105247453,1
105246640,3,105247453,3
105247453,1,105246640,1
105247453,3,105246640,3
105248096,1,105252457,1
105249656,1,105253458,1
105250079,1,105253674,1
105250243,1,105254205,2
105250417,1,105254414,1
105250888,1,105252676,1
105251334,1,105252814,1
105251334,2,105252814,2
105252457,1,105248096,1
105252676,1,105250888,1
105252814,1,105251334,1
105252814,2,105251334,2
105253458,1,105249656,1
105253674,1,105250079,1
105254205,2,105250243,1
105254414,1,105250417,1
105271068,1,105285091,3
105271068,2,105285091,3
105272096,1,105285674,1
105272715,2,105285794,1
105279719,1,105288508,1
105280320,2,105288836,2
105280620,1,105287602,1
105282966,1,105288114,1
105282966,2,105288114,2
105283851,1,105288391,1
105285091,3,105271068,1
105285091,3,105271068,2
105285674,1,105272096,1
105285794,1,105272715,2
105287602,1,105280620,1
105288114,1,105282966,1
105288114,2,105282966,2
105288391,1,105283851,1
105288508,1,105279719,1
105288836,2,105280320,2
105289869,2,105290222,2
105290222,2,105289869,2
105290820,1,105290972,1
105290972,1,105290820,1
105292505,1,105292686,1
105292686,1,105292505,1
105293685,1,105293913,2
105293913,2,105293685,1
105296195,1,105296411,1
105296195,2,105296411,2
105296411,1,105296195,1
105296411,2,105296195,2
105375742,1,105377639,1
105377639,1,105375742,1
105379575,1,105380350,1
105380350,1,105379575,1
105572726,1,105572947,1
105572947,1,105572726,1
105698763,1,105699482,2
105699482,2,105698763,1
105699636,1,105728620,1
105700996,1,105729313,1
105705918,1,105731415,1
105706418,1,105731918,1
105706643,1,105731639,1
105706924,1,105731783,1
105708180,2,105733230,1
105711265,1,105713274,1
105713274,1,105711265,1
105718569,1,105734025,1
105722184,1,105733101,2
105724131,1,105732019,1
105725254,1,105725418,1
105725418,1,105725254,1
105726645,1,105726770,1
105726770,1,105726645,1
105728225,1,105732780,1
105728620,1,105699636,1
105729313,1,105700996,1
105731415,1,105705918,1
105731639,1,105706643,1
105731783,1,105706924,1
105731918,1,105706418,1
105732019,1,105724131,1
105732780,1,105728225,1
105733101,2,105722184,1
105733230,1,105708180,2
105734025,1,105718569,1
105742831,3,105743106,1
105743106,1,105742831,3
105748369,1,105748685,1
105748685,1,105748369,1
105759012,1,105762829,1
105759787,3,105760358,1
105760358,1,105759787,3
105760793,1,105760979,1
105760979,1,105760793,1
105762045,3,105764879,1
105762197,1,105765014,1
105762829,1,105759012,1
105764879,1,105762045,3
105765014,1,105762197,1
105780830,1,105781942,6
105781942,6,105780830,1
105786058,2,105790100,1
105786509,1,105790247,2
105790100,1,105786058,2
105790247,2,105786509,1
105843014,1,106077947,1
105857994,1,105869668,1
105869668,1,105857994,1
105872921,1,105873244,1
105873244,1,105872921,1
105882880,1,105883120,1
105883120,1,105882880,1
105891877,1,105892206,1
105892206,1,105891877,1
105904409,1,105904615,1
105904409,2,105904615,1
105904615,1,105904409,1
105904615,1,105904409,2
105922213,2,105981240,1
105927015,1,105927803,1
105927803,1,105927015,1
105950546,1,105950742,1
105950546,2,105950742,2
105950742,1,105950546,1
105950742,2,105950546,2
105955567,1,105955792,1
105955567,1,105955998,1
105955792,1,105955567,1
105955792,1,105955998,1
105955998,1,105955567,1
105955998,1,105955792,1
105959313,3,105959619,1
105959619,1,105959313,3
105981240,1,105922213,2
106003420,1,106003648,1
106003648,1,106003420,1
106018805,1,106018993,1
106018993,1,106018805,1
106029933,1,106068812,2
106030614,1,106030983,1
106030614,1,106031228,2
106030983,1,106030614,1
106030983,1,106031228,2
106031228,2,106030614,1
106031228,2,106030983,1
106050734,1,106051469,1
106051469,1,106050734,1
106052361,1,106053889,1
106052361,1,106054062,1
106053510,1,106054616,1
106053672,1,106053889,1
106053889,1,106052361,1
106053889,1,106053672,1
106054062,1,106052361,1
106054616,1,106053510,1
106059467,1,106060816,1
106060816,1,106059467,1
106068812,2,106029933,1
106069216,1,106316042,1
106075404,1,106078256,1
106077947,1,105843014,1
106078256,1,106075404,1
106106360,2,106106498,1
106106498,1,106106360,2
106132783,1,106132987,2
106132987,2,106132783,1
106192998,2,106193387,1
106193387,1,106192998,2
106196395,2,106196606,1
106196395,3,106196606,2
106196606,1,106196395,2
106196606,2,106196395,3
106245938,2,106246289,2
106246289,2,106245938,2
106273391,1,106273700,1
106273700,1,106273391,1
106279604,1,106279808,1
106279808,1,106279604,1
106293221,1,106294771,1
106294638,1,106295115,4
106294771,1,106293221,1
106295115,4,106294638,1
106296567,1,106297315,1
106296784,1,106297572,1
106297315,1,106296567,1
106297572,1,106296784,1
106298931,3,106299568,1
106299568,1,106298931,3
106299692,1,106299864,1
106299864,1,106299692,1
106303944,1,106304555,3
106304096,1,106304783,2
106304096,2,106304783,3
106304555,3,106303944,1
106304783,2,106304096,1
106304783,3,106304096,2
106314077,1,106314382,1
106314382,1,106314077,1
106316042,1,106069216,1
106316545,1,106316714,1
106316714,1,106316545,1
106350946,1,106351031,1
106351031,1,106350946,1
106358531,1,106373008,1
106358531,1,106373008,2
106358531,1,106373008,3
106373008,1,106358531,1
106373008,2,106358531,1
106373008,3,106358531,1
106381907,1,106398302,2
106389447,1,106394470,1
106394470,1,106389447,1
106398302,2,106381907,1
106406054,1,106406228,1
106406228,1,106406054,1
106408571,1,106408956,1
106408956,1,106408571,1
106414995,2,106415144,1
106415144,1,106414995,2
106499098,1,106499359,1
106499359,1,106499098,1
106510051,2,106512073,4
106512073,4,106510051,2
106666926,3,103549353,2
106678210,1,106678380,1
106678380,1,106678210,1
106706652,1,106707002,1
106707002,1,106706652,1
106724771,1,106724878,1
106724878,1,106724771,1
106733316,2,106733471,1
106733471,1,106733316,2
106751528,1,106751630,1
106751630,1,106751528,1
106763882,1,106764067,1
106763882,2,106764067,2
106764067,1,106763882,1
106764067,2,106763882,2
106789384,1,106812566,1
106789844,1,106812725,2
106794117,1,107395882,1
106812566,1,106789384,1
106812725,2,106789844,1
106838391,2,106871212,1
106849702,1,106850158,1
106850158,1,106849702,1
106865949,1,106866174,1
106865949,2,106866174,2
106866174,1,106865949,1
106866174,2,106865949,2
106867217,1,106867502,1
106867217,2,106867502,2
106867502,1,106867217,1
106867502,2,106867217,2
106871212,1,106838391,2
106873640,3,106873868,1
106873868,1,106873640,3
106913123,1,106913399,1
106913399,1,106913123,1
106923041,1,106923206,1
106923206,1,106923041,1
106935809,2,106935998,2
106935998,2,106935809,2
106940217,5,106940747,2
106940747,2,106940217,5
106941986,2,106942204,1
106942204,1,106941986,2
106942716,3,106942964,1
106942964,1,106942716,3
106980277,2,106980540,2
106980540,2,106980277,2
107011205,1,107021386,1
107017497,1,107018378,1
107018378,1,107017497,1
107018548,1,107018806,1
107018806,1,107018548,1
107021386,1,107011205,1
107152568,1,107154006,1
107154006,1,107152568,1
107161969,2,107162193,2
107161969,3,107162193,3
107162193,2,107161969,2
107162193,3,107161969,3
107165541,1,107165820,1
107165820,1,107165541,1
107167975,1,107168148,1
107168148,1,107167975,1
107227438,1,107228751,1
107228751,1,107227438,1
107252720,1,107255447,1
107255447,1,107252720,1
107256402,6,107258934,2
107258934,2,107256402,6
107280144,1,107280384,1
107280384,1,107280144,1
107317125,1,107322684,1
107322684,1,107317125,1
107335451,5,107342421,1
107342421,1,107335451,5
107345873,1,107347077,1
107346077,1,107347270,1
107346185,1,107347376,1
107347077,1,107345873,1
107347270,1,107346077,1
107347376,1,107346185,1
107387287,1,107387848,1
107387848,1,107387287,1
107395882,1,106794117,1
107433404,1,107433811,2
107433811,2,107433404,1
107448022,1,107448231,1
107448231,1,107448022,1
107460299,1,107461638,1
107461638,1,107460299,1
107462838,1,107498184,1
107463270,1,100227706,3
107464308,1,107478327,1
107464674,1,107464877,2
107464674,2,107464877,1
107464877,1,107464674,2
107464877,2,107464674,1
107467510,1,107570635,2
107478327,1,107464308,1
107498184,1,107462838,1
107498580,1,107499388,1
107499388,1,107498580,1
107505542,1,107505779,1
107505779,1,107505542,1
107506058,2,107588637,3
107544694,1,107545005,1
107545005,1,107544694,1
107545127,1,107545764,2
107545764,2,107545127,1
107546035,2,107546194,1
107546194,1,107546035,2
107557360,1,107565907,1
107562103,1,107562296,1
107562296,1,107562103,1
107565907,1,107557360,1
107570131,1,107570244,1
107570244,1,107570131,1
107570635,2,107467510,1
107580618,2,107581090,2
107580970,1,107581812,1
107581090,2,107580618,2
107581812,1,107580970,1
107581949,1,107582140,1
107582140,1,107581949,1
107584530,2,107584651,2
107584651,2,107584530,2
107588637,3,107506058,2
107617662,2,107619607,1
107619607,1,107617662,2
107632978,1,107633087,1
107633087,1,107632978,1
107635238,2,107638888,1
107636695,1,107639312,1
107638888,1,107635238,2
107639312,1,107636695,1
107641966,1,107646230,1
107643445,1,107646607,1
107644206,1,107646926,1
107644750,1,107647514,1
107645624,1,107646784,1
107645993,1,107692322,2
107646230,1,107641966,1
107646607,1,107643445,1
107646784,1,107645624,1
107646926,1,107644206,1
107647514,1,107644750,1
107649028,1,107649396,1
107649396,1,107649028,1
107649526,1,107650223,1
107650223,1,107649526,1
107653171,1,107653816,2
107653816,2,107653171,1
107656574,1,107656815,1
107656815,1,107656574,1
107658176,1,107659712,1
107659712,1,107658176,1
107664092,1,107671097,2
107668143,1,107671420,1
107671097,2,107664092,1
107671420,1,107668143,1
107671672,1,107677507,1
107672267,1,107679461,1
107674160,1,107684531,1
107675545,2,107682175,1
107676172,1,107684129,3
107676322,1,107684675,1
107677507,1,107671672,1
107679461,1,107672267,1
107682175,1,107675545,2
107684129,3,107676172,1
107684531,1,107674160,1
107684675,1,107676322,1
107686217,1,107687087,1
107686480,1,107687413,1
107686722,1,107688197,1
107687087,1,107686217,1
107687413,1,107686480,1
107688197,1,107686722,1
107688452,1,107691705,1
107690957,1,107695781,1
107691073,1,107695963,1
107691705,1,107688452,1
107692322,2,107645993,1
107695781,1,107690957,1
107695963,1,107691073,1
107697179,2,107697651,2
107697651,2,107697179,2
107887072,2,107889596,1
107889596,1,107887072,2
107994619,1,107994864,1
107994864,1,107994619,1
108048530,1,108049080,1
108048530,2,108049080,2
108049080,1,108048530,1
108049080,2,108048530,2
108093456,1,108093636,1
108093636,1,108093456,1
108094358,1,108094504,2
108094504,2,108094358,1
108095571,1,108095732,1
108095732,1,108095571,1
108098482,2,108098718,1
108098718,1,108098482,2
108143282,1,108590393,2
108216050,2,108216347,1
108216347,1,108216050,2
108232962,1,108233197,1
108232962,2,108233197,3
108233197,1,108232962,1
108233197,3,108232962,2
108305268,1,108305485,1
108305485,1,108305268,1
108331685,1,108331954,1
108331685,2,108331954,2
108331954,1,108331685,1
108331954,2,108331685,2
108422628,1,108422858,1
108422858,1,108422628,1
108447089,1,108447502,1
108447502,1,108447089,1
108517453,1,108519512,1
108518269,3,108518654,1
108518654,1,108518269,3
108519512,1,108517453,1
108550924,1,108551110,1
108551110,1,108550924,1
108565077,1,108565193,1
108565193,1,108565077,1
108565341,1,108565462,1
108565462,1,108565341,1
108590393,2,108143282,1
108607116,1,108607655,1
108607655,1,108607116,1
108636578,1,108637007,1
108637007,1,108636578,1
108643849,1,108644098,1
108644098,1,108643849,1
108649706,1,108649968,1
108649968,1,108649706,1
108650139,1,108775446,1
108650336,1,108775156,1
108650336,2,108775156,2
108650627,1,108775608,1
108650814,1,108775783,1
108650918,1,108775889,1
108650918,2,108775889,2
108653016,1,108704645,1
108653317,1,108653469,1
108653469,1,108653317,1
108666501,1,108821103,1
108704645,1,108653016,1
108729416,2,108786286,3
108744196,1,108770177,2
108744338,1,108770298,2
108748689,3,108766710,1
108754487,1,108756646,1
108756646,1,108754487,1
108757151,1,108841751,1
108766710,1,108748689,3
108770177,2,108744196,1
108770298,2,108744338,1
108775156,1,108650336,1
108775156,2,108650336,2
108775446,1,108650139,1
108775608,1,108650627,1
108775783,1,108650814,1
108775889,1,108650918,1
108775889,2,108650918,2
108781850,1,108782239,1
108782239,1,108781850,1
108782623,1,108782857,1
108782857,1,108782623,1
108786286,3,108729416,2
108801496,2,108832861,2
108821103,1,108666501,1
108832861,2,108801496,2
108841751,1,108757151,1
109211544,1,109211724,1
109211724,1,109211544,1
109343924,1,109344266,2
109344266,2,109343924,1
109344764,1,109344939,1
109344939,1,109344764,1
109371238,2,109430245,5
109411376,1,109544034,1
109430245,5,109371238,2
109432228,1,109443545,4
109443545,4,109432228,1
109467225,1,109509097,1
109467413,2,109622255,1
109477255,1,109532071,1
109509097,1,109467225,1
109530885,2,109531185,2
109531185,2,109530885,2
109532071,1,109477255,1
109544034,1,109411376,1
109622255,1,109467413,2
109708690,2,109708846,2
109708846,2,109708690,2
109771956,1,109788548,1
109775720,1,110440448,1
109785418,1,109790703,1
109788548,1,109771956,1
109789555,1,110278867,1
109790703,1,109785418,1
109792360,1,109794990,1
109792620,1,109799236,1
109794990,1,109792360,1
109799236,1,109792620,1
109922528,3,110212001,1
109926915,1,110631244,2
109927635,1,110456572,2
109928617,1,110858511,2
109928617,1,110858744,1
109945034,2,109951179,1
109951179,1,109945034,2
109957095,2,110278202,2
109958830,1,110674386,2
109964699,1,110183864,1
109996120,1,110934958,1
110004437,1,110318515,1
110004581,1,110318642,1
110004687,1,110319040,1
110018548,1,110053211,1
110041654,1,110437526,1
110050698,2,110799466,2
110053211,1,110018548,1
110093659,1,110592062,1
110099045,1,110283071,3
110100181,1,115754503,3
110101977,1,110732817,2
110133181,1,110439965,1
110133639,1,110133859,1
110133859,1,110133639,1
110134158,1,110134317,1
110134317,1,110134158,1
110153119,1,110174563,2
110169738,1,110820932,2
110169738,2,110820932,1
110174563,2,110153119,1
110183864,1,109964699,1
110205853,1,110343719,1
110206533,2,110958805,3
110212001,1,109922528,3
110212706,1,110553481,1
110224965,1,110228768,1
110228768,1,110224965,1
110231092,1,110856310,2
110232075,1,110232960,1
110232960,1,110232075,1
110250948,1,110433958,1
110253465,2,110395825,1
110259731,2,110524123,2
110259731,3,110524123,1
110261016,2,110907135,3
110262731,1,110469139,1
110262987,1,110470087,1
110263125,1,110470233,1
110263239,1,110469317,2
110263239,2,110469317,1
110278202,2,109957095,2
110278867,1,109789555,1
110283071,3,110099045,1
110318515,1,110004437,1
110318642,1,110004581,1
110319040,1,110004687,1
110324054,1,110985900,1
110343719,1,110205853,1
110350052,1,110350474,1
110350474,1,110350052,1
110375816,2,110980659,2
110387493,1,110873677,2
110389994,2,110580666,1
110395825,1,110253465,2
110414344,2,110693430,2
110414344,3,110693430,1
110425781,2,110455238,3
110433958,1,110250948,1
110437526,1,110041654,1
110439727,1,110839825,1
110439965,1,110133181,1
110440448,1,109775720,1
110440629,1,110542988,1
110451508,1,110854106,1
110455238,3,110425781,2
110456271,1,110982885,1
110456421,2,110983034,2
110456572,2,109927635,1
110460123,1,110834684,2
110469139,1,110262731,1
110469317,1,110263239,2
110469317,2,110263239,1
110470087,1,110262987,1
110470233,1,110263125,1
110471407,2,110987712,2
110479316,1,110996080,1
110488250,1,110740869,1
110498330,2,110499180,1
110499180,1,110498330,2
110524123,1,110259731,3
110524123,2,110259731,2
110542988,1,110440629,1
110545509,1,110549823,1
110549823,1,110545509,1
110553481,1,110212706,1
110553677,1,110594740,2
110554290,1,110718154,3
110554606,1,110811797,1
110572793,1,110612489,1
110580666,1,110389994,2
110592062,1,110093659,1
110594740,2,110553677,1
110612489,1,110572793,1
110631244,2,109926915,1
110674386,2,109958830,1
110693430,1,110414344,3
110693430,2,110414344,2
110713408,1,110713754,1
110713754,1,110713408,1
110714788,2,110828950,2
110718154,3,110554290,1
110732817,2,110101977,1
110740869,1,110488250,1
110799466,2,110050698,2
110800440,1,110845244,1
110811797,1,110554606,1
110820932,1,110169738,2
110820932,2,110169738,1
110828774,1,110937910,1
110828950,2,110714788,2
110834684,2,110460123,1
110839825,1,110439727,1
110845244,1,110800440,1
110854106,1,110451508,1
110856310,2,110231092,1
110858511,2,109928617,1
110858744,1,109928617,1
110873677,2,110387493,1
110894890,1,110895015,1
110895015,1,110894890,1
110907135,3,110261016,2
110934958,1,109996120,1
110937910,1,110828774,1
110958805,3,110206533,2
110980659,2,110375816,2
110982885,1,110456271,1
110983034,2,110456421,2
110985900,1,110324054,1
110987712,2,110471407,2
110996080,1,110479316,1
111643843,2,111667118,2
111646421,1,111646805,1
111646805,1,111646421,1
111654574,1,111654727,1
111654727,1,111654574,1
111655851,1,111655999,1
111655999,1,111655851,1
111667118,2,111643843,2
111710342,1,111741154,2
111741154,2,111710342,1
111759985,1,111760163,1
111760163,1,111759985,1
111772355,1,111772594,1
111772594,1,111772355,1
113227098,1,113227281,1
113227281,1,113227098,1
113312416,1,113312536,1
113312536,1,113312416,1
113327256,2,113327422,1
113327422,1,113327256,2
113483701,1,113556674,1
113484041,1,113504387,2
113485199,1,113485330,1
113485330,1,113485199,1
113487739,1,113487927,1
113487927,1,113487739,1
113488832,3,113558801,1
113504387,2,113484041,1
113507528,1,113529336,2
113529336,2,113507528,1
113556674,1,113483701,1
113558801,1,113488832,3
113569268,1,113569378,3
113569378,3,113569268,1
113581282,1,113581588,1
113581588,1,113581282,1
113590771,1,113591154,1
113591154,1,113590771,1
113604156,1,113616452,1
113616452,1,113604156,1
113635790,1,113635951,1
113635951,1,113635790,1
113636782,1,113636996,1
113636996,1,113636782,1
113651086,1,113651281,3
113651281,3,113651086,1
113656619,1,113728542,1
113660795,1,113674244,1
113661343,1,113736972,1
113661869,1,113767775,1
113662800,1,113763087,1
113665758,1,113798029,1
113674244,1,113660795,1
113675400,3,113764559,1
113689150,1,113728906,2
113689150,2,113728906,3
113690512,1,113698039,1
113690512,1,113730599,1
113690990,2,113695992,2
113691910,1,113797014,1
113695992,2,113690990,2
113698039,1,113690512,1
113698039,1,113730599,1
113720712,1,113755519,1
113728542,1,113656619,1
113728906,2,113689150,1
113728906,3,113689150,2
113730599,1,113690512,1
113730599,1,113698039,1
113731182,1,113731379,1
113731379,1,113731182,1
113731571,1,113762145,3
113731571,2,113762145,2
113735129,1,113784827,1
113736972,1,113661343,1
113751262,1,113808695,2
113755519,1,113720712,1
113762145,2,113731571,2
113762145,3,113731571,1
113763087,1,113662800,1
113764559,1,113675400,3
113765103,1,113788067,3
113767775,1,113661869,1
113775267,1,101093758,1
113775267,1,101093758,2
113784827,1,113735129,1
113788067,3,113765103,1
113789239,1,113792313,1
113792313,1,113789239,1
113797014,1,113691910,1
113798029,1,113665758,1
113808695,2,113751262,1
113829846,1,113830718,1
113830718,1,113829846,1
113972590,1,113972777,1
113972777,1,113972590,1
114001758,2,114014678,1
114014678,1,114001758,2
114030066,1,114032921,1
114032921,1,114030066,1
114033112,1,114034529,1
114033353,1,114034911,1
114033875,1,114034748,1
114034184,1,114035098,1
114034529,1,114033112,1
114034748,1,114033875,1
114034911,1,114033353,1
114035098,1,114034184,1
114036813,2,114036996,2
114036996,2,114036813,2
114041901,2,114042178,2
114042178,2,114041901,2
114052152,1,114052460,3
114052460,3,114052152,1
114068563,1,114068811,1
114068811,1,114068563,1
114084220,4,114084876,1
114084220,5,114084876,4
114084220,6,114084876,5
114084876,1,114084220,4
114084876,4,114084220,5
114084876,5,114084220,6
114085451,1,114085803,1
114085803,1,114085451,1
114095980,1,114096131,1
114095980,2,114096131,2
114096131,1,114095980,1
114096131,2,114095980,2
114106322,1,114106523,1
114106523,1,114106322,1
114107355,1,114109921,1
114109921,1,114107355,1
114120300,1,114120556,2
114120556,2,114120300,1
114121198,1,114121404,1
114121404,1,114121198,1
114130210,2,114130372,1
114130372,1,114130210,2
114132383,1,114132529,1
114132529,1,114132383,1
114138461,1,114138655,1
114138655,1,114138461,1
114172737,1,114172905,1
114172905,1,114172737,1
114173113,1,114178246,1
114174966,1,114175592,1
114175592,1,114174966,1
114175919,1,114176996,1
114176996,1,114175919,1
114178246,1,114173113,1
114179412,1,114179648,1
114179648,1,114179412,1
114189409,1,114192226,1
114191150,1,114191289,1
114191289,1,114191150,1
114192226,1,114189409,1
114195282,1,114200942,1
114195282,3,114201055,2
114196438,1,114202011,1
114196558,2,114201241,2
114197603,3,114201588,2
114198716,1,114202152,1
114199787,1,114199915,1
114199915,1,114199787,1
114200413,1,114200587,1
114200587,1,114200413,1
114200942,1,114195282,1
114201055,2,114195282,3
114201241,2,114196558,2
114201588,2,114197603,3
114202011,1,114196438,1
114202152,1,114198716,1
114206291,1,114206516,1
114206516,1,114206291,1
114209437,2,114209653,1
114209653,1,114209437,2
114209892,1,114214142,1
114211469,1,114217004,1
114211581,1,114222900,2
114212410,2,114223854,1
114214142,1,114209892,1
114215489,1,114215662,1
114215662,1,114215489,1
114217004,1,114211469,1
114222900,2,114211581,1
114223382,1,114223497,1
114223497,1,114223382,1
114223854,1,114212410,2
114224801,1,114225012,1
114225012,1,114224801,1
114228939,2,114230179,1
114230179,1,114228939,2
114231143,1,114232191,1
114232191,1,114231143,1
114243998,1,114245868,1
114245868,1,114243998,1
114246036,1,114247916,2
114247916,2,114246036,1
114248682,1,114251930,1
114248682,2,114251930,2
114248682,3,114251930,3
114251930,1,114248682,1
114251930,2,114248682,2
114251930,3,114248682,3
114260386,1,114260957,1
114260957,1,114260386,1
114264778,2,114272379,2
114265055,1,114265193,1
114265193,1,114265055,1
114272379,2,114264778,2
114280378,1,114280596,2
114280596,2,114280378,1
114284092,1,114284317,2
114284317,2,114284092,1
114286326,1,114286606,1
114286606,1,114286326,1
114287082,1,114294126,1
114287082,2,114294126,2
114287677,1,114293892,2
114292109,1,114294444,2
114293892,2,114287677,1
114294126,1,114287082,1
114294126,2,114287082,2
114294444,2,114292109,1
114295818,1,114295992,1
114295992,1,114295818,1
114304263,1,114691792,2
114304263,4,114691792,2
114319525,1,114319802,1
114319802,1,114319525,1
114346046,2,114347058,1
114347058,1,114346046,2
114363311,1,114363766,1
114363766,1,114363311,1
114437510,2,114437680,2
114437680,2,114437510,2
114512036,2,114512284,2
114512284,2,114512036,2
114512969,1,114513185,1
114513185,1,114512969,1
114514428,1,114514586,1
114514586,1,114514428,1
114534255,1,114534384,1
114534384,1,114534255,1
114562526,2,114562681,2
114562681,2,114562526,2
114622617,1,114623627,2
114622988,2,114638613,1
114623627,2,114622617,1
114634487,1,114634632,1
114634632,1,114634487,1
114638613,1,114622988,2
114647851,1,114648916,1
114648632,1,114649312,1
114648916,1,114647851,1
114649312,1,114648632,1
114657667,1,114661844,2
114661000,1,114665541,1
114661146,1,114662670,1
114661552,1,114663970,1
114661844,2,114657667,1
114662670,1,114661146,1
114663970,1,114661552,1
114664645,1,114664879,1
114664879,1,114664645,1
114665541,1,114661000,1
114665685,1,114665994,2
114665994,2,114665685,1
114668295,2,114669489,2
114669116,1,114669964,1
114669489,2,114668295,2
114669964,1,114669116,1
114677185,1,114679645,1
114679645,1,114677185,1
114680491,1,114683139,1
114681078,2,114685018,1
114681244,1,114681537,1
114681537,1,114681244,1
114681817,2,114683513,2
114682590,1,114682704,1
114682704,1,114682590,1
114683139,1,114680491,1
114683513,2,114681817,2
114685018,1,114681078,2
114689245,1,114690518,1
114690518,1,114689245,1
114691409,5,114692084,1
114691792,2,114304263,1
114691792,2,114304263,4
114692084,1,114691409,5
114695795,1,114699090,1
114696326,1,114699418,1
114699090,1,114695795,1
114699418,1,114696326,1
114703355,3,114706812,1
114705080,1,114706339,1
114706339,1,114705080,1
114706812,1,114703355,3
114712878,1,114713055,1
114713055,1,114712878,1
114717858,1,114719610,3
114717858,2,114719610,1
114718761,1,114718923,1
114718923,1,114718761,1
114719099,1,114722082,1
114719610,1,114717858,2
114719610,3,114717858,1
114722082,1,114719099,1
114722348,1,114722496,1
114722496,1,114722348,1
114726152,1,114727385,1
114727385,1,114726152,1
114731044,2,114731479,2
114731479,2,114731044,2
114735621,1,114737495,3
114737495,3,114735621,1
114739243,1,114739939,1
114739939,1,114739243,1
114740581,1,114742151,1
114741098,1,114743668,1
114741098,2,114743668,2
114741621,1,114744000,1
114742151,1,114740581,1
114743668,1,114741098,1
114743668,2,114741098,2
114744000,1,114741621,1
114745371,2,114746227,2
114746046,1,114747561,1
114746227,2,114745371,2
114747561,1,114746046,1
114761588,1,114761764,1
114761764,1,114761588,1
114765542,1,114765823,1
114765823,1,114765542,1
114766634,1,114767611,1
114767611,1,114766634,1
114771379,2,114774694,1
114774694,1,114771379,2
114779404,1,114781200,1
114781200,1,114779404,1
114783252,1,114785545,1
114784048,1,114786461,1
114784473,1,114788943,1
114785545,1,114783252,1
114786461,1,114784048,1
114788943,1,114784473,1
114789456,2,114790629,3
114790629,3,114789456,2
114791232,1,114792159,2
114791644,1,114805168,1
114792159,2,114791232,1
114798098,1,114798819,4
114798819,4,114798098,1
114805168,1,114791644,1
114814187,1,114814358,1
114814358,1,114814187,1
114821113,1,114821339,1
114821113,2,114821339,2
114821113,3,114821339,3
114821339,1,114821113,1
114821339,2,114821113,2
114821339,3,114821113,3
114821561,1,114821731,1
114821731,1,114821561,1
114933689,1,115335968,1
114969779,1,114971154,1
114970328,2,114971760,1
114971154,1,114969779,1
114971760,1,114970328,2
115068755,1,115069302,2
115069302,2,115068755,1
115078778,2,115078964,1
115078964,1,115078778,2
115101508,1,115101690,1
115101690,1,115101508,1
115155192,1,115298565,1
115260212,2,115260691,1
115260691,1,115260212,2
115287317,1,115287644,1
115287644,1,115287317,1
115298565,1,115155192,1
115335968,1,114933689,1
115370567,1,115370755,1
115370755,1,115370567,1
115371174,1,115371399,1
115371399,1,115371174,1
115373769,1,115374527,1
115374527,1,115373769,1
115390245,2,115390369,2
115390369,2,115390245,2
115395533,1,115396843,1
115396843,1,115395533,1
115405447,2,115405646,1
115405646,1,115405447,2
115418628,1,115420698,2
115420698,2,115418628,1
115422461,11,115422919,2
115422919,2,115422461,11
115475798,3,115476976,1
115476976,1,115475798,3
115477360,3,115477536,2
115477536,2,115477360,3
115487677,1,115487888,2
115487888,2,115487677,1
115492540,1,115492731,1
115492731,1,115492540,1
115492865,1,115493210,1
115493210,1,115492865,1
115510239,1,115510462,1
115510462,1,115510239,1
115519778,1,115520927,1
115519778,1,115521169,1
115520927,1,115519778,1
115520927,1,115521169,1
115521169,1,115519778,1
115521169,1,115520927,1
115530292,1,115530630,1
115530630,1,115530292,1
115570965,1,115666554,1
115594449,1,104789421,1
115594844,1,100121093,2
115666554,1,115570965,1
115754503,3,110100181,1
115778054,1,115778297,1
115778297,1,115778054,1
200004245,2,200005077,2
200005077,2,200004245,2
200015271,1,200015415,1
200015415,1,200015271,1
200015626,4,200021197,1
200016902,1,200017139,1
200016902,1,200017139,2
200017139,1,200016902,1
200017139,2,200016902,1
200018256,6,200019590,6
200018893,3,200019204,2
200018893,10,200019204,4
200019204,2,200018893,3
200019204,4,200018893,10
200019590,6,200018256,6
200019877,2,200020337,1
200020337,1,200019877,2
200021197,1,200015626,4
200023939,2,200024366,6
200024366,3,200024981,1
200024366,4,200024981,2
200024366,6,200023939,2
200024981,1,200024366,3
200024981,2,200024366,4
200026443,2,200077742,6
200027058,1,200027509,5
200027058,2,200027509,3
200027509,3,200027058,2
200027509,5,200027058,1
200028008,1,200028240,3
200028240,3,200028008,1
200033749,3,200068804,1
200045838,4,200047035,1
200045838,10,200047035,2
200047035,1,200045838,4
200047035,2,200045838,10
200047524,2,200047862,1
200047862,1,200047524,2
200048245,1,200051614,8
200049656,3,200051614,8
200051020,2,200051197,1
200051197,1,200051020,2
200051614,8,200048245,1
200051614,8,200049656,3
200052895,1,200053095,1
200053095,1,200052895,1
200061662,1,200061890,1
200061890,1,200061662,1
200065812,1,200066437,1
200066437,1,200065812,1
200068804,1,200033749,3
200077742,6,200026443,2
200079121,18,200080090,1
200080090,1,200079121,18
200091544,1,200092155,1
200092155,1,200091544,1
200095238,2,200095649,3
200095649,3,200095238,2
200112685,1,200121727,3
200121727,3,200112685,1
200123362,1,200123563,1
200123563,1,200123362,1
200140360,4,200141096,2
200141096,2,200140360,4
200157843,1,200162741,1
200159415,1,200459776,1
200162741,1,200157843,1
200165930,1,200166998,1
200166606,1,200167225,1
200166792,1,200167357,1
200166998,1,200165930,1
200167225,1,200166606,1
200167357,1,200166792,1
200171332,2,200173639,2
200173639,2,200171332,2
200178562,1,200179765,1
200179765,1,200178562,1
200186558,1,200189685,1
200188943,2,200189154,1
200189154,1,200188943,2
200189685,1,200186558,1
200198451,1,200199286,2
200199286,2,200198451,1
200199820,2,200200617,2
200200617,2,200199820,2
200207513,1,200210148,1
200210148,1,200207513,1
200211776,2,200213046,2
200213046,2,200211776,2
200213903,3,200216228,4
200216228,4,200213903,3
200219265,1,200222252,1
200222252,1,200219265,1
200223183,1,200226764,1
200224032,1,200224346,1
200224346,1,200224032,1
200226764,1,200223183,1
200228064,1,200228252,1
200228252,1,200228064,1
200228252,1,201397450,1
200228404,1,200228565,1
200228565,1,200228404,1
200228750,1,200231789,1
200229158,3,200233229,1
200231789,1,200228750,1
200233229,1,200229158,3
200246972,1,200248076,2
200246972,2,200248076,3
200248076,2,200246972,1
200248076,3,200246972,2
200249436,1,200249598,1
200249598,1,200249436,1
200249876,1,202140259,1
200249876,2,200250115,1
200250115,1,200249876,2
200253306,3,200995610,4
200258149,6,200258839,1
200258839,1,200258149,6
200259262,1,200260460,1
200260460,1,200259262,1
200264472,1,200461511,1
200264994,1,200461779,1
200270274,6,201419365,1
200273720,2,200274390,1
200274390,1,200273720,2
200274560,2,200274779,3
200274779,3,200274560,2
200278095,3,200278249,1
200278249,1,200278095,3
200279678,1,200279994,3
200279678,2,200279994,4
200279994,3,200279678,1
200279994,4,200279678,2
200281222,1,200282164,1
200281222,2,200282164,2
200282164,1,200281222,1
200282164,2,200281222,2
200282456,2,200282744,1
200282456,2,200282744,2
200282744,1,200282456,2
200282744,2,200282456,2
200283015,5,200283421,2
200283421,2,200283015,5
200287283,2,200288615,1
200287985,3,200288153,1
200288153,1,200287985,3
200288615,1,200287283,2
200291699,2,200291930,2
200291930,2,200291699,2
200292432,1,200324861,1
200294511,1,200295495,1
200295495,1,200294511,1
200302382,1,200302820,1
200302820,1,200302382,1
200305253,1,200305541,1
200305541,1,200305253,1
200307481,1,200307698,1
200307698,1,200307481,1
200312953,2,200313530,1
200313530,1,200312953,2
200315771,1,200317421,2
200316246,1,200316409,1
200316409,1,200316246,1
200317421,2,200315771,1
200318176,2,200318347,2
200318347,2,200318176,2
200320823,1,200320958,1
200320958,1,200320823,1
200323594,1,200327346,3
200324040,1,200325296,1
200324861,1,200292432,1
200325296,1,200324040,1
200325490,2,200326779,3
200326779,3,200325490,2
200327346,3,200323594,1
200327641,1,200328873,1
200327951,1,200328226,1
200328226,1,200327951,1
200328873,1,200327641,1
200329229,1,200329366,1
200329366,1,200329229,1
200329503,1,200330435,1
200330435,1,200329503,1
200357420,2,200357795,1
200357420,3,200357795,2
200357795,1,200357420,2
200357795,2,200357420,3
200359139,1,200366352,1
200362196,1,200366352,1
200366352,1,200359139,1
200366352,1,200362196,1
200372030,7,200374567,1
200374567,1,200372030,7
200381253,2,200382344,2
200382344,2,200381253,2
200383717,2,200386518,1
200384265,2,200385117,1
200385117,1,200384265,2
200386518,1,200383717,2
200388177,1,200389063,1
200389063,1,200388177,1
200402799,3,200403144,1
200402799,4,200403144,2
200403144,1,200402799,3
200403144,2,200402799,4
200405770,2,200524191,2
200408417,1,200408553,2
200408553,2,200408417,1
200409233,2,200409900,1
200409233,3,200409900,2
200409900,1,200409233,2
200409900,2,200409233,3
200413013,1,200485600,2
200415225,1,200415595,2
200415225,2,200415595,3
200415595,2,200415225,1
200415595,3,200415225,2
200415978,1,200417931,1
200417931,1,200415978,1
200418541,1,200419530,2
200418541,2,200419530,3
200419530,2,200418541,1
200419530,3,200418541,2
200420949,1,200421328,1
200420949,1,200421328,2
200420949,2,200421328,2
200420949,3,200421328,3
200421328,1,200420949,1
200421328,2,200420949,1
200421328,2,200420949,2
200421328,3,200420949,3
200424303,2,200424536,2
200424536,2,200424303,2
200428319,1,200428621,1
200428319,2,200428621,2
200428621,1,200428319,1
200428621,2,200428319,2
200429235,2,200429511,2
200429511,2,200429235,2
200429753,2,200429974,2
200429974,2,200429753,2
200430660,1,200433474,1
200433474,1,200430660,1
200435049,1,200436856,2
200436016,1,200436618,2
200436618,2,200436016,1
200436856,2,200435049,1
200438197,2,200438451,2
200438451,2,200438197,2
200439748,1,200444693,1
200442785,1,200445150,1
200444693,1,200439748,1
200445150,1,200442785,1
200445627,1,200446465,1
200445627,2,200446465,2
200446129,1,200446300,1
200446300,1,200446129,1
200446465,1,200445627,1
200446465,2,200445627,2
200448657,1,200449359,2
200449031,1,200449149,2
200449149,2,200449031,1
200449359,2,200448657,1
200451282,4,200451983,1
200451575,2,200451828,1
200451828,1,200451575,2
200451983,1,200451282,4
200453531,1,200453738,1
200453738,1,200453531,1
200454490,3,200455553,3
200454490,3,200455553,4
200455553,3,200454490,3
200455553,4,200454490,3
200456473,1,200458289,1
200456826,1,200457674,1
200457674,1,200456826,1
200458289,1,200456473,1
200459776,1,200159415,1
200461511,1,200264472,1
200461779,1,200264994,1
200466950,1,200467100,1
200467100,1,200466950,1
200467340,2,200470501,1
200468355,1,200471175,1
200470501,1,200467340,2
200471175,1,200468355,1
200476067,1,200476624,3
200476366,1,200476624,3
200476366,2,200476624,3
200476624,3,200476067,1
200476624,3,200476366,1
200476624,3,200476366,2
200478153,2,200478628,1
200478628,1,200478153,2
200480370,3,200480833,1
200480833,1,200480370,3
200483156,2,200485433,1
200485433,1,200483156,2
200485600,2,200413013,1
200513729,1,200513936,1
200513936,1,200513729,1
200519787,1,200519961,1
200519961,1,200519787,1
200521608,1,200522018,1
200521804,1,200522129,1
200522018,1,200521608,1
200522129,1,200521804,1
200522258,1,200523055,1
200523055,1,200522258,1
200523302,1,200523448,1
200523448,1,200523302,1
200524191,2,200405770,2
200533606,1,200534297,1
200534297,1,200533606,1
200534912,1,200535489,1
200534912,3,200535489,3
200535489,1,200534912,1
200535489,3,200534912,3
200540417,1,200540616,1
200540616,1,200540417,1
200542542,1,200542965,1
200542661,1,200542813,1
200542813,1,200542661,1
200542965,1,200542542,1
200545670,1,200546034,1
200545670,2,200546034,2
200546034,1,200545670,1
200546034,2,200545670,2
200554572,1,200554706,1
200554706,1,200554572,1
200560631,1,200560809,1
200560809,1,200560631,1
200570251,1,200570395,1
200570395,1,200570251,1
200585040,1,200585176,1
200585176,1,200585040,1
200586715,1,200586935,1
200586935,1,200586715,1
200587132,1,200587294,1
200587294,1,200587132,1
200594371,2,200594659,2
200594659,2,200594371,2
200622744,1,200622915,1
200622915,1,200622744,1
200635531,5,200636887,4
200636887,4,200635531,5
200637311,2,200643216,1
200637488,1,200637990,2
200637990,2,200637488,1
200643216,1,200637311,2
200643386,4,200645128,1
200644178,2,200716538,1
200645128,1,200643386,4
200652521,2,200652713,2
200652713,2,200652521,2
200670684,1,200671108,2
200671108,2,200670684,1
200671546,1,200671972,1
200671972,1,200671546,1
200672727,1,200672904,1
200672904,1,200672727,1
200673511,2,200674197,2
200674197,2,200673511,2
200691589,1,200691710,1
200691710,1,200691589,1
200696025,3,200698697,2
200697141,1,200698159,2
200698159,2,200697141,1
200698375,1,200698497,1
200698497,1,200698375,1
200698697,2,200696025,3
200702663,1,200703405,1
200703405,1,200702663,1
200705464,1,200705821,1
200705821,1,200705464,1
200712502,1,200712786,2
200712786,2,200712502,1
200714998,1,200716363,1
200716363,1,200714998,1
200716538,1,200644178,2
200717401,1,200718189,1
200718189,1,200717401,1
200718775,1,200718923,1
200718923,1,200718775,1
200719564,1,200720077,1
200719564,2,200720077,1
200720077,1,200719564,1
200720077,1,200719564,2
200726048,1,200726678,1
200726048,4,200726678,2
200726678,1,200726048,1
200726678,2,200726048,4
200727512,1,200727798,1
200727512,2,200727798,2
200727798,1,200727512,1
200727798,2,200727512,2
200745830,1,200746936,2
200746936,2,200745830,1
200790413,1,200791450,1
200791450,1,200790413,1
200792329,1,200792465,1
200792465,1,200792329,1
200800568,1,200804424,2
200802597,1,200802720,1
200802720,1,200802597,1
200804424,2,200800568,1
200830840,1,200837418,1
200830840,2,200837418,4
200832425,2,200832692,1
200832692,1,200832425,2
200833262,1,200833415,1
200833415,1,200833262,1
200837418,1,200830840,1
200837418,4,200830840,2
200839322,3,200839854,1
200839854,1,200839322,3
200840003,2,200840595,1
200840595,1,200840003,2
200841739,2,200842444,1
200842444,1,200841739,2
200846633,1,200847610,1
200847610,1,200846633,1
200851885,1,200852640,2
200852640,2,200851885,1
200855345,2,200855497,1
200855497,1,200855345,2
200862075,2,200893664,1
200876058,7,200877581,4
200877581,4,200876058,7
200879051,1,200940580,1
200882440,2,200917463,2
200891242,2,200891628,1
200891628,1,200891242,2
200893664,1,200862075,2
200895974,1,200945511,1
200898932,2,200899228,1
200899228,1,200898932,2
200903092,5,200903696,1
200903696,1,200903092,5
200903893,2,200904253,2
200904253,2,200903893,2
200917463,2,200882440,2
200923391,2,200923639,1
200923639,1,200923391,2
200928521,1,202639186,1
200938682,2,200939060,1
200939060,1,200938682,2
200940580,1,200879051,1
200942392,1,200944731,1
200944731,1,200942392,1
200945511,1,200895974,1
200951018,1,200954481,1
200954481,1,200951018,1
200967039,1,200967490,1
200967256,1,200967490,1
200967490,1,200967039,1
200967490,1,200967256,1
200976170,9,200976584,2
200976584,2,200976170,9
200978919,1,200979276,1
200979276,1,200978919,1
200990312,1,200992011,4
200992011,4,200990312,1
200995610,4,200253306,3
201006631,1,201006989,1
201006827,1,201007137,2
201006827,3,201007137,3
201006989,1,201006631,1
201007137,2,201006827,1
201007137,3,201006827,3
201013102,1,201013518,1
201013518,1,201013102,1
201036046,1,201036665,2
201036665,2,201036046,1
201040724,1,201042197,2
201042197,2,201040724,1
201062472,1,201823326,2
201064750,5,201065986,2
201065986,2,201064750,5
201073743,2,201074024,1
201074024,1,201073743,2
201084476,5,201084731,1
201084731,1,201084476,5
201108301,1,201108437,1
201108437,1,201108301,1
201127013,1,201127487,3
201127487,3,201127013,1
201131397,1,201132053,3
201132053,3,201131397,1
201132485,2,201132731,1
201132485,3,201132731,2
201132731,1,201132485,2
201132731,2,201132485,3
201137597,1,201138012,1
201138012,1,201137597,1
201142000,2,201142243,1
201142243,1,201142000,2
201142460,3,201142781,2
201142781,2,201142460,3
201143497,1,201144132,1
201143497,2,201144132,2
201144132,1,201143497,1
201144132,2,201143497,2
201144391,1,201144962,1
201144962,1,201144391,1
201156029,2,201158909,2
201158909,2,201156029,2
201160792,2,201161828,2
201161828,2,201160792,2
201164541,2,201173233,1
201173233,1,201164541,2
201180850,1,201198251,1
201183381,1,201183514,1
201183514,1,201183381,1
201198251,1,201180850,1
201202627,1,201242337,1
201213297,2,201213436,2
201213436,2,201213297,2
201223244,1,201223471,1
201223471,1,201223244,1
201224567,1,201233997,2
201232666,1,201233528,1
201233528,1,201232666,1
201233997,2,201224567,1
201242337,1,201202627,1
201263491,1,201269580,1
201263639,1,201525123,2
201269423,1,201269580,1
201269580,1,201263491,1
201269580,1,201269423,1
201270277,3,201270603,1
201270603,1,201270277,3
201283408,2,201285145,1
201285145,1,201283408,2
201293931,2,201294088,1
201294088,1,201293931,2
201300534,1,201301184,1
201301184,1,201300534,1
201326057,1,201632280,4
201328146,1,201329193,1
201329193,1,201328146,1
201331404,1,201332467,2
201332467,2,201331404,1
201332657,3,201333636,2
201333636,2,201332657,3
201336868,1,201337040,1
201337040,1,201336868,1
201337724,1,201338103,1
201338103,1,201337724,1
201338654,1,201348161,3
201339301,2,201342566,1
201342566,1,201339301,2
201342780,1,201343659,1
201343659,1,201342780,1
201344829,1,201347053,1
201346009,1,201346198,2
201346198,2,201346009,1
201346346,1,201346508,1
201346508,1,201346346,1
201347053,1,201344829,1
201348161,3,201338654,1
201349058,1,202436598,1
201351719,1,201352674,1
201352184,1,201352431,1
201352431,1,201352184,1
201352674,1,201351719,1
201354226,1,201354542,1
201354542,1,201354226,1
201356266,1,201356391,1
201356391,1,201356266,1
201376836,2,201377378,1
201377378,1,201376836,2
201381797,1,201388666,2
201388666,2,201381797,1
201389624,1,201393479,1
201391409,1,201403093,2
201392096,1,201392265,1
201392265,1,201392096,1
201393078,1,201393326,1
201393326,1,201393078,1
201393479,1,201389624,1
201394295,1,201395207,1
201395207,1,201394295,1
201396044,1,201396218,1
201396218,1,201396044,1
201397450,1,200228252,1
201397450,1,201397999,1
201397999,1,201397450,1
201398150,1,201398299,1
201398299,1,201398150,1
201402085,1,201402211,1
201402211,1,201402085,1
201402828,1,201403299,1
201403093,2,201391409,1
201403299,1,201402828,1
201404099,1,201405499,1
201405499,1,201404099,1
201407798,1,201408043,1
201408043,1,201407798,1
201408615,1,201408773,1
201408773,1,201408615,1
201415110,1,201415891,1
201415631,1,201415769,1
201415769,1,201415631,1
201415891,1,201415110,1
201416657,1,201417044,1
201417044,1,201416657,1
201417204,1,201417348,1
201417348,1,201417204,1
201417450,1,201417589,1
201417589,1,201417450,1
201417852,1,201418024,1
201418024,1,201417852,1
201419365,1,200270274,6
201428410,2,201430632,3
201430632,3,201428410,2
201439387,2,201439665,1
201439665,1,201439387,2
201471153,2,201471448,2
201471448,2,201471153,2
201473711,1,201473881,1
201473881,1,201473711,1
201483521,1,201484524,5
201484524,5,201483521,1
201498414,2,201932427,2
201499542,1,201499733,1
201499733,1,201499542,1
201513353,1,201513945,1
201513353,3,201513945,3
201513945,1,201513353,1
201513945,3,201513353,3
201514406,1,201517194,1
201517194,1,201514406,1
201525123,2,201263639,1
201526557,2,201527105,5
201527105,5,201526557,2
201529225,4,201529671,1
201529671,1,201529225,4
201529866,4,201530215,2
201530215,2,201529866,4
201533054,1,201536189,2
201533909,1,201534140,1
201534140,1,201533909,1
201535816,1,201536051,1
201536051,1,201535816,1
201536189,2,201533054,1
201537354,1,201537546,1
201537546,1,201537354,1
201537987,1,201538603,2
201538603,2,201537987,1
201539681,1,201540057,1
201540057,1,201539681,1
201541729,1,201542131,1
201541957,1,201542288,1
201542131,1,201541729,1
201542288,1,201541957,1
201542468,1,201542657,1
201542657,1,201542468,1
201543193,1,201543347,2
201543347,2,201543193,1
201556099,1,201557038,5
201557038,5,201556099,1
201561357,1,201561552,2
201561552,2,201561357,1
201561821,1,201562374,1
201562374,1,201561821,1
201568694,6,201569236,1
201569236,1,201568694,6
201569957,2,201570353,1
201570353,1,201569957,2
201570601,1,201570889,1
201570889,1,201570601,1
201571933,1,201572213,1
201571933,3,201572213,2
201572213,1,201571933,1
201572213,2,201571933,3
201572213,2,201572456,3
201572456,3,201572213,2
201573512,3,201574895,2
201574895,2,201573512,3
201575227,1,201575440,1
201575440,1,201575227,1
201576536,1,201576943,1
201576943,1,201576536,1
201577603,1,201577817,1
201577817,1,201577603,1
201577957,3,201578144,1
201578144,1,201577957,3
201579478,2,201579931,1
201579931,1,201579478,2
201584016,1,201585574,4
201585574,4,201584016,1
201588352,2,201588541,2
201588541,2,201588352,2
201594635,1,201597796,1
201594635,1,201598686,1
201597796,1,201594635,1
201597796,1,201598686,1
201598686,1,201594635,1
201598686,1,201597796,1
201599993,1,201600150,1
201600150,1,201599993,1
201632280,4,201326057,1
201633886,1,201634009,1
201634009,1,201633886,1
201651912,1,201652085,1
201652085,1,201651912,1
201672042,2,201672259,2
201672259,2,201672042,2
201696924,1,201697027,1
201697027,1,201696924,1
201699550,1,201699683,1
201699683,1,201699550,1
201711528,1,201712753,3
201712753,3,201711528,1
201716342,3,201716921,2
201716921,2,201716342,3
201726710,1,201726856,1
201726856,1,201726710,1
201808235,3,201808451,1
201808451,1,201808235,3
201819870,1,201822179,1
201822179,1,201819870,1
201823326,2,201062472,1
201831985,2,201833013,1
201833013,1,201831985,2
201834648,1,201835185,1
201835185,1,201834648,1
201859644,2,201859902,2
201859902,2,201859644,2
201866544,2,201867467,1
201867467,1,201866544,2
201869745,1,201870274,1
201870274,1,201869745,1
201870569,1,201873247,5
201871783,1,201872226,1
201871886,1,201872332,1
201872226,1,201871783,1
201872332,1,201871886,1
201872925,2,201873117,1
201873117,1,201872925,2
201873247,5,201870569,1
201874572,2,201876092,1
201875375,2,201875607,1
201875607,1,201875375,2
201875806,1,201875945,1
201875945,1,201875806,1
201876092,1,201874572,2
201876294,2,201876735,1
201876735,1,201876294,2
201876918,3,201878421,1
201877233,1,201878163,1
201878163,1,201877233,1
201878421,1,201876918,3
201880540,1,201881088,1
201881088,1,201880540,1
201883703,1,201884365,1
201884365,1,201883703,1
201887152,1,201887382,1
201887382,1,201887152,1
201890860,1,201893886,1
201893886,1,201890860,1
201894933,4,201908080,1
201908080,1,201894933,4
201908501,2,201909029,1
201909029,1,201908501,2
201915601,1,201917459,3
201915995,1,201916260,1
201916260,1,201915995,1
201917459,3,201915601,1
201917459,3,202070634,1
201917965,1,201919487,1
201919487,1,201917965,1
201921139,2,201924591,3
201924591,3,201921139,2
201932427,2,201498414,2
201964399,2,201964578,1
201964578,1,201964399,2
201964936,1,202051544,4
201965573,1,202016919,1
201975117,1,201975252,1
201975252,1,201975117,1
201980715,1,201981107,1
201980843,1,201980970,1
201980970,1,201980843,1
201981107,1,201980715,1
201984029,4,201984401,2
201984401,2,201984029,4
202016919,1,201965573,1
202029703,6,202032022,3
202030368,1,202032022,2
202031507,3,202031824,3
202031824,3,202031507,3
202032022,2,202030368,1
202032022,3,202029703,6
202034365,4,202035320,5
202035320,5,202034365,4
202040571,2,202040810,1
202040810,1,202040571,2
202044713,1,202046405,2
202044713,1,202046550,2
202046405,2,202044713,1
202046550,2,202044713,1
202049284,2,202049496,2
202049496,2,202049284,2
202051544,4,201964936,1
202054264,1,202056329,5
202055777,1,202059482,1
202056329,5,202054264,1
202059482,1,202055777,1
202060492,1,202061296,2
202061296,2,202060492,1
202068130,1,202071524,3
202070135,1,202070303,2
202070303,2,202070135,1
202070634,1,201917459,3
202071524,3,202068130,1
202077184,2,202077400,4
202077400,4,202077184,2
202077614,1,202078575,2
202078096,1,202080137,2
202078575,2,202077614,1
202080137,2,202078096,1
202094541,1,202094760,1
202094760,1,202094541,1
202097943,1,202098081,1
202098081,1,202097943,1
202120993,2,202121397,9
202121397,9,202120993,2
202140259,1,200249876,1
202148969,1,202149198,1
202149198,1,202148969,1
202172871,2,202174521,1
202174521,1,202172871,2
202176839,1,202177038,1
202177038,1,202176839,1
202177407,1,202178127,1
202178127,1,202177407,1
202178937,1,202179848,1
202178937,2,202179848,2
202179848,1,202178937,1
202179848,2,202178937,2
202182677,3,202183478,1
202183478,1,202182677,3
202189727,1,202191060,2
202189727,2,202191060,3
202191060,2,202189727,1
202191060,3,202189727,2
202201892,1,202209711,2
202205460,1,202205611,1
202205611,1,202205460,1
202209711,2,202201892,1
202224591,1,202225135,1
202225135,1,202224591,1
202227163,1,202227327,1
202227327,1,202227163,1
202256113,6,202256402,1
202256402,1,202256113,6
202256557,1,202256711,1
202256711,1,202256557,1
202261846,4,202263066,4
202263066,4,202261846,4
202265899,1,202272159,1
202269069,2,202356337,1
202272159,1,202265899,1
202274150,1,202310333,1
202279999,1,202323387,1
202296636,1,202385089,1
202300365,1,202300520,1
202300520,1,202300365,1
202301347,1,202301541,1
202301541,1,202301347,1
202303767,1,202304999,3
202304999,3,202303767,1
202305312,1,202305700,1
202305700,1,202305312,1
202310333,1,202274150,1
202315005,1,202315203,1
202315203,1,202315005,1
202317223,2,202317369,2
202317369,2,202317223,2
202318153,1,202318292,1
202318292,1,202318153,1
202320849,3,202321684,1
202321684,1,202320849,3
202322848,1,202357800,1
202323387,1,202279999,1
202332786,1,202333600,1
202333600,1,202332786,1
202334430,1,202334670,1
202334670,1,202334430,1
202335876,1,202336000,1
202336000,1,202335876,1
202336482,3,202337273,1
202337273,1,202336482,3
202339381,2,202382880,2
202343644,2,202372182,2
202344261,1,202344463,1
202344463,1,202344261,1
202347148,1,202348411,1
202347148,1,202357476,1
202348411,1,202347148,1
202348411,1,202357476,1
202354148,1,202356148,1
202356148,1,202354148,1
202356337,1,202269069,2
202356707,1,202356883,3
202356883,3,202356707,1
202357476,1,202347148,1
202357476,1,202348411,1
202357800,1,202322848,1
202368357,1,202368492,1
202368492,1,202368357,1
202368606,1,202368729,1
202368729,1,202368606,1
202372182,2,202343644,2
202379793,2,202380325,4
202380325,4,202379793,2
202382880,2,202339381,2
202385089,1,202296636,1
202386335,1,202386594,1
202386594,1,202386335,1
202386707,1,202387769,1
202387769,1,202386707,1
202388171,4,202388411,1
202388411,1,202388171,4
202388949,1,202389221,1
202389221,1,202388949,1
202392809,1,202392919,1
202392919,1,202392809,1
202393231,1,202393387,1
202393387,1,202393231,1
202410555,1,202410744,1
202410744,1,202410555,1
202416057,1,202416330,1
202416330,1,202416057,1
202436083,1,202436252,1
202436252,1,202436083,1
202436598,1,201349058,1
202437510,1,202810599,2
202455135,1,202456613,1
202456613,1,202455135,1
202458197,2,202459231,2
202459231,2,202458197,2
202464264,1,202464524,1
202464524,1,202464264,1
202470842,4,202472632,3
202472632,3,202470842,4
202476275,4,202482999,3
202480121,3,202481396,2
202481396,2,202480121,3
202482999,3,202476275,4
202487139,1,202491218,1
202491218,1,202487139,1
202495007,1,202572819,1
202496535,2,202525221,2
202498958,1,202499409,1
202499409,1,202498958,1
202499667,1,202499909,1
202499909,1,202499667,1
202500635,1,202500866,1
202500866,1,202500635,1
202506102,1,202510297,1
202506102,2,202510297,2
202510297,1,202506102,1
202510297,2,202506102,2
202519059,1,202519573,1
202519573,1,202519059,1
202524038,1,202524563,1
202524563,1,202524038,1
202525221,2,202496535,2
202532824,5,202533492,1
202533492,1,202532824,5
202541380,1,202542095,3
202541380,1,202542095,4
202542095,3,202541380,1
202542095,4,202541380,1
202543794,3,202546156,2
202546156,2,202543794,3
202553458,1,202553623,1
202553623,1,202553458,1
202554692,3,202555500,3
202555500,3,202554692,3
202556236,1,202557136,1
202557136,1,202556236,1
202557843,1,202558545,1
202557843,2,202558545,2
202557843,5,202558545,3
202557843,5,202558545,4
202558545,1,202557843,1
202558545,2,202557843,2
202558545,3,202557843,5
202558545,4,202557843,5
202559237,1,202559494,1
202559494,1,202559237,1
202572819,1,202495007,1
202577152,3,202580322,1
202580322,1,202577152,3
202580471,1,202580851,2
202580851,2,202580471,1
202586932,1,202587236,1
202587236,1,202586932,1
202587416,2,202588310,1
202588310,1,202587416,2
202589772,5,202590283,1
202590283,1,202589772,5
202591546,1,202591738,1
202591738,1,202591546,1
202592343,1,202598127,4
202595724,1,202597802,1
202597802,1,202595724,1
202598127,4,202592343,1
202601071,3,202680869,1
202601726,2,202603339,2
202602007,1,202602176,1
202602176,1,202602007,1
202602394,4,202606711,1
202603339,2,202601726,2
202606711,1,202602394,4
202621897,1,202622283,1
202622283,1,202621897,1
202625177,1,202626460,3
202626460,3,202625177,1
202639186,1,200928521,1
202639955,2,202644080,1
202644080,1,202639955,2
202645099,1,202645281,1
202645281,1,202645099,1
202646555,2,202659629,1
202659629,1,202646555,2
202662443,1,202662659,1
202662659,1,202662443,1
202671504,1,202671888,1
202671504,2,202671888,2
202671888,1,202671504,1
202671888,2,202671504,2
202680869,1,202601071,3
202688512,1,202690001,2
202690001,2,202688512,1
202693061,1,202693989,1
202693989,1,202693061,1
202700755,5,202701315,1
202701315,1,202700755,5
202709023,5,202710471,2
202710471,2,202709023,5
202711484,2,202713684,1
202711484,2,202713684,2
202713684,1,202711484,2
202713684,2,202711484,2
202714343,1,202715153,1
202715153,1,202714343,1
202739461,1,202803272,2
202743627,2,202745354,1
202745354,1,202743627,2
202747296,2,202748802,1
202748802,1,202747296,2
202750036,1,202750193,1
202750193,1,202750036,1
202750963,3,202751414,1
202751414,1,202750963,3
202754241,1,202754378,4
202754378,4,202754241,1
202755722,1,202756293,1
202756293,1,202755722,1
202762981,3,202763914,4
202763914,4,202762981,3
202767339,1,202768423,1
202768423,1,202767339,1
202777112,2,202777758,1
202777758,1,202777112,2
202786295,2,202787536,3
202787536,3,202786295,2
202791771,2,202792160,1
202792160,1,202791771,2
202794336,1,202794850,1
202794850,1,202794336,1
202794850,1,202817420,1
202796927,6,202797274,2
202797274,2,202796927,6
202803272,2,202739461,1
202810599,2,202437510,1
202817218,1,202817420,1
202817420,1,202794850,1
202817420,1,202817218,1
202844869,1,202847167,2
202847167,2,202844869,1
202850655,1,202852520,1
202852520,1,202850655,1
202856037,2,202856525,3
202856525,3,202856037,2
202860495,1,202860656,1
202860656,1,202860495,1
300001740,1,300002102,1
300002102,1,300001740,1
300002320,1,300002535,1
300002535,1,300002320,1
300002738,1,300002851,1
300002851,1,300002738,1
300002964,1,300003139,1
300003139,1,300002964,1
300003364,1,300003945,1
300003945,1,300003364,1
300004419,1,300004986,1
300004986,1,300004419,1
300005211,1,300006058,2
300006058,2,300005211,1
300006362,1,300007840,1
300007840,1,300006362,1
300008233,1,300008622,1
300008622,1,300008233,1
300008761,1,300008904,1
300008904,1,300008761,1
300009073,1,300010011,1
300010011,1,300009073,1
300011790,1,300013127,1
300013127,1,300011790,1
300013854,1,300016742,1
300016742,1,300013854,1
300017338,1,300017674,1
300017674,1,300017338,1
300017768,1,300018570,1
300018570,1,300017768,1
300019117,1,300019860,1
300019860,1,300019117,1
300020772,1,300021388,1
300021388,1,300020772,1
300021751,1,300023371,1
300023371,1,300021751,1
300024406,1,300024825,1
300024825,1,300024406,1
300025266,1,300025756,2
300025266,1,300026543,2
300025756,2,300025266,1
300025756,2,300026543,2
300026543,2,300025266,1
300026543,2,300025756,2
300026734,1,300027102,1
300027102,1,300026734,1
300027275,1,300028660,1
300028660,1,300027275,1
300029331,1,300031526,1
300031526,1,300029331,1
300031667,1,300031817,1
300031817,1,300031667,1
300031967,1,300033567,1
300033567,1,300031967,1
300034703,1,300035067,1
300035067,1,300034703,1
300035458,1,300036474,1
300036474,1,300035458,1
300037450,1,300037750,1
300037750,1,300037450,1
300038743,1,300039585,2
300039585,2,300038743,1
300040466,1,300040846,1
300040846,1,300040466,1
300041212,1,300041559,1
300041559,1,300041212,1
300041817,1,300042052,1
300042052,1,300041817,1
300042255,1,300042406,1
300042406,1,300042255,1
300042634,1,300043302,1
300043302,1,300042634,1
300043587,1,300043791,1
300043791,1,300043587,1
300043942,1,300044530,2
300044530,2,300043942,1
300044937,1,300045300,1
300045300,1,300044937,1
300045738,1,300046191,1
300046191,1,300045738,1
300046286,2,300046850,1
300046850,1,300046286,2
300047206,1,300047744,1
300047744,1,300047206,1
300047964,1,300048132,1
300048132,1,300047964,1
300048307,1,300050231,1
300050231,1,300048307,1
300050789,1,300051099,1
300051099,1,300050789,1
300051197,1,300051868,1
300051868,1,300051197,1
300052844,1,300055080,1
300055080,1,300052844,1
300055512,1,300055711,2
300055711,2,300055512,1
300055937,1,300056078,1
300056078,1,300055937,1
300056174,1,300060714,1
300060714,1,300056174,1
300061286,1,300061405,1
300061405,1,300061286,1
300061579,1,300063599,1
300063599,1,300061579,1
300064802,1,300065872,1
300065872,1,300064802,1
300066464,2,300067491,1
300067491,1,300066464,2
300067747,1,300068480,1
300068480,1,300067747,1
300068679,2,300068991,1
300068991,1,300068679,2
300069279,1,300069773,1
300069773,1,300069279,1
300069930,1,300070140,1
300070140,1,300069930,1
300070244,1,300071314,1
300071314,1,300070244,1
300071687,1,300072758,1
300072758,1,300071687,1
300073823,1,300075121,1
300075121,1,300073823,1
300075910,1,300076302,1
300076302,1,300075910,1
300076739,1,300077128,1
300077128,1,300076739,1
300077707,1,300078235,1
300078235,1,300077707,1
300078431,1,300082319,2
300082319,2,300078431,1
300082889,1,300085538,2
300085538,2,300082889,1
300085846,1,300087986,1
300087986,1,300085846,1
300088188,1,300089493,1
300089493,1,300088188,1
300089886,1,300090229,1
300090229,1,300089886,1
300091798,2,300091997,1
300091798,2,300092201,1
300091997,1,300091798,2
300091997,1,300092201,1
300092201,1,300091798,2
300092201,1,300091997,1
300092391,1,300093642,1
300093642,1,300092391,1
300093782,1,300094024,1
300094024,1,300093782,1
300094366,1,300094901,1
300094901,1,300094366,1
300095539,1,300096371,1
300096371,1,300095539,1
300099633,1,300099840,1
300099840,1,300099633,1
300100037,1,300100201,1
300100201,1,300100037,1
300100394,1,300100863,1
300100863,1,300100394,1
300101664,1,300102182,1
300102182,1,300101664,1
300102361,1,300102482,1
300102482,1,300102361,1
300102639,1,302115113,2
300102952,1,300104448,1
300104448,1,300102952,1
300104806,1,300105745,2
300105745,2,300104806,1
300106128,1,300106306,1
300106306,1,300106128,1
300106486,1,300107209,1
300107209,1,300106486,1
300108476,1,300108812,1
300108812,1,300108476,1
300109091,1,300109262,1
300109262,1,300109091,1
300109423,1,300109526,1
300109526,1,300109423,1
300109844,1,300109961,1
300109961,1,300109844,1
300110089,1,300110210,1
300110089,1,300110332,1
300110210,1,300110089,1
300110210,1,300110332,1
300110332,1,300110089,1
300110332,1,300110210,1
300110461,1,300110610,2
300110610,2,300110461,1
300110794,1,300111080,1
300111080,1,300110794,1
300111325,2,300111605,1
300111605,1,300111325,2
300111757,1,300112037,1
300112037,1,300111757,1
300112327,1,300112768,1
300112768,1,300112327,1
300113143,1,300113546,1
300113546,1,300113143,1
300113936,1,300114166,1
300114166,1,300113936,1
300114409,1,300114596,1
300114596,1,300114409,1
300114751,1,300117402,1
300117402,1,300114751,1
300117468,1,300118047,1
300118047,1,300117468,1
300118326,2,300118696,2
300118696,2,300118326,2
300119008,1,300119198,1
300119198,1,300119008,1
300119527,2,300120354,1
300120354,1,300119527,2
300120800,1,300121057,1
300121057,1,300120800,1
300121177,1,300121340,1
300121340,1,300121177,1
300121507,2,300121967,1
300121967,1,300121507,2
300122485,1,300122582,2
300122582,2,300122485,1
300122816,1,300123577,1
300123577,1,300122816,1
300124666,1,300124817,1
300124817,1,300124666,1
300125090,1,300125931,1
300125090,1,300126332,1
300125931,1,300125090,1
300125931,1,300126332,1
300126332,1,300125090,1
300126332,1,300125931,1
300126724,1,300128309,1
300128309,1,300126724,1
300129680,1,300129785,1
300129785,1,300129680,1
300130114,1,300130261,1
300130261,1,300130114,1
300130335,3,300130508,1
300130335,3,300130699,1
300130508,1,300130335,3
300130508,1,300130699,1
300130699,1,300130335,3
300130699,1,300130508,1
300130844,1,300130961,1
300130961,1,300130844,1
300131110,1,300131249,1
300131249,1,300131110,1
300131383,1,300131513,1
300131513,1,300131383,1
300131644,1,300131732,1
300131732,1,300131644,1
300131821,1,300132469,1
300132469,1,300131821,1
300133169,1,300133427,1
300133427,1,300133169,1
300133891,1,300134110,1
300134110,1,300133891,1
300134304,1,300134380,1
300134380,1,300134304,1
300134462,2,300134946,2
300134946,2,300134462,2
300135230,1,300135571,1
300135571,1,300135230,1
300135871,1,300136924,1
300136924,1,300135871,1
300137560,1,300139062,1
300139062,1,300137560,1
300139146,1,300139364,1
300139364,1,300139146,1
300139590,1,300140043,1
300140043,1,300139590,1
300140333,1,300140547,1
300140547,1,300140333,1
300140765,1,300141291,1
300141291,1,300140765,1
300141654,1,300141858,1
300141858,1,300141654,1
300141963,1,300142943,1
300142943,1,300141963,1
300143239,1,300143368,1
300143368,1,300143239,1
300143461,1,300143691,1
300143691,1,300143461,1
300143828,1,300144338,1
300144338,1,300143828,1
300145010,1,300146149,1
300146149,1,300145010,1
300146298,1,300147415,1
300147415,1,300146298,1
300147630,1,300148206,1
300148206,1,300147630,1
300148303,1,300148948,1
300148948,1,300148303,1
300149154,1,300151253,1
300151253,1,300149154,1
300151594,1,300152508,1
300152508,1,300151594,1
300154310,1,300154656,1
300154656,1,300154310,1
300154827,2,300155068,1
300155068,1,300154827,2
300155314,1,300156382,1
300156382,1,300155314,1
300157521,1,300158258,1
300158258,1,300157521,1
300158808,1,300159267,1
300159267,1,300158808,1
300159343,1,300159835,1
300159835,1,300159343,1
300160129,1,300160809,2
300160809,2,300160129,1
300160926,1,300161163,1
300161163,1,300160926,1
300161403,1,300161572,1
300161572,1,300161403,1
300161853,1,300162001,1
300162001,1,300161853,1
300162493,1,300162704,1
300162704,1,300162493,1
300162859,1,300163511,1
300163511,1,300162859,1
300163814,1,300164436,1
300164436,1,300163814,1
300165057,1,300166339,1
300166339,1,300165057,1
300167622,1,300170640,1
300170640,1,300167622,1
300171450,1,300171650,1
300171650,1,300171450,1
300171852,1,300172539,1
300172539,1,300171852,1
300173086,1,300173956,2
300173956,2,300173086,1
300174066,1,300174513,1
300174513,1,300174066,1
300174748,1,300175222,1
300175222,1,300174748,1
300175292,1,300175907,1
300175907,1,300175292,1
300177068,1,300177259,1
300177068,1,300177427,1
300177259,1,300177068,1
300177259,1,300177427,1
300177427,1,300177068,1
300177427,1,300177259,1
300177690,1,300178400,1
300178400,1,300177690,1
300178747,1,300179542,1
300179542,1,300178747,1
300180155,3,300181141,2
300181141,2,300180155,3
300181580,1,300181866,1
300181866,1,300181580,1
300182014,1,300182151,1
300182151,1,300182014,1
300182310,1,300182490,1
300182490,1,300182310,1
300182685,2,300183028,2
300183028,2,300182685,2
300183131,1,300184498,1
300184498,1,300183131,1
300184708,1,300187576,1
300187576,1,300184708,1
300188459,1,300189580,1
300189580,1,300188459,1
300191428,1,300191871,1
300191871,1,300191428,1
300191963,1,300193462,2
300193462,2,300191963,1
300194749,1,300194873,1
300194873,1,300194749,1
300195008,1,300198537,1
300198537,1,300195008,1
300198641,1,300198777,1
300198777,1,300198641,1
300198913,1,300199426,1
300199426,1,300198913,1
300199555,1,300200126,1
300200126,1,300199555,1
300200883,1,300201548,1
300201548,1,300200883,1
300202005,1,300203109,1
300203109,1,300202005,1
300203332,1,300205215,1
300205215,1,300203332,1
300205752,1,300205895,1
300205895,1,300205752,1
300206055,1,300206491,1
300206491,1,300206055,1
300208003,1,300208127,1
300208127,1,300208003,1
300208205,1,300208317,1
300208317,1,300208205,1
300208403,1,300209467,1
300209467,1,300208403,1
300209547,1,300209961,1
300209961,1,300209547,1
300210052,1,300210150,1
300210150,1,300210052,1
300210229,2,300210946,1
300210946,1,300210229,2
300211079,1,300211551,1
300211551,1,300211079,1
300211621,1,300212213,1
300212213,1,300211621,1
300212282,1,300212372,1
300212372,1,300212282,1
300212447,1,300214174,2
300214174,2,300212447,1
300218859,1,300219184,1
300219184,1,300218859,1
300219298,1,300219564,1
300219564,1,300219298,1
300219729,1,300222970,1
300222970,1,300219729,1
300224734,1,300224918,1
300224918,1,300224734,1
300225014,1,300225164,1
300225164,1,300225014,1
300225265,1,300225728,2
300225728,2,300225265,1
300225847,1,300226211,1
300226211,1,300225847,1
300226776,1,300228605,1
300228605,1,300226776,1
300228688,1,300229073,1
300229073,1,300228688,1
300229577,1,300231665,1
300231665,1,300229577,1
300232374,1,300233317,1
300233317,1,300232374,1
300233848,1,300234159,1
300234159,1,300233848,1
300234325,1,300235242,1
300235242,1,300234325,1
300235354,1,300235444,1
300235444,1,300235354,1
300235533,1,300236197,1
300236197,1,300235533,1
300236963,1,300238577,1
300238577,1,300236963,1
300238933,1,300239016,1
300239016,1,300238933,1
300239083,2,300239334,2
300239334,2,300239083,2
300242291,1,300242417,1
300242417,1,300242291,1
300242511,2,300242950,1
300242950,1,300242511,2
300243368,2,300243505,1
300243368,2,300243638,2
300243505,1,300243368,2
300243505,1,300243638,2
300243638,2,300243368,2
300243638,2,300243505,1
300243780,1,300243924,2
300243780,2,300243924,3
300243924,2,300243780,1
300243924,3,300243780,2
300244060,1,300244785,1
300244785,1,300244060,1
300245102,1,300245998,1
300245998,1,300245102,1
300247452,1,300248524,1
300248524,1,300247452,1
300248950,1,300250947,1
300250947,1,300248950,1
300251235,1,300253325,1
300253325,1,300251235,1
300254471,1,300255681,1
300255681,1,300254471,1
300256045,1,300256144,1
300256144,1,300256045,1
300256275,2,300256512,2
300256512,2,300256275,2
300256586,1,300257983,1
300257983,1,300256586,1
300258166,1,300258992,1
300258992,1,300258166,1
300259272,1,300260787,1
300260787,1,300259272,1
300260860,1,300260964,1
300260964,1,300260860,1
300261099,2,300261962,1
300261099,2,300262777,1
300261962,1,300261099,2
300261962,1,300262777,1
300262777,1,300261099,2
300262777,1,300261962,1
300263656,1,300264061,1
300264061,1,300263656,1
300264324,1,300266313,1
300266313,1,300264324,1
300268250,1,300268605,1
300268605,1,300268250,1
300268841,1,300269052,1
300269052,1,300268841,1
300269148,1,300269567,1
300269567,1,300269148,1
300270578,1,300271195,1
300271195,1,300270578,1
300271467,1,300271603,1
300271603,1,300271467,1
300271698,1,300274870,1
300274870,1,300271698,1
300278276,1,300278988,1
300278988,1,300278276,1
300279358,1,300279675,1
300279675,1,300279358,1
300279814,1,300279939,1
300279939,1,300279814,1
300280074,1,300280226,1
300280226,1,300280074,1
300280359,1,300285596,1
300285596,1,300280359,1
300286544,2,300286899,2
300286899,2,300286544,2
300287117,2,300288201,2
300288201,2,300287117,2
300288565,1,300289627,2
300289627,2,300288565,1
300290690,1,300290814,1
300290814,1,300290690,1
300291087,1,300291370,1
300291370,1,300291087,1
300291599,1,300291804,2
300291804,2,300291599,1
300291988,1,300292928,1
300292928,1,300291988,1
300293476,2,300293670,2
300293670,2,300293476,2
300293853,1,300294029,1
300294029,1,300293853,1
300294303,2,300294453,1
300294453,1,300294303,2
300294616,1,300294877,1
300294877,1,300294616,1
300294942,1,300296256,1
300296256,1,300294942,1
300297721,2,300298418,1
300298418,1,300297721,2
300298689,1,300299161,1
300299161,1,300298689,1
300299467,2,300300105,2
300300105,2,300299467,2
300300831,2,300302804,1
300302804,1,300300831,2
300303253,1,300303837,1
300303837,1,300303253,1
300304760,1,300305726,1
300305726,1,300304760,1
300308098,1,300308199,1
300308199,1,300308098,1
300308281,1,300309465,1
300309465,1,300308281,1
300310014,1,300310191,1
300310191,1,300310014,1
300310362,1,300310600,1
300310600,1,300310362,1
300311028,1,300313675,1
300313675,1,300311028,1
300315537,1,300316173,1
300315537,1,300317259,1
300315537,1,300317533,1
300316173,1,300315537,1
300316173,1,300317259,1
300316173,1,300317533,1
300317259,1,300315537,1
300317259,1,300316173,1
300317259,1,300317533,1
300317533,1,300315537,1
300317533,1,300316173,1
300317533,1,300317259,1
300317955,1,300318081,1
300318081,1,300317955,1
300318196,1,300318317,2
300318317,2,300318196,1
300318424,1,300318627,1
300318627,1,300318424,1
300318722,1,300318977,2
300318977,2,300318722,1
300319158,1,300319976,1
300319976,1,300319158,1
300320041,1,300320237,1
300320041,1,300320446,1
300320237,1,300320041,1
300320237,1,300320446,1
300320446,1,300320041,1
300320446,1,300320237,1
300320653,1,300320822,2
300320822,2,300320653,1
300321097,1,300321417,1
300321417,1,300321097,1
300321690,1,300323003,2
300323003,2,300321690,1
300323250,1,300324477,1
300324477,1,300323250,1
300324613,1,300327355,2
300327355,2,300324613,1
300327439,1,300328604,1
300328604,1,300327439,1
300329173,1,300330270,2
300330270,2,300329173,1
300330670,1,300330795,1
300330795,1,300330670,1
300330940,1,300331411,1
300331411,1,300330940,1
300331539,2,300331838,1
300331838,1,300331539,2
300331974,1,300333778,1
300333778,1,300331974,1
300334707,1,300335201,1
300335201,1,300334707,1
300335683,1,300336319,1
300336319,1,300335683,1
300337034,2,300337479,2
300337479,2,300337034,2
300337867,1,300338614,1
300338614,1,300337867,1
300339277,1,300339850,2
300339277,2,300339850,3
300339850,2,300339277,1
300339850,3,300339277,2
300340867,1,300340997,1
300340997,1,300340867,1
300341263,1,300342388,1
300342388,1,300341263,1
300342686,1,300343861,1
300343861,1,300342686,1
300344707,1,300345335,1
300345335,1,300344707,1
300345448,1,300346134,4
300346134,4,300345448,1
300346317,1,300346459,1
300346459,1,300346317,1
300346560,1,300349631,1
300349631,1,300346560,1
300350844,1,300351454,1
300351454,1,300350844,1
300351941,1,300352169,2
300352169,2,300351941,1
300352715,1,300353030,1
300353030,1,300352715,1
300353267,1,300353872,1
300353872,1,300353267,1
300354168,1,300354463,1
300354463,1,300354168,1
300354772,1,300355786,1
300355786,1,300354772,1
300356680,1,300356920,1
300356920,1,300356680,1
300357023,1,300357848,1
300357848,1,300357023,1
300358372,1,300358540,1
300358540,1,300358372,1
300358700,2,300358801,3
300358801,3,300358700,2
300358929,2,300359207,2
300359207,2,300358929,2
300359485,1,300360544,1
300360544,1,300359485,1
300360693,1,300361550,1
300361550,1,300360693,1
300362058,1,300362479,1
300362479,1,300362058,1
300362677,1,300362871,1
300362871,1,300362677,1
300362942,1,300363205,2
300363205,2,300362942,1
300363286,1,300364145,1
300364145,1,300363286,1
300365141,1,300367158,2
300367158,2,300365141,1
300368239,1,300368407,1
300368407,1,300368239,1
300368525,1,300368662,1
300368662,1,300368525,1
300368751,1,300368911,2
300368911,2,300368751,1
300369081,2,300369252,1
300369252,1,300369081,2
300369417,1,300389243,1
300389243,1,300369417,1
300395738,1,300396031,1
300396031,1,300395738,1
300396434,2,300396778,1
300396778,1,300396434,2
300397061,1,300397333,1
300397333,1,300397061,1
300397564,1,300404998,1
300404998,1,300397564,1
300405352,1,300405507,1
300405507,1,300405352,1
300405767,1,300407642,1
300407642,1,300405767,1
300410387,1,300411650,1
300410387,2,300411650,2
300411650,1,300410387,1
300411650,2,300410387,2
300412279,1,300413059,1
300413059,1,300412279,1
300413369,1,300413508,1
300413508,1,300413369,1
300413697,1,300414068,1
300414068,1,300413697,1
300414628,1,300415100,1
300415100,1,300414628,1
300415505,2,300416204,2
300416204,2,300415505,2
300417261,2,300418308,1
300418308,1,300417261,2
300418790,1,300419083,1
300419083,1,300418790,1
300419309,1,300420514,1
300420514,1,300419309,1
300420864,1,300421131,1
300421131,1,300420864,1
300421512,1,300423406,1
300423406,1,300421512,1
300428098,1,300428460,1
300428460,1,300428098,1
300430449,1,300430710,2
300430710,2,300430449,1
300431009,1,300431357,1
300431357,1,300431009,1
300431433,1,300431902,2
300431902,2,300431433,1
300432534,1,300434324,1
300434324,1,300432534,1
300435809,1,300437477,1
300437477,1,300435809,1
300439055,1,300439201,2
300439201,2,300439055,1
300439376,2,300439855,1
300439855,1,300439376,2
300441933,1,300442246,1
300442246,1,300441933,1
300442560,1,300442961,1
300442961,1,300442560,1
300443119,1,300444015,1
300444015,1,300443119,1
300446598,1,300446874,3
300446874,3,300446598,1
300447178,1,300449375,2
300449375,2,300447178,1
300450384,1,300451761,1
300451761,1,300450384,1
300455452,1,300456358,1
300456358,1,300455452,1
300458426,1,300458544,1
300458544,1,300458426,1
300458623,2,300462511,1
300462511,1,300458623,2
300465308,1,300465458,1
300465458,1,300465308,1
300465657,1,300466233,1
300466233,1,300465657,1
300467817,1,300468702,1
300468702,1,300467817,1
300469113,1,300469275,1
300469275,1,300469113,1
300469389,1,300469838,1
300469838,1,300469389,1
300470613,2,300471241,2
300471241,2,300470613,2
300471453,1,300471601,1
300471601,1,300471453,1
300471684,1,300472789,1
300472789,1,300471684,1
300474509,2,300475009,1
300475009,1,300474509,2
300475827,1,300475969,1
300475969,1,300475827,1
300476075,1,300476157,1
300476157,1,300476075,1
300476245,1,300476867,1
300476867,1,300476245,1
300476958,1,300477078,1
300477078,1,300476958,1
300477237,1,300477711,1
300477711,1,300477237,1
300477893,1,300478944,2
300478944,2,300477893,1
300479521,1,300479909,1
300479909,1,300479521,1
300480026,1,300480707,1
300480707,1,300480026,1
300480954,1,300481456,1
300481456,1,300480954,1
300481781,1,300483038,1
300483038,1,300481781,1
300484361,1,300484964,1
300484964,1,300484361,1
300486253,1,300486886,1
300486886,1,300486253,1
300487257,1,300488083,2
300488083,2,300487257,1
300488181,1,300489382,1
300489382,1,300488181,1
300490094,1,300490302,1
300490302,1,300490094,1
300490481,1,300490643,1
300490643,1,300490481,1
300490761,1,300492710,1
300492710,1,300490761,1
300494169,1,300495114,1
300495114,1,300494169,1
300496913,1,300497135,1
300497135,1,300496913,1
300497496,1,300497759,1
300497759,1,300497496,1
300497841,1,300498622,2
300498622,2,300497841,1
300500103,1,300505766,2
300505766,2,300500103,1
300507245,1,300508386,1
300508386,1,300507245,1
300509085,1,300509418,1
300509418,1,300509085,1
300511125,1,300511880,1
300511880,1,300511125,1
300512292,1,300513020,1
300513020,1,300512292,1
300513880,1,300514047,1
300514047,1,300513880,1
300514218,1,300514576,1
300514576,1,300514218,1
300514891,1,300516078,1
300516078,1,300514891,1
300517033,1,300517164,1
300517164,1,300517033,1
300517409,1,300518087,1
300518087,1,300517409,1
300518721,1,300519200,1
300519200,1,300518721,1
300519318,1,300519639,1
300519639,1,300519318,1
300519806,1,300521462,1
300521462,1,300519806,1
300522862,1,300522981,1
300522981,1,300522862,1
300523110,1,300523662,1
300523662,1,300523110,1
300524157,1,300525036,1
300525036,1,300524157,1
300525169,1,300529178,1
300529178,1,300525169,1
300530713,1,300534365,2
300534365,2,300530713,1
300534556,1,300536601,1
300536601,1,300534556,1
300538171,2,300539130,1
300539130,1,300538171,2
300540732,1,300542619,2
300542619,2,300540732,1
300543845,1,300545081,1
300545081,1,300543845,1
300548244,1,300548491,1
300548491,1,300548244,1
300548894,1,300550306,1
300550306,1,300548894,1
300551942,1,300554083,1
300554083,1,300551942,1
300555523,1,300556018,1
300556018,1,300555523,1
300557047,1,300557409,1
300557409,1,300557047,1
300557556,1,300557879,1
300557879,1,300557556,1
300558110,1,300559178,1
300559178,1,300558110,1
300559757,1,300560059,1
300560059,1,300559757,1
300560158,1,300560396,2
300560396,2,300560158,1
300560604,1,300561994,1
300561994,1,300560604,1
300562506,1,300562589,1
300562589,1,300562506,1
300562763,1,300562922,1
300562922,1,300562763,1
300563098,1,300563517,3
300563517,3,300563098,1
300563658,1,300564710,1
300564710,1,300563658,1
300564975,1,300565779,1
300565779,1,300564975,1
300565912,1,300566365,2
300566365,2,300565912,1
300566929,1,300567355,1
300567355,1,300566929,1
300567445,2,300567798,1
300567798,1,300567445,2
300568977,1,300569595,1
300569595,1,300568977,1
300571152,1,300571315,1
300571315,1,300571152,1
300571452,1,300573037,1
300573037,1,300571452,1
300574535,1,300575013,1
300575013,1,300574535,1
300576038,1,300577093,1
300577093,1,300576038,1
300578687,2,300579242,1
300579242,1,300578687,2
300579601,2,300579795,1
300579795,1,300579601,2
300579909,1,300580767,1
300580767,1,300579909,1
300582217,1,300583466,1
300583466,1,300582217,1
300584631,1,300586948,1
300586948,1,300584631,1
300587359,2,300587711,1
300587711,1,300587359,2
300587861,1,300588423,1
300588423,1,300587861,1
300588786,1,300589665,1
300589665,1,300588786,1
300590717,1,300592112,1
300592112,1,300590717,1
300594727,2,300595554,2
300595554,2,300594727,2
300596320,1,300596891,1
300596891,1,300596320,1
300597796,1,300597932,1
300597932,1,300597796,1
300598201,1,300599297,1
300599297,1,300598201,1
300600381,1,300602708,1
300602708,1,300600381,1
300603363,1,300603538,1
300603538,1,300603363,1
300603697,1,300604142,1
300604142,1,300603697,1
300604618,1,300605760,1
300605760,1,300604618,1
300607723,1,300608662,2
300608662,2,300607723,1
300609308,1,300610320,1
300610320,1,300609308,1
300610538,1,300610782,1
300610782,1,300610538,1
300611170,1,300612257,1
300611170,1,300614078,1
300612257,1,300611170,1
300613077,1,300614078,1
300614078,1,300611170,1
300614078,1,300613077,1
300615734,1,300615926,1
300615926,1,300615734,1
300616209,2,300616538,1
300616538,1,300616209,2
300616724,1,300617847,1
300617847,1,300616724,1
300618023,1,300618561,1
300618561,1,300618023,1
300618977,1,300620589,1
300620589,1,300618977,1
300620899,1,300621366,2
300621366,2,300620899,1
300621662,1,300625395,1
300625395,1,300621662,1
300625934,1,300626547,1
300626547,1,300625934,1
300626693,1,300628585,1
300628585,1,300626693,1
300629378,2,300629587,1
300629587,1,300629378,2
300630048,1,300631260,1
300631260,1,300630048,1
300631483,3,300631878,1
300631878,1,300631483,3
300633029,1,300633605,1
300633605,1,300633029,1
300634047,1,300635346,1
300635346,1,300634047,1
300635734,1,300636010,1
300636010,1,300635734,1
300636199,1,300637009,2
300637009,2,300636199,1
300637600,1,300638646,1
300637600,2,300638646,2
300638646,1,300637600,1
300638646,2,300637600,2
300639618,2,300639987,1
300639987,1,300639618,2
300640271,1,300640845,1
300640845,1,300640271,1
300641071,1,300641665,1
300641665,1,300641071,1
300642164,1,300642757,1
300642757,1,300642164,1
300644162,1,300644268,1
300644268,1,300644162,1
300644664,1,300644912,2
300644912,2,300644664,1
300645392,1,300645785,1
300645785,1,300645392,1
300646275,1,300646718,1
300646718,1,300646275,1
300647593,1,300648075,1
300648075,1,300647593,1
300648814,1,300649161,2
300649161,2,300648814,1
300649371,1,300649553,1
300649553,1,300649371,1
300649687,1,300650810,1
300650810,1,300649687,1
300651277,2,300651931,1
300651931,1,300651277,2
300652851,1,300653514,1
300653514,1,300652851,1
300654043,1,300655317,1
300655317,1,300654043,1
300655478,1,300655906,1
300655906,1,300655478,1
300656087,1,300656855,2
300656855,2,300656087,1
300657081,1,300658202,1
300658202,1,300657081,1
300658440,1,300659041,1
300659041,1,300658440,1
300659200,1,300659699,1
300659699,1,300659200,1
300659804,1,300659943,1
300659943,1,300659804,1
300660023,1,300660249,1
300660249,1,300660023,1
300660331,1,300661338,2
300661338,2,300660331,1
300661645,1,300661954,1
300661954,1,300661645,1
300662288,1,300663281,1
300663281,1,300662288,1
300663372,2,300663575,2
300663575,2,300663372,2
300663709,1,300664927,1
300663709,1,300665620,1
300664927,1,300663709,1
300664927,1,300665620,1
300665620,1,300663709,1
300665620,1,300664927,1
300666403,2,300666708,1
300666708,1,300666403,2
300667971,1,300669380,1
300669380,1,300667971,1
300669651,1,300669797,1
300669797,1,300669651,1
300669960,1,300670860,2
300670860,2,300669960,1
300671142,1,300672298,1
300672298,1,300671142,1
300672787,1,300675313,1
300675313,1,300672787,1
300676231,1,300677559,1
300677559,1,300676231,1
300677958,1,300678308,1
300678308,1,300677958,1
300678699,1,300678947,1
300678947,1,300678699,1
300679094,2,300679489,1
300679489,1,300679094,2
300680304,2,300681044,1
300681044,1,300680304,2
300681118,1,300681912,1
300681912,1,300681118,1
300682549,1,300683264,1
300683264,1,300682549,1
300683362,1,300684120,1
300684120,1,300683362,1
300684351,1,300684683,1
300684683,1,300684351,1
300684830,1,300685027,1
300684830,1,300685279,1
300685027,1,300684830,1
300685027,1,300685279,1
300685279,1,300684830,1
300685279,1,300685027,1
300685472,1,300685729,1
300685729,1,300685472,1
300685953,1,300687939,1
300687939,1,300685953,1
300688273,1,300688451,1
300688451,1,300688273,1
300688833,1,300689666,1
300689666,1,300688833,1
300689854,1,300690126,1
300690126,1,300689854,1
300691479,1,300692477,1
300692477,1,300691479,1
300692632,1,300693075,1
300693075,1,300692632,1
300693884,2,300694157,1
300693884,3,300694157,2
300694157,1,300693884,2
300694157,2,300693884,3
300694350,1,300695576,1
300695576,1,300694350,1
300695942,1,300696484,1
300696484,1,300695942,1
300696686,1,300696983,1
300696983,1,300696686,1
300697071,1,300698711,1
300698711,1,300697071,1
300699949,1,300700543,1
300700543,1,300699949,1
300700930,1,300701148,1
300701148,1,300700930,1
300701273,1,300701471,1
300701471,1,300701273,1
300701795,1,300702211,1
300702211,1,300701795,1
300702710,1,300703705,1
300703705,1,300702710,1
300704391,1,300704592,1
300704592,1,300704391,1
300705126,2,300705291,1
300705291,1,300705126,2
300705465,1,300706289,1
300706289,1,300705465,1
300706855,1,300707088,1
300707088,1,300706855,1
300707236,1,300707532,1
300707532,1,300707236,1
300707671,1,300708699,1
300708699,1,300707671,1
300709994,1,300710183,1
300710183,1,300709994,1
300710330,1,300711829,1
300711829,1,300710330,1
300713115,1,300714595,1
300714595,1,300713115,1
300715246,1,300717000,1
300717000,1,300715246,1
300717516,1,300718805,1
300718805,1,300717516,1
300719702,1,300721247,1
300721247,1,300719702,1
300722407,1,300724689,1
300724689,1,300722407,1
300726197,1,300727374,1
300727374,1,300726197,1
300727588,1,300728205,1
300728205,1,300727588,1
300728449,1,300728797,1
300728797,1,300728449,1
300729382,1,300730435,1
300730435,1,300729382,1
300731353,1,300732133,1
300731353,2,300732133,2
300732133,1,300731353,1
300732133,2,300731353,2
300733045,1,300734836,1
300734836,1,300733045,1
300737287,1,300737542,1
300737542,1,300737287,1
300737803,1,300738382,1
300738382,1,300737803,1
300738894,1,300739127,1
300739127,1,300738894,1
300739408,1,300739633,2
300739633,2,300739408,1
300739859,1,300740049,1
300740049,1,300739859,1
300740137,1,300741094,1
300741094,1,300740137,1
300741508,1,300744561,1
300744561,1,300741508,1
300745290,1,300745703,1
300745703,1,300745290,1
300745928,1,300746608,1
300746608,1,300745928,1
300747306,1,300747710,1
300747710,1,300747306,1
300748450,1,300748833,1
300748833,1,300748450,1
300749241,1,300749799,1
300749799,1,300749241,1
300750282,1,300750838,1
300750838,1,300750282,1
300751420,1,300751544,1
300751544,1,300751420,1
300751680,1,300751909,1
300751909,1,300751680,1
300752322,1,300756664,1
300756664,1,300752322,1
300758519,1,300758702,1
300758702,1,300758519,1
300758874,1,300759741,1
300759741,1,300758874,1
300760443,1,300760730,1
300760730,1,300760443,1
300760856,1,300761011,1
300761011,1,300760856,1
300761138,1,300761274,1
300761274,1,300761138,1
300761459,1,300762225,1
300762225,1,300761459,1
300763443,2,300764080,1
300764080,1,300763443,2
300764612,1,300764784,1
300764784,1,300764612,1
300765299,2,300765666,1
300765666,1,300765299,2
300765835,1,300766851,1
300766851,1,300765835,1
300766944,2,300767969,1
300767969,1,300766944,2
300768308,1,300769746,1
300769746,1,300768308,1
300771025,1,300771159,1
300771159,1,300771025,1
300771293,1,300773869,1
300773869,1,300771293,1
300776648,1,300776898,1
300776898,1,300776648,1
300777334,1,300777528,1
300777528,1,300777334,1
300777736,1,300778176,1
300778176,1,300777736,1
300778793,1,300779782,1
300779782,1,300778793,1
300780333,1,300780532,1
300780532,1,300780333,1
300781020,1,300781200,1
300781200,1,300781020,1
300781782,1,300783361,2
300783361,2,300781782,1
300784031,1,300784283,1
300784283,1,300784031,1
300784383,1,300784699,1
300784699,1,300784383,1
300784879,1,300785660,1
300785660,1,300784879,1
300785862,1,300786008,1
300786008,1,300785862,1
300786179,1,300786457,1
300786457,1,300786179,1
300786873,1,300788668,1
300788668,1,300786873,1
300790357,1,300790458,1
300790458,1,300790357,1
300790628,1,300791174,1
300791174,1,300790628,1
300792032,1,300793184,1
300793184,1,300792032,1
300793791,1,300794308,1
300794308,1,300793791,1
300794654,1,300796339,1
300796339,1,300794654,1
300797605,1,300798651,1
300798651,1,300797605,1
300798747,1,300800515,2
300800515,2,300798747,1
300801317,1,300801512,1
300801512,1,300801317,1
300801670,1,300801801,1
300801801,1,300801670,1
300801950,1,300802174,1
300802174,1,300801950,1
300802349,1,300803019,1
300803019,1,300802349,1
300803309,1,300803483,1
300803483,1,300803309,1
300803571,1,300804452,1
300804452,1,300803571,1
300804637,1,300804742,1
300804742,1,300804637,1
300804823,4,300807100,1
300807100,1,300804823,4
300807831,1,300808409,1
300808409,1,300807831,1
300810621,1,300811554,1
300811554,1,300810621,1
300811803,1,300812085,1
300812085,1,300811803,1
300812278,1,300814153,1
300814153,1,300812278,1
300815912,1,300818261,2
300818261,2,300815912,1
300818696,1,300819604,1
300819604,1,300818696,1
300819954,1,300820644,1
300820644,1,300819954,1
300820736,1,300823736,1
300820736,1,300824276,1
300823736,1,300820736,1
300823736,1,300824276,1
300824276,1,300820736,1
300824276,1,300823736,1
300825237,1,300827048,1
300827048,1,300825237,1
300827665,1,300828271,1
300827665,1,300828534,1
300828271,1,300827665,1
300828271,1,300828534,1
300828534,1,300827665,1
300828534,1,300828271,1
300829180,1,300829536,1
300829536,1,300829180,1
300829928,1,300830261,1
300830261,1,300829928,1
300831162,1,300832133,1
300832133,1,300831162,1
300832901,1,300833397,1
300833397,1,300832901,1
300833771,1,300834760,1
300834760,1,300833771,1
300835724,1,300835976,1
300835724,1,300836137,1
300835976,1,300835724,1
300835976,1,300836137,1
300836137,1,300835724,1
300836137,1,300835976,1
300836580,3,300837333,1
300837333,1,300836580,3
300837582,1,300838572,1
300838572,1,300837582,1
300839930,1,300840055,1
300840055,1,300839930,1
300840220,1,300841453,1
300841453,1,300840220,1
300842076,1,300843489,1
300843489,1,300842076,1
300844157,1,300846253,1
300846253,1,300844157,1
300846813,1,300847390,1
300847390,1,300846813,1
300847598,1,300848881,1
300848881,1,300847598,1
300849382,1,300850893,1
300850893,1,300849382,1
300851125,1,300853507,1
300853507,1,300851125,1
300854031,2,300854459,2
300854459,2,300854031,2
300854941,1,300855303,1
300855303,1,300854941,1
300855396,1,300855950,1
300855950,1,300855396,1
300857233,1,300858737,1
300858737,1,300857233,1
300859397,1,300860641,1
300860641,1,300859397,1
300861429,1,300864521,1
300864521,1,300861429,1
300866588,2,300868284,2
300868284,2,300866588,2
300870000,1,300870722,1
300870722,1,300870000,1
300871391,1,300871497,2
300871497,2,300871391,1
300871620,1,300872367,1
300872367,1,300871620,1
300872875,1,300873005,1
300873005,1,300872875,1
300873145,1,300873842,1
300873842,1,300873145,1
300874266,1,300875008,1
300875008,1,300874266,1
300875768,1,300876845,1
300876845,1,300875768,1
300877318,1,300878160,1
300878160,1,300877318,1
300878472,1,300878689,1
300878689,1,300878472,1
300878917,2,300879121,2
300879121,2,300878917,2
300879360,2,300879682,2
300879360,2,300879876,2
300879682,2,300879360,2
300879682,2,300879876,2
300879876,2,300879360,2
300879876,2,300879682,2
300880061,1,300880213,2
300880213,2,300880061,1
300880376,2,300880772,2
300880772,2,300880376,2
300880979,1,300881117,1
300880979,2,300881117,2
300881117,1,300880979,1
300881117,2,300880979,2
300881253,1,300881368,1
300881368,1,300881253,1
300881469,1,300883578,1
300883578,1,300881469,1
300884476,1,300884602,1
300884602,1,300884476,1
300884856,1,300885130,1
300885130,1,300884856,1
300885212,2,300886504,2
300886504,2,300885212,2
300886629,1,300887923,1
300887923,1,300886629,1
300888010,1,300889537,1
300889537,1,300888010,1
300891413,1,300891633,1
300891633,1,300891413,1
300891810,1,300892089,1
300892089,1,300891810,1
300892581,1,300893218,2
300893218,2,300892581,1
300893498,1,300894933,1
300894933,1,300893498,1
300895590,1,300897214,2
300897214,2,300895590,1
300897370,3,300897552,1
300897552,1,300897370,3
300897711,1,300900251,1
300900251,1,300897711,1
300901333,1,300902650,2
300902650,2,300901333,1
300902873,2,300903019,1
300902873,2,300903169,1
300903019,1,300902873,2
300903019,1,300903169,1
300903169,1,300902873,2
300903169,1,300903019,1
300903335,2,300904448,2
300904448,2,300903335,2
300905428,1,300906200,1
300906200,1,300905428,1
300906875,1,300908391,1
300908391,1,300906875,1
300908529,1,300910393,1
300910393,1,300908529,1
300911261,1,300911498,1
300911498,1,300911261,1
300912011,1,300912120,1
300912120,1,300912011,1
300912958,1,300913301,1
300913301,1,300912958,1
300913478,1,300914028,1
300914028,1,300913478,1
300915242,1,300915909,2
300915909,2,300915242,1
300916077,1,300916227,1
300916227,1,300916077,1
300916396,1,300916830,2
300916830,2,300916396,1
300917012,1,300918825,1
300918825,1,300917012,1
300920885,1,300920952,1
300920952,1,300920885,1
300921049,1,300921579,1
300921579,1,300921049,1
300921896,1,300923262,1
300923262,1,300921896,1
300924178,1,300924679,1
300924679,1,300924178,1
300925085,1,300925981,1
300925981,1,300925085,1
300926269,1,300926811,1
300926811,1,300926269,1
300927032,1,300928498,1
300928498,1,300927032,1
300928631,1,300930268,1
300930268,1,300928631,1
300930995,1,300931667,2
300931667,2,300930995,1
300933135,1,300933317,1
300933317,1,300933135,1
300933816,1,300934023,1
300934023,1,300933816,1
300934692,1,300935253,1
300935253,1,300934692,1
300936218,1,300936858,1
300936858,1,300936218,1
300937261,1,300937984,1
300937984,1,300937261,1
300939281,1,300940094,1
300940094,1,300939281,1
300940422,1,300940777,1
300940777,1,300940422,1
300940899,1,300941944,1
300941944,1,300940899,1
300943245,1,300944506,1
300944506,1,300943245,1
300945751,1,300946207,1
300946207,1,300945751,1
300946567,1,300946871,2
300946871,2,300946567,1
300948204,1,300949253,1
300949253,1,300948204,1
300950461,1,300950556,2
300950556,2,300950461,1
300951070,1,300951707,1
300951707,1,300951070,1
300952132,2,300952702,2
300952702,2,300952132,2
300952806,1,300952890,1
300952890,1,300952806,1
300953196,1,300953455,1
300953455,1,300953196,1
300953733,1,300954092,1
300954092,1,300953733,1
300954182,1,300955363,1
300955363,1,300954182,1
300955472,1,300955628,1
300955628,1,300955472,1
300955786,1,300956354,1
300956354,1,300955786,1
300957232,1,300957958,1
300957958,1,300957232,1
300958374,1,300958916,1
300958916,1,300958374,1
300960067,1,300960539,1
300960539,1,300960067,1
300961004,1,300962637,1
300962637,1,300961004,1
300962787,1,300963078,1
300963078,1,300962787,1
300963299,1,300963711,1
300963711,1,300963299,1
300963927,1,300964990,1
300964990,1,300963927,1
300965965,1,300966524,1
300966524,1,300965965,1
300966692,1,300967546,1
300967546,1,300966692,1
300968465,1,300968807,1
300968807,1,300968465,1
300969266,1,300970509,1
300970509,1,300969266,1
300971966,1,300972782,1
300972782,1,300971966,1
300973486,1,300974357,1
300974357,1,300973486,1
300975009,1,300978139,1
300978139,1,300975009,1
300978955,1,300981750,1
300981750,1,300978955,1
300983064,2,300984017,1
300984017,1,300983064,2
300984402,1,300988423,1
300988423,1,300984402,1
300989717,1,300990501,1
300990501,1,300989717,1
300991472,1,300991621,1
300991621,1,300991472,1
300991761,1,300993324,1
300993324,1,300991761,1
300993545,2,300993846,1
300993846,1,300993545,2
300993964,1,300996192,2
300996192,2,300993964,1
301000002,2,301001119,3
301001119,3,301000002,2
301001694,1,301002355,1
301002355,1,301001694,1
301002555,1,301002709,1
301002709,1,301002555,1
301002886,1,301003024,1
301003024,1,301002886,1
301003261,1,301003610,1
301003610,1,301003261,1
301003953,1,301004662,1
301004662,1,301003953,1
301005818,1,301007544,2
301007544,2,301005818,1
301008026,1,301009090,1
301009090,1,301008026,1
301009898,1,301010568,2
301010568,2,301009898,1
301011241,1,301012698,1
301012698,1,301011241,1
301013443,1,301014055,1
301014055,1,301013443,1
301014946,1,301015752,1
301015752,1,301014946,1
301016837,1,301017144,1
301017144,1,301016837,1
301017353,1,301018431,1
301018431,1,301017353,1
301019286,2,301021727,1
301021727,1,301019286,2
301022703,1,301024539,2
301024539,2,301022703,1
301024729,1,301024950,1
301024950,1,301024729,1
301025158,1,301025320,1
301025320,1,301025158,1
301025388,2,301025561,1
301025561,1,301025388,2
301025674,1,301026251,1
301026251,1,301025674,1
301028965,1,301029887,1
301029887,1,301028965,1
301030398,1,301030527,1
301030527,1,301030398,1
301030668,1,301031893,1
301031893,1,301030668,1
301032676,1,301033200,1
301033200,1,301032676,1
301034517,3,301034884,1
301034884,1,301034517,3
301035348,1,301035703,1
301035703,1,301035348,1
301035890,1,301037668,1
301037668,1,301035890,1
301038023,1,301038187,1
301038187,1,301038023,1
301038334,1,301038497,1
301038497,1,301038334,1
301038646,1,301039490,1
301039490,1,301038646,1
301039896,1,301040474,1
301040474,1,301039896,1
301040706,1,301041209,1
301041209,1,301040706,1
301041302,1,301041388,2
301041388,2,301041302,1
301041772,1,301042062,1
301042062,1,301041772,1
301042399,1,301042531,1
301042531,1,301042399,1
301042687,1,301042987,1
301042987,1,301042687,1
301043148,1,301044792,1
301044792,1,301043148,1
301045840,2,301046097,1
301046097,1,301045840,2
301046232,1,301046794,1
301046794,1,301046232,1
301047503,1,301048538,1
301048538,1,301047503,1
301048934,1,301049105,1
301049105,1,301048934,1
301049680,1,301050177,1
301050177,1,301049680,1
301050616,1,301052942,1
301052942,1,301050616,1
301053918,1,301054413,1
301054413,1,301053918,1
301056004,1,301056264,1
301056264,1,301056004,1
301056577,1,301058165,1
301058165,1,301056577,1
301060960,1,301061857,2
301061857,2,301060960,1
301063805,1,301066515,2
301066515,2,301063805,1
301066919,1,301067021,1
301067021,1,301066919,1
301067103,1,301067594,1
301067594,1,301067103,1
301068140,1,301069525,1
301069525,1,301068140,1
301070229,1,301073034,1
301073034,1,301070229,1
301074460,1,301074836,1
301074836,1,301074460,1
301075309,1,301075960,1
301075960,1,301075309,1
301076461,1,301077580,1
301077580,1,301076461,1
301080028,1,301080253,1
301080253,1,301080028,1
301082536,1,301082651,1
301082651,1,301082536,1
301083587,1,301085794,1
301085794,1,301083587,1
301086639,1,301086830,1
301086830,1,301086639,1
301086996,1,301087179,1
301087179,1,301086996,1
301087303,1,301088684,1
301088684,1,301087303,1
301089298,1,301091519,1
301091519,1,301089298,1
301092141,1,301095542,1
301095542,1,301092141,1
301097377,1,301097931,1
301097931,1,301097377,1
301098040,1,301098273,1
301098273,1,301098040,1
301099213,1,301099898,1
301099898,1,301099213,1
301100461,1,301101047,1
301101047,1,301100461,1
301101894,1,301102047,1
301102047,1,301101894,1
301102228,1,301102862,1
301102862,1,301102228,1
301102955,1,301104386,1
301104386,1,301102955,1
301104745,1,301105302,2
301105302,2,301104745,1
301105581,1,301105720,1
301105720,1,301105581,1
301105821,2,301106985,1
301106985,1,301105821,2
301107124,1,301107221,1
301107221,1,301107124,1
301107323,1,301108133,1
301108133,1,301107323,1
301108434,1,301108980,1
301108980,1,301108434,1
301109108,1,301110016,1
301110016,1,301109108,1
301110289,1,301111919,1
301111919,1,301110289,1
301111919,1,301114526,1
301114139,1,301114526,1
301114526,1,301111919,1
301114526,1,301114139,1
301114746,1,301115311,1
301115311,1,301114746,1
301115538,1,301115757,1
301115757,1,301115538,1
301115931,1,301116036,2
301116036,2,301115931,1
301116148,1,301116463,1
301116463,1,301116148,1
301116693,2,301116915,2
301116915,2,301116693,2
301117658,1,301118056,1
301118056,1,301117658,1
301118319,1,301118882,1
301118882,1,301118319,1
301119992,1,301121547,1
301121547,1,301119992,1
301123442,1,301124089,2
301124089,2,301123442,1
301124376,2,301125407,1
301125407,1,301124376,2
301127618,1,301127978,1
301127978,1,301127618,1
301128242,2,301128355,2
301128355,2,301128242,2
301128471,1,301129429,1
301129429,1,301128471,1
301129685,2,301129797,2
301129797,2,301129685,2
301129956,1,301131444,1
301131444,1,301129956,1
301131809,1,301132035,1
301132035,1,301131809,1
301132181,1,301134603,1
301134603,1,301132181,1
301138822,1,301139888,1
301139888,1,301138822,1
301142744,1,301143656,1
301143656,1,301142744,1
301148299,1,301149478,1
301149478,1,301148299,1
301150824,1,301151430,1
301151430,1,301150824,1
301151854,1,301152329,1
301152329,1,301151854,1
301153409,1,301153937,1
301153937,1,301153409,1
301155082,1,301155277,2
301155277,2,301155082,1
301155563,1,301156114,2
301156114,2,301155563,1
301156504,1,301156693,1
301156504,1,301156907,1
301156693,1,301156504,1
301156693,1,301156907,1
301156907,1,301156504,1
301156907,1,301156693,1
301157354,1,301158565,1
301158565,1,301157354,1
301159550,2,301159846,1
301159846,1,301159550,2
301159990,1,301161839,1
301161839,1,301159990,1
301164447,1,301165216,1
301165216,1,301164447,1
301165656,1,301166100,1
301166100,1,301165656,1
301166989,2,301167114,3
301167114,3,301166989,2
301167247,1,301167680,2
301167680,2,301167247,1
301167823,1,301168795,1
301168795,1,301167823,1
301168919,1,301169295,1
301169295,1,301168919,1
301172354,1,301173343,1
301173343,1,301172354,1
301174034,1,301177088,1
301177088,1,301174034,1
301178259,1,301178465,2
301178465,2,301178259,1
301179088,1,301179211,1
301179211,1,301179088,1
301179340,1,301179407,1
301179407,1,301179340,1
301179514,1,301182178,1
301182178,1,301179514,1
301188008,1,301188195,1
301188195,1,301188008,1
301188313,1,301190044,1
301190044,1,301188313,1
301191391,1,301192114,1
301192114,1,301191391,1
301192968,1,301193628,1
301193628,1,301192968,1
301194072,1,301194191,1
301194191,1,301194072,1
301194298,1,301195774,1
301195774,1,301194298,1
301196980,1,301197146,1
301197146,1,301196980,1
301197429,1,301197699,1
301197699,1,301197429,1
301198133,1,301199687,1
301199687,1,301198133,1
301200054,1,301200364,1
301200364,1,301200054,1
301200598,1,301200819,1
301200819,1,301200598,1
301200989,1,301201247,1
301201247,1,301200989,1
301201619,1,301202010,1
301202010,1,301201619,1
301202417,1,301202744,1
301202744,1,301202417,1
301203085,1,301203863,2
301203863,2,301203085,1
301204186,1,301204721,1
301204721,1,301204186,1
301204916,1,301207468,1
301207468,1,301204916,1
301207915,1,301208068,1
301208068,1,301207915,1
301208219,1,301209234,1
301209234,1,301208219,1
301210188,1,301210398,1
301210398,1,301210188,1
301210583,1,301210923,1
301210583,1,301211777,1
301210923,1,301210583,1
301210923,1,301211777,1
301211777,1,301210583,1
301211777,1,301210923,1
301211918,3,301212948,2
301212948,2,301211918,3
301213187,1,301215108,1
301215108,1,301213187,1
301216469,1,301216986,1
301216986,1,301216469,1
301217205,2,301217553,1
301217553,1,301217205,2
301217637,1,301218285,1
301218285,1,301217637,1
301218376,1,301218906,1
301218906,1,301218376,1
301218981,1,301219083,1
301219083,1,301218981,1
301219187,1,301219323,1
301219323,1,301219187,1
301219460,1,301221039,1
301221039,1,301219460,1
301221815,1,301224038,1
301224038,1,301221815,1
301225073,1,301226104,1
301226104,1,301225073,1
301226198,1,301226539,1
301226539,1,301226198,1
301226627,1,301226827,1
301226827,1,301226627,1
301226961,1,301227417,1
301227417,1,301226961,1
301227731,2,301228223,1
301228223,1,301227731,2
301228447,1,301228558,1
301228558,1,301228447,1
301228672,1,301228931,1
301228672,1,301229107,1
301228931,1,301228672,1
301228931,1,301229107,1
301229107,1,301228672,1
301229107,1,301228931,1
301229260,1,301229677,3
301229260,1,301229910,1
301229677,3,301229260,1
301229677,3,301229910,1
301229910,1,301229260,1
301229910,1,301229677,3
301230122,1,301230339,1
301230339,1,301230122,1
301230721,1,301230874,1
301230874,1,301230721,1
301230981,1,301231583,1
301231583,1,301230981,1
301234319,2,301234672,1
301234672,1,301234319,2
301235014,1,301235912,1
301235912,1,301235014,1
301237310,1,301237800,1
301237800,1,301237310,1
301239634,2,301239854,2
301239854,2,301239634,2
301239975,1,301240637,1
301240637,1,301239975,1
301240717,1,301240905,1
301240905,1,301240717,1
301241004,1,301241098,2
301241098,2,301241004,1
301241435,1,301242147,2
301241435,1,301242967,1
301242147,2,301241435,1
301242147,2,301242967,1
301242967,1,301241435,1
301242967,1,301242147,2
301244659,1,301246697,1
301246697,1,301244659,1
301248662,1,301248829,1
301248829,1,301248662,1
301249035,1,301249213,1
301249213,1,301249035,1
301249391,1,301249865,1
301249865,1,301249391,1
301250557,1,301250727,2
301250727,2,301250557,1
301250901,1,301251290,1
301251290,1,301250901,1
301252626,1,301252996,1
301252996,1,301252626,1
301253211,1,301255416,1
301255416,1,301253211,1
301256239,1,301260237,1
301260237,1,301256239,1
301263546,1,301263898,1
301263546,1,301264410,1
301263546,1,301264921,2
301263898,1,301263546,1
301263898,1,301264410,1
301263898,1,301264921,2
301264410,1,301263546,1
301264410,1,301263898,1
301264410,1,301264921,2
301264921,2,301263546,1
301264921,2,301263898,1
301264921,2,301264410,1
301265446,1,301266743,1
301266743,1,301265446,1
301267750,1,301269174,1
301269174,1,301267750,1
301270024,1,301270681,1
301270681,1,301270024,1
301271020,1,301271780,1
301271780,1,301271020,1
301273505,1,301277618,1
301277618,1,301273505,1
301278266,1,301279196,1
301279196,1,301278266,1
301279367,1,301280894,1
301280894,1,301279367,1
301281609,1,301282355,1
301282355,1,301281609,1
301283122,1,301283337,1
301283337,1,301283122,1
301283473,1,301284608,1
301284608,1,301283473,1
301284775,1,301289189,1
301289189,1,301284775,1
301291229,1,301295695,1
301295695,1,301291229,1
301295955,1,301297305,1
301297305,1,301295955,1
301297672,1,301298505,1
301298505,1,301297672,1
301298977,1,301299609,1
301299609,1,301298977,1
301300042,1,301300223,1
301300223,1,301300042,1
301300510,1,301300667,1
301300667,1,301300510,1
301301033,1,301301213,1
301301213,1,301301033,1
301301404,1,301302450,1
301302450,1,301301404,1
301303347,1,301303481,1
301303481,1,301303347,1
301303596,1,301304737,1
301304737,1,301303596,1
301305576,1,301305780,1
301305780,1,301305576,1
301306625,1,301309039,1
301309039,1,301306625,1
301310745,1,301311489,1
301311489,1,301310745,1
301311932,1,301312666,1
301312666,1,301311932,1
301312898,1,301313500,1
301313500,1,301312898,1
301313696,1,301314753,1
301314753,1,301313696,1
301314938,1,301315075,1
301315075,1,301314938,1
301315419,1,301317579,1
301317579,1,301315419,1
301319146,2,301319858,2
301319858,2,301319146,2
301320499,1,301321917,1
301321917,1,301320499,1
301323106,2,301324688,2
301324688,2,301323106,2
301325403,1,301326090,1
301326090,1,301325403,1
301326765,1,301326918,1
301326918,1,301326765,1
301327041,1,301328251,1
301328251,1,301327041,1
301328969,3,301330083,1
301330083,1,301328969,3
301332267,1,301332505,1
301332505,1,301332267,1
301332620,2,301334543,1
301334543,1,301332620,2
301334622,1,301334862,1
301334862,1,301334622,1
301334948,1,301335184,1
301335184,1,301334948,1
301335319,1,301336088,1
301336088,1,301335319,1
301337096,1,301338179,1
301338179,1,301337096,1
301338310,1,301338788,1
301338788,1,301338310,1
301339002,1,301339958,1
301339958,1,301339002,1
301340158,1,301341050,1
301341050,1,301340158,1
301341558,1,301342890,1
301342890,1,301341558,1
301343570,1,301345741,2
301345741,2,301343570,1
301346118,1,301346313,1
301346313,1,301346118,1
301346678,1,301348026,1
301348026,1,301346678,1
301349006,1,301349442,1
301349442,1,301349006,1
301349551,1,301350285,1
301350285,1,301349551,1
301351215,1,301351353,1
301351353,1,301351215,1
301351532,1,301351867,1
301351867,1,301351532,1
301353052,1,301354097,1
301354097,1,301353052,1
301355891,1,301356274,1
301356274,1,301355891,1
301357068,1,301357216,1
301357216,1,301357068,1
301357391,1,301358175,1
301358175,1,301357391,1
301359690,1,301359892,1
301359892,1,301359690,1
301360037,1,301360407,2
301360037,1,301360938,1
301360407,2,301360037,1
301360407,2,301360938,1
301360938,1,301360037,1
301360938,1,301360407,2
301361083,1,301361911,2
301361911,2,301361083,1
301362030,1,301362242,1
301362242,1,301362030,1
301363941,2,301364105,1
301364105,1,301363941,2
301364223,1,301364572,1
301364572,1,301364223,1
301364982,1,301365299,1
301365299,1,301364982,1
301365381,1,301365531,1
301365531,1,301365381,1
301365699,1,301367040,1
301367040,1,301365699,1
301367437,1,301368223,1
301368223,1,301367437,1
301368465,2,301368646,1
301368646,1,301368465,2
301368799,1,301369117,1
301369117,1,301368799,1
301369669,1,301369948,1
301369948,1,301369669,1
301370060,1,301370363,1
301370363,1,301370060,1
301370670,1,301371137,1
301371137,1,301370670,1
301372907,1,301373302,1
301373302,1,301372907,1
301376033,1,301377508,1
301377508,1,301376033,1
301378109,1,301378736,1
301378736,1,301378109,1
301378996,1,301379941,1
301379941,1,301378996,1
301380488,2,301380748,1
301380748,1,301380488,2
301381120,1,301381262,1
301381262,1,301381120,1
301381400,1,301383133,1
301383133,1,301381400,1
301383985,4,301384174,1
301384174,1,301383985,4
301384559,1,301386283,1
301386283,1,301384559,1
301387612,1,301388271,1
301388271,1,301387612,1
301389100,1,301389296,1
301389296,1,301389100,1
301389440,1,301389580,1
301389580,1,301389440,1
301391230,2,301391360,1
301391360,1,301391230,2
301391540,1,301400909,1
301391540,2,301400909,2
301400909,1,301391540,1
301400909,2,301391540,2
301405011,1,301405169,1
301405169,1,301405011,1
301405298,1,301405746,1
301405746,1,301405298,1
301406499,1,301406824,2
301406824,2,301406499,1
301407084,1,301407897,1
301407897,1,301407084,1
301409026,1,301409369,1
301409369,1,301409026,1
301409446,1,301409647,1
301409647,1,301409446,1
301409796,1,301410034,1
301410034,1,301409796,1
301410260,1,301411552,1
301411552,1,301410260,1
301414422,1,301414934,1
301414934,1,301414422,1
301415413,1,301415517,1
301415517,1,301415413,1
301415624,1,301415929,1
301415929,1,301415624,1
301416306,1,301417129,1
301417129,1,301416306,1
301418258,2,301418403,1
301418258,2,301418594,4
301418403,1,301418258,2
301418403,1,301418594,4
301418594,4,301418258,2
301418594,4,301418403,1
301418886,1,301419044,1
301419044,1,301418886,1
301419246,1,301420028,1
301420028,1,301419246,1
301420174,1,301420473,2
301420473,2,301420174,1
301420633,1,301420837,1
301420837,1,301420633,1
301420997,1,301421961,1
301421961,1,301420997,1
301422777,1,301423374,1
301423374,1,301422777,1
301423753,1,301424320,1
301424320,1,301423753,1
301424524,1,301425124,2
301425124,2,301424524,1
301426030,2,301426750,1
301426750,1,301426030,2
301426973,2,301427331,1
301427331,1,301426973,2
301427482,1,301427722,1
301427722,1,301427482,1
301427829,1,301427891,1
301427891,1,301427829,1
301428333,1,301428693,1
301428693,1,301428333,1
301430660,1,301431074,1
301431074,1,301430660,1
301431185,1,301431298,1
301431298,1,301431185,1
301432175,1,301432575,1
301432575,1,301432175,1
301433331,1,301433691,1
301433691,1,301433331,1
301433969,1,301434084,1
301434084,1,301433969,1
301434186,1,301434599,1
301434599,1,301434186,1
301435031,1,301435166,1
301435166,1,301435031,1
301435260,1,301435808,1
301435808,1,301435260,1
301436106,1,301437334,1
301436106,1,301437489,1
301437334,1,301436106,1
301437334,1,301437489,1
301437489,1,301436106,1
301437489,1,301437334,1
301438014,1,301438241,1
301438241,1,301438014,1
301438313,1,301438570,1
301438570,1,301438313,1
301438704,1,301439091,1
301439091,1,301438704,1
301439217,1,301439741,1
301439741,1,301439217,1
301439843,1,301440579,1
301440579,1,301439843,1
301441371,1,301442340,1
301442340,1,301441371,1
301442447,1,301442629,1
301442447,1,301442816,1
301442629,1,301442447,1
301442629,1,301442816,1
301442816,1,301442447,1
301442816,1,301442629,1
301443002,1,301443121,1
301443121,1,301443002,1
301443228,1,301445774,1
301445774,1,301443228,1
301447768,1,301452036,1
301452036,1,301447768,1
301453890,1,301454118,1
301454118,1,301453890,1
301454343,1,301454529,1
301454529,1,301454343,1
301454722,2,301455614,1
301455614,1,301454722,2
301456366,1,301456541,1
301456541,1,301456366,1
301456658,1,301457211,1
301457211,1,301456658,1
301458365,1,301459093,1
301459093,1,301458365,1
301459473,1,301460510,1
301460510,1,301459473,1
301460766,1,301461295,1
301461295,1,301460766,1
301462063,1,301462285,1
301462285,1,301462063,1
301462390,1,301464433,1
301464433,1,301462390,1
301466508,1,301467882,1
301467882,1,301466508,1
301468131,1,301468604,1
301468604,1,301468131,1
301469150,1,301469287,1
301469287,1,301469150,1
301469414,1,301470451,1
301470451,1,301469414,1
301471174,1,301471529,1
301471529,1,301471174,1
301471934,1,301473412,1
301473412,1,301471934,1
301474251,1,301476897,1
301476897,1,301474251,1
301477602,1,301478005,1
301478005,1,301477602,1
301478403,1,301478988,2
301478988,2,301478403,1
301479300,1,301479467,1
301479467,1,301479300,1
301479696,1,301479822,1
301479822,1,301479696,1
301479983,1,301480447,1
301480447,1,301479983,1
301480604,1,301480802,1
301480802,1,301480604,1
301481119,1,301481219,1
301481219,1,301481119,1
301481308,1,301481674,1
301481674,1,301481308,1
301481844,1,301482029,1
301482029,1,301481844,1
301482154,1,301482260,1
301482260,1,301482154,1
301482404,1,301482623,1
301482623,1,301482404,1
301482885,1,301483043,1
301483043,1,301482885,1
301483162,1,301483617,1
301483617,1,301483162,1
301484214,1,301484360,1
301484360,1,301484214,1
301484530,1,301484858,2
301484858,2,301484530,1
301485047,1,301485816,2
301485816,2,301485047,1
301486529,3,301486852,3
301486852,3,301486529,3
301487383,1,301488504,1
301487383,1,301489324,1
301488504,1,301487383,1
301488504,1,301489324,1
301489324,1,301487383,1
301489324,1,301488504,1
301490503,1,301490638,2
301490638,2,301490503,1
301490884,1,301491851,1
301491851,1,301490884,1
301492118,1,301492229,1
301492229,1,301492118,1
301492328,1,301492945,2
301492945,2,301492328,1
301493673,1,301493866,1
301493866,1,301493673,1
301494050,1,301494809,1
301494809,1,301494050,1
301495713,2,301496228,1
301496228,1,301495713,2
301496812,1,301496932,1
301496812,1,301497071,1
301496932,1,301496812,1
301496932,1,301497071,1
301497071,1,301496812,1
301497071,1,301496932,1
301497263,1,301498012,1
301498012,1,301497263,1
301498457,1,301498874,1
301498874,1,301498457,1
301499053,1,301500609,1
301500609,1,301499053,1
301502673,1,301503078,1
301503078,1,301502673,1
301503876,2,301504604,1
301504604,1,301503876,2
301504980,1,301505136,2
301505136,2,301504980,1
301505293,1,301505447,1
301505447,1,301505293,1
301505666,1,301505888,1
301505888,1,301505666,1
301506088,1,301506242,1
301506242,1,301506088,1
301506432,1,301506875,1
301506432,2,301506875,2
301506875,1,301506432,1
301506875,2,301506432,2
301507851,1,301508636,1
301508636,1,301507851,1
301509835,1,301510023,1
301510023,1,301509835,1
301510719,1,301510865,1
301510865,1,301510719,1
301510949,1,301512052,1
301512052,1,301510949,1
301512400,2,301513386,2
301513386,2,301512400,2
301513482,2,301513670,1
301513670,1,301513482,2
301513794,1,301515173,1
301515173,1,301513794,1
301515265,1,301515818,1
301515818,1,301515265,1
301515912,1,301516606,2
301516606,2,301515912,1
301516750,1,301517074,2
301517074,2,301516750,1
301517279,3,301518058,1
301518058,1,301517279,3
301518422,1,301518690,1
301518690,1,301518422,1
301519732,1,301519880,1
301519880,1,301519732,1
301520007,1,301520815,1
301520815,1,301520007,1
301526065,1,301526289,1
301526289,1,301526065,1
301526518,1,301528541,1
301528541,1,301526518,1
301528791,1,301529631,1
301529631,1,301528791,1
301530096,1,301530690,2
301530690,2,301530096,1
301531019,1,301531539,1
301531539,1,301531019,1
301532930,1,301533084,1
301533084,1,301532930,1
301533333,2,301533829,2
301533829,2,301533333,2
301534167,1,301536985,1
301536985,1,301534167,1
301537683,1,301538391,1
301538391,1,301537683,1
301538493,1,301538988,1
301538988,1,301538493,1
301539307,2,301541181,2
301541181,2,301539307,2
301541531,1,301542889,1
301542889,1,301541531,1
301543084,1,301544829,1
301544829,1,301543084,1
301547404,1,301548614,1
301548614,1,301547404,1
301549645,1,301550692,1
301550692,1,301549645,1
301551049,1,301551466,1
301551466,1,301551049,1
301552191,1,301552847,1
301552847,1,301552191,1
301553282,1,301553466,1
301553466,1,301553282,1
301553904,1,301554086,1
301554086,1,301553904,1
301554324,1,301554579,1
301554579,1,301554324,1
301554700,2,301555468,2
301555468,2,301554700,2
301555607,1,301556004,2
301556004,2,301555607,1
301556182,1,301556691,1
301556691,1,301556182,1
301557262,1,301557406,1
301557406,1,301557262,1
301558057,1,301558184,2
301558184,2,301558057,1
301558428,1,301558661,1
301558428,1,301558842,1
301558661,1,301558428,1
301558661,1,301558842,1
301558842,1,301558428,1
301558842,1,301558661,1
301559055,2,301559556,1
301559556,1,301559055,2
301559666,1,301559796,1
301559796,1,301559666,1
301560028,1,301561020,1
301561020,1,301560028,1
301562469,1,301562603,1
301562603,1,301562469,1
301563199,1,301563530,1
301563530,1,301563199,1
301563703,1,301565019,1
301565019,1,301563703,1
301565767,1,301566561,1
301566561,1,301565767,1
301567188,1,301567511,1
301567511,1,301567188,1
301567849,1,301568186,1
301568186,1,301567849,1
301568488,1,301568753,1
301568753,1,301568488,1
301569261,1,301569535,1
301569535,1,301569261,1
301569771,1,301570060,1
301570060,1,301569771,1
301570542,1,301571069,1
301571069,1,301570542,1
301571642,3,301571962,3
301571962,3,301571642,3
301572061,2,301572478,2
301572478,2,301572061,2
301572671,1,301573725,1
301573725,1,301572671,1
301573932,1,301576234,1
301576234,1,301573932,1
301577576,1,301577935,1
301577935,1,301577576,1
301578211,2,301578472,2
301578472,2,301578211,2
301578660,1,301578818,1
301578818,1,301578660,1
301579100,1,301579684,1
301579684,1,301579100,1
301580046,1,301580559,1
301580559,1,301580046,1
301581733,1,301581991,1
301581991,1,301581733,1
301582149,1,301582672,1
301582672,1,301582149,1
301583094,1,301583565,1
301583565,1,301583094,1
301586314,1,301586742,1
301586742,1,301586314,1
301590114,1,301590315,1
301590114,1,301590494,1
301590315,1,301590114,1
301590315,1,301590494,1
301590494,1,301590114,1
301590494,1,301590315,1
301590654,1,301591950,1
301591950,1,301590654,1
301592392,1,301593457,1
301593457,1,301592392,1
301594795,1,301595155,1
301595155,1,301594795,1
301595374,1,301598344,1
301598344,1,301595374,1
301598680,1,301599452,2
301599452,2,301598680,1
301600325,1,301600440,1
301600440,1,301600325,1
301600547,1,301601593,1
301601593,1,301600547,1
301602494,1,301605003,1
301605003,1,301602494,1
301606189,1,301608136,1
301608136,1,301606189,1
301610877,1,301611150,1
301611150,1,301610877,1
301611672,1,301611786,1
301611672,1,301611898,1
301611786,1,301611672,1
301611786,1,301611898,1
301611898,1,301611672,1
301611898,1,301611786,1
301612003,1,301612090,1
301612090,1,301612003,1
301612891,1,301614818,1
301614818,1,301612891,1
301616714,1,301617554,1
301617554,1,301616714,1
301618226,1,301619121,1
301619121,1,301618226,1
301619823,1,301620439,1
301620439,1,301619823,1
301620508,1,301620794,1
301620794,1,301620508,1
301621766,1,301622465,1
301622465,1,301621766,1
301622808,1,301623272,1
301623272,1,301622808,1
301623536,1,301624308,1
301624308,1,301623536,1
301624522,1,301625963,1
301625963,1,301624522,1
301627301,2,301628046,1
301628046,1,301627301,2
301628490,1,301629518,1
301629518,1,301628490,1
301629691,1,301629875,1
301629875,1,301629691,1
301630069,1,301632062,1
301632062,1,301630069,1
301632522,1,301634315,1
301634315,1,301632522,1
301635200,1,301635853,1
301635853,1,301635200,1
301636284,1,301636420,1
301636420,1,301636284,1
301636650,1,301639496,1
301639496,1,301636650,1
301639873,1,301640002,2
301640002,2,301639873,1
301640219,1,301640594,1
301640594,1,301640219,1
301640863,1,301642034,1
301642034,1,301640863,1
301642942,1,301643621,1
301643621,1,301642942,1
301643748,1,301644311,1
301644311,1,301643748,1
301644437,1,301645308,1
301645308,1,301644437,1
301646212,1,301646568,1
301646568,1,301646212,1
301646863,2,301648573,1
301648573,1,301646863,2
301648848,1,301649000,2
301649000,2,301648848,1
301649270,1,301649582,1
301649582,1,301649270,1
301649720,1,301649869,1
301649869,1,301649720,1
301649994,1,301650127,1
301650127,1,301649994,1
301650254,1,301652769,1
301652769,1,301650254,1
301655779,1,301659178,2
301659178,2,301655779,1
301662113,1,301662274,1
301662113,1,301662430,1
301662274,1,301662113,1
301662274,1,301662430,1
301662430,1,301662113,1
301662430,1,301662274,1
301662638,1,301662989,1
301662989,1,301662638,1
301663120,1,301663281,1
301663281,1,301663120,1
301663433,1,301663706,1
301663706,1,301663433,1
301663978,1,301664133,2
301664133,2,301663978,1
301664270,1,301664395,1
301664395,1,301664270,1
301664617,1,301665019,2
301665019,2,301664617,1
301665139,1,301665775,1
301665775,1,301665139,1
301666598,1,301667383,1
301667383,1,301666598,1
301668004,1,301668637,1
301668637,1,301668004,1
301668849,1,301671035,1
301671035,1,301668849,1
301671575,1,301671667,1
301671667,1,301671575,1
301671797,1,301672094,1
301672094,1,301671797,1
301672219,1,301672355,1
301672355,1,301672219,1
301672487,1,301673077,2
301673077,2,301672487,1
301673214,1,301674173,1
301674173,1,301673214,1
301674769,2,301674944,1
301674944,1,301674769,2
301675015,1,301675326,1
301675326,1,301675015,1
301675478,1,301675637,1
301675637,1,301675478,1
301675850,1,301676874,1
301676874,1,301675850,1
301677477,2,301677741,1
301677741,1,301677477,2
301677883,1,301678039,1
301678039,1,301677883,1
301678193,1,301678342,1
301678342,1,301678193,1
301679586,1,301680317,1
301680317,1,301679586,1
301680407,1,301680925,2
301680925,2,301680407,1
301682291,1,301683224,2
301683224,2,301682291,1
301683860,1,301684009,1
301684009,1,301683860,1
301684985,1,301687499,1
301687499,1,301684985,1
301691229,1,301691418,1
301691418,1,301691229,1
301691633,1,301692253,1
301692253,1,301691633,1
301692826,1,301692973,1
301692973,1,301692826,1
301693165,1,301693745,1
301693745,1,301693165,1
301694367,2,301695809,1
301695809,1,301694367,2
301696568,2,301697576,1
301697576,1,301696568,2
301698638,1,301700263,1
301700263,1,301698638,1
301701857,1,301703051,1
301703051,1,301701857,1
301704200,2,301704764,1
301704764,1,301704200,2
301704947,1,301705777,1
301705777,1,301704947,1
301706201,1,301710393,1
301710393,1,301706201,1
301711088,1,301711975,1
301711975,1,301711088,1
301712068,1,301712286,1
301712286,1,301712068,1
301712407,1,301715432,1
301715432,1,301712407,1
301716011,1,301716614,1
301716614,1,301716011,1
301716700,2,301717612,1
301717612,1,301716700,2
301720191,1,301721757,1
301721757,1,301720191,1
301723021,1,301725102,1
301725102,1,301723021,1
301725380,1,301725932,1
301725932,1,301725380,1
301726523,1,301726781,1
301726781,1,301726523,1
301726992,2,301727581,1
301727581,1,301726992,2
301727879,1,301728041,1
301728041,1,301727879,1
301728238,1,301728502,1
301728502,1,301728238,1
301729128,1,301729467,1
301729467,1,301729128,1
301729955,1,301730664,1
301729955,1,301732079,1
301730664,1,301729955,1
301730664,1,301732079,1
301732079,1,301729955,1
301732079,1,301730664,1
301732858,1,301733329,1
301733329,1,301732858,1
301733838,1,301734041,1
301734041,1,301733838,1
301734310,2,301734480,1
301734480,1,301734310,2
301734746,1,301735165,1
301735165,1,301734746,1
301736240,1,301736328,1
301736328,1,301736240,1
301736423,1,301737029,1
301737029,1,301736423,1
301737467,1,301739214,1
301739214,1,301737467,1
301739701,1,301743238,1
301739701,1,301744157,1
301743238,1,301739701,1
301743238,1,301744157,1
301744157,1,301739701,1
301744157,1,301743238,1
301745387,1,301745586,1
301745586,1,301745387,1
301745792,1,301745907,2
301745907,2,301745792,1
301746361,1,301746809,1
301746809,1,301746361,1
301747401,3,301747548,1
301747548,1,301747401,3
301747662,1,301749169,1
301749169,1,301747662,1
301749753,1,301750262,1
301750262,1,301749753,1
301750673,2,301750822,3
301750822,3,301750673,2
301751105,1,301751383,1
301751383,1,301751105,1
301751620,1,301751992,1
301751992,1,301751620,1
301752212,2,301752635,2
301752635,2,301752212,2
301752897,2,301754319,1
301754319,1,301752897,2
301755240,1,301755932,1
301755240,2,301755932,3
301755932,1,301755240,1
301755932,3,301755240,2
301756134,1,301758141,2
301758141,2,301756134,1
301758805,1,301760598,1
301760598,1,301758805,1
301761600,1,301764462,1
301764462,1,301761600,1
301765664,1,301766221,1
301766221,1,301765664,1
301766720,2,301767936,1
301767936,1,301766720,2
301770651,2,301770894,1
301770894,1,301770651,2
301771246,1,301771674,1
301771674,1,301771246,1
301771988,1,301772321,1
301772321,1,301771988,1
301772444,1,301772982,1
301772982,1,301772444,1
301773257,2,301773499,1
301773499,1,301773257,2
301774184,1,301774895,1
301774895,1,301774184,1
301775152,1,301775758,1
301775758,1,301775152,1
301775907,1,301776126,2
301776126,2,301775907,1
301777956,1,301779390,1
301779390,1,301777956,1
301779643,1,301781895,1
301781895,1,301779643,1
301782173,1,301783233,1
301783233,1,301782173,1
301783813,1,301783983,1
301783983,1,301783813,1
301784383,1,301784960,1
301784960,1,301784383,1
301785585,1,301786016,2
301786016,2,301785585,1
301787891,3,301788883,1
301788883,1,301787891,3
301788980,1,301789064,1
301789064,1,301788980,1
301789325,1,301790424,1
301790424,1,301789325,1
301790563,1,301792338,1
301792338,1,301790563,1
301793613,1,301793726,1
301793726,1,301793613,1
301793848,1,301794889,1
301794889,1,301793848,1
301795206,1,301795333,1
301795333,1,301795206,1
301795510,1,301796372,1
301796372,1,301795510,1
301797167,1,301797516,1
301797516,1,301797167,1
301798242,1,301798469,1
301798469,1,301798242,1
301804346,1,301806778,1
301806778,1,301804346,1
301809603,1,301810317,1
301810317,1,301809603,1
301811301,1,301811509,2
301811509,2,301811301,1
301811931,1,301812446,1
301812446,1,301811931,1
301813264,1,301814697,1
301814697,1,301813264,1
301818466,1,301819199,1
301819199,1,301818466,1
301820582,1,301822166,1
301822166,1,301820582,1
301823020,1,301824869,1
301824869,1,301823020,1
301825185,1,301825270,1
301825270,1,301825185,1
301825362,1,301826229,1
301826229,1,301825362,1
301826801,1,301827522,1
301827522,1,301826801,1
301827822,1,301828567,1
301828567,1,301827822,1
301828747,1,301829111,1
301829111,1,301828747,1
301829280,1,301830535,1
301830535,1,301829280,1
301831040,1,301831144,1
301831144,1,301831040,1
301831239,1,301831973,1
301831239,1,301832731,1
301831973,1,301831239,1
301831973,1,301832731,1
301832731,1,301831239,1
301832731,1,301831973,1
301833129,1,301833560,1
301833560,1,301833129,1
301833842,1,301834077,1
301834077,1,301833842,1
301834220,2,301834600,2
301834600,2,301834220,2
301835005,1,301836831,1
301836831,1,301835005,1
301838039,1,301838546,1
301838546,1,301838039,1
301839447,1,301839578,1
301839578,1,301839447,1
301839718,1,301841598,1
301841598,1,301839718,1
301842455,1,301843569,1
301843569,1,301842455,1
301843716,1,301844044,1
301844044,1,301843716,1
301844198,1,301844935,1
301844935,1,301844198,1
301845010,1,301845410,1
301845410,1,301845010,1
301845537,1,301846668,1
301846668,1,301845537,1
301847009,2,301847290,3
301847290,3,301847009,2
301847707,1,301847855,1
301847855,1,301847707,1
301848188,1,301848297,1
301848297,1,301848188,1
301848371,1,301850416,1
301850416,1,301848371,1
301851809,1,301853681,1
301853681,1,301851809,1
301854093,1,301854634,1
301854634,1,301854093,1
301855812,1,301856269,1
301856269,1,301855812,1
301857050,1,301857388,1
301857388,1,301857050,1
301857676,1,301859446,1
301859446,1,301857676,1
301860336,1,301860491,1
301860491,1,301860336,1
301860700,1,301861963,1
301861963,1,301860700,1
301862645,1,301863260,1
301863260,1,301862645,1
301863578,1,301865883,1
301865883,1,301863578,1
301866534,1,301867823,1
301867823,1,301866534,1
301870093,1,301871303,2
301871303,2,301870093,1
301872472,1,301875584,1
301875584,1,301872472,1
301876785,1,301878079,1
301878079,1,301876785,1
301878522,1,301878870,1
301878870,1,301878522,1
301879596,1,301880934,1
301880934,1,301879596,1
301881694,1,301881901,1
301881901,1,301881694,1
301882431,2,301882737,2
301882737,2,301882431,2
301883160,1,301883806,1
301883806,1,301883160,1
301884489,1,301884710,1
301884710,1,301884489,1
301885278,1,301886374,1
301886374,1,301885278,1
301887170,1,301887831,1
301887831,1,301887170,1
301890086,3,301890355,1
301890355,1,301890086,3
301890532,1,301891483,1
301891483,1,301890532,1
301892143,1,301892445,1
301892445,1,301892143,1
301892601,1,301892884,1
301892884,1,301892601,1
301892992,1,301895065,1
301895065,1,301892992,1
301896284,1,301898174,1
301898174,1,301896284,1
301898486,1,301899127,1
301899127,1,301898486,1
301899518,1,301900995,1
301900995,1,301899518,1
301901665,1,301903745,1
301903745,1,301901665,1
301903828,1,301907556,1
301907556,1,301903828,1
301908384,1,301909114,1
301909114,1,301908384,1
301909456,1,301910535,1
301910535,1,301909456,1
301911176,1,301912488,1
301912488,1,301911176,1
301912830,1,301914079,1
301914079,1,301912830,1
301915106,2,301915717,1
301915717,1,301915106,2
301916579,1,301916973,1
301916973,1,301916579,1
301917270,1,301918281,1
301918281,1,301917270,1
301918487,1,301919026,1
301919026,1,301918487,1
301919715,1,301920248,1
301920248,1,301919715,1
301920524,1,301923116,1
301923116,1,301920524,1
301924572,1,301924799,1
301924799,1,301924572,1
301924971,1,301925569,1
301925569,1,301924971,1
301926134,1,301926496,1
301926496,1,301926134,1
301926764,1,301927698,1
301927698,1,301926764,1
301928285,1,301928800,1
301928800,1,301928285,1
301929606,1,301930015,1
301930015,1,301929606,1
301931314,1,301933294,1
301933294,1,301931314,1
301934094,1,301934886,1
301934886,1,301934094,1
301937186,3,301937521,1
301937521,1,301937186,3
301937722,1,301938368,1
301938368,1,301937722,1
301939313,1,301940155,1
301940155,1,301939313,1
301940369,1,301941411,1
301941411,1,301940369,1
301942332,1,301942508,1
301942508,1,301942332,1
301942707,1,301943434,1
301943434,1,301942707,1
301943661,1,301944653,1
301944653,1,301943661,1
301945565,1,301947312,1
301947312,1,301945565,1
301948064,2,301949846,1
301949846,1,301948064,2
301953300,1,301953971,1
301953971,1,301953300,1
301954908,1,301955096,1
301955096,1,301954908,1
301955296,1,301957314,1
301957314,1,301955296,1
301958723,1,301959977,1
301959977,1,301958723,1
301960886,2,301962247,1
301962247,1,301960886,2
301962602,1,301964690,1
301964690,1,301962602,1
301967228,1,301967949,1
301967949,1,301967228,1
301968947,2,301969118,3
301969118,3,301968947,2
301969286,1,301970489,1
301970489,1,301969286,1
301970739,1,301970855,1
301970855,1,301970739,1
301970980,1,301971606,1
301971606,1,301970980,1
301971768,1,301972231,2
301972231,2,301971768,1
301972663,1,301973141,1
301973141,1,301972663,1
301973714,1,301974350,1
301974350,1,301973714,1
301974589,1,301974802,1
301974802,1,301974589,1
301974985,1,301976347,1
301976347,1,301974985,1
301977667,1,301977837,1
301977837,1,301977667,1
301978040,1,301978222,1
301978222,1,301978040,1
301978361,1,301978548,1
301978548,1,301978361,1
301978711,1,301978846,2
301978846,2,301978711,1
301979023,1,301979107,1
301979107,1,301979023,1
301979238,2,301979521,1
301979521,1,301979238,2
301979687,1,301979925,1
301979687,2,301979925,2
301979925,1,301979687,1
301979925,2,301979687,2
301980096,2,301980504,1
301980504,1,301980096,2
301980662,1,301980825,1
301980825,1,301980662,1
301981016,1,301981117,1
301981117,1,301981016,1
301981605,1,301982284,3
301982284,3,301981605,1
301982457,1,301982840,1
301982840,1,301982457,1
301983228,1,301986452,1
301986452,1,301983228,1
301986765,1,301987034,1
301987034,1,301986765,1
301987225,1,301988584,1
301988584,1,301987225,1
301988808,1,301990729,1
301990729,1,301988808,1
301991145,1,301992106,1
301992106,1,301991145,1
301993177,2,301994044,3
301994044,3,301993177,2
301994473,1,301994973,1
301994973,1,301994473,1
301995132,1,301996330,1
301996330,1,301995132,1
301997779,1,301998618,1
301998618,1,301997779,1
301998726,1,302000038,1
302000038,1,301998726,1
302001510,2,302002517,1
302002517,1,302001510,2
302002740,1,302003183,1
302003183,1,302002740,1
302003598,1,302004425,1
302004425,1,302003598,1
302004583,1,302004983,1
302004983,1,302004583,1
302005271,1,302005434,1
302005434,1,302005271,1
302005928,1,302008429,1
302008429,1,302005928,1
302009441,1,302010162,1
302010162,1,302009441,1
302010277,1,302010939,1
302010939,1,302010277,1
302012723,1,302014269,1
302014269,1,302012723,1
302015703,1,302016163,1
302016163,1,302015703,1
302016529,1,302017091,1
302017091,1,302016529,1
302018640,1,302019227,1
302019227,1,302018640,1
302020138,1,302021662,1
302021662,1,302020138,1
302022176,3,302022451,3
302022451,3,302022176,3
302022648,2,302023833,1
302023833,1,302022648,2
302023928,1,302024195,2
302024195,2,302023928,1
302024302,1,302024800,2
302024800,2,302024302,1
302025035,1,302025432,1
302025432,1,302025035,1
302025700,1,302027534,2
302027534,2,302025700,1
302028202,1,302028896,1
302028896,1,302028202,1
302029589,1,302030821,2
302030821,2,302029589,1
302030900,1,302031124,1
302031124,1,302030900,1
302031228,1,302031568,1
302031568,1,302031228,1
302031751,1,302031916,1
302031916,1,302031751,1
302032084,1,302032514,1
302032514,1,302032084,1
302033050,1,302035021,1
302035021,1,302033050,1
302035556,2,302037603,2
302037603,2,302035556,2
302038093,1,302038371,1
302038371,1,302038093,1
302038458,1,302039544,1
302039544,1,302038458,1
302040738,1,302041006,1
302041006,1,302040738,1
302041379,1,302042220,1
302042220,1,302041379,1
302042814,1,302042956,1
302042956,1,302042814,1
302043071,1,302043201,1
302043201,1,302043071,1
302043544,1,302043762,1
302043762,1,302043544,1
302043906,1,302044368,1
302044368,1,302043906,1
302044463,1,302045022,1
302045022,1,302044463,1
302045126,1,302045247,1
302045247,1,302045126,1
302045371,1,302045926,1
302045371,1,302046511,1
302045926,1,302045371,1
302045926,1,302046511,1
302046511,1,302045371,1
302046511,1,302045926,1
302046839,1,302047723,1
302046839,1,302048412,1
302047723,1,302046839,1
302047723,1,302048412,1
302048412,1,302046839,1
302048412,1,302047723,1
302048859,1,302049826,1
302049826,1,302048859,1
302050741,1,302051615,1
302051615,1,302050741,1
302051704,1,302052213,1
302052213,1,302051704,1
302053473,1,302054181,1
302054181,1,302053473,1
302054617,1,302056963,1
302056963,1,302054617,1
302057584,2,302060163,1
302060163,1,302057584,2
302060844,1,302064753,1
302064753,1,302060844,1
302066864,1,302067062,1
302067062,1,302066864,1
302067398,1,302069410,1
302069410,1,302067398,1
302070060,1,302070330,1
302070330,1,302070060,1
302070895,1,302071856,2
302071856,2,302070895,1
302072139,1,302073975,1
302073975,1,302072139,1
302074630,1,302074776,1
302074776,1,302074630,1
302074924,1,302075889,1
302075889,1,302074924,1
302078363,1,302078543,1
302078543,1,302078363,1
302078881,1,302079478,1
302079478,1,302078881,1
302079828,1,302081925,1
302081925,1,302079828,1
302085683,1,302086512,1
302086512,1,302085683,1
302088662,1,302090305,1
302090305,1,302088662,1
302090653,1,302091320,1
302091320,1,302090653,1
302094992,1,302095380,2
302095380,2,302094992,1
302096010,1,302097408,1
302097408,1,302096010,1
302097497,1,302099146,1
302099146,1,302097497,1
302100151,1,302100460,2
302100460,2,302100151,1
302100558,1,302101481,1
302101481,1,302100558,1
302101765,1,302102093,1
302102093,1,302101765,1
302102410,1,302102859,1
302102859,1,302102410,1
302103078,1,302103319,1
302103319,1,302103078,1
302103629,1,302103953,1
302103953,1,302103629,1
302104304,2,302104412,2
302104412,2,302104304,2
302104556,1,302104685,1
302104685,1,302104556,1
302104918,1,302105048,1
302105048,1,302104918,1
302105160,1,302105276,1
302105276,1,302105160,1
302105366,1,302107304,1
302107304,1,302105366,1
302107983,1,302108128,1
302108128,1,302107983,1
302108917,1,302816836,1
302110094,1,302110281,1
302110281,1,302110094,1
302110676,1,302111543,1
302111543,1,302110676,1
302112099,1,302112574,1
302112574,1,302112099,1
302112724,1,302113001,1
302113001,1,302112724,1
302113547,1,302113817,1
302113817,1,302113547,1
302114056,1,302114924,1
302114924,1,302114056,1
302115113,2,300102639,1
302115113,8,302116672,1
302116672,1,302115113,8
302117426,1,302118361,1
302118361,1,302117426,1
302119190,1,302119931,1
302119931,1,302119190,1
302120094,1,302120406,1
302120406,1,302120094,1
302121151,1,302122823,1
302122823,1,302121151,1
302123438,1,302124217,1
302124217,1,302123438,1
302125659,2,302125877,2
302125877,2,302125659,2
302126240,2,302126402,1
302126402,1,302126240,2
302127023,1,302127127,1
302127127,1,302127023,1
302127253,1,302129262,1
302129262,1,302127253,1
302130515,2,302130988,3
302130988,3,302130515,2
302131366,2,302132864,1
302132864,1,302131366,2
302134158,1,302134454,1
302134454,1,302134158,1
302134752,2,302135214,1
302135214,1,302134752,2
302135899,1,302138057,1
302138057,1,302135899,1
302139458,1,302141015,3
302141015,3,302139458,1
302141176,1,302141444,1
302141444,1,302141176,1
302141513,1,302142351,1
302142351,1,302141513,1
302143106,1,302143298,1
302143298,1,302143106,1
302143494,1,302144588,1
302144588,1,302143494,1
302146705,1,302146834,1
302146834,1,302146705,1
302146957,1,302148212,1
302148212,1,302146957,1
302148770,1,302152768,1
302152768,1,302148770,1
302153158,1,302153833,1
302153833,1,302153158,1
302154722,1,302155225,1
302155225,1,302154722,1
302155458,1,302155655,1
302155655,1,302155458,1
302155748,1,302156199,1
302156199,1,302155748,1
302156601,1,302158504,1
302158504,1,302156601,1
302160604,1,302160995,1
302160995,1,302160604,1
302161068,1,302169718,1
302169718,1,302161068,1
302170229,1,302170879,1
302170879,1,302170229,1
302171503,2,302171848,2
302171848,2,302171503,2
302172453,1,302172666,1
302172666,1,302172453,1
302172787,1,302173555,2
302173555,2,302172787,1
302173706,2,302173802,2
302173802,2,302173706,2
302173967,1,302174610,1
302174610,1,302173967,1
302174965,1,302175072,2
302175072,2,302174965,1
302175257,2,302175430,1
302175430,1,302175257,2
302176138,1,302176241,1
302176241,1,302176138,1
302176350,1,302176875,1
302176875,1,302176350,1
302178928,1,302179364,1
302179364,1,302178928,1
302179482,2,302182577,1
302182577,1,302179482,2
302183832,1,302184102,1
302184102,1,302183832,1
302184204,1,302184454,1
302184454,1,302184204,1
302184523,1,302189219,1
302189219,1,302184523,1
302193144,1,302194466,1
302194466,1,302193144,1
302197647,1,302199175,1
302199175,1,302197647,1
302201249,1,302201366,1
302201366,1,302201249,1
302201808,1,302201899,1
302201899,1,302201808,1
302201998,1,302218349,1
302218349,1,302201998,1
302231485,1,302231610,1
302231610,1,302231485,1
302231981,1,302232057,1
302232057,1,302231981,1
302232180,1,302234210,1
302234210,1,302232180,1
302238702,1,302238965,1
302238965,1,302238702,1
302239182,1,302239411,1
302239411,1,302239182,1
302239567,1,302239756,1
302239756,1,302239567,1
302240447,1,302243465,1
302243465,1,302240447,1
302243681,1,302243781,1
302243781,1,302243681,1
302243904,1,302246509,1
302246509,1,302243904,1
302248773,1,302248987,2
302248987,2,302248773,1
302249182,1,302250443,1
302250443,1,302249182,1
302252119,1,302252677,1
302252677,1,302252119,1
302252973,1,302254462,1
302254462,1,302252973,1
302254836,2,302254948,2
302254948,2,302254836,2
302255033,1,302256675,1
302256675,1,302255033,1
302261642,1,302261798,6
302261798,6,302261642,1
302262037,1,302262721,1
302262721,1,302262037,1
302262886,1,302263670,1
302263670,1,302262886,1
302266348,1,302266474,2
302266474,2,302266348,1
302266619,1,302267712,1
302267712,1,302266619,1
302269172,1,302269330,1
302269330,1,302269172,1
302270326,1,302270454,1
302270454,1,302270326,1
302270918,1,302271349,1
302271349,1,302270918,1
302271673,1,302271939,1
302271939,1,302271673,1
302272248,1,302272548,1
302272548,1,302272248,1
302273062,1,302273255,1
302273255,1,302273062,1
302273353,1,302274366,1
302274366,1,302273353,1
302274721,1,302275016,1
302275016,1,302274721,1
302275152,1,302275322,1
302275322,1,302275152,1
302275425,1,302276884,1
302276884,1,302275425,1
302277543,1,302277971,1
302277971,1,302277543,1
302278121,1,302278270,1
302278270,1,302278121,1
302278339,1,302279690,1
302278339,1,302280846,1
302279690,1,302278339,1
302279690,1,302280846,1
302280846,1,302278339,1
302280846,1,302279690,1
302281984,1,302282286,1
302282286,1,302281984,1
302283319,1,302284195,2
302284195,2,302283319,1
302284449,1,302284904,1
302284904,1,302284449,1
302285319,2,302285473,2
302285473,2,302285319,2
302285617,1,302286867,1
302285617,1,302287707,1
302286867,1,302285617,1
302286867,1,302287707,1
302287707,1,302285617,1
302287707,1,302286867,1
302288838,1,302290053,2
302290053,2,302288838,1
302291872,1,302292803,1
302292803,1,302291872,1
302293759,1,302294179,1
302294179,1,302293759,1
302294638,1,302295514,1
302295514,1,302294638,1
302295829,2,302296035,2
302296035,2,302295829,2
302296157,2,302296887,2
302296887,2,302296157,2
302297288,1,302297392,1
302297392,1,302297288,1
302297489,1,302299860,1
302299860,1,302297489,1
302300911,2,302301723,1
302301723,1,302300911,2
302302238,1,302303122,1
302303122,1,302302238,1
302304628,3,302304818,3
302304818,3,302304628,3
302305197,1,302305463,1
302305463,1,302305197,1
302305815,1,302306180,1
302306180,1,302305815,1
302306422,1,302306662,1
302306662,1,302306422,1
302306894,1,302307041,1
302307041,1,302306894,1
302307227,1,302308297,1
302308297,1,302307227,1
302308844,1,302309033,1
302308844,1,302309293,1
302309033,1,302308844,1
302309033,1,302309293,1
302309293,1,302308844,1
302309293,1,302309033,1
302309523,1,302310368,1
302310368,1,302309523,1
302312381,2,302312788,1
302312788,1,302312381,2
302312965,1,302313088,1
302313088,1,302312965,1
302313302,1,302314272,1
302314272,1,302313302,1
302314403,1,302315571,1
302315571,1,302314403,1
302316069,2,302316686,1
302316686,1,302316069,2
302317458,1,302317776,1
302317776,1,302317458,1
302317847,1,302318511,1
302318511,1,302317847,1
302318637,1,302319324,1
302319324,1,302318637,1
302319970,1,302321488,1
302321488,1,302319970,1
302324262,1,302324436,1
302324436,1,302324262,1
302324644,1,302325723,2
302325723,2,302324644,1
302326573,1,302327871,1
302327871,1,302326573,1
302329063,1,302329301,1
302329301,1,302329063,1
302329425,1,302330074,1
302330074,1,302329425,1
302333118,1,302333536,1
302333536,1,302333118,1
302335859,1,302336910,2
302336910,2,302335859,1
302337102,2,302337784,2
302337784,2,302337102,2
302338193,2,302338780,1
302338780,1,302338193,2
302339414,2,302339621,1
302339621,1,302339414,2
302339765,1,302343119,1
302343119,1,302339765,1
302345535,2,302347520,1
302347520,1,302345535,2
302348217,1,302349218,1
302349218,1,302348217,1
302350144,1,302352118,1
302352118,1,302350144,1
302354508,1,302355103,2
302355103,2,302354508,1
302356413,1,302357073,2
302357073,2,302356413,1
302357361,1,302358990,1
302358990,1,302357361,1
302360043,1,302364564,1
302364564,1,302360043,1
302367828,1,302368024,1
302368024,1,302367828,1
302368193,1,302368823,1
302368823,1,302368193,1
302369031,2,302369198,2
302369031,2,302369381,1
302369198,2,302369031,2
302369198,2,302369381,1
302369381,1,302369031,2
302369381,1,302369198,2
302369551,1,302369699,1
302369699,1,302369551,1
302370075,1,302371661,1
302371661,1,302370075,1
302372010,1,302372386,1
302372386,1,302372010,1
302373067,2,302373489,1
302373489,1,302373067,2
302373897,1,302375793,1
302375793,1,302373897,1
302376183,1,302376478,1
302376478,1,302376183,1
302376842,1,302378670,2
302378670,2,302376842,1
302378827,1,302379714,1
302379714,1,302378827,1
302379811,1,302382746,2
302382746,2,302379811,1
302383840,2,302384656,1
302384656,1,302383840,2
302384789,1,302385610,1
302385610,1,302384789,1
302386144,1,302386523,1
302386523,1,302386144,1
302387032,1,302387213,1
302387213,1,302387032,1
302387764,1,302388215,1
302388215,1,302387764,1
302389191,1,302389417,1
302389417,1,302389191,1
302389640,1,302389757,1
302389757,1,302389640,1
302390180,1,302390643,1
302390643,1,302390180,1
302390771,1,302391012,1
302391012,1,302390771,1
302391147,2,302393032,2
302393032,2,302391147,2
302393804,1,302394155,2
302394155,2,302393804,1
302394372,1,302395287,1
302395287,1,302394372,1
302395793,4,302396116,4
302396116,4,302395793,4
302396401,1,302396587,1
302396587,1,302396401,1
302396778,1,302397010,1
302397010,1,302396778,1
302397243,3,302399188,1
302399188,1,302397243,3
302400158,1,302400412,1
302400412,1,302400158,1
302400682,1,302400782,1
302400782,1,302400682,1
302400895,1,302401357,1
302401357,1,302400895,1
302402567,1,302402784,1
302402784,1,302402567,1
302403013,1,302403464,1
302403464,1,302403013,1
302404016,1,302404476,1
302404476,1,302404016,1
302404735,1,302406253,2
302406253,2,302404735,1
302407869,1,302408944,2
302408944,2,302407869,1
302409670,1,302410059,1
302410059,1,302409670,1
302411180,1,302411592,2
302411592,2,302411180,1
302411860,1,302412379,1
302412379,1,302411860,1
302412603,1,302413126,1
302413126,1,302412603,1
302414916,1,302419374,1
302419374,1,302414916,1
302420193,2,302420942,2
302420942,2,302420193,2
302421603,1,302422281,1
302422281,1,302421603,1
302422572,1,302423043,1
302423043,1,302422572,1
302423219,1,302423684,1
302423684,1,302423219,1
302424953,1,302425249,1
302425249,1,302424953,1
302425419,1,302427708,1
302427708,1,302425419,1
302428399,1,302428576,1
302428576,1,302428399,1
302428717,1,302429399,2
302429399,2,302428717,1
302429606,1,302429818,1
302429818,1,302429606,1
302429955,1,302430262,2
302430262,2,302429955,1
302430499,1,302432270,1
302432270,1,302430499,1
302435482,1,302437393,1
302437393,1,302435482,1
302437987,1,302438631,1
302438631,1,302437987,1
302438965,1,302440605,1
302440605,1,302438965,1
302441233,1,302442094,1
302442094,1,302441233,1
302442711,1,302444268,1
302444268,1,302442711,1
302447239,1,302448529,1
302448529,1,302447239,1
302449218,1,302449334,1
302449334,1,302449218,1
302449702,1,302450159,1
302450159,1,302449702,1
302450253,1,302450395,1
302450395,1,302450253,1
302450512,1,302450815,1
302450815,1,302450512,1
302450912,1,302451775,1
302451775,1,302450912,1
302451884,1,302454782,1
302454782,1,302451884,1
302455203,1,302455848,1
302455848,1,302455203,1
302456904,1,302457185,1
302457185,1,302456904,1
302457711,1,302458751,1
302458751,1,302457711,1
302458909,1,302460145,1
302460145,1,302458909,1
302460512,1,302461279,1
302460512,1,302461821,1
302461180,1,303183234,1
302461279,1,302460512,1
302461279,1,302461821,1
302461821,1,302460512,1
302461821,1,302461279,1
302462249,1,302462689,1
302462689,1,302462249,1
302462881,1,302463476,1
302463476,1,302462881,1
302463626,1,302463877,1
302463877,1,302463626,1
302464094,1,302464618,1
302464618,1,302464094,1
302465229,1,302465365,1
302465365,1,302465229,1
302465564,1,302466025,1
302466025,1,302465564,1
302466107,1,302467122,1
302467122,1,302466107,1
302467820,1,302468646,1
302468646,1,302467820,1
302468955,1,302469407,1
302469407,1,302468955,1
302469948,1,302471176,2
302471176,2,302469948,1
302471649,2,302472530,1
302472530,1,302471649,2
302473591,2,302473739,1
302473739,1,302473591,2
302473879,1,302474048,1
302474048,1,302473879,1
302474172,1,302474637,1
302474637,1,302474172,1
302474762,1,302475038,1
302475038,1,302474762,1
302475196,2,302475515,2
302475515,2,302475196,2
302475743,1,302479781,1
302479781,1,302475743,1
302481174,1,302482347,1
302482347,1,302481174,1
302483242,1,302483778,1
302483778,1,302483242,1
302485378,1,302486793,1
302486793,1,302485378,1
302487597,1,302487680,1
302487680,1,302487597,1
302487789,1,302487922,1
302487922,1,302487789,1
302488067,1,302489007,1
302489007,1,302488067,1
302489316,1,302490885,2
302490885,2,302489316,1
302491403,2,302491606,2
302491606,2,302491403,2
302491963,1,302492578,1
302491963,1,302493329,1
302492578,1,302491963,1
302492578,1,302493329,1
302493329,1,302491963,1
302493329,1,302492578,1
302493459,2,302493799,2
302493799,2,302493459,2
302493907,1,302494761,2
302494761,2,302493907,1
302494975,1,302495458,1
302495458,1,302494975,1
302495963,1,302496076,1
302496076,1,302495963,1
302496313,1,302496388,1
302496388,1,302496313,1
302496639,1,302499514,1
302499514,1,302496639,1
302504234,1,302504388,1
302504388,1,302504234,1
302504540,1,302504756,1
302504756,1,302504540,1
302505056,1,302506499,1
302506499,1,302505056,1
302507782,1,302508095,1
302508095,1,302507782,1
302508569,1,302508757,1
302508757,1,302508569,1
302508969,1,302509299,1
302509299,1,302508969,1
302509559,1,302509761,1
302509761,1,302509559,1
302509946,1,302510166,1
302510166,1,302509946,1
302510339,3,302510599,1
302510599,1,302510339,3
302511024,1,302512815,1
302512815,1,302511024,1
302514578,1,302514745,1
302514745,1,302514578,1
302514829,2,302514970,2
302514970,2,302514829,2
302515279,1,302515377,1
302515377,1,302515279,1
302515472,1,302515594,1
302515594,1,302515472,1
302515801,1,302516237,1
302516237,1,302515801,1
302516814,1,302518198,1
302518198,1,302516814,1
302519047,1,302519616,1
302519616,1,302519047,1
302519818,1,302520860,1
302520860,1,302519818,1
302522130,1,302523476,1
302523476,1,302522130,1
302525492,1,302527079,1
302527079,1,302525492,1
302527918,1,302529362,1
302529362,1,302527918,1
302529516,1,302529689,1
302529689,1,302529516,1
302530178,1,302530704,1
302530704,1,302530178,1
302531474,1,302531685,1
302531685,1,302531474,1
302531858,1,302532016,1
302532016,1,302531858,1
302532291,1,302534335,1
302534335,1,302532291,1
302534682,1,302535153,1
302535153,1,302534682,1
302536759,2,302538693,1
302538693,1,302536759,2
302540460,2,302540602,1
302540460,2,302540830,1
302540602,1,302540460,2
302540602,1,302540830,1
302540830,1,302540460,2
302540830,1,302540602,1
302540986,1,302541508,1
302541508,1,302540986,1
302541650,1,302542754,1
302542754,1,302541650,1
302543799,1,302543949,1
302543949,1,302543799,1
302544807,1,302546738,1
302546738,1,302544807,1
302548458,1,302549267,1
302549267,1,302548458,1
302551044,1,302551725,1
302551725,1,302551044,1
302552629,1,302553189,1
302553189,1,302552629,1
302553686,1,302553983,1
302553983,1,302553686,1
302554342,1,302554732,1
302554732,1,302554342,1
302555147,1,302555392,1
302555392,1,302555147,1
302555662,1,302556097,1
302556097,1,302555662,1
302556167,1,302556269,1
302556269,1,302556167,1
302556353,1,302556542,1
302556542,1,302556353,1
302556729,1,302558714,1
302558714,1,302556729,1
302559717,1,302560133,1
302560133,1,302559717,1
302560872,1,302561049,1
302561049,1,302560872,1
302561280,1,302561469,1
302561469,1,302561280,1
302561605,1,302561822,1
302561822,1,302561605,1
302561963,1,302562123,1
302562123,1,302561963,1
302562214,1,302562482,1
302562482,1,302562214,1
302562868,1,302563593,1
302563593,1,302562868,1
302569626,1,302573688,1
302573688,1,302569626,1
302576575,2,302576854,1
302576854,1,302576575,2
302577060,1,302577248,1
302577248,1,302577060,1
302577434,1,302577575,1
302577575,1,302577434,1
302577695,2,302577858,1
302577858,1,302577695,2
302577991,1,302578085,1
302578085,1,302577991,1
302578262,1,302579028,1
302579028,1,302578262,1
302579665,1,302581489,1
302581489,1,302579665,1
302582817,2,302584157,1
302584157,1,302582817,2
302585337,1,302585581,1
302585581,1,302585337,1
302585887,1,302585998,2
302585998,2,302585887,1
302586817,1,302587186,1
302587186,1,302586817,1
302587257,1,302588286,1
302588286,1,302587257,1
302588884,1,302590369,1
302590369,1,302588884,1
302590640,1,302591122,1
302591122,1,302590640,1
302591222,1,302592374,1
302592374,1,302591222,1
302594864,1,302597054,2
302597054,2,302594864,1
302597376,1,302598703,1
302598703,1,302597376,1
302599107,3,302600280,1
302600280,1,302599107,3
302601515,1,302601998,1
302601998,1,302601515,1
302602495,1,302606752,1
302606752,1,302602495,1
302607034,1,302610053,1
302610053,1,302607034,1
302610718,1,302611042,1
302610718,1,302611507,1
302611042,1,302610718,1
302611042,1,302611507,1
302611507,1,302610718,1
302611507,1,302611042,1
302611869,1,302612013,1
302612013,1,302611869,1
302612224,1,302612338,1
302612338,1,302612224,1
302612475,1,302612570,1
302612570,1,302612475,1
302612665,1,302612847,1
302612847,1,302612665,1
302613044,1,302613328,1
302613328,1,302613044,1
302613462,1,302613550,1
302613550,1,302613462,1
302613640,1,302613743,1
302613743,1,302613640,1
302613852,1,302613971,1
302613971,1,302613852,1
302614103,1,302614352,1
302614352,1,302614103,1
302614567,1,302614706,1
302614706,1,302614567,1
302614846,1,302615225,1
302615225,1,302614846,1
302615695,1,302615821,1
302615821,1,302615695,1
302615966,1,302616119,1
302616119,1,302615966,1
302616289,2,302616403,2
302616403,2,302616289,2
302616525,1,302616674,1
302616674,1,302616525,1
302617031,1,302617127,1
302617127,1,302617031,1
302617215,1,302617316,1
302617316,1,302617215,1
302617428,1,302617606,1
302617606,1,302617428,1
302617788,1,302618019,1
302618019,1,302617788,1
302618183,1,302618303,1
302618303,1,302618183,1
302618423,1,302618968,2
302618968,2,302618423,1
302619076,1,302619379,1
302619379,1,302619076,1
302619457,1,302619742,1
302619742,1,302619457,1
302619811,1,302619966,1
302619966,1,302619811,1
302621845,1,302625935,1
302625935,1,302621845,1
302636350,1,302636591,1
302636591,1,302636350,1
302649021,2,302649187,1
302649187,1,302649021,2
302668012,1,302668404,1
302668404,1,302668012,1
302675167,2,302675454,1
302675454,1,302675167,2
302692194,1,302739053,1
302708131,1,302708751,1
302708751,1,302708131,1
302709204,1,302709524,1
302709524,1,302709204,1
302709765,1,302710008,1
302710008,1,302709765,1
302718771,1,302719175,1
302719175,1,302718771,1
302736511,1,302736678,1
302736678,1,302736511,1
302737902,2,302738486,1
302738486,1,302737902,2
302739053,1,302692194,1
302749253,1,302749459,1
302749459,1,302749253,1
302750244,1,302750450,1
302750450,1,302750244,1
302754392,1,302754495,1
302754495,1,302754392,1
302760345,1,302760555,1
302760555,1,302760345,1
302773345,1,302773960,1
302773960,1,302773345,1
302789331,2,302789480,1
302789480,1,302789331,2
302796346,1,302831255,1
302797680,1,302797826,1
302797826,1,302797680,1
302800305,1,302800450,1
302800450,1,302800305,1
302812559,1,302812773,1
302812773,1,302812559,1
302816836,1,302108917,1
302823234,1,302823396,1
302823396,1,302823234,1
302826124,1,302826285,1
302826285,1,302826124,1
302828337,1,302828474,1
302828474,1,302828337,1
302831255,1,302796346,1
302836537,1,302836696,1
302836696,1,302836537,1
302837171,2,302837476,1
302837476,1,302837171,2
302848259,1,302848496,1
302848496,1,302848259,1
302850795,1,302850982,1
302850982,1,302850795,1
302863739,2,302864095,1
302864095,1,302863739,2
302865118,2,302865377,1
302865377,1,302865118,2
302866456,1,302866814,1
302866814,1,302866456,1
302870545,1,302870770,1
302870770,1,302870545,1
302882833,1,302883046,1
302882833,2,302883046,2
302883046,1,302882833,1
302883046,2,302882833,2
302896900,1,302897142,1
302897142,1,302896900,1
302905462,1,302905556,1
302905556,1,302905462,1
302907174,1,302907364,1
302907364,1,302907174,1
302912039,1,302912228,1
302912228,1,302912039,1
302938195,2,302938521,1
302938521,1,302938195,2
302943261,1,302943461,1
302943461,1,302943261,1
302950758,1,302950899,1
302950899,1,302950758,1
302952856,1,302953038,1
302953038,1,302952856,1
302953210,1,302953342,1
302953342,1,302953210,1
303064994,1,303065260,1
303065260,1,303064994,1
303066428,3,303066626,1
303066626,1,303066428,3
303083265,1,303083408,1
303083408,1,303083265,1
303096123,1,303096339,1
303096339,1,303096123,1
303115635,1,303149464,1
303149464,1,303115635,1
303171618,1,303171745,1
303171745,1,303171618,1
303172256,1,303172474,1
303172256,2,303172474,2
303172474,1,303172256,1
303172474,2,303172256,2
303172670,1,303172824,1
303172824,1,303172670,1
303174069,1,303174180,1
303174180,1,303174069,1
303174638,1,303174768,1
303174768,1,303174638,1
303176586,1,303176687,1
303176687,1,303176586,1
303179534,1,303179647,1
303179647,1,303179534,1
303180914,2,303184973,1
303181156,1,303182428,1
303182428,1,303181156,1
303183234,1,302461180,1
303184973,1,303180914,2
400004739,1,400004912,1
400004912,1,400004739,1
400006604,1,400006786,1
400006786,1,400006604,1
400008063,4,400008384,8
400008384,8,400008063,4
400010049,1,400010446,2
400010446,2,400010049,1
400011498,2,400011929,2
400011929,2,400011498,2
400012546,1,400012703,1
400012703,1,400012546,1
400013528,1,400013672,2
400013672,2,400013528,1
400014229,1,400014450,2
400014229,2,400014450,1
400014450,1,400014229,2
400014450,2,400014229,1
400015052,1,400015174,1
400015174,1,400015052,1
400015804,1,400016089,1
400016089,1,400015804,1
400019734,3,400021137,2
400021137,2,400019734,3
400023729,1,400023876,1
400023876,1,400023729,1
400031494,1,400031705,1
400031705,1,400031494,1
400035394,1,400377159,1
400035394,3,400035721,1
400035721,1,400035394,3
400036087,4,400036421,1
400036087,7,400036421,2
400036421,1,400036087,4
400036421,2,400036087,7
400038972,2,400039114,1
400039114,1,400038972,2
400040922,1,400062718,4
400042130,1,400042326,1
400042326,1,400042130,1
400042626,3,400043141,3
400042626,4,400043141,4
400042856,1,400042986,1
400042986,1,400042856,1
400043141,3,400042626,3
400043141,4,400042626,4
400050884,3,400051143,1
400051143,1,400050884,3
400055109,1,400055221,1
400055221,1,400055109,1
400055897,1,400056103,2
400055897,3,400056103,1
400056103,1,400055897,3
400056103,2,400055897,1
400056639,1,400056785,1
400056785,1,400056639,1
400057501,1,400057627,1
400057627,1,400057501,1
400058735,1,400058966,1
400058966,1,400058735,1
400062718,4,400040922,1
400062718,4,400063038,1
400062718,6,400063038,2
400063038,1,400062718,4
400063038,2,400062718,6
400070250,3,400070515,2
400070515,2,400070250,3
400074434,1,400075671,1
400074434,2,400075671,2
400074640,2,400074912,3
400074912,3,400074640,2
400075671,1,400074434,1
400075671,2,400074434,2
400078690,1,400078803,1
400078803,1,400078690,1
400079862,1,400079993,1
400079993,1,400079862,1
400080111,1,400080245,1
400080111,2,400080245,2
400080245,1,400080111,1
400080245,2,400080111,2
400080368,2,400080498,1
400080498,1,400080368,2
400081219,3,400081523,1
400081523,1,400081219,3
400083875,1,400084000,1
400084000,1,400083875,1
400084372,2,400171806,1
400086145,4,400163052,3
400087398,2,400087509,1
400087509,1,400087398,2
400088389,2,400088776,1
400088776,1,400088389,2
400090576,1,400130331,1
400093388,1,400093542,1
400093542,1,400093388,1
400094799,3,400094948,3
400094948,3,400094799,3
400095168,1,400095296,3
400095296,3,400095168,1
400095466,1,400095595,2
400095466,2,400095595,1
400095595,1,400095466,2
400095595,2,400095466,1
400095723,1,400096774,1
400095723,2,400096774,2
400095723,3,400096774,3
400095723,4,400096774,4
400096053,1,400097239,1
400096530,1,400097490,1
400096774,1,400095723,1
400096774,2,400095723,2
400096774,3,400095723,3
400096774,4,400095723,4
400097239,1,400096053,1
400097490,1,400096530,1
400097587,1,400097710,1
400097587,2,400097710,2
400097710,1,400097587,1
400097710,2,400097587,2
400099853,1,400100100,1
400100100,1,400099853,1
400100346,1,400100502,1
400100502,1,400100346,1
400100716,2,400100901,2
400100901,2,400100716,2
400105131,1,400105314,1
400105131,2,400105314,2
400105314,1,400105131,1
400105314,2,400105131,2
400106581,1,400106714,2
400106714,2,400106581,1
400107309,1,400107435,1
400107435,1,400107309,1
400107727,4,400108036,2
400108036,2,400107727,4
400109362,1,400110034,1
400109530,1,400110188,1
400110034,1,400109362,1
400110188,1,400109530,1
400111391,1,400111517,3
400111391,2,400111517,4
400111517,3,400111391,1
400111517,4,400111391,2
400111673,1,400111777,1
400111777,1,400111673,1
400112467,1,400112644,1
400112644,1,400112467,1
400114297,1,400114427,1
400114427,1,400114297,1
400115296,1,400115447,1
400115447,1,400115296,1
400115736,1,400115918,1
400115918,1,400115736,1
400120499,1,400120708,2
400120708,2,400120499,1
400120850,1,400169394,1
400121384,1,400121751,1
400121384,2,400121588,1
400121588,1,400121384,2
400121751,1,400121384,1
400122997,1,400123146,1
400123146,1,400122997,1
400123300,1,400123503,1
400123503,1,400123300,1
400129074,1,400129196,1
400129196,1,400129074,1
400130331,1,400090576,1
400139127,1,400139246,2
400139246,2,400139127,1
400139781,1,400139907,1
400139907,1,400139781,1
400140344,1,400140819,1
400140344,7,400140819,2
400140819,1,400140344,1
400140819,2,400140344,7
400141109,1,400141228,1
400141228,1,400141109,1
400141463,1,400141626,1
400141626,1,400141463,1
400141819,1,400141944,1
400141944,1,400141819,1
400146643,1,400146930,1
400146930,1,400146643,1
400147068,1,400147196,1
400147196,1,400147068,1
400149439,1,400149532,2
400149532,2,400149439,1
400155016,1,400239526,1
400155016,3,400155200,1
400155200,1,400155016,3
400155871,3,400365760,1
400156369,1,400156536,1
400156536,1,400156369,1
400163052,3,400086145,4
400163365,3,400163627,3
400163627,3,400163365,3
400164135,1,400164255,1
400164255,1,400164135,1
400169394,1,400120850,1
400171806,1,400084372,2
400174327,1,400174427,1
400174427,1,400174327,1
400175104,1,400175250,1
400175250,1,400175104,1
400175838,3,400176097,1
400176097,1,400175838,3
400177247,1,400177384,1
400177384,1,400177247,1
400178125,2,400178357,1
400178357,1,400178125,2
400178826,1,400179020,1
400179020,1,400178826,1
400180446,1,400399405,1
400181344,1,400181465,1
400181465,1,400181344,1
400184299,1,400184431,1
400184431,1,400184299,1
400185519,1,400185652,1
400185652,1,400185519,1
400186051,1,400186172,1
400186172,1,400186051,1
400186299,1,400186430,1
400186430,1,400186299,1
400186693,4,400186921,2
400186921,2,400186693,4
400187191,1,400187328,2
400187328,2,400187191,1
400187793,1,400187913,1
400187913,1,400187793,1
400189311,1,400189399,1
400189399,1,400189311,1
400190326,1,400190497,1
400190497,1,400190326,1
400192135,1,400192263,1
400192263,1,400192135,1
400193825,2,400194002,1
400194002,1,400193825,2
400194183,1,400194308,1
400194308,1,400194183,1
400195823,1,400196029,2
400195823,2,400196029,3
400196029,2,400195823,1
400196029,3,400195823,2
400197421,1,400197568,3
400197568,3,400197421,1
400198764,1,400198948,1
400198948,1,400198764,1
400199216,1,400199352,1
400199352,1,400199216,1
400200969,1,400201091,2
400201091,2,400200969,1
400201647,1,400201796,1
400201796,1,400201647,1
400202978,2,400203141,1
400203141,1,400202978,2
400203436,1,400203593,1
400203593,1,400203436,1
400203749,2,400203962,1
400203962,1,400203749,2
400204608,1,400204760,1
400204760,1,400204608,1
400205329,2,400205532,1
400205329,3,400205532,3
400205532,1,400205329,2
400205532,3,400205329,3
400205929,1,400206049,1
400206049,1,400205929,1
400206681,2,400206867,1
400206867,1,400206681,2
400207785,2,400208055,1
400208055,1,400207785,2
400209252,1,400209418,2
400209418,2,400209252,1
400210223,1,400210362,1
400210362,1,400210223,1
400210807,3,400268033,1
400214808,2,400214984,1
400214984,1,400214808,2
400215159,1,400215368,1
400215159,2,400215368,2
400215159,3,400215368,3
400215368,1,400215159,1
400215368,2,400215159,2
400215368,3,400215159,3
400215573,1,400215717,1
400215717,1,400215573,1
400216045,1,400216229,1
400216229,1,400216045,1
400216524,1,400216660,1
400216660,1,400216524,1
400216804,1,400216948,1
400216948,1,400216804,1
400217098,1,400217387,1
400217387,1,400217098,1
400218265,1,400218441,1
400218441,1,400218265,1
400218582,1,400218722,1
400218722,1,400218582,1
400218911,1,400219117,1
400218911,2,400219117,2
400219117,1,400218911,1
400219117,2,400218911,2
400219960,1,400220168,1
400219960,2,400220168,2
400220168,1,400219960,1
400220168,2,400219960,2
400220597,1,400314281,1
400220597,3,400220999,1
400220999,1,400220597,3
400221827,1,400221994,1
400221994,1,400221827,1
400222328,1,400222470,2
400222470,2,400222328,1
400222933,1,400223087,1
400223087,1,400222933,1
400225074,1,400225314,1
400225074,2,400225314,2
400225074,3,400225314,3
400225314,1,400225074,1
400225314,2,400225074,2
400225314,3,400225074,3
400225538,1,400225658,1
400225658,1,400225538,1
400226624,2,400226802,1
400226802,1,400226624,2
400227575,1,400227654,1
400227654,1,400227575,1
400227816,1,400227940,1
400227940,1,400227816,1
400230785,1,400230929,1
400230929,1,400230785,1
400231098,2,400231399,1
400231399,1,400231098,2
400231596,1,400231727,2
400231727,2,400231596,1
400231982,1,400232119,1
400232119,1,400231982,1
400232287,1,400232415,1
400232415,1,400232287,1
400233422,1,400233573,1
400233573,1,400233422,1
400237536,1,400237713,1
400237713,1,400237536,1
400239329,1,400239526,2
400239329,2,400239526,3
400239526,1,400155016,1
400239526,2,400239329,1
400239526,3,400239329,2
400240371,1,400240491,2
400240491,2,400240371,1
400240912,1,400241103,1
400241103,1,400240912,1
400242992,1,400243199,1
400243199,1,400242992,1
400243448,1,400243614,1
400243614,1,400243448,1
400244105,1,400244252,1
400244252,1,400244105,1
400244756,1,400244890,1
400244890,1,400244756,1
400246116,1,400246262,1
400246116,1,400297344,4
400246262,1,400246116,1
400248705,1,400248837,1
400248837,1,400248705,1
400249078,1,400249223,1
400249223,1,400249078,1
400250676,1,400250812,1
400250812,1,400250676,1
400253064,1,400253150,1
400253150,1,400253064,1
400253359,2,400253529,1
400253529,1,400253359,2
400254168,1,400254279,1
400254279,1,400254168,1
400254667,2,400254856,1
400254856,1,400254667,2
400255611,2,400255921,1
400255921,1,400255611,2
400260121,1,400260249,1
400260249,1,400260121,1
400261244,1,400261366,1
400261366,1,400261244,1
400263334,1,400263465,1
400263465,1,400263334,1
400263606,1,400263730,1
400263730,1,400263606,1
400263846,1,400264043,1
400264043,1,400263846,1
400265668,1,400265820,1
400265820,1,400265668,1
400268033,1,400210807,3
400268130,1,400268291,1
400268291,1,400268130,1
400269957,1,400270109,1
400270109,1,400269957,1
400270442,1,400270554,1
400270554,1,400270442,1
400270944,1,400271133,1
400271133,1,400270944,1
400272909,1,400273115,1
400272909,2,400273115,2
400273115,1,400272909,1
400273115,2,400272909,2
400275537,1,400275667,1
400275667,1,400275537,1
400277053,2,400277338,1
400277338,1,400277053,2
400283657,1,400284016,1
400283657,2,400284016,2
400284016,1,400283657,1
400284016,2,400283657,2
400286069,1,400487979,1
400286672,3,400286846,2
400286846,2,400286672,3
400287839,1,400287986,1
400287986,1,400287839,1
400289221,1,400289314,1
400289314,1,400289221,1
400289563,1,400289779,1
400289779,1,400289563,1
400289922,1,400290028,1
400290028,1,400289922,1
400290694,1,400290784,1
400290784,1,400290694,1
400294182,1,400294303,1
400294303,1,400294182,1
400296209,1,400296293,1
400296293,1,400296209,1
400297344,3,400297590,2
400297344,4,400246116,1
400297590,2,400297344,3
400297884,2,400298117,2
400297884,3,400298117,1
400298117,1,400297884,3
400298117,2,400297884,2
400299879,1,400300026,1
400300026,1,400299879,1
400300231,1,400300391,1
400300391,1,400300231,1
400301238,2,400480395,1
400302099,1,400302285,1
400302285,1,400302099,1
400303102,1,400303261,1
400303261,1,400303102,1
400304236,1,400304405,1
400304405,1,400304236,1
400306654,1,400306815,1
400306815,1,400306654,1
400306945,2,400307093,1
400307093,1,400306945,2
400307937,1,400308355,1
400308355,1,400307937,1
400308800,1,400308999,1
400308999,1,400308800,1
400311553,2,400311714,1
400311714,1,400311553,2
400314281,1,400220597,1
400316066,2,400316279,2
400316279,2,400316066,2
400317015,1,400317139,1
400317139,1,400317015,1
400317790,1,400318005,1
400318005,1,400317790,1
400318706,1,400318891,1
400318891,1,400318706,1
400319833,1,400319993,2
400319993,2,400319833,1
400320191,1,400320352,1
400320352,1,400320191,1
400320852,1,400320953,1
400320953,1,400320852,1
400321048,1,400321255,1
400321255,1,400321048,1
400322185,1,400322345,2
400322345,2,400322185,1
400326085,1,400326208,1
400326208,1,400326085,1
400327771,1,400328005,1
400328005,1,400327771,1
400328183,1,400328423,1
400328183,2,400328423,2
400328423,1,400328183,1
400328423,2,400328183,2
400328948,2,400329108,1
400329108,1,400328948,2
400329460,1,400329615,1
400329615,1,400329460,1
400329707,1,400329884,1
400329707,2,400329884,2
400329884,1,400329707,1
400329884,2,400329707,2
400330538,1,400330693,1
400330693,1,400330538,1
400331745,1,400331900,1
400331900,1,400331745,1
400332372,1,400332576,1
400332576,1,400332372,1
400333061,1,400333328,1
400333328,1,400333061,1
400333431,1,400333567,1
400333567,1,400333431,1
400333700,2,400333861,1
400333861,1,400333700,2
400334108,1,400334231,1
400334231,1,400334108,1
400334360,1,400334656,1
400334360,2,400334656,2
400334656,1,400334360,1
400334656,2,400334360,2
400335005,1,400335197,1
400335197,1,400335005,1
400335387,1,400335632,1
400335387,2,400335632,2
400335387,3,400335632,3
400335632,1,400335387,1
400335632,2,400335387,2
400335632,3,400335387,3
400336099,1,400336229,1
400336229,1,400336099,1
400336331,1,400336501,1
400336501,1,400336331,1
400337161,1,400337331,1
400337331,1,400337161,1
400339599,1,400339802,1
400339802,1,400339599,1
400340178,1,400340304,1
400340304,1,400340178,1
400341312,1,400341432,1
400341432,1,400341312,1
400341601,1,400341734,1
400341734,1,400341601,1
400342289,1,400342417,1
400342417,1,400342289,1
400343589,1,400343732,1
400343732,1,400343589,1
400345270,1,400345427,1
400345427,1,400345270,1
400346030,1,400346169,1
400346169,1,400346030,1
400346308,1,400346443,1
400346443,1,400346308,1
400350619,2,400350822,1
400350822,1,400350619,2
400354206,1,400354361,1
400354361,1,400354206,1
400361159,1,400361305,1
400361305,1,400361159,1
400361779,1,400361915,1
400361915,1,400361779,1
400362059,1,400362248,1
400362248,1,400362059,1
400362949,1,400363089,1
400363089,1,400362949,1
400364818,2,400364997,1
400364997,1,400364818,2
400365192,1,400365373,1
400365373,1,400365192,1
400365540,1,400365760,2
400365540,2,400365760,3
400365760,1,400155871,3
400365760,2,400365540,1
400365760,3,400365540,2
400366005,1,400366144,1
400366144,1,400366005,1
400367022,1,400367168,2
400367168,2,400367022,1
400367461,1,400367655,2
400367461,2,400367655,3
400367655,2,400367461,1
400367655,3,400367461,2
400367959,1,400368213,3
400368213,3,400367959,1
400368680,1,400368811,1
400368811,1,400368680,1
400369804,1,400369963,1
400369963,1,400369804,1
400370832,1,400371026,2
400370832,3,400371026,1
400371026,1,400370832,3
400371026,2,400370832,1
400371538,1,400371681,1
400371681,1,400371538,1
400371837,2,400372101,1
400372101,1,400371837,2
400372267,1,400372418,1
400372418,1,400372267,1
400373022,1,400373198,1
400373198,1,400373022,1
400373521,1,400373772,1
400373772,1,400373521,1
400375295,1,400375549,1
400375549,1,400375295,1
400376758,1,400376912,1
400376758,2,400376912,2
400376912,1,400376758,1
400376912,2,400376758,2
400377159,1,400035394,1
400378713,1,400378913,1
400378913,1,400378713,1
400379736,1,400379973,1
400379973,1,400379736,1
400380161,1,400380323,1
400380323,1,400380161,1
400380503,1,400380668,1
400380668,1,400380503,1
400381004,1,400381304,1
400381304,1,400381004,1
400383485,1,400383646,1
400383646,1,400383485,1
400383746,1,400383910,1
400383910,1,400383746,1
400384811,1,400384947,1
400384947,1,400384811,1
400385413,1,400443205,1
400385935,1,400446143,2
400386462,1,400386636,1
400386636,1,400386462,1
400387447,1,400387576,1
400387576,1,400387447,1
400390301,1,400390463,1
400390463,1,400390301,1
400390618,1,400390729,1
400390729,1,400390618,1
400392982,1,400393113,1
400393113,1,400392982,1
400393272,1,400393513,1
400393513,1,400393272,1
400397299,1,400397428,1
400397428,1,400397299,1
400399069,1,400399235,1
400399235,1,400399069,1
400399405,1,400180446,1
400399405,1,400399722,1
400399722,1,400399405,1
400400721,1,400400910,1
400400910,1,400400721,1
400401667,1,400401818,1
400401818,1,400401667,1
400402245,1,400402414,1
400402414,1,400402245,1
400402686,2,400402904,1
400402904,1,400402686,2
400407989,1,400408109,1
400408109,1,400407989,1
400409362,1,400409592,1
400409592,1,400409362,1
400410949,1,400411242,1
400411242,1,400410949,1
400414791,1,400414924,1
400414924,1,400414791,1
400415635,1,400415733,1
400415733,1,400415635,1
400416998,1,400417186,1
400417186,1,400416998,1
400417369,1,400417500,1
400417500,1,400417369,1
400419481,1,400419573,1
400419573,1,400419481,1
400421110,1,400421259,1
400421259,1,400421110,1
400426738,1,400426874,2
400426874,2,400426738,1
400433578,1,400433715,1
400433715,1,400433578,1
400443205,1,400385413,1
400445351,1,400445456,1
400445456,1,400445351,1
400446143,2,400385935,1
400446635,1,400446757,1
400446757,1,400446635,1
400451183,1,400451358,1
400451358,1,400451183,1
400452393,1,400452553,1
400452553,1,400452393,1
400452713,1,400452877,1
400452877,1,400452713,1
400462297,1,400462454,1
400462454,1,400462297,1
400463708,1,400463873,1
400463873,1,400463708,1
400467266,1,400467383,1
400467383,1,400467266,1
400473663,1,400473843,1
400473843,1,400473663,1
400476493,1,400476661,1
400476661,1,400476493,1
400477389,1,400477544,1
400477544,1,400477389,1
400480395,1,400301238,2
400480694,1,400480971,2
400480971,2,400480694,1
400481149,2,400481375,2
400481375,2,400481149,2
400487979,1,400286069,1
400491413,1,400491556,1
400491556,1,400491413,1
400491992,1,400492186,1
400492186,1,400491992,1
400492301,1,400492393,1
400492393,1,400492301,1
400494301,1,400494449,1
400494449,1,400494301,1
400494721,1,400494867,1
400494867,1,400494721,1
400503081,1,400503193,1
400503193,1,400503081,1
400513134,1,400513303,1
400513303,1,400513134,1
400516161,1,400516255,1
400516255,1,400516161,1
