100006741,0,106127926,0,t
100011488,0,106156983,0,t
100016276,1,115617305,3,u
100016276,1,115672790,3,u
100016276,2,115711534,3,u
100023673,0,106181353,0,t
100031687,0,107245446,0,u
100033321,0,107092301,0,t
100033719,0,107245446,0,u
100035691,1,115617305,3,u
100035691,1,115672790,3,u
100035691,2,115711534,3,u
100036169,0,106389447,0,u
100039091,0,100472330,0,t
100039927,1,115617305,3,u
100039927,1,115672790,3,u
100039927,2,115711534,3,u
100040428,0,106325702,0,t
100051187,0,108351716,0,t
100051945,0,106325702,0,t
100052082,0,108351716,0,t
100052306,0,108351716,0,t
100052556,0,108351716,0,t
100052700,0,108351716,0,t
100053142,0,108351716,0,t
100055122,0,100446351,0,t
100057311,2,115617305,3,u
100057311,2,115672790,3,u
100057311,3,115711534,3,u
100057584,0,100850152,0,t
100058142,2,115617305,3,u
100058142,2,115672790,3,u
100058142,3,115711534,3,u
100059679,0,107245446,0,u
100059898,0,107245446,0,u
100060317,0,107245446,0,u
100060959,0,106389447,0,u
100067088,0,100482934,0,t
100067406,0,100472330,0,t
100067610,0,100472330,0,t
100068719,0,106090243,0,t
100069067,0,106090243,0,t
100069866,0,100524699,0,t
100070825,0,107231192,0,u
100071164,0,109018179,0,r
100071458,0,100470368,0,t
100071458,0,100472330,0,t
100071939,0,109018179,0,r
100072795,0,100524699,0,t
100080189,1,115617305,3,u
100080189,1,115672790,3,u
100080189,2,115711534,3,u
100081901,0,108594855,0,t
100083027,2,115617305,3,u
100083027,2,115672790,3,u
100083027,3,115711534,3,u
100083342,0,108594855,0,t
100083528,0,106634658,0,t
100085339,0,109018179,0,r
100086075,0,108594855,0,t
100087188,0,100488880,0,t
100088691,1,115617305,3,u
100088691,1,115672790,3,u
100088691,2,115711534,3,u
100088869,0,101110137,0,t
100088869,1,115617305,3,u
100088869,1,115672790,3,u
100088869,2,115711534,3,u
100089800,0,106273955,0,t
100090299,0,108235469,0,t
100093850,0,106264588,0,t
100095405,1,115617305,3,u
100095405,1,115672790,3,u
100095405,2,115711534,3,u
100098036,0,107157953,0,t
100098331,2,115617305,3,u
100098331,2,115672790,3,u
100098331,3,115711534,3,u
100098858,1,115617305,3,u
100098858,1,115672790,3,u
100098858,2,115711534,3,u
100100077,0,107213814,0,u
100100965,0,100477011,0,t
100101613,0,100468030,0,t
100101809,0,100524699,0,t
100102261,0,100472330,0,t
100102787,0,100468030,0,t
100103198,0,100471683,0,t
100104242,0,100472330,0,t
100107572,0,100481629,0,t
100111736,1,115711534,3,u
100111736,2,115617305,3,u
100111736,2,115672790,3,u
100112248,0,106154516,0,t
100117069,0,100470368,0,t
100117069,1,115711534,3,u
100117069,2,115558912,3,u
100117069,2,115617305,3,u
100117069,2,115672790,3,u
100118319,0,108594855,0,t
100119643,0,108351716,0,t
100122815,0,100472330,0,t
100122952,0,100472330,0,t
100123117,0,100472330,0,t
100123382,0,100472330,0,t
100123517,0,100472330,0,t
100123903,0,106820300,0,u
100124116,0,100472330,0,t
100124341,0,100472330,0,t
100124727,0,100472330,0,t
100124943,0,100472330,0,t
100125172,0,100472330,0,t
100125281,0,100472330,0,t
100125394,0,100472330,0,t
100125832,0,100472330,0,t
100126048,0,100472330,0,t
100126398,0,100472330,0,t
100126652,0,100472330,0,t
100127151,0,100472330,0,t
100127395,0,100472330,0,t
100127652,0,100524699,0,t
100127790,0,100478884,0,t
100127913,0,100472330,0,t
100128524,0,100472330,0,t
100131087,0,100446351,0,t
100132998,0,100478884,0,t
100133183,0,100471683,0,t
100133291,0,100469197,0,t
100133586,0,100469197,0,t
100133586,0,100478884,0,t
100133841,0,100478884,0,t
100134186,0,100469197,0,t
100134530,0,100850152,0,t
100135080,0,100850152,0,t
100135909,0,100470368,0,t
100136125,0,100470368,0,t
100136286,0,100470368,0,t
100136631,0,100472330,0,t
100141409,0,100472330,0,t
100141409,0,100488529,0,t
100142314,0,103133660,0,t
100144627,0,106153998,0,t
100145221,1,115587945,1,u
100145221,2,107073253,2,u
100146520,0,100472330,0,t
100146651,0,100472330,0,t
100151112,1,115617305,3,u
100151112,1,115672790,3,u
100151112,2,115711534,3,u
100151565,1,115617305,3,u
100151565,1,115672790,3,u
100151565,2,115711534,3,u
100152024,2,115617305,3,u
100152024,2,115672790,3,u
100152024,3,115711534,3,u
100158523,0,106108363,0,t
100158872,0,109018179,0,r
100161215,0,106219119,0,t
100161437,0,100524699,0,t
100162808,0,100456193,0,t
100163537,0,100504023,0,t
100163735,0,100504023,0,t
100163950,0,100504023,0,t
100164118,0,100504023,0,t
100165583,0,109018179,0,r
100167722,0,100470368,0,t
100168554,0,107079350,0,u
100168889,0,100469197,0,t
100172772,0,108210806,0,t
100174503,0,106133372,0,t
100176644,0,106389447,0,u
100181548,0,109206390,0,r
100184258,0,100478884,0,t
100185103,0,100469197,0,t
100185211,0,100470368,0,t
100185382,0,100470368,0,t
100185530,0,100470368,0,t
100185698,0,100470368,0,t
100186021,0,100470368,0,t
100186329,0,100472330,0,t
100187362,0,100464246,0,t
100187362,0,100477011,0,t
100189240,1,115617305,3,u
100189240,1,115672790,3,u
100189240,2,115711534,3,u
100190065,0,106170987,0,t
100190246,0,106170987,0,t
100191254,1,115617305,3,u
100191254,1,115672790,3,u
100191254,2,115711534,3,u
100193673,0,108594855,0,t
100194943,0,108594855,0,t
100198094,1,115617305,3,u
100198094,1,115672790,3,u
100198094,2,115711534,3,u
100201862,0,106239054,0,t
100203519,1,115617305,3,u
100203519,1,115672790,3,u
100203519,2,115711534,3,u
100203773,0,108594855,0,t
100205791,1,107073253,2,u
100205791,2,115587945,1,u
100206334,0,109018179,0,r
100207973,0,107157953,0,t
100208495,1,115617305,3,u
100208495,1,115672790,3,u
100208495,2,115711534,3,u
100215662,1,115617305,3,u
100215662,1,115672790,3,u
100215662,2,115711534,3,u
100215870,1,115617305,3,u
100215870,1,115672790,3,u
100215870,2,115711534,3,u
100216076,1,115617305,3,u
100216076,1,115672790,3,u
100216076,2,115711534,3,u
100218574,0,108594855,0,t
100220593,0,109079557,0,r
100223338,0,106151255,0,t
100224495,0,106151255,0,t
100224826,0,100009618,0,t
100229378,0,108594855,0,t
100230094,0,108594855,0,t
100230617,2,115617305,3,u
100230617,2,115672790,3,u
100230617,3,115711534,3,u
100231083,0,108351716,0,t
100231711,1,115617305,3,u
100231711,1,115672790,3,u
100231711,2,115711534,3,u
100232020,0,106706652,0,u
100232020,1,115617305,3,u
100232020,1,115672790,3,u
100232020,2,115711534,3,u
100234480,4,115617305,3,u
100234480,4,115672790,3,u
100234480,5,115711534,3,u
100235328,0,106273955,0,t
100235814,0,106143813,0,t
100236512,0,100464246,0,t
100238733,0,100481629,0,t
100238995,0,100469197,0,t
100239634,0,100471683,0,t
100240071,1,115617305,3,u
100240071,1,115672790,3,u
100240071,2,115711534,3,u
100245589,1,115617305,3,u
100245589,1,115672790,3,u
100245589,2,115711534,3,u
100251018,0,100706981,0,t
100251542,1,115617305,3,u
100251542,1,115672790,3,u
100251542,2,115711534,3,u
100251846,1,115617305,3,u
100251846,1,115672790,3,u
100251846,2,115711534,3,u
100252152,2,115617305,3,u
100252152,2,115672790,3,u
100252152,3,115711534,3,u
100255882,0,106325702,0,t
100257840,1,115617305,3,u
100257840,1,115672790,3,u
100257840,2,115711534,3,u
100258745,0,101141078,0,t
100259836,1,115617305,3,u
100259836,1,115672790,3,u
100259836,2,115711534,3,u
100259836,3,115617305,3,u
100259836,3,115672790,3,u
100259836,4,115711534,3,u
100262753,1,115617305,3,u
100262753,1,115672790,3,u
100262753,2,115711534,3,u
100262948,1,115617305,3,u
100262948,1,115672790,3,u
100262948,2,115711534,3,u
100263866,1,115617305,3,u
100263866,1,115672790,3,u
100263866,2,115711534,3,u
100267621,0,106234927,0,t
100269822,1,115617305,3,u
100269822,1,115672790,3,u
100269822,2,115711534,3,u
100270122,1,115617305,3,u
100270122,1,115672790,3,u
100270122,2,115711534,3,u
100270122,3,115617305,3,u
100270122,3,115672790,3,u
100270122,4,115711534,3,u
100270480,1,115617305,3,u
100270480,1,115672790,3,u
100270480,2,115711534,3,u
100270717,1,115617305,3,u
100270717,1,115672790,3,u
100270717,2,115711534,3,u
100271184,1,115617305,3,u
100271184,1,115672790,3,u
100271184,2,115711534,3,u
100271605,1,115617305,3,u
100271605,1,115672790,3,u
100271605,2,115711534,3,u
100271605,3,115617305,3,u
100271605,3,115672790,3,u
100271605,4,115711534,3,u
100272848,0,106156983,0,t
100273583,1,115711534,3,u
100273583,2,115558912,3,u
100273583,2,115617305,3,u
100273583,2,115672790,3,u
100274290,0,106167822,0,t
100275060,0,106167822,0,t
100284812,0,100529852,0,t
100285060,0,100428677,0,t
100285060,0,100446351,0,t
100289704,0,108351716,0,t
100291067,0,109018179,0,r
100292098,0,108988927,0,r
100293258,0,100481629,0,t
100294085,0,100450091,0,t
100294926,0,102736683,0,t
100301961,0,102732078,0,t
100301961,0,108351716,0,t
100303515,0,108351716,0,t
100304183,0,102732078,0,t
100305840,0,100313133,0,t
100305978,0,109018179,0,r
100308570,0,109353574,0,r
100309180,0,109160337,0,r
100314650,4,115587945,1,u
100314650,5,107073253,2,u
100318986,0,100009618,0,t
100319897,2,115617305,3,u
100319897,2,115672790,3,u
100319897,3,115711534,3,u
100319897,5,115617305,3,u
100319897,5,115672790,3,u
100319897,6,115711534,3,u
100320378,1,115617305,3,u
100320378,1,115672790,3,u
100320378,2,115711534,3,u
100322153,0,107213814,0,u
100322423,0,106133372,0,t
100325700,0,100324676,0,t
100330438,0,108351716,0,t
100331944,0,106170987,0,t
100332110,0,106170987,0,t
100332273,0,100850152,0,t
100333100,0,114288372,0,t
100334641,0,100850152,0,t
100334821,0,100850152,0,t
100336236,0,104259275,0,t
100338933,0,111670113,0,t
100339688,0,100488880,0,t
100342756,0,100529852,0,t
100342920,0,100524699,0,t
100343447,0,100914777,0,t
100350360,0,100313133,0,t
100353209,1,115617305,3,u
100353209,1,115672790,3,u
100353209,2,115711534,3,u
100354335,0,100986925,0,t
100354774,1,115617305,3,u
100354774,1,115672790,3,u
100354774,2,115711534,3,u
100355059,1,115617305,3,u
100355059,1,115672790,3,u
100355059,2,115711534,3,u
100357487,3,115617305,3,u
100357487,3,115672790,3,u
100357487,4,115711534,3,u
100359855,1,115617305,3,u
100359855,1,115672790,3,u
100359855,2,115711534,3,u
100360352,0,107298952,0,u
100360503,0,113538337,0,t
100360770,0,108594855,0,t
100364323,2,115617305,3,u
100364323,2,115672790,3,u
100364323,3,115711534,3,u
100364697,0,111670113,0,t
100365363,0,100850152,0,t
100366453,2,115617305,3,u
100366453,2,115672790,3,u
100366453,3,115711534,3,u
100368401,0,102732078,0,t
100369264,0,106170987,0,t
100374139,0,100914777,0,t
100375087,1,115617305,3,u
100375087,1,115672790,3,u
100375087,2,115711534,3,u
100380501,1,115617305,3,u
100380501,1,115672790,3,u
100380501,2,115711534,3,u
100382303,1,115617305,3,u
100382303,1,115672790,3,u
100382303,2,115711534,3,u
100382527,1,115617305,3,u
100382527,1,115672790,3,u
100382527,2,115711534,3,u
100384007,0,106356124,0,t
100384188,0,106370325,0,t
100387888,1,115617305,3,u
100387888,1,115672790,3,u
100387888,2,115711534,3,u
100388870,1,115617305,3,u
100388870,1,115672790,3,u
100388870,2,115711534,3,u
100389100,1,115617305,3,u
100389100,1,115672790,3,u
100389100,2,115711534,3,u
100396692,1,115617305,3,u
100396692,1,115672790,3,u
100396692,2,115711534,3,u
100397115,1,115617305,3,u
100397115,1,115672790,3,u
100397115,2,115711534,3,u
100397934,4,115617305,3,u
100397934,4,115672790,3,u
100397934,5,115711534,3,u
100399068,0,106165936,0,t
100409283,0,101110137,0,t
100412535,1,115617305,3,u
100412535,1,115672790,3,u
100412535,3,115711534,3,u
100413560,0,100850152,0,t
100414519,0,106227072,0,t
100416330,0,106389447,0,u
100416330,0,107211994,0,u
100416751,0,106327647,0,t
100419245,3,115617305,3,u
100419245,3,115672790,3,u
100419245,4,115711534,3,u
100420894,0,106035426,0,t
100436251,0,100434272,0,t
100448806,0,109079557,0,r
100451422,0,109018179,0,r
100456793,0,100456193,0,t
100457822,0,106389447,0,u
100457976,0,100456193,0,t
100458502,0,100504023,0,t
100458706,0,100504023,0,t
100458898,0,100470368,0,t
100459068,0,100472330,0,t
100462088,0,108351716,0,t
100462297,0,109048144,0,r
100471271,0,100469197,0,t
100471683,0,109018179,0,r
100471994,0,100471683,0,t
100472154,0,100472330,0,t
100479269,0,100478884,0,t
100479269,0,100481629,0,t
100479477,0,100481629,0,t
100480356,0,109018179,0,r
100483528,0,100482934,0,t
100490828,1,115711534,3,u
100490828,2,115558912,3,u
100490828,2,115617305,3,u
100490828,2,115672790,3,u
100495142,0,107079350,0,u
100496260,1,115587945,1,u
100496260,2,107073253,2,u
100500037,1,106968144,1,u
100502265,0,109018179,0,r
100502947,0,106968144,0,u
100505129,0,109079557,0,r
100505648,0,109018179,0,r
100505779,0,109018179,0,r
100506042,0,106968144,0,u
100506419,0,106968144,0,u
100506530,0,109079557,0,r
100506675,0,109018179,0,r
100507011,1,115587945,1,u
100507011,2,107073253,2,u
100509200,0,109018179,0,r
100509660,0,106389447,0,u
100509812,0,106389447,0,u
100510566,0,106241238,0,t
100510910,0,106389447,0,u
100511782,0,109018179,0,r
100513211,0,100286700,0,t
100513703,0,106820300,0,u
100514130,0,107079350,0,u
100514476,0,107079350,0,u
100515537,0,109018179,0,r
100516670,0,108351716,0,t
100517010,2,115617305,3,u
100517010,2,115672790,3,u
100517010,3,115711534,3,u
100518212,0,100546701,0,t
100518545,0,107096568,0,t
100519284,0,108924633,0,r
100519751,0,106389447,0,u
100522029,0,107157953,0,t
100523120,0,108351716,0,t
100523922,0,108594855,0,t
100524699,0,115903735,0,t
100530286,0,100529852,0,t
100531571,0,109087646,0,r
100535337,0,100529852,0,t
100535529,0,100529852,0,t
100535665,0,100529852,0,t
100540076,0,109018179,0,r
100544041,0,109206390,0,r
100544433,0,100546701,0,t
100544433,0,107157953,0,t
100551442,0,109018179,0,r
100551745,0,107079350,0,u
100552415,1,115711534,3,u
100552415,2,115617305,3,u
100552415,2,115672790,3,u
100552971,0,106389447,0,u
100554179,1,115617305,3,u
100554179,1,115672790,3,u
100554179,2,115711534,3,u
100555309,1,115711534,3,u
100555309,2,115617305,3,u
100555309,2,115672790,3,u
100558790,0,100470368,0,t
100559379,0,100464246,0,t
100559379,0,100472330,0,t
100559379,0,100481629,0,t
100559552,0,100464246,0,t
100559767,0,100464246,0,t
100560001,0,100470368,0,t
100560254,0,100470368,0,t
100560700,0,100470368,0,t
100560926,0,100470368,0,t
100561095,0,100470368,0,t
100561287,0,100470368,0,t
100561664,0,100470368,0,t
100561900,0,100470368,0,t
100562237,0,100470368,0,t
100562449,0,100470368,0,t
100563356,0,100470368,0,t
100564014,0,100470368,0,t
100564194,0,100470368,0,t
100565548,0,100472330,0,t
100566673,0,100524699,0,t
100567180,0,100480509,0,t
100567180,0,100481144,0,t
100567180,0,100482934,0,t
100568415,0,100480509,0,t
100568415,0,100482934,0,t
100568789,0,100480509,0,t
100568789,0,100481144,0,t
100568789,0,100482934,0,t
100569056,0,100480509,0,t
100569056,0,100481144,0,t
100569056,0,100482934,0,t
100569801,0,100480509,0,t
100569801,0,100481144,0,t
100569801,0,100482934,0,t
100570184,0,100480509,0,t
100570184,0,100481144,0,t
100570184,0,100482934,0,t
100574641,0,100465604,0,t
100574903,0,100465604,0,t
100577030,0,109018179,0,r
100578748,0,106389447,0,u
100580628,0,108351716,0,t
100580991,0,106635034,0,t
100581620,0,107213814,0,u
100581995,0,107245446,0,u
100584519,0,107213814,0,u
100584891,1,115617305,3,u
100584891,1,115672790,3,u
100584891,3,115617305,3,u
100584891,3,115672790,3,u
100584891,4,115711534,3,u
100584891,5,115711534,3,u
100585291,1,115617305,3,u
100585291,1,115672790,3,u
100585291,2,115711534,3,u
100585534,1,115617305,3,u
100585534,1,115672790,3,u
100585534,2,115711534,3,u
100586832,0,106389447,0,u
100587468,0,109018179,0,r
100594939,0,109018179,0,r
100609226,0,103460989,0,t
100612429,0,106461373,0,t
100612980,0,108594855,0,t
100613289,0,100894211,0,t
100613828,0,106239054,0,t
100614016,0,106133372,0,t
100615829,0,106273955,0,t
100618207,0,107231192,0,u
100618616,0,106219119,0,t
100620969,0,109018179,0,r
100622381,0,100914777,0,t
100622579,1,115711534,3,u
100622579,2,115558912,3,u
100622579,2,115617305,3,u
100622579,2,115672790,3,u
100625067,1,115711534,3,u
100625067,2,115558912,3,u
100625067,2,115617305,3,u
100625067,2,115672790,3,u
100626266,0,107079350,0,u
100629472,0,106389447,0,u
100634142,0,108594855,0,t
100634569,0,100614016,0,t
100639327,0,109018179,0,r
100648526,0,106133372,0,t
100648698,0,106133372,0,t
100651284,0,104388537,0,t
100651532,0,104388537,0,t
100656094,0,100178509,0,t
100660910,2,115617305,3,u
100660910,2,115672790,3,u
100660910,3,115711534,3,u
100663431,0,106133372,0,t
100670464,1,115617305,3,u
100670464,1,115672790,3,u
100670464,2,115711534,3,u
100673760,0,106153998,0,t
100676971,0,106145074,0,t
100694692,1,115617305,3,u
100694692,1,115672790,3,u
100694692,2,115711534,3,u
100698067,0,106133372,0,t
100700623,0,106133372,0,t
100700623,0,115513511,0,t
100703040,0,100011488,0,t
100704374,5,115617305,3,u
100704374,5,115672790,3,u
100704374,6,115711534,3,u
100708256,0,106133372,0,t
100712519,1,115617305,3,u
100712519,1,115672790,3,u
100712519,2,115711534,3,u
100712888,0,108880234,0,r
100713071,0,108880234,0,r
100713071,0,109079557,0,r
100713622,1,115711534,3,u
100713622,2,115617305,3,u
100713622,2,115672790,3,u
100716039,1,115617305,3,u
100716039,1,115672790,3,u
100716039,2,115711534,3,u
100725332,0,100524699,0,t
100728359,1,115711534,3,u
100728359,2,115558912,3,u
100728359,2,115617305,3,u
100728359,2,115672790,3,u
100728713,0,100470368,0,t
100729038,0,100470368,0,t
100730524,1,115711534,3,u
100730524,2,115558912,3,u
100730524,2,115617305,3,u
100730524,2,115672790,3,u
100731711,1,115711534,3,u
100731711,2,115558912,3,u
100731711,2,115617305,3,u
100731711,2,115672790,3,u
100734046,0,108351716,0,t
100736658,1,115617305,3,u
100736658,1,115672790,3,u
100736658,2,115711534,3,u
100737281,0,108594855,0,t
100739357,1,115711534,3,u
100739357,2,115558912,3,u
100739357,2,115617305,3,u
100739357,2,115672790,3,u
100739716,0,108594855,0,t
100740283,0,107265016,0,u
100741052,0,100850152,0,t
100742232,0,100850152,0,t
100743186,0,108594855,0,t
100743404,0,108594855,0,t
100743602,0,108594855,0,t
100743896,0,108594855,0,t
100744163,0,108594855,0,t
100746028,0,100850152,0,t
100747594,0,101141078,0,t
100750456,0,100850152,0,t
100751820,0,100850152,0,t
100751820,0,106820300,0,u
100752010,0,100850152,0,t
100752010,0,106820300,0,u
100754191,2,115617305,3,u
100754191,2,115672790,3,u
100754191,4,115711534,3,u
100757816,0,107245446,0,u
100758849,2,115558912,3,u
100758849,2,115617305,3,u
100758849,2,115672790,3,u
100758849,4,115711534,3,u
100763314,0,100850152,0,t
100763314,0,106820300,0,u
100767149,0,100763711,0,t
100767299,0,100763711,0,t
100767647,0,100763711,0,t
100767804,0,100763711,0,t
100768048,0,100763711,0,t
100768275,0,100763711,0,t
100768453,0,100763711,0,t
100768605,0,100763711,0,t
100768908,0,100763711,0,t
100769098,0,100763711,0,t
100769210,0,100763711,0,t
100769210,1,115617305,3,u
100769210,1,115672790,3,u
100769210,2,115711534,3,u
100769417,0,108594855,0,t
100769562,0,108594855,0,t
100769865,0,108594855,0,t
100770308,1,115558912,3,u
100770308,1,115617305,3,u
100770308,1,115672790,3,u
100770308,2,115711534,3,u
100770576,0,106639177,0,t
100770576,2,115558912,3,u
100770576,2,115617305,3,u
100770576,2,115672790,3,u
100770576,3,115711534,3,u
100773781,0,108607843,0,t
100774075,0,106327647,0,t
100774658,3,115711534,3,u
100774658,4,115558912,3,u
100774658,4,115617305,3,u
100774658,4,115672790,3,u
100775461,0,100524699,0,t
100775662,0,100524699,0,t
100775820,0,100481629,0,t
100776490,0,108594855,0,t
100776490,1,115558912,3,u
100776490,1,115617305,3,u
100776490,1,115672790,3,u
100776490,2,115711534,3,u
100777090,0,108594855,0,t
100777353,0,108594855,0,t
100777942,0,100850152,0,t
100778674,0,108594855,0,t
100779073,0,106327647,0,t
100779363,1,115558912,3,u
100779363,1,115617305,3,u
100779363,1,115672790,3,u
100779363,2,115711534,3,u
100779363,3,115558912,3,u
100779363,3,115617305,3,u
100779363,3,115672790,3,u
100779363,4,115711534,3,u
100780421,0,108594855,0,t
100784293,0,106820300,0,u
100785499,0,107298952,0,u
100785499,0,109018179,0,r
100787811,0,108872567,0,r
100787811,0,109058568,0,r
100787947,0,107298952,0,u
100789818,0,107298952,0,u
100791079,3,115711534,3,u
100791079,4,115558912,3,u
100791079,4,115617305,3,u
100791079,4,115672790,3,u
100800128,0,109018179,0,r
100800687,1,115711534,3,u
100800687,2,115558912,3,u
100800687,2,115617305,3,u
100800687,2,115672790,3,u
100801938,1,115711534,3,u
100801938,2,115558912,3,u
100801938,2,115617305,3,u
100801938,2,115672790,3,u
100802596,0,107213814,0,u
100805249,0,106389447,0,u
100807913,0,107213814,0,u
100808336,0,100495504,0,t
100809507,1,115617305,3,u
100809507,1,115672790,3,u
100809507,2,115711534,3,u
100809893,0,106215536,0,t
100811261,0,105746396,0,t
100812088,1,115617305,3,u
100812088,1,115672790,3,u
100812088,2,115711534,3,u
100812743,1,115617305,3,u
100812743,1,115672790,3,u
100812743,2,115711534,3,u
100815003,0,100524699,0,t
100815187,0,108594855,0,t
100815327,0,108594855,0,t
100815535,0,108594855,0,t
100816337,0,107298952,0,u
100818872,0,100448089,0,t
100822814,0,109018179,0,r
100823477,0,108351716,0,t
100826606,0,108351716,0,t
100828843,1,115558912,3,u
100828843,1,115617305,3,u
100828843,1,115672790,3,u
100828843,2,115711534,3,u
100829137,1,115558912,3,u
100829137,1,115617305,3,u
100829137,1,115672790,3,u
100829137,2,115711534,3,u
100830655,1,115558912,3,u
100830655,1,115617305,3,u
100830655,1,115672790,3,u
100830655,2,115711534,3,u
100831490,0,109079557,0,r
100831752,0,109079557,0,r
100831936,0,109079557,0,r
100834529,1,115617305,3,u
100834529,1,115672790,3,u
100834529,2,115711534,3,u
100834766,1,115617305,3,u
100834766,1,115672790,3,u
100834766,2,115617305,3,u
100834766,2,115672790,3,u
100834766,3,115711534,3,u
100834766,4,115711534,3,u
100835431,1,115617305,3,u
100835431,1,115672790,3,u
100835431,2,115711534,3,u
100835685,0,108351716,0,t
100836215,0,106170987,0,t
100845417,0,115102245,0,t
100846028,1,115711534,3,u
100846028,2,115617305,3,u
100846028,2,115672790,3,u
100855038,0,100850152,0,t
100855733,0,100850152,0,t
100856255,0,100850152,0,t
100856255,0,107265016,0,u
100856255,0,107298952,0,u
100856768,0,100850152,0,t
100857612,0,100850152,0,t
100858573,0,100850152,0,t
100858776,0,100850152,0,t
100859623,0,100850152,0,t
100859623,0,115609778,0,t
100860792,0,106165936,0,t
100860792,4,115617305,3,u
100860792,4,115672790,3,u
100860792,5,115711534,3,u
100862605,0,100850152,0,t
100864443,0,100850152,0,t
100864855,0,107213814,0,u
100864855,0,109018179,0,r
100865179,0,100850152,0,t
100865179,0,106820300,0,u
100865375,0,100850152,0,t
100865573,0,100850152,0,t
100865706,0,100850152,0,t
100865875,0,107298952,0,u
100865981,0,100850152,0,t
100866268,0,100850152,0,t
100866806,0,100850152,0,t
100866806,0,107298952,0,u
100866974,0,100850152,0,t
100867384,0,100850152,0,t
100867384,0,106820300,0,u
100867536,0,100850152,0,t
100867536,0,115609778,0,t
100868002,0,100850152,0,t
100868170,0,100850152,0,t
100868170,0,115609778,0,t
100869170,2,107213814,1,u
100869170,6,107213814,1,u
100869575,0,109018179,0,r
100871285,0,101370962,0,t
100871285,0,113218851,0,t
100880111,0,106102606,0,t
100880434,0,106090243,0,t
100884879,2,115617305,3,u
100884879,2,115672790,3,u
100884879,3,115711534,3,u
100886540,0,108351716,0,t
100892956,0,107298952,0,u
100892956,0,109018179,0,r
100905348,0,108351716,0,t
100906124,0,108351716,0,t
100906490,0,108351716,0,t
100906669,0,108351716,0,t
100907337,0,108351716,0,t
100907515,0,108351716,0,t
100907677,0,107298952,0,u
100907677,0,108351716,0,t
100907677,0,109018179,0,r
100907821,0,106227072,0,t
100908015,0,107009436,0,t
100908978,0,109018179,0,r
100909116,0,100470368,0,t
100909793,2,115711534,3,u
100909793,3,115617305,3,u
100909793,3,115672790,3,u
100910338,1,115617305,3,u
100910338,1,115672790,3,u
100910338,2,115711534,3,u
100911174,1,115617305,3,u
100911174,1,115672790,3,u
100911174,2,115711534,3,u
100911368,2,115617305,3,u
100911368,2,115672790,3,u
100911368,3,115711534,3,u
100912301,0,106133372,0,t
100914527,0,106152817,0,t
100921805,3,115617305,3,u
100921805,3,115672790,3,u
100921805,4,115711534,3,u
100925170,0,106240390,0,t
100927187,0,100927929,0,t
100931958,0,106127926,0,t
100932404,1,115617305,3,u
100932404,1,115672790,3,u
100932404,2,115711534,3,u
100935344,2,115617305,3,u
100935344,2,115672790,3,u
100935344,3,115711534,3,u
100942486,1,115617305,3,u
100942486,1,115672790,3,u
100942486,2,115711534,3,u
100942715,2,115617305,3,u
100942715,2,115672790,3,u
100942715,3,115711534,3,u
100943185,1,115617305,3,u
100943185,1,115672790,3,u
100943185,2,115711534,3,u
100943636,1,115617305,3,u
100943636,1,115672790,3,u
100943636,2,115711534,3,u
100943636,3,115617305,3,u
100943636,3,115672790,3,u
100943636,4,115711534,3,u
100944201,1,115617305,3,u
100944201,1,115672790,3,u
100944201,2,115711534,3,u
100944584,1,115617305,3,u
100944584,1,115672790,3,u
100944584,2,115711534,3,u
100944584,3,115617305,3,u
100944584,3,115672790,3,u
100944584,4,115711534,3,u
100944878,1,115617305,3,u
100944878,1,115672790,3,u
100944878,2,115711534,3,u
100947136,0,106389447,0,u
100948625,0,109079557,0,r
100950100,1,115711534,3,u
100950100,2,115617305,3,u
100950100,2,115672790,3,u
100950904,1,115711534,3,u
100950904,2,115558912,3,u
100950904,2,115617305,3,u
100950904,2,115672790,3,u
100950904,3,115711534,3,u
100950904,4,115558912,3,u
100950904,4,115617305,3,u
100950904,4,115672790,3,u
100952475,1,115617305,3,u
100952475,1,115672790,3,u
100952475,2,115711534,3,u
100952706,0,107157953,0,t
100953331,1,115617305,3,u
100953331,1,115672790,3,u
100953331,2,115711534,3,u
100955733,0,106153998,0,t
100956146,0,114288372,0,t
100957511,0,106133372,0,t
100959674,5,115617305,3,u
100959674,5,115672790,3,u
100959674,6,115711534,3,u
100964331,3,115617305,3,u
100964331,3,115672790,3,u
100964331,4,115711534,3,u
100964581,1,115617305,3,u
100964581,1,115672790,3,u
100964581,2,115711534,3,u
100964793,1,115617305,3,u
100964793,1,115672790,3,u
100964793,2,115711534,3,u
100965283,1,115617305,3,u
100965283,1,115672790,3,u
100965283,2,115711534,3,u
100965512,1,115617305,3,u
100965512,1,115672790,3,u
100965512,2,115711534,3,u
100965970,1,115617305,3,u
100965970,1,115672790,3,u
100965970,2,115711534,3,u
100966203,0,108351716,0,t
100966799,0,108351716,0,t
100967326,0,108351716,0,t
100967551,0,108351716,0,t
100967551,1,115558912,3,u
100967551,1,115617305,3,u
100967551,1,115672790,3,u
100967551,2,115711534,3,u
100968067,0,108351716,0,t
100968376,0,108351716,0,t
100968881,0,108351716,0,t
100969122,0,108351716,0,t
100969303,0,108351716,0,t
100972925,0,106389447,0,u
100973272,0,108351716,0,t
100974460,1,115558912,3,u
100974460,1,115617305,3,u
100974460,1,115672790,3,u
100974460,2,115711534,3,u
100974687,1,115558912,3,u
100974687,1,115617305,3,u
100974687,1,115672790,3,u
100974687,2,115711534,3,u
100975029,1,115558912,3,u
100975029,1,115617305,3,u
100975029,1,115672790,3,u
100975029,2,115711534,3,u
100975029,3,115558912,3,u
100975029,3,115617305,3,u
100975029,3,115672790,3,u
100975029,4,115711534,3,u
100975381,1,115558912,3,u
100975381,1,115617305,3,u
100975381,1,115672790,3,u
100975381,2,115711534,3,u
100977787,0,109028593,0,r
100978044,0,108351716,0,t
100981687,1,115558912,3,u
100981687,1,115617305,3,u
100981687,1,115672790,3,u
100981687,2,115711534,3,u
100981687,3,115558912,3,u
100981687,3,115617305,3,u
100981687,3,115672790,3,u
100981687,4,115711534,3,u
100982001,0,108351716,0,t
100982325,0,108351716,0,t
100984491,0,108351716,0,t
100985155,0,108351716,0,t
100985309,0,108351716,0,t
100986469,0,108351716,0,t
100986925,0,108351716,0,t
100988274,0,108351716,0,t
100989615,0,108351716,0,t
100989919,0,100470368,0,t
100990104,0,100470368,0,t
100990532,0,108351716,0,t
100993576,0,100763711,0,t
100993872,1,115558912,3,u
100993872,1,115617305,3,u
100993872,1,115672790,3,u
100993872,2,115711534,3,u
100994304,0,100763711,0,t
100994814,0,108351716,0,t
100995090,0,108351716,0,t
100997892,0,108351716,0,t
100999833,0,109018179,0,r
101000187,0,100763711,0,t
101002089,0,108344306,0,t
101007699,0,107298952,0,u
101013067,2,115617305,3,u
101013067,2,115672790,3,u
101013067,3,115711534,3,u
101013467,0,107157953,0,t
101014976,1,115617305,3,u
101014976,1,115672790,3,u
101014976,2,115617305,3,u
101014976,2,115672790,3,u
101014976,3,115711534,3,u
101014976,4,115711534,3,u
101018768,0,106365377,0,t
101022371,1,115617305,3,u
101022371,1,115672790,3,u
101022371,2,115711534,3,u
101023051,1,115617305,3,u
101023051,1,115672790,3,u
101023051,2,115711534,3,u
101023297,1,115617305,3,u
101023297,1,115672790,3,u
101023297,2,115711534,3,u
101023297,3,115617305,3,u
101023297,3,115672790,3,u
101023297,4,115711534,3,u
101023858,1,115617305,3,u
101023858,1,115672790,3,u
101023858,2,115711534,3,u
101025306,1,115617305,3,u
101025306,1,115672790,3,u
101025306,2,115711534,3,u
101025501,1,115617305,3,u
101025501,1,115672790,3,u
101025501,2,115711534,3,u
101026517,0,108351716,0,t
101027104,2,115617305,3,u
101027104,2,115672790,3,u
101027104,3,115711534,3,u
101027104,5,115617305,3,u
101027104,5,115672790,3,u
101027104,6,115711534,3,u
101029717,1,115617305,3,u
101029717,1,115672790,3,u
101029717,2,115711534,3,u
101031572,1,115617305,3,u
101031572,1,115672790,3,u
101031572,2,115711534,3,u
101033607,0,106146319,0,t
101034773,0,106370908,0,t
101034773,1,115587945,1,u
101037898,0,108594855,0,t
101039335,0,106165936,0,t
101040475,0,108594855,0,t
101040817,0,108594855,0,t
101042028,0,109079557,0,r
101042459,0,108964712,0,r
101042459,0,115507338,0,t
101043178,0,108351716,0,t
101044576,0,106035426,0,t
101045057,0,106389447,0,u
101048619,0,101047273,0,t
101048619,0,108235469,0,t
101048808,0,108235469,0,t
101048982,0,108235469,0,t
101049590,0,108235469,0,t
101050572,0,106325702,0,t
101054214,0,108235469,0,t
101055037,0,108235469,0,t
101055299,0,108235469,0,t
101055299,0,108238315,0,t
101055299,1,115617305,3,u
101055299,1,115672790,3,u
101055299,2,115711534,3,u
101055612,0,106035426,0,t
101057208,0,108235469,0,t
101057208,0,108239586,0,t
101057730,0,106389447,0,u
101057964,0,106329660,0,t
101058155,0,108235469,0,t
101058299,0,106389447,0,u
101058299,0,108235469,0,t
101058786,1,115617305,3,u
101058786,1,115672790,3,u
101058786,2,115711534,3,u
101062253,2,115617305,3,u
101062253,2,115672790,3,u
101062253,3,115711534,3,u
101068394,0,106094474,0,t
101070696,0,106389447,0,u
101074727,1,115711534,3,u
101074727,2,115617305,3,u
101074727,2,115672790,3,u
101075606,0,106253704,0,t
101079834,0,109018179,0,r
101083089,0,108594855,0,t
101084202,0,106035426,0,t
101084388,0,106318834,0,t
101085662,0,109018179,0,r
101085804,0,101141078,0,t
101085988,0,106227072,0,t
101088355,1,115711534,3,u
101088355,2,115558912,3,u
101088355,2,115617305,3,u
101088355,2,115672790,3,u
101089454,0,106170029,0,t
101090319,0,108351716,0,t
101092047,0,108351716,0,t
101092376,0,108351716,0,t
101093067,0,108594855,0,t
101094600,0,100524699,0,t
101095266,0,108594855,0,t
101097053,1,115617305,3,u
101097053,1,115672790,3,u
101097053,2,115711534,3,u
101097791,1,115617305,3,u
101097791,1,115672790,3,u
101097791,2,115711534,3,u
101099480,0,109206390,0,r
101100637,0,100488880,0,t
101103058,0,109018179,0,r
101103622,2,115573598,1,u
101103622,3,115573598,1,u
101105435,0,106389447,0,u
101108868,1,115617305,3,u
101108868,1,115672790,3,u
101108868,2,115711534,3,u
101109248,0,106820300,0,u
101111638,0,101110137,0,t
101112067,0,107213814,0,u
101112266,0,100850152,0,t
101117147,1,115617305,3,u
101117147,1,115672790,3,u
101117147,2,115711534,3,u
101117707,0,106219119,0,t
101118313,1,115617305,3,u
101118313,1,115672790,3,u
101118313,2,115711534,3,u
101118667,0,106779878,0,t
101119682,1,115617305,3,u
101119682,1,115672790,3,u
101119682,2,115711534,3,u
101123327,0,106389447,0,u
101123751,0,108594855,0,t
101124912,1,115617305,3,u
101124912,1,115672790,3,u
101124912,2,115711534,3,u
101127051,0,103007214,0,t
101134723,0,109018179,0,r
101135729,1,115617305,3,u
101135729,1,115672790,3,u
101135729,2,115711534,3,u
101137236,1,115617305,3,u
101137236,1,115672790,3,u
101137236,2,115711534,3,u
101139161,1,115617305,3,u
101139161,1,115672790,3,u
101139161,2,115711534,3,u
101141977,0,106635221,0,t
101141977,0,108594855,0,t
101142243,1,115617305,3,u
101142243,1,115672790,3,u
101142243,2,115711534,3,u
101142492,1,115617305,3,u
101142492,1,115672790,3,u
101142492,2,115711534,3,u
101142733,0,108594855,0,t
101142733,0,109206390,0,r
101143254,0,108594855,0,t
101144021,0,113538337,0,t
101144535,0,108594855,0,t
101145222,1,115617305,3,u
101145222,1,115672790,3,u
101145222,2,115711534,3,u
101145457,3,115617305,3,u
101145457,3,115672790,3,u
101145457,4,115711534,3,u
101147266,0,107094799,0,u
101148022,0,108594855,0,t
101149613,0,108351716,0,t
101150544,0,106241649,0,t
101151670,0,101370962,0,t
101152302,0,109018179,0,r
101152459,0,101110137,0,t
101153024,1,115617305,3,u
101153024,1,115672790,3,u
101153024,2,115711534,3,u
101154323,1,115617305,3,u
101154323,1,115672790,3,u
101154323,2,115711534,3,u
101154607,1,115617305,3,u
101154607,1,115672790,3,u
101154607,2,115711534,3,u
101155076,1,115617305,3,u
101155076,1,115672790,3,u
101155076,2,115711534,3,u
101155404,1,115617305,3,u
101155404,1,115672790,3,u
101155404,2,115711534,3,u
101157452,0,106239054,0,t
101157954,0,101141078,0,t
101159118,0,106035426,0,t
101159313,1,115617305,3,u
101159313,1,115672790,3,u
101159313,2,115711534,3,u
101159313,3,115617305,3,u
101159313,3,115672790,3,u
101159313,4,115711534,3,u
101159715,1,115617305,3,u
101159715,1,115672790,3,u
101159715,2,115711534,3,u
101163445,1,115617305,3,u
101163445,1,115672790,3,u
101163445,2,115711534,3,u
101164436,0,108594855,0,t
101164890,0,100763711,0,t
101166989,0,106389447,0,u
101167663,2,115617305,3,u
101167663,2,115672790,3,u
101167663,3,115711534,3,u
101168858,1,115617305,3,u
101168858,1,115672790,3,u
101168858,2,115711534,3,u
101169098,1,115617305,3,u
101169098,1,115672790,3,u
101169098,2,115711534,3,u
101169098,3,115617305,3,u
101169098,3,115672790,3,u
101169098,4,115711534,3,u
101169457,1,115617305,3,u
101169457,1,115672790,3,u
101169457,2,115711534,3,u
101169457,3,115617305,3,u
101169457,3,115672790,3,u
101169457,4,115711534,3,u
101169838,1,115617305,3,u
101169838,1,115672790,3,u
101169838,2,115711534,3,u
101170056,1,115617305,3,u
101170056,1,115672790,3,u
101170056,2,115711534,3,u
101170235,1,115617305,3,u
101170235,1,115672790,3,u
101170235,2,115711534,3,u
101170496,1,115617305,3,u
101170496,1,115672790,3,u
101170496,2,115711534,3,u
101170739,1,115617305,3,u
101170739,1,115672790,3,u
101170739,2,115711534,3,u
101170962,1,115617305,3,u
101170962,1,115672790,3,u
101170962,2,115711534,3,u
101171741,0,106239054,0,t
101173356,1,115617305,3,u
101173356,1,115672790,3,u
101173356,2,115711534,3,u
101174386,1,115617305,3,u
101174386,1,115672790,3,u
101174386,2,115711534,3,u
101174386,3,115617305,3,u
101174386,3,115672790,3,u
101174386,4,115711534,3,u
101175884,0,108351716,0,t
101176224,1,115617305,3,u
101176224,1,115672790,3,u
101176224,2,115711534,3,u
101176634,1,115617305,3,u
101176634,1,115672790,3,u
101176634,2,115711534,3,u
101176838,1,115617305,3,u
101176838,1,115672790,3,u
101176838,2,115711534,3,u
101176838,3,115617305,3,u
101176838,3,115672790,3,u
101176838,4,115711534,3,u
101177287,1,115617305,3,u
101177287,1,115672790,3,u
101177287,2,115711534,3,u
101177780,0,101141078,0,t
101177780,1,115617305,3,u
101177780,1,115672790,3,u
101177780,2,115711534,3,u
101178152,1,115617305,3,u
101178152,1,115672790,3,u
101178152,2,115711534,3,u
101178397,1,115617305,3,u
101178397,1,115672790,3,u
101178397,2,115711534,3,u
101178832,1,115617305,3,u
101178832,1,115672790,3,u
101178832,2,115711534,3,u
101180958,0,108594855,0,t
101183312,0,109184780,0,r
101184501,0,108594855,0,t
101185099,0,100480509,0,t
101185099,0,100481144,0,t
101185099,0,100482934,0,t
101185099,0,100500037,0,t
101191179,0,107213814,0,u
101191179,0,109018179,0,r
101192832,0,101190226,0,t
101193076,0,101190226,0,t
101193226,0,101190226,0,t
101193406,0,101190226,0,t
101196164,0,109018179,0,r
101196284,0,106239054,0,t
101196996,0,106246955,0,t
101196996,0,109206390,0,r
101197748,0,101141078,0,t
101198781,0,108594855,0,t
101198979,0,108594855,0,t
101199138,0,108594855,0,t
101199299,0,108594855,0,t
101199439,0,108594855,0,t
101199647,0,108594855,0,t
101199793,0,108594855,0,t
101200056,0,108594855,0,t
101200483,0,108594855,0,t
101201235,0,108594855,0,t
101201612,0,108594855,0,t
101201747,0,108594855,0,t
101201954,0,108594855,0,t
101202078,0,108594855,0,t
101202219,0,108594855,0,t
101202379,0,108594855,0,t
101202626,0,108594855,0,t
101202988,0,108594855,0,t
101203146,0,108594855,0,t
101203301,0,108594855,0,t
101203395,0,108594855,0,t
101203873,0,108594855,0,t
101204192,0,108594855,0,t
101204562,0,108594855,0,t
101204773,0,108594855,0,t
101204978,0,108594855,0,t
101205159,0,108594855,0,t
101205391,0,108594855,0,t
101205666,0,108594855,0,t
101205811,0,108594855,0,t
101206044,0,108594855,0,t
101206201,0,108594855,0,t
101206201,1,115617305,3,u
101206201,1,115672790,3,u
101206201,2,115711534,3,u
101206448,0,108594855,0,t
101206448,1,115617305,3,u
101206448,1,115672790,3,u
101206448,2,115711534,3,u
101206968,0,108594855,0,t
101207232,0,108594855,0,t
101207478,0,108594855,0,t
101207698,0,108594855,0,t
101207979,0,106639177,0,t
101208347,0,108210806,0,t
101208347,0,108594855,0,t
101208626,0,108594855,0,t
101208869,0,108594855,0,t
101209061,0,108594855,0,t
101209258,0,108594855,0,t
101209855,0,108594855,0,t
101210061,0,108594855,0,t
101210358,0,108609485,0,t
101210723,0,108594855,0,t
101210898,0,108594855,0,t
101211211,0,108594855,0,t
101211381,0,108594855,0,t
101211562,0,108594855,0,t
101211792,0,108594855,0,t
101211924,0,108594855,0,t
101212110,0,106639177,0,t
101212283,0,108594855,0,t
101212420,0,108594855,0,t
101212634,0,108594855,0,t
101212769,0,108594855,0,t
101212873,0,108594855,0,t
101212973,0,108594855,0,t
101213079,0,108594855,0,t
101213363,0,108594855,0,t
101213459,0,108594855,0,t
101213652,0,108594855,0,t
101213935,0,108594855,0,t
101214128,0,108594855,0,t
101214128,1,115617305,3,u
101214128,1,115672790,3,u
101214128,2,115711534,3,u
101214389,0,108594855,0,t
101214672,0,108594855,0,t
101215121,0,108351716,0,t
101215121,0,108608927,0,t
101215564,0,108594855,0,t
101215564,0,113708356,0,t
101216063,0,108594855,0,t
101216463,0,108594855,0,t
101216733,0,108594855,0,t
101216873,0,108594855,0,t
101217115,0,108594855,0,t
101217396,0,108594855,0,t
101217558,0,108594855,0,t
101217558,1,115558912,3,u
101217558,1,115617305,3,u
101217558,1,115672790,3,u
101217558,2,115711534,3,u
101217920,0,108594855,0,t
101218137,0,108594855,0,t
101218250,0,108594855,0,t
101218582,0,108594855,0,t
101218885,0,108594855,0,t
101219151,0,108594855,0,t
101219387,0,108594855,0,t
101219742,0,108594855,0,t
101220156,0,108594855,0,t
101220314,0,108594855,0,t
101223304,1,115711534,3,u
101223304,2,115558912,3,u
101223304,2,115617305,3,u
101223304,2,115672790,3,u
101228193,3,115711534,3,u
101228193,4,115558912,3,u
101228193,4,115617305,3,u
101228193,4,115672790,3,u
101231378,0,106090243,0,t
101231378,1,115617305,3,u
101231378,1,115672790,3,u
101231378,2,115711534,3,u
101232912,0,106035426,0,t
101235707,0,108351716,0,t
101236498,0,108351716,0,t
101237958,2,115617305,3,u
101237958,2,115672790,3,u
101237958,3,115711534,3,u
101238324,2,115617305,3,u
101238324,2,115672790,3,u
101238324,3,115711534,3,u
101238630,1,115617305,3,u
101238630,1,115672790,3,u
101238630,2,115711534,3,u
101238630,3,115617305,3,u
101238630,3,115672790,3,u
101238630,4,115711534,3,u
101240443,1,115711534,3,u
101240443,2,115558912,3,u
101240443,2,115617305,3,u
101240443,2,115672790,3,u
101240807,0,106227072,0,t
101240807,1,115711534,3,u
101240807,2,115558912,3,u
101240807,2,115617305,3,u
101240807,2,115672790,3,u
101242295,0,100763711,0,t
101242295,2,115617305,3,u
101242295,2,115672790,3,u
101242295,3,115711534,3,u
101242943,0,108594855,0,t
101243174,2,115617305,3,u
101243174,2,115672790,3,u
101243174,3,115711534,3,u
101243620,0,106389447,0,u
101243774,2,115558912,3,u
101243774,2,115617305,3,u
101243774,2,115672790,3,u
101243774,3,115711534,3,u
101244864,0,100850152,0,t
101245253,2,115617305,3,u
101245253,2,115672790,3,u
101245253,3,115711534,3,u
101246854,1,115711534,3,u
101246854,2,115558912,3,u
101246854,2,115617305,3,u
101246854,2,115672790,3,u
101249357,0,106389447,0,u
101249556,0,106389447,0,u
101250362,1,115617305,3,u
101250362,1,115672790,3,u
101250362,2,115711534,3,u
101250702,1,115617305,3,u
101250702,1,115672790,3,u
101250702,2,115711534,3,u
101252681,1,115617305,3,u
101252681,1,115672790,3,u
101252681,2,115617305,3,u
101252681,2,115672790,3,u
101252681,3,115711534,3,u
101252681,4,115711534,3,u
101256887,0,108594855,0,t
101257690,1,115617305,3,u
101257690,1,115672790,3,u
101257690,2,115711534,3,u
101258325,1,115617305,3,u
101258325,1,115672790,3,u
101258325,2,115711534,3,u
101258568,1,115617305,3,u
101258568,1,115672790,3,u
101258568,2,115711534,3,u
101261564,0,108594855,0,t
101261802,0,108594855,0,t
101262923,0,109018179,0,r
101263657,0,106327647,0,t
101266518,0,100509812,0,t
101269883,0,108594855,0,t
101270224,0,108594855,0,t
101272732,0,108594855,0,t
101272888,1,115617305,3,u
101272888,1,115672790,3,u
101272888,2,115711534,3,u
101274443,1,115617305,3,u
101274443,1,115672790,3,u
101274443,2,115711534,3,u
101275195,0,106465764,0,t
101277337,0,107245446,0,u
101278520,0,108594855,0,t
101279070,0,108594855,0,t
101279538,0,109206390,0,r
101279853,0,108594855,0,t
101280199,0,100488880,0,t
101280413,0,100488880,0,t
101281128,1,115617305,3,u
101281128,1,115672790,3,u
101281128,2,115711534,3,u
101282798,1,115617305,3,u
101282798,1,115672790,3,u
101282798,2,115711534,3,u
101287491,1,115617305,3,u
101287491,1,115672790,3,u
101287491,2,115711534,3,u
101287748,0,102732078,0,t
101287748,1,115617305,3,u
101287748,1,115672790,3,u
101287748,2,115711534,3,u
101288880,1,115617305,3,u
101288880,1,115672790,3,u
101288880,2,115711534,3,u
101289375,0,108938608,0,r
101290105,0,109087646,0,r
101290326,0,109309748,0,r
101290621,0,109238569,0,r
101290845,0,108915787,0,r
101291141,0,109048144,0,r
101291355,0,109141328,0,r
101291668,0,109018179,0,r
101291900,0,109072299,0,r
101292167,0,109099539,0,r
101292488,0,109087646,0,r
101292758,0,109386281,0,r
101293004,0,108924633,0,r
101293244,0,109168668,0,r
101293498,0,109041853,0,r
101293740,0,109007806,0,r
101293945,0,109017229,0,r
101294261,0,109048144,0,r
101294410,0,108898163,0,r
101294695,0,109312643,0,r
101294966,0,109258042,0,r
101295231,0,108959494,0,r
101295402,0,108959494,0,r
101295605,0,109365035,0,r
101295792,0,108938608,0,r
101296016,0,109087646,0,r
101296227,0,109312643,0,r
101296489,0,108898163,0,r
101296760,0,109303683,0,r
101297098,0,109214882,0,r
101297335,0,108880072,0,r
101297335,0,109112531,0,r
101297622,0,109421273,0,r
101297864,0,109301536,0,r
101298062,0,109087646,0,r
101298303,0,109075210,0,r
101298493,0,108947741,0,r
101298716,0,109200928,0,r
101298989,0,109327050,0,r
101299204,0,109017229,0,r
101299387,0,109087646,0,r
101299702,0,109055117,0,r
101300038,0,108997430,0,r
101300242,0,109028593,0,r
101300423,0,109007806,0,r
101300670,0,109280949,0,r
101300922,0,109312643,0,r
101301195,0,109297963,0,r
101301446,0,108859058,0,r
101301660,0,109001771,0,r
101301936,0,109465858,0,r
101302168,0,109028593,0,r
101302446,0,108929241,0,r
101302644,0,109113555,0,r
101302827,0,109058568,0,r
101303127,0,108859058,0,r
101303338,0,108859058,0,r
101303513,0,109087646,0,r
101303722,0,109548090,0,r
101304010,0,108924633,0,r
101304187,0,108918889,0,r
101304432,0,109237707,0,r
101304687,0,108997686,0,r
101304928,0,108959494,0,r
101305193,0,109048144,0,r
101305369,0,108938608,0,r
101305557,0,108938608,0,r
101305739,0,109257242,0,r
101305963,0,109141328,0,r
101306301,0,109270642,0,r
101306785,0,109058568,0,r
101306977,0,109073510,0,r
101307181,0,108924633,0,r
101307660,0,108959494,0,r
101307876,0,109028593,0,r
101308057,0,109142272,0,r
101308292,0,108938608,0,r
101308468,0,108938608,0,r
101308644,0,108959494,0,r
101308857,0,109028593,0,r
101309098,0,108959494,0,r
101309375,0,109087646,0,r
101309752,0,109242899,0,r
101310027,0,108924633,0,r
101310242,0,109274831,0,r
101310519,0,109028593,0,r
101310765,0,108938608,0,r
101311031,0,109082107,0,r
101311434,0,109190703,0,r
101311621,0,108948938,0,r
101311862,0,109087646,0,r
101312029,0,109058568,0,r
101312220,0,108968835,0,r
101312508,0,109312643,0,r
101312784,0,108938608,0,r
101312913,0,109119607,0,r
101313070,0,109548090,0,r
101313383,0,109058568,0,r
101313590,0,108947014,0,r
101313747,0,108871309,0,r
101313912,0,109087646,0,r
101314090,0,108880072,0,r
101314297,0,108898163,0,r
101314440,0,109073098,0,r
101314650,0,108959494,0,r
101314832,0,109087646,0,r
101315025,0,108924633,0,r
101315264,0,109087646,0,r
101315560,0,108996010,0,r
101315772,0,108959494,0,r
101315954,0,108907747,0,r
101316249,0,109280091,0,r
101316474,0,109193125,0,r
101316644,0,109303683,0,r
101316933,0,109087646,0,r
101317323,0,108959494,0,r
101317543,0,109087646,0,r
101317699,0,109437967,0,r
101317933,0,109312643,0,r
101318179,0,108968835,0,r
101318348,0,108968835,0,r
101318557,0,109143625,0,r
101318749,0,108997906,0,r
101319017,0,109087646,0,r
101319166,0,108924633,0,r
101319395,0,109028593,0,r
101319588,0,108938608,0,r
101319810,0,109373555,0,r
101320082,0,109492057,0,r
101320312,0,109087646,0,r
101320514,0,109087646,0,r
101320757,0,109266333,0,r
101320997,0,109003591,0,r
101321184,0,108996496,0,r
101321436,0,109007806,0,r
101321695,0,109312643,0,r
101321974,0,109112992,0,r
101322242,0,109312643,0,r
101322508,0,109007806,0,r
101322782,0,109007806,0,r
101323080,0,109007806,0,r
101323449,0,109198890,0,r
101323656,0,109206390,0,r
101324475,0,108948938,0,r
101324709,0,108948938,0,r
101324961,0,108938608,0,r
101325278,0,109353574,0,r
101325608,0,108880234,0,r
101325785,0,109176884,0,r
101326167,0,109028593,0,r
101327053,0,109087646,0,r
101327597,0,109112531,0,r
101327842,0,108898163,0,r
101329704,0,109028593,0,r
101329852,0,109164174,0,r
101330106,0,109164174,0,r
101330935,0,109184780,0,r
101331493,0,108129391,0,t
101331905,0,109327050,0,r
101333189,0,109028593,0,r
101336270,0,106165936,0,t
101342060,0,106165936,0,t
101342221,0,106165936,0,t
101342442,0,106165936,0,t
101342607,0,106165936,0,t
101342820,0,106165936,0,t
101348569,0,100009618,0,t
101348569,0,100011488,0,t
101349029,0,106127926,0,t
101349600,0,106165936,0,t
101350980,0,106156068,0,t
101352213,0,101350980,0,t
101370962,0,106168057,0,t
101395322,0,106165936,0,t
101395483,0,106165936,0,t
101398513,0,100009618,0,t
101408353,0,100011488,0,t
101484898,1,115711534,3,u
101484898,2,115617305,3,u
101484898,2,115672790,3,u
101485272,0,106133372,0,t
101488682,0,106161835,0,t
101494223,0,106173708,0,t
101497613,0,101894819,0,t
101497948,0,101894819,0,t
101498249,0,101894819,0,t
101498703,0,101894819,0,t
101527748,0,106163903,0,t
101529443,0,107213814,0,u
101539844,0,100850152,0,t
101591170,2,115592560,5,u
101618858,1,115592560,5,u
101619030,2,115592560,5,u
101619223,2,115592560,5,u
101619419,2,115592560,5,u
101622116,1,115592560,5,u
101669650,2,115592560,5,u
101669878,2,115592560,5,u
101670104,2,115592560,5,u
101670311,2,115592560,5,u
101670871,2,115592560,5,u
101671047,2,115592560,5,u
101675502,3,115592560,5,u
101675643,1,115592560,5,u
101675811,3,115592560,5,u
101675996,2,115592560,5,u
101676157,2,115592560,5,u
101679953,2,115592560,5,u
101778431,0,106173708,0,t
101881147,1,115592560,5,u
101881286,1,115592560,5,u
101881420,1,115592560,5,u
101881649,2,115592560,5,u
101881823,1,115592560,5,u
101936166,1,115711534,3,u
101936166,2,115558912,3,u
101936166,2,115617305,3,u
101936166,2,115672790,3,u
101937521,0,106173708,0,t
101978391,2,115592560,5,u
101979451,2,115592560,5,u
102073674,2,115592560,5,u
102131749,0,109052506,0,r
102138465,0,109017229,0,r
102138465,0,109206390,0,r
102145116,0,106968144,0,u
102153587,1,115592560,5,u
102161460,1,115592560,5,u
102162323,1,115592560,5,u
102162839,1,115592560,5,u
102165015,1,115592560,5,u
102169817,4,115592560,5,u
102192454,0,106161835,0,t
102196731,0,106820300,0,u
102202232,3,115587945,1,u
102202232,5,107073253,2,u
102363704,0,107213814,0,u
102372663,0,106820300,0,u
102372955,0,106820300,0,u
102389270,2,115592560,5,u
102418618,0,107211994,0,u
102419074,0,106461373,0,t
102421683,1,115711534,3,u
102421683,2,115617305,3,u
102421683,2,115672790,3,u
102432934,2,115592560,5,u
102513915,1,106389447,2,u
102513915,5,106389447,2,u
102522022,0,106820300,0,u
102624775,0,109240125,0,r
102639836,2,115711534,3,u
102639836,3,115558912,3,u
102639836,3,115617305,3,u
102639836,3,115672790,3,u
102712102,0,107123252,0,t
102713102,1,106968144,1,u
102716269,0,106219119,0,t
102717724,0,100313133,0,t
102718380,0,106219119,0,t
102718782,1,106962020,4,u
102719784,1,106968144,1,u
102719784,2,106968144,1,u
102719784,3,106968144,1,u
102719784,4,106968144,1,u
102719784,5,106968144,1,u
102719784,6,106968144,1,u
102723995,1,106968144,1,u
102724205,0,100850152,0,t
102730299,0,106170029,0,t
102731095,0,108351716,0,t
102736683,1,115587945,1,u
102736683,2,107073253,2,u
102739861,0,107364492,0,t
102740934,1,106968144,1,u
102740934,2,106968144,1,u
102741997,1,106968144,1,u
102743789,1,106968144,1,u
102745096,1,106962020,4,u
102745817,0,103007214,0,t
102747150,0,100945551,0,t
102747150,0,103460989,0,t
102748120,1,106968144,1,u
102748391,1,106968144,1,u
102750765,1,115711534,3,u
102750765,2,115558912,3,u
102750765,2,115617305,3,u
102750765,2,115672790,3,u
102751093,0,107142932,0,t
102751093,1,115711534,3,u
102751093,2,115558912,3,u
102751093,2,115617305,3,u
102751093,2,115672790,3,u
102751619,1,106962020,4,u
102751619,1,106968144,1,u
102751619,2,106962020,4,u
102751619,2,106968144,1,u
102751619,3,106962020,4,u
102751619,3,106968144,1,u
102752341,1,106962020,4,u
102752341,1,106968144,1,u
102756734,1,115617305,3,u
102756734,1,115672790,3,u
102756734,3,115711534,3,u
102757915,1,106968144,1,u
102759619,1,115711534,3,u
102759619,2,115617305,3,u
102759619,2,115672790,3,u
102760008,0,103571624,0,t
102760152,0,103571624,0,t
102773552,0,100850152,0,t
102774910,2,106389447,1,u
102775834,0,108128890,0,t
102777118,0,106389447,0,u
102778186,1,106968144,1,u
102779384,1,115711534,3,u
102779384,2,115558912,3,u
102779384,2,115617305,3,u
102779384,2,115672790,3,u
102780157,0,106214013,0,t
102781056,0,106214013,0,t
102781358,0,106214013,0,t
102784071,0,106325702,0,t
102784635,0,108351716,0,t
102785727,0,106234927,0,t
102786272,1,115711534,3,u
102786272,2,115558912,3,u
102786272,2,115617305,3,u
102786272,2,115672790,3,u
102786569,0,108351716,0,t
102786980,0,108351716,0,t
102787444,4,115711534,3,u
102787444,5,115558912,3,u
102787444,5,115617305,3,u
102787444,5,115672790,3,u
102789963,0,108351716,0,t
102790303,0,100945551,0,t
102791117,0,109018179,0,r
102794727,1,106968144,1,u
102795430,1,106962020,4,u
102795430,1,106968144,1,u
102795430,2,106962020,4,u
102795430,2,106968144,1,u
102795430,3,106962020,4,u
102795430,3,106968144,1,u
102796291,0,108351716,0,t
102798863,0,105864133,0,t
102801245,1,106968144,1,u
102802353,0,108351716,0,t
102802647,0,106214013,0,t
102803885,0,107157953,0,t
102805094,0,106389447,0,u
102805094,0,108129391,0,t
102809589,0,104259275,0,t
102809773,0,104259275,0,t
102810908,1,115711534,3,u
102810908,2,115617305,3,u
102810908,2,115672790,3,u
102812222,1,106968144,1,u
102812843,1,106968144,1,u
102813019,0,108351716,0,t
102813538,6,115587945,1,u
102813538,9,107073253,2,u
102815002,0,109018179,0,r
102815272,0,100481629,0,t
102816121,0,106219119,0,t
102817894,0,103007214,0,t
102818230,0,106389447,0,u
102818611,0,100472330,0,t
102818904,0,106219119,0,t
102819499,0,100481144,0,t
102819618,0,100481144,0,t
102819764,0,100481144,0,t
102827858,0,109028593,0,r
102829932,0,100472330,0,t
102833230,0,106968144,0,u
102836981,0,108594855,0,t
102837223,0,109018179,0,r
102842008,0,108351716,0,t
102843207,0,107157953,0,t
102845500,0,106189791,0,t
102845673,0,108351716,0,t
102846978,0,100472330,0,t
102847282,0,100472330,0,t
102848178,0,106389447,0,u
102849936,0,100481629,0,t
102850113,0,100481629,0,t
102852164,0,106820300,0,u
102852164,0,107265016,0,u
102853014,0,109087646,0,r
102855663,0,106389447,0,u
102859198,0,108351716,0,t
102866022,0,100313133,0,t
102869914,0,106389447,0,u
102871674,0,104259275,0,t
102872964,0,106389447,0,u
102873802,0,106389447,0,u
102876265,3,115587945,1,u
102876265,4,115587945,1,u
102876733,0,108594855,0,t
102877313,0,109576673,0,t
102878242,1,106968144,1,u
102878242,2,107298952,6,u
102879241,0,106389447,0,u
102880825,0,109018179,0,r
102882191,0,107213814,0,u
102884412,1,106389447,1,u
102885230,0,106432520,0,u
102885701,0,106389447,0,u
102886412,0,100313133,0,t
102887029,0,108351716,0,t
102887421,2,115711534,3,u
102887421,3,115558912,3,u
102887421,3,115617305,3,u
102887421,3,115672790,3,u
102888968,0,109018179,0,r
102889220,0,106389447,0,u
102891970,0,100504023,0,t
102893490,0,100313133,0,t
102894174,0,100503738,0,t
102894174,0,100504023,0,t
102898466,0,106389447,0,u
102902674,0,106389447,0,u
102905881,0,106389447,0,u
102906039,0,106389447,0,u
102908906,2,107073253,2,u
102908906,3,115587945,1,u
102910145,1,115711534,3,u
102910145,2,115558912,3,u
102910145,2,115617305,3,u
102910145,2,115672790,3,u
102910145,5,115711534,3,u
102910145,6,115558912,3,u
102910145,6,115617305,3,u
102910145,6,115672790,3,u
102912897,0,104259275,0,t
102916037,0,108351716,0,t
102917575,0,106389447,0,u
102920348,0,108988927,0,r
102921925,0,108351716,0,t
102923535,0,100933832,0,t
102925852,0,109018179,0,r
102933708,0,100446351,0,t
102933832,0,100446351,0,t
102934033,0,100446351,0,t
102935859,0,106389447,0,u
102941108,0,100850152,0,t
102941308,0,106389447,0,u
102944841,0,106389447,0,u
102949552,0,106389447,0,u
102949718,0,104259275,0,t
102951275,0,106389447,0,u
102952985,0,108344306,0,t
102959396,0,106389447,0,u
102960038,0,106219119,0,t
102960443,1,106968144,1,u
102965237,0,106219119,0,t
102966295,3,115573598,1,u
102966295,3,115587945,1,u
102970458,2,115711534,3,u
102970458,3,115558912,3,u
102970458,3,115617305,3,u
102970458,3,115672790,3,u
102970942,0,106234927,0,t
102974698,1,106968144,1,u
102978887,1,106968144,1,u
102978887,2,106968144,1,u
102983708,0,106219119,0,t
102984711,0,106389447,0,u
102984972,0,107298952,0,u
102984972,0,109018179,0,r
102986027,0,108351716,0,t
102989064,1,115711534,3,u
102989064,2,115558912,3,u
102989064,2,115617305,3,u
102989064,2,115672790,3,u
102993618,0,108351716,0,t
102999472,0,115513511,0,t
103006873,1,106968144,1,u
103007214,2,107073253,2,u
103007214,5,115587945,1,u
103011201,1,115711534,3,u
103011201,2,115617305,3,u
103011201,2,115672790,3,u
103012360,1,115711534,3,u
103012360,2,115558912,3,u
103012360,2,115617305,3,u
103012360,2,115672790,3,u
103018502,0,109018179,0,r
103024786,0,101118667,0,t
103029860,0,100504023,0,t
103030259,0,108964712,0,r
103030259,0,115507338,0,t
103032705,1,106968144,1,u
103032705,2,107298952,6,u
103036693,2,115711534,3,u
103036693,3,115558912,3,u
103036693,3,115617305,3,u
103036693,3,115672790,3,u
103038459,1,106962020,4,u
103038594,1,106962020,4,u
103038756,1,106962020,4,u
103038966,1,106962020,4,u
103038966,2,106962020,4,u
103039174,1,106962020,4,u
103039842,1,106962020,4,u
103042094,1,106968144,1,u
103042094,2,106968144,1,u
103042667,0,106035426,0,t
103042845,1,115711534,3,u
103042845,2,115558912,3,u
103042845,2,115617305,3,u
103042845,2,115672790,3,u
103043252,2,115573598,1,u
103043252,2,115587945,1,u
103043425,2,115573598,1,u
103043425,2,115587945,1,u
103043670,1,115711534,3,u
103043670,4,115558912,3,u
103043670,4,115617305,3,u
103043670,4,115672790,3,u
103043955,2,115573598,1,u
103043955,2,115587945,1,u
103044919,0,106219119,0,t
103045823,1,106962020,4,u
103045823,2,106962020,4,u
103045823,3,106962020,4,u
103046420,1,106962020,4,u
103046971,0,100947414,0,t
103047789,1,106962020,4,u
103048276,0,107079350,0,u
103049824,0,115513511,0,t
103049824,1,115711534,3,u
103049824,2,115558912,3,u
103049824,2,115617305,3,u
103049824,2,115672790,3,u
103049824,5,115711534,3,u
103049824,6,115558912,3,u
103049824,6,115617305,3,u
103049824,6,115672790,3,u
103051011,0,106389447,0,u
103056687,0,106389447,0,u
103061212,0,100503738,0,t
103061378,2,115711534,3,u
103061378,3,115617305,3,u
103061378,3,115672790,3,u
103069363,0,106389447,0,u
103070521,0,100313133,0,t
103071489,1,106962020,4,u
103071999,1,106962020,4,u
103071999,2,106962020,4,u
103072746,1,106962020,4,u
103072936,1,106962020,4,u
103072936,2,106962020,4,u
103073133,1,106962020,4,u
103073373,1,106962020,4,u
103078037,0,101047273,0,t
103078554,0,101047273,0,t
103079254,0,106389447,0,u
103081831,1,106962020,4,u
103082536,3,115711534,3,u
103082536,4,115558912,3,u
103082536,4,115617305,3,u
103082536,4,115672790,3,u
103082936,1,106962020,4,u
103085467,0,108964712,0,r
103085467,0,115507338,0,t
103086719,0,106389447,0,u
103090205,0,106389447,0,u
103091286,0,109018179,0,r
103091899,0,106389447,0,u
103092834,0,106389447,0,u
103093147,0,109018179,0,r
103093434,0,104598423,0,t
103097785,1,106962020,4,u
103098373,0,106035426,0,t
103098526,1,106962020,4,u
103098844,1,106962020,4,u
103099030,1,106962020,4,u
103099498,0,103370856,0,t
103099498,0,107142932,0,t
103109248,0,105887537,0,t
103110560,0,100011488,0,t
103112160,0,100450091,0,t
103122428,0,106389447,0,u
103122561,0,106389447,0,u
103123801,0,106968144,0,u
103124482,0,106214013,0,t
103126627,0,108351716,0,t
103126934,0,108351716,0,t
103128279,0,109018179,0,r
103133660,0,106219119,0,t
103135157,0,106219119,0,t
103136070,0,106219119,0,t
103139351,0,100850152,0,t
103141804,0,106214013,0,t
103143862,0,103133660,0,t
103144799,0,106389447,0,u
103145017,0,106189791,0,t
103147367,0,106181353,0,t
103149075,0,106219119,0,t
103152317,0,103370856,0,t
103153234,1,115587945,1,u
103156941,0,106214013,0,t
103157119,0,106214013,0,t
103157284,0,106214013,0,t
103157448,0,106214013,0,t
103158980,0,106389447,0,u
103159561,0,106219119,0,t
103161185,0,106214013,0,t
103165961,1,115617305,3,u
103165961,1,115672790,3,u
103165961,2,115711534,3,u
103169078,0,106219119,0,t
103170504,0,109018179,0,r
103172436,0,108594855,0,t
103172849,0,106968144,0,u
103172957,0,108594855,0,t
103182715,0,105887537,0,t
103183938,0,100477011,0,t
103185555,0,106968144,0,u
103185692,0,109018179,0,r
103186530,0,100467590,0,t
103187728,0,109018179,0,r
103190785,0,106137745,0,t
103191160,0,106389447,0,u
103194145,0,101047273,0,t
103200742,1,115711534,3,u
103200742,3,115617305,3,u
103200742,3,115672790,3,u
103202675,0,106219119,0,t
103207250,1,106962020,4,u
103208906,0,105928831,0,t
103209498,1,106962020,4,u
103210358,1,106968144,1,u
103210358,2,106968144,1,u
103211584,3,115587945,1,u
103211584,6,107073253,2,u
103215249,2,115587945,1,u
103218036,0,100313133,0,t
103220059,0,107298952,0,u
103220445,0,106401978,0,u
103222540,0,106219119,0,t
103223437,1,115558912,3,u
103223437,1,115617305,3,u
103223437,1,115672790,3,u
103223437,2,115711534,3,u
103224369,0,102736683,0,t
103225376,0,107213814,0,u
103225376,0,109018179,0,r
103226445,1,106962020,4,u
103227838,0,106137745,0,t
103238156,0,105887537,0,t
103238599,1,106962020,4,u
103239862,0,106219119,0,t
103241133,1,107073253,2,u
103241133,3,115587945,1,u
103242635,1,106962020,4,u
103242943,1,106962020,4,u
103244530,0,109018179,0,r
103244721,1,106962020,4,u
103244896,1,106962020,4,u
103245101,1,106962020,4,u
103247908,1,106962020,4,u
103248449,0,106389447,0,u
103250594,1,106962020,4,u
103251290,0,100850152,0,t
103251464,1,106962020,4,u
103251778,1,106962020,4,u
103254603,2,115587945,1,u
103254603,4,107073253,2,u
103255348,1,115711534,3,u
103255348,2,115558912,3,u
103255348,2,115617305,3,u
103255348,2,115672790,3,u
103256438,1,106962020,4,u
103257555,0,106219119,0,t
103258492,0,109048144,0,r
103260869,2,107073253,2,u
103260869,3,115587945,1,u
103261628,1,115617305,3,u
103261628,1,115672790,3,u
103261628,2,115711534,3,u
103262606,0,106219119,0,t
103262795,0,106219119,0,t
103264542,0,106219119,0,t
103267162,1,106962020,4,u
103269679,0,109018179,0,r
103270308,0,108594855,0,t
103271333,0,108977963,0,r
103274485,0,106219119,0,t
103276093,0,109018179,0,r
103283844,1,115711534,3,u
103283844,2,115617305,3,u
103283844,2,115672790,3,u
103285407,0,106153998,0,t
103287491,0,106389447,0,u
103290593,0,106389447,0,u
103291788,0,108351716,0,t
103292640,0,108351716,0,t
103292780,0,100933832,0,t
103295041,0,106214013,0,t
103296635,0,106219119,0,t
103298192,0,100465604,0,t
103302759,4,107073253,2,u
103302759,5,115587945,1,u
103305547,0,106389447,0,u
103309515,0,106968144,0,u
103311360,0,106389447,0,u
103316595,0,106389447,0,u
103317011,0,108235469,0,t
103321887,0,106968144,0,u
103321887,0,109018179,0,r
103327422,0,107157953,0,t
103331509,0,106365377,0,t
103338135,0,108351716,0,t
103339121,1,106962020,4,u
103339363,1,106962020,4,u
103341510,1,106962020,4,u
103342569,0,104259275,0,t
103344264,0,106214013,0,t
103346544,0,101190226,0,t
103347390,0,106389447,0,u
103348709,0,106219119,0,t
103349462,1,106962020,4,u
103349462,2,106962020,4,u
103349462,3,106962020,4,u
103349462,4,106962020,4,u
103349462,5,106962020,4,u
103350702,0,100313133,0,t
103350864,1,106962020,4,u
103351858,0,101110137,0,t
103352370,1,106962020,4,u
103353165,1,106962020,4,u
103353866,1,106962020,4,u
103354006,1,106962020,4,u
103354794,1,106962020,4,u
103354794,2,106962020,4,u
103355123,1,106962020,4,u
103360888,1,107073253,2,u
103360888,2,107073253,2,u
103360888,3,115587945,1,u
103369022,0,103133660,0,t
103372762,0,109018179,0,r
103374326,1,106962020,4,u
103375203,0,106389447,0,u
103379392,0,106389447,0,u
103379392,0,108351716,0,t
103381412,1,106962020,4,u
103382898,1,106962020,4,u
103384626,0,105887537,0,t
103385750,1,115711534,3,u
103385750,2,115558912,3,u
103385750,2,115617305,3,u
103385750,2,115672790,3,u
103387931,0,108351716,0,t
103389612,0,108351716,0,t
103392094,0,106219119,0,t
103392327,1,115711534,3,u
103392327,2,115617305,3,u
103392327,2,115672790,3,u
103392953,0,106137745,0,t
103399434,0,108351716,0,t
103399585,0,108351716,0,t
103399765,0,107265016,0,u
103402141,0,106389447,0,u
103402811,0,106219119,0,t
103403123,0,106389447,0,u
103405271,0,100454831,0,t
103407648,0,109018179,0,r
103407968,0,103460989,0,t
103409037,0,106389447,0,u
103411785,0,106389447,0,u
103413841,1,107073253,2,u
103413841,2,115587945,1,u
103416292,0,106389447,0,u
103417035,0,109018179,0,r
103417135,1,106962020,4,u
103417632,0,105887537,0,t
103420733,3,115617305,3,u
103420733,3,115672790,3,u
103420733,4,115711534,3,u
103425744,1,106962020,4,u
103425744,2,106962020,4,u
103426180,1,106962020,4,u
103426349,1,106962020,4,u
103427492,1,106962020,4,u
103428938,0,107364312,0,t
103428938,0,109371541,0,r
103430411,0,101190226,0,t
103431913,0,106214013,0,t
103435015,0,106389447,0,u
103435360,0,109018179,0,r
103436130,0,106389447,0,u
103437607,0,106219119,0,t
103440256,0,106968144,0,u
103446629,0,103135384,0,t
103448059,0,109018179,0,r
103452971,0,106968144,0,u
103454150,0,109018179,0,r
103455074,0,109018179,0,r
103457309,0,108351716,0,t
103458062,5,115711534,3,u
103458062,6,115558912,3,u
103458062,6,115617305,3,u
103458062,6,115672790,3,u
103458628,0,104259275,0,t
103459209,0,107213814,0,u
103460529,0,106389447,0,u
103460859,0,106389447,0,u
103461861,1,106962020,4,u
103463708,0,109079557,0,r
103467775,0,115507338,0,t
103468206,0,106389447,0,u
103468728,0,101110137,0,t
103469128,0,100456193,0,t
103470570,0,109018179,0,r
103475883,0,108351716,0,t
103477092,0,108351716,0,t
103481280,0,104019300,0,t
103482408,0,106389447,0,u
103482526,0,107298952,0,u
103485433,0,106133372,0,t
103488427,1,106962020,4,u
103490766,1,106962020,4,u
103491566,0,107213814,0,u
103492578,0,107211994,0,u
103494792,0,109018179,0,r
103495468,1,106962020,4,u
103497222,1,106962020,4,u
103497374,1,106962020,4,u
103497374,2,106962020,4,u
103498449,0,100468705,0,t
103498449,0,100478884,0,t
103498987,0,109058568,0,r
103498987,0,109122335,0,r
103499356,0,106389447,0,u
103499829,0,106547793,0,t
103501732,0,100465604,0,t
103501992,0,100465604,0,t
103502296,0,100465604,0,t
103502688,0,100465604,0,t
103507373,0,106468605,0,t
103508907,1,115711534,3,u
103508907,2,115558912,3,u
103508907,2,115617305,3,u
103508907,2,115672790,3,u
103511726,1,115711534,3,u
103511726,2,115617305,3,u
103511726,2,115672790,3,u
103513327,0,109018179,0,r
103513434,0,109018179,0,r
103516323,1,106962020,4,u
103516768,0,106389447,0,u
103518243,0,100945551,0,t
103518396,0,111670113,0,t
103519915,1,106962020,4,u
103520406,0,108351716,0,t
103526062,0,108351716,0,t
103526062,0,109018179,0,r
103527814,0,109018179,0,r
103528072,0,100434272,0,t
103528636,0,109018179,0,r
103529657,0,115513511,0,t
103529806,0,106035426,0,t
103532524,0,109018179,0,r
103532701,0,106779878,0,t
103534407,0,108351716,0,t
103535234,0,109018179,0,r
103536022,1,106962020,4,u
103548194,1,115711534,3,u
103548194,2,115558912,3,u
103548194,2,115617305,3,u
103548194,2,115672790,3,u
103549099,0,109018179,0,r
103549353,0,106219119,0,t
103549684,0,108351716,0,t
103552536,0,106968144,0,u
103553617,0,101047273,0,t
103557934,0,106389447,0,u
103560597,0,106389447,0,u
103560597,0,108351716,0,t
103560900,0,106389447,0,u
103563418,0,107248485,0,u
103568036,0,100465604,0,t
103575891,0,109018179,0,r
103580755,0,106181353,0,t
103581702,0,107211994,0,u
103583330,0,100498994,0,t
103584005,0,106325702,0,t
103584260,2,115711534,3,u
103584260,3,115558912,3,u
103584260,3,115617305,3,u
103584260,3,115672790,3,u
103585113,0,100481629,0,t
103585252,0,109018179,0,r
103585392,0,100472330,0,t
103586351,1,115711534,3,u
103586351,2,115558912,3,u
103586351,2,115617305,3,u
103586351,2,115672790,3,u
103587477,1,115587945,1,u
103587477,4,107073253,2,u
103588296,0,105719107,0,t
103591399,0,106968144,0,u
103593708,0,100456193,0,t
103594174,0,107211994,0,u
103596890,0,109018179,0,r
103598016,0,108351716,0,t
103599717,0,106389447,0,u
103602190,0,106389447,0,u
103605805,0,106968144,0,u
103606759,0,108351716,0,t
103607026,0,108351716,0,t
103608775,1,106962020,4,u
103608775,2,106962020,4,u
103608775,3,106962020,4,u
103610314,1,106962020,4,u
103610514,1,106962020,4,u
103610737,1,106962020,4,u
103610737,2,106962020,4,u
103612032,0,109018179,0,r
103612891,1,106962020,4,u
103612891,2,106962020,4,u
103612891,3,106962020,4,u
103615261,0,106389447,0,u
103616159,1,106968144,1,u
103616159,2,106968144,1,u
103618520,1,106962020,4,u
103618520,2,106962020,4,u
103621498,0,106137745,0,t
103623240,0,102736683,0,t
103624010,1,106962020,4,u
103624320,0,106219119,0,t
103625338,1,106962020,4,u
103626342,1,106962020,4,u
103629323,0,106137745,0,t
103635229,0,106179912,0,t
103635450,0,106219119,0,t
103640942,1,106962020,4,u
103641085,0,106968144,0,u
103641231,0,106968144,0,u
103642287,0,106389447,0,u
103643480,0,109018179,0,r
103643761,0,106389447,0,u
103644292,1,106962020,4,u
103644565,2,106962020,4,u
103644724,1,106962020,4,u
103644896,1,106962020,4,u
103645536,1,106962020,4,u
103647984,0,100313133,0,t
103649132,2,115617305,3,u
103649132,2,115672790,3,u
103649132,3,115711534,3,u
103651452,0,106968144,0,u
103651663,0,106389447,0,u
103657015,0,109018179,0,r
103657336,0,106389447,0,u
103663836,0,106327647,0,t
103665191,0,109079557,0,r
103665489,1,106962020,4,u
103665637,0,107131682,0,t
103669264,1,106962020,4,u
103669264,2,106962020,4,u
103669264,3,106962020,4,u
103669508,1,106962020,4,u
103669508,2,106962020,4,u
103672751,0,109064024,0,r
103674795,0,106962020,0,u
103675062,0,100504023,0,t
103675300,0,100503738,0,t
103681872,0,100504023,0,t
103684208,0,106389447,0,u
103687061,0,109160337,0,r
103690836,0,108988927,0,r
103694725,0,109240125,0,r
103698547,0,100313133,0,t
103701943,0,106968144,0,u
103704108,0,108351716,0,t
103706103,0,108938608,0,r
103706103,0,115507338,0,t
103706587,0,106547793,0,t
103709250,0,100313133,0,t
103711389,1,106962020,4,u
103712598,1,106968144,1,u
103712598,2,106968144,1,u
103713141,0,107213814,0,u
103715676,1,106962020,4,u
103717427,1,106968144,1,u
103719182,0,109018179,0,r
103719337,0,106962020,0,u
103720754,0,109018179,0,r
103725672,0,106219119,0,t
103726196,0,106968144,0,u
103726760,0,106389447,0,u
103727279,0,106189791,0,t
103728015,1,106962020,4,u
103730103,1,115558912,3,u
103730103,1,115617305,3,u
103730103,1,115672790,3,u
103730103,2,115711534,3,u
103732132,0,106389447,0,u
103732272,0,106968144,0,u
103732776,1,106968144,1,u
103732776,2,106968144,1,u
103733448,0,106389447,0,u
103734937,1,106962020,4,u
103734937,2,106962020,4,u
103736376,1,115711534,3,u
103736376,2,115558912,3,u
103736376,2,115617305,3,u
103736376,2,115672790,3,u
103737107,0,106389447,0,u
103737435,4,115711534,3,u
103737435,5,115558912,3,u
103737435,5,115617305,3,u
103737435,5,115672790,3,u
103738154,0,106968144,0,u
103742041,0,106389447,0,u
103743457,0,109018179,0,r
103746022,0,106389447,0,u
103746022,0,107213814,0,u
103747835,1,106962020,4,u
103750560,2,115711534,3,u
103750560,3,115558912,3,u
103750560,3,115617305,3,u
103750560,3,115672790,3,u
103751049,1,106962020,4,u
103752450,1,106962020,4,u
103752721,0,109018179,0,r
103753412,0,100313133,0,t
103753817,0,106968144,0,u
103754025,2,115587945,1,u
103754025,4,107073253,2,u
103755096,0,109018179,0,r
103761530,0,109018179,0,r
103763451,0,103301037,0,t
103764190,0,106181353,0,t
103765226,0,106219119,0,t
103765464,0,106219119,0,t
103765464,1,115617305,3,u
103765464,1,115672790,3,u
103765464,2,115711534,3,u
103766039,0,104259275,0,t
103770477,0,107213814,0,u
103772025,0,109087646,0,r
103772430,0,100491318,0,t
103775548,0,106329660,0,t
103775548,0,106333094,0,t
103776948,1,106962020,4,u
103779527,0,109206390,0,r
103783646,0,106327647,0,t
103784396,0,106968144,0,u
103785123,0,100850152,0,t
103789062,0,108351716,0,t
103795501,0,109018179,0,r
103795938,1,106968144,1,u
103795938,2,106968144,1,u
103798318,1,106962020,4,u
103798509,1,106962020,4,u
103799451,0,106133372,0,t
103802396,0,109439993,0,r
103802957,1,106962020,4,u
103805164,0,106181353,0,t
103805316,0,106191300,0,t
103805457,0,106325702,0,t
103805607,0,106325702,0,t
103806555,1,106962020,4,u
103806733,1,106962020,4,u
103806960,1,106962020,4,u
103807198,1,106962020,4,u
103807198,2,106962020,4,u
103807198,3,106962020,4,u
103807908,1,106962020,4,u
103810564,0,108351716,0,t
103811089,0,108594855,0,t
103812148,1,106962020,4,u
103813013,2,115573598,1,u
103813013,2,115587945,1,u
103813194,1,106962020,4,u
103813363,1,106968144,1,u
103814359,1,106962020,4,u
103814516,1,106962020,4,u
103814677,1,106962020,4,u
103814677,2,106962020,4,u
103815082,1,106962020,4,u
103815528,1,106962020,4,u
103816161,1,106962020,4,u
103816977,1,106962020,4,u
103817272,0,109018179,0,r
103817474,1,106962020,4,u
103818163,0,107298952,0,u
103818269,1,106962020,4,u
103821436,1,106962020,4,u
103822025,0,106327647,0,t
103822193,0,106327647,0,t
103822400,1,106962020,4,u
103822573,0,108351716,0,t
103822724,0,108351716,0,t
103822994,0,108351716,0,t
103823318,0,106389447,0,u
103823318,0,108351716,0,t
103823559,0,108351716,0,t
103823867,0,108351716,0,t
103824413,0,109018179,0,r
103827068,1,106968144,1,u
103827068,2,106968144,1,u
103829022,0,115513511,0,t
103829592,0,109018179,0,r
103829710,0,109018179,0,r
103830689,1,106962020,4,u
103830884,0,100491318,0,t
103831699,0,109018179,0,r
103832039,0,108351716,0,t
103833610,1,115711534,3,u
103833610,2,115558912,3,u
103833610,2,115617305,3,u
103833610,2,115672790,3,u
103833840,1,115711534,3,u
103833840,2,115558912,3,u
103833840,2,115617305,3,u
103833840,2,115672790,3,u
103834253,1,115711534,3,u
103834253,3,115558912,3,u
103834253,3,115617305,3,u
103834253,3,115672790,3,u
103834541,1,106962020,4,u
103834710,1,106962020,4,u
103837066,0,109018179,0,r
103837508,0,106968144,0,u
103838407,0,106214013,0,t
103838765,0,103133660,0,t
103839318,2,115711534,3,u
103839318,3,115558912,3,u
103839318,3,115617305,3,u
103839318,3,115672790,3,u
103839645,2,115711534,3,u
103839645,3,115617305,3,u
103839645,3,115672790,3,u
103839645,4,115711534,3,u
103839645,6,115558912,3,u
103839645,6,115617305,3,u
103839645,6,115672790,3,u
103841137,1,106962020,4,u
103844563,0,108235469,0,t
103844768,0,102906320,0,t
103847601,1,115558912,3,u
103847601,1,115617305,3,u
103847601,1,115672790,3,u
103847601,2,115711534,3,u
103848565,0,106327647,0,t
103848868,0,106382527,0,u
103852740,0,100472330,0,t
103854378,0,106389447,0,u
103855811,0,100446351,0,t
103858245,0,107123252,0,t
103862093,2,115711534,3,u
103862093,3,115558912,3,u
103862093,3,115617305,3,u
103862093,3,115672790,3,u
103864684,1,106962020,4,u
103864947,1,106962020,4,u
103867017,1,106962020,4,u
103867688,1,106962020,4,u
103867688,2,106962020,4,u
103867970,0,106389447,0,u
103868173,0,100850152,0,t
103868550,1,106962020,4,u
103868799,1,106968144,1,u
103868799,2,106968144,1,u
103868799,3,106968144,1,u
103872818,0,108351716,0,t
103874445,0,108351716,0,t
103874575,0,109018179,0,r
103877307,0,106389447,0,u
103877839,1,106962020,4,u
103878867,1,106962020,4,u
103879620,1,106962020,4,u
103881095,0,100468705,0,t
103881095,0,100478884,0,t
103881251,0,106370325,0,t
103881505,0,106189791,0,t
103884361,0,107298952,0,u
103884361,0,109018179,0,r
103884835,1,106962020,4,u
103885901,1,106389447,1,u
103886609,0,100850152,0,t
103887283,1,106962020,4,u
103887947,0,106219119,0,t
103888670,0,106219119,0,t
103891234,1,106962020,4,u
103894661,0,106181353,0,t
103897811,1,106962020,4,u
103897811,2,106962020,4,u
103903745,2,115711534,3,u
103903745,3,115558912,3,u
103903745,3,115617305,3,u
103903745,3,115672790,3,u
103906279,0,106133372,0,t
103907000,0,108351716,0,t
103910993,3,115711534,3,u
103910993,4,115558912,3,u
103910993,4,115617305,3,u
103910993,4,115672790,3,u
103912855,1,115711534,3,u
103912855,2,115558912,3,u
103912855,2,115617305,3,u
103912855,2,115672790,3,u
103912855,3,115711534,3,u
103912855,4,115558912,3,u
103912855,4,115617305,3,u
103912855,4,115672790,3,u
103914710,0,105887537,0,t
103916440,0,109087646,0,r
103916732,0,106968144,0,u
103917124,1,106962020,4,u
103921545,0,111670113,0,t
103921717,0,108351716,0,t
103924274,0,109018179,0,r
103925536,0,100313133,0,t
103928677,1,106962020,4,u
103928837,1,106962020,4,u
103929206,0,109018179,0,r
103930237,1,106962020,4,u
103930415,1,106962020,4,u
103930582,1,106968144,1,u
103931298,0,100450091,0,t
103932448,0,106389447,0,u
103937535,0,102906320,0,t
103938655,0,106389447,0,u
103941349,0,108235469,0,t
103942754,0,109018179,0,r
103942845,0,108129391,0,t
103943831,2,115711534,3,u
103943831,3,115617305,3,u
103943831,3,115672790,3,u
103944941,0,109018179,0,r
103945916,0,109018179,0,r
103946055,0,108938608,0,r
103946055,0,108964712,0,r
103946055,0,115507338,0,t
103946305,0,106389447,0,u
103947301,0,108924633,0,r
103947485,1,106962020,4,u
103949853,0,106389447,0,u
103952328,0,109018179,0,r
103952781,1,115711534,3,u
103952781,2,115558912,3,u
103952781,2,115617305,3,u
103952781,2,115672790,3,u
103953170,1,106962020,4,u
103956081,1,115711534,3,u
103956081,2,115558912,3,u
103956081,2,115617305,3,u
103956081,2,115672790,3,u
103960495,0,109018179,0,r
103963005,2,115711534,3,u
103963005,3,115558912,3,u
103963005,3,115617305,3,u
103963005,3,115672790,3,u
103963190,0,115513511,0,t
103963602,0,100504023,0,t
103965585,0,106389447,0,u
103966076,2,115587945,1,u
103968484,0,109018179,0,r
103969801,0,100464246,0,t
103971728,1,106962020,4,u
103973144,1,106962020,4,u
103974221,1,106962020,4,u
103974572,1,106962020,4,u
103975037,1,106962020,4,u
103975345,1,106962020,4,u
103978646,0,106219119,0,t
103980254,1,106962020,4,u
103981053,0,108351716,0,t
103983294,1,106962020,4,u
103983710,1,106962020,4,u
103984373,1,106962020,4,u
103984522,1,106962020,4,u
103984683,1,106962020,4,u
103985525,0,106968144,0,u
103986030,1,115617305,3,u
103986030,1,115672790,3,u
103986030,2,115711534,3,u
103989523,1,106968144,1,u
103989523,2,106968144,1,u
103992311,0,108351716,0,t
103996340,0,106214013,0,t
103999212,0,100850152,0,t
103999755,0,109018179,0,r
104004590,1,106962020,4,u
104005631,0,106214013,0,t
104008901,1,106962020,4,u
104010410,1,106962020,4,u
104010611,0,100441222,0,t
104010716,0,101190226,0,t
104012138,0,100450091,0,t
104014672,0,106219119,0,t
104019001,0,104259275,0,t
104024939,0,108351716,0,t
104025897,0,109018179,0,r
104027906,1,115711534,3,u
104027906,2,115558912,3,u
104027906,2,115617305,3,u
104027906,2,115672790,3,u
104027906,6,115573598,1,u
104027906,6,115587945,1,u
104029324,0,106133372,0,t
104029549,0,106389447,0,u
104029861,0,109018179,0,r
104029987,0,103133660,0,t
104030153,1,115617305,3,u
104030153,1,115672790,3,u
104030153,2,115711534,3,u
104031301,0,109018179,0,r
104033109,0,100465604,0,t
104033109,0,106389447,0,u
104033630,0,106401978,0,u
104034517,1,106962020,4,u
104037417,0,109018179,0,r
104039014,0,106962020,0,u
104039213,1,106962020,4,u
104039213,2,106962020,4,u
104042625,1,106962020,4,u
104044365,0,102906320,0,t
104047707,0,104259275,0,t
104060779,1,106962020,4,u
104061132,0,106325702,0,t
104061324,1,106962020,4,u
104063481,0,100524699,0,t
104065820,1,106962020,4,u
104067692,0,106219119,0,t
104069652,1,106962020,4,u
104069878,1,106962020,4,u
104070435,1,106962020,4,u
104073309,1,106962020,4,u
104074388,1,106962020,4,u
104075832,1,106962020,4,u
104079700,0,106389447,0,u
104081434,0,109018179,0,r
104082370,0,106389447,0,u
104083652,0,109018179,0,r
104086092,0,106389447,0,u
104087288,0,106389447,0,u
104088013,0,109018179,0,r
104090047,0,109018179,0,r
104091072,0,107213814,0,u
104093931,0,106779878,0,t
104095160,0,108351716,0,t
104095518,0,109018179,0,r
104096563,0,100504023,0,t
104097917,1,106962020,4,u
104098160,1,106962020,4,u
104098160,2,106962020,4,u
104100370,0,106389447,0,u
104101403,0,109018179,0,r
104109436,1,115711534,3,u
104109436,2,115617305,3,u
104109436,2,115672790,3,u
104111947,1,107073253,2,u
104111947,3,115587945,1,u
104114535,0,106219119,0,t
104115003,1,106962020,4,u
104117930,1,106962020,4,u
104118501,0,106389447,0,u
104119530,0,107213814,0,u
104119796,0,100313133,0,t
104120426,0,107213814,0,u
104122174,0,106219119,0,t
104122640,0,106219119,0,t
104126599,0,108351716,0,t
104126762,0,108351716,0,t
104129978,0,107213814,0,u
104129978,0,109018179,0,r
104130431,0,108351716,0,t
104135348,0,106389447,0,u
104135348,0,108351716,0,t
104135831,0,106219119,0,t
104140061,0,106218573,0,t
104142245,1,106962020,4,u
104142245,2,106962020,4,u
104142245,3,106962020,4,u
104142245,4,106962020,4,u
104151670,1,106962020,4,u
104152489,0,106389447,0,u
104154272,1,106962020,4,u
104154272,2,106962020,4,u
104156691,0,100481629,0,t
104157450,0,106389447,0,u
104159336,0,107213814,0,u
104161517,0,103007214,0,t
104163947,0,108351716,0,t
104165346,1,106962020,4,u
104166514,0,106968144,0,u
104168288,0,102736683,0,t
104168288,0,104535150,0,t
104168517,0,106968144,0,u
104174090,0,103460989,0,t
104174827,0,106219119,0,t
104178987,0,106468605,0,t
104179277,0,106219119,0,t
104179889,0,109018179,0,r
104181649,0,100313133,0,t
104182350,0,109087646,0,r
104185945,0,101190226,0,t
104185945,1,115711534,3,u
104185945,2,115558912,3,u
104185945,2,115617305,3,u
104185945,2,115672790,3,u
104193016,1,107073253,2,u
104193016,2,115587945,1,u
104195763,1,115711534,3,u
104195763,2,115558912,3,u
104195763,2,115617305,3,u
104195763,2,115672790,3,u
104196442,0,106389447,0,u
104198148,2,115587945,1,u
104198148,3,107073253,2,u
104199028,3,115587945,1,u
104200004,0,100850152,0,t
104200004,1,106962020,4,u
104200004,3,115587945,1,u
104200418,1,106962020,4,u
104210479,0,107298952,0,u
104212816,0,106389447,0,u
104215958,0,103133660,0,t
104218198,0,106219119,0,t
104221861,0,109018179,0,r
104224438,0,100313133,0,t
104228325,0,106389447,0,u
104228325,0,109018179,0,r
104228535,1,106962020,4,u
104230606,0,107213814,0,u
104230906,0,106219119,0,t
104232994,1,106968144,1,u
104232994,2,106968144,1,u
104232994,3,106968144,1,u
104238324,0,106170029,0,t
104239666,1,106962020,4,u
104239960,0,106219119,0,t
104243142,0,106389447,0,u
104247576,0,106214013,0,t
104251734,0,106389447,0,u
104252950,0,109018179,0,r
104253254,0,100313133,0,t
104254738,0,106968144,0,u
104258538,0,106219119,0,t
104258728,0,109017229,0,r
104261807,0,108212436,0,t
104265046,0,100488880,0,t
104266343,0,109079557,0,r
104266779,0,109018179,0,r
104267038,0,107213814,0,u
104270385,0,106389447,0,u
104274899,0,103007214,0,t
104278199,0,104259275,0,t
104280507,1,115587945,1,u
104280507,2,107073253,2,u
104282707,2,115587945,1,u
104283544,1,106962020,4,u
104284346,0,106968144,0,u
104284741,0,106389447,0,u
104285505,0,108351716,0,t
104287155,1,106962020,4,u
104288468,1,115587945,1,u
104288468,2,107073253,2,u
104294355,0,109018179,0,r
104294443,0,109018179,0,r
104297190,0,106389447,0,u
104297190,0,106968144,0,u
104299047,0,106389447,0,u
104300317,0,109206390,0,r
104305982,0,109018179,0,r
104306273,0,106389447,0,u
104307490,0,106144820,0,t
104308110,0,109018179,0,r
104309133,0,103133660,0,t
104310914,0,106389447,0,u
104312417,0,108351716,0,t
104315612,0,108351716,0,t
104315861,0,106389447,0,u
104315987,0,106968144,0,u
104318692,0,106389447,0,u
104319707,0,106389447,0,u
104327465,0,107157953,0,t
104332586,0,106214013,0,t
104334426,0,103007214,0,t
104337412,0,106389447,0,u
104339694,0,100850152,0,t
104348100,0,100462908,0,t
104348428,0,106968144,0,u
104350171,0,106389447,0,u
104355534,0,100313133,0,t
104361026,0,106389447,0,u
104363626,0,106389447,0,u
104365154,0,109018179,0,r
104368443,0,106968144,0,u
104370247,0,100763711,0,t
104370758,0,109018179,0,r
104372854,0,100313133,0,t
104377925,0,101047273,0,t
104378713,0,103851641,0,t
104380015,0,109018179,0,r
104382417,0,100313133,0,t
104383642,0,100464246,0,t
104383642,0,100468705,0,t
104383642,0,100478261,0,t
104389349,0,106389447,0,u
104390063,0,106389447,0,u
104390289,0,106389447,0,u
104390458,0,106389447,0,u
104390957,0,100313133,0,t
104392872,0,107157953,0,t
104393373,0,100491318,0,t
104401019,1,107073253,2,u
104401019,2,115587945,1,u
104401019,3,115587945,1,u
104401296,0,106389447,0,u
104402248,0,100449869,0,t
104402890,0,106389447,0,u
104406731,0,109018179,0,r
104411619,0,100477011,0,t
104415407,1,106962020,4,u
104417500,1,106962020,4,u
104418740,1,106962020,4,u
104419134,1,106962020,4,u
104420839,0,107213814,0,u
104421408,0,106389447,0,u
104421780,0,106389447,0,u
104422676,3,115711534,3,u
104422676,4,115558912,3,u
104422676,4,115617305,3,u
104422676,4,115672790,3,u
104429862,0,109018179,0,r
104433840,0,106389447,0,u
104433999,0,108988927,0,r
104435938,1,115587945,1,u
104435938,2,107073253,2,u
104436197,0,106389447,0,u
104437343,0,106389447,0,u
104440672,0,106325702,0,t
104442355,0,107157953,0,t
104444651,0,106325702,0,t
104448357,1,115711534,3,u
104448357,2,115558912,3,u
104448357,2,115617305,3,u
104448357,2,115672790,3,u
104449636,1,106962020,4,u
104450316,0,106389447,0,u
104452781,0,100945551,0,t
104454048,0,106962020,0,u
104454278,0,100850152,0,t
104455168,0,108351716,0,t
104457008,0,109018179,0,r
104457411,0,100428677,0,t
104460172,0,100649027,0,t
104462409,0,109048144,0,r
104464680,0,109018179,0,r
104464680,1,115711534,3,u
104464680,2,115558912,3,u
104464680,2,115617305,3,u
104464680,2,115672790,3,u
104469855,0,106968144,0,u
104470761,0,106370908,0,t
104472274,0,106370908,0,t
104473380,1,106962020,4,u
104473630,1,115711534,3,u
104473630,2,115558912,3,u
104473630,2,115617305,3,u
104473630,2,115672790,3,u
104474274,0,108129391,0,t
104478846,1,106962020,4,u
104479023,1,106962020,4,u
104480019,0,106214013,0,t
104480265,0,109018179,0,r
104482821,1,106962020,4,u
104484172,0,107142932,0,t
104484172,2,115711534,3,u
104484172,3,115558912,3,u
104484172,3,115617305,3,u
104484172,3,115672790,3,u
104485754,1,106962020,4,u
104485754,1,106968144,1,u
104485754,2,106962020,4,u
104485754,2,106968144,1,u
104485754,3,106962020,4,u
104485754,3,106968144,1,u
104490461,1,106962020,4,u
104491222,0,106389447,0,u
104491466,1,106962020,4,u
104491792,1,106962020,4,u
104492186,1,106962020,4,u
104496339,0,103133660,0,t
104498328,1,115587945,1,u
104498328,3,107073253,2,u
104501553,0,106389447,0,u
104505363,1,106962020,4,u
104505743,0,106145266,0,t
104507388,1,115711534,3,u
104507388,2,115617305,3,u
104507388,2,115672790,3,u
104507978,1,106962020,4,u
104508224,0,109018179,0,r
104510329,1,106962020,4,u
104510659,1,106962020,4,u
104511086,0,100465604,0,t
104511895,0,108964712,0,r
104511895,0,115507338,0,t
104512903,0,106389447,0,u
104513017,1,107073253,2,u
104513017,7,115587945,1,u
104513300,0,115102245,0,t
104513642,0,109018179,0,r
104513826,0,100850152,0,t
104513826,0,106820300,0,u
104513826,0,115102245,0,t
104515557,1,106962020,4,u
104515872,1,106962020,4,u
104516842,1,106962020,4,u
104517795,0,106389447,0,u
104522971,0,106389447,0,u
104525527,0,109206390,0,r
104527734,0,106530311,0,t
104528421,0,100313133,0,t
104529962,0,106152817,0,t
104531338,0,106219119,0,t
104537182,1,106962020,4,u
104538813,0,106189791,0,t
104541368,0,108351716,0,t
104541647,0,100009618,0,t
104543832,1,106962020,4,u
104547502,0,106389447,0,u
104547845,1,106962020,4,u
104548593,1,106962020,4,u
104549016,0,109087646,0,r
104549016,1,115711534,3,u
104549016,2,115558912,3,u
104549016,2,115617305,3,u
104549016,2,115672790,3,u
104554036,0,108938608,0,r
104554399,1,107073253,2,u
104554399,3,115587945,1,u
104555080,0,108351716,0,t
104556364,0,106389447,0,u
104558290,0,100488880,0,t
104560016,0,106133372,0,t
104562518,0,109018179,0,r
104562777,0,108988927,0,r
104562929,0,109018179,0,r
104565475,0,103007214,0,t
104568549,1,115587945,1,u
104568549,2,107073253,2,u
104573894,0,109240125,0,r
104574500,0,106968144,0,u
104575667,0,109018179,0,r
104576094,0,106389447,0,u
104576794,0,106389447,0,u
104583738,0,115102245,0,t
104584243,0,100763711,0,t
104586674,1,106962020,4,u
104588300,0,109018179,0,r
104588438,1,106962020,4,u
104590129,0,106968144,0,u
104591832,0,106214013,0,t
104592451,0,106968144,0,u
104595665,1,106962020,4,u
104595665,2,106962020,4,u
104596113,0,109018179,0,r
104601392,0,106968144,0,u
104603435,0,109018179,0,r
104603545,1,106962020,4,u
104603737,1,106962020,4,u
104605830,0,106219119,0,t
104606463,2,115558912,3,u
104606463,2,115617305,3,u
104606463,2,115672790,3,u
104606463,3,115711534,3,u
104607101,0,103133660,0,t
104607101,0,109018179,0,r
104607455,0,106968144,0,u
104610787,0,106389447,0,u
104613543,1,106962020,4,u
104613543,2,106962020,4,u
104614412,0,106968144,0,u
104618807,0,108351716,0,t
104619344,1,106962020,4,u
104619777,0,106473364,0,t
104620236,0,107213814,0,u
104620487,0,108351716,0,t
104620835,0,108351716,0,t
104621824,0,109018179,0,r
104626659,1,115711534,3,u
104626659,2,115558912,3,u
104626659,2,115617305,3,u
104626659,2,115672790,3,u
104626659,3,115711534,3,u
104626659,4,115558912,3,u
104626659,4,115617305,3,u
104626659,4,115672790,3,u
104627037,1,115711534,3,u
104627037,2,115558912,3,u
104627037,2,115617305,3,u
104627037,2,115672790,3,u
104627037,3,115711534,3,u
104627037,4,115558912,3,u
104627037,4,115617305,3,u
104627037,4,115672790,3,u
104631999,0,106389447,0,u
104632229,0,106389447,0,u
104634457,0,108351716,0,t
104635055,0,108351716,0,t
104635716,0,106209103,0,t
104638316,0,100465604,0,t
104638708,0,106968144,0,u
104639044,0,106389447,0,u
104641891,1,106968144,1,u
104645787,0,109018179,0,r
104648498,0,100503738,0,t
104648498,0,100504023,0,t
104649005,0,106389447,0,u
104650107,0,100850152,0,t
104652587,1,106968144,1,u
104652587,2,106968144,1,u
104654023,0,109018179,0,r
104654193,0,109018179,0,r
104654547,0,106968144,0,u
104657323,0,106219119,0,t
104659155,1,115587945,1,u
104659155,2,107073253,2,u
104666674,0,109018179,0,r
104669872,0,109018179,0,r
104671553,0,106389447,0,u
104672722,0,100763711,0,t
104680459,0,106389447,0,u
104680600,0,100469197,0,t
104682744,1,106962020,4,u
104683049,0,108948938,0,r
104684260,0,105863515,0,t
104685720,0,106165936,0,t
104685910,0,106165936,0,t
104687858,0,100706981,0,t
104688195,0,100706981,0,t
104688721,0,100706981,0,t
104688991,2,115711534,3,u
104688991,3,115558912,3,u
104688991,3,115617305,3,u
104688991,3,115672790,3,u
104690591,0,106227072,0,t
104690816,0,106227072,0,t
104691069,0,106227072,0,t
104693142,0,107211994,0,u
104694137,0,100850152,0,t
104694387,0,106151255,0,t
104696808,0,107079350,0,u
104702087,3,115711534,3,u
104702087,4,115558912,3,u
104702087,4,115617305,3,u
104702087,4,115672790,3,u
104708662,4,115711534,3,u
104708662,6,115558912,3,u
104708662,6,115617305,3,u
104708662,6,115672790,3,u
104715378,0,106146319,0,t
104719209,1,115711534,3,u
104719209,2,115558912,3,u
104719209,2,115617305,3,u
104719209,2,115672790,3,u
104737280,0,106820300,0,u
104740982,0,100850152,0,t
104744182,1,115711534,3,u
104744182,2,115558912,3,u
104744182,2,115617305,3,u
104744182,2,115672790,3,u
104745831,0,106185544,0,t
104746404,0,106389447,0,u
104747117,0,106227072,0,t
104747117,0,111308433,0,t
104747353,1,115711534,3,u
104747353,2,115558912,3,u
104747353,2,115617305,3,u
104747353,2,115672790,3,u
104747896,0,108594855,0,t
104748403,2,115558912,3,u
104748403,2,115617305,3,u
104748403,2,115672790,3,u
104748403,3,115711534,3,u
104749740,0,100495504,0,t
104750359,0,106173708,0,t
104750500,0,114288372,0,t
104751791,0,106151255,0,t
104754867,1,115711534,3,u
104754867,2,115558912,3,u
104754867,2,115617305,3,u
104754867,2,115672790,3,u
104759962,0,106820300,0,u
104766216,0,106151255,0,t
104768440,0,106214013,0,t
104770946,1,115711534,3,u
104770946,2,115558912,3,u
104770946,2,115617305,3,u
104770946,2,115672790,3,u
104780419,4,115711534,3,u
104780419,6,115558912,3,u
104780419,6,115617305,3,u
104780419,6,115672790,3,u
104793708,0,106234392,0,t
104793858,0,106234392,0,t
104798563,1,115711534,3,u
104798563,2,115558912,3,u
104798563,2,115617305,3,u
104798563,2,115672790,3,u
104803480,1,115711534,3,u
104803480,2,115558912,3,u
104803480,2,115617305,3,u
104803480,2,115672790,3,u
104805732,0,100850152,0,t
104807257,0,106094474,0,t
104809934,0,106090243,0,t
104810201,0,106181353,0,t
104815136,0,106127926,0,t
104815620,0,106127926,0,t
104817405,1,115711534,3,u
104817405,2,115558912,3,u
104817405,2,115617305,3,u
104817405,2,115672790,3,u
104821631,0,106127926,0,t
104824956,0,107298952,0,u
104824956,0,109018179,0,r
104827752,0,106389447,0,u
104833261,0,107213814,0,u
104835298,3,115617305,3,u
104835298,3,115672790,3,u
104835298,5,115711534,3,u
104840628,1,115617305,3,u
104840628,1,115672790,3,u
104840628,2,115711534,3,u
104846935,0,104193374,0,t
104854080,0,109018179,0,r
104855698,2,115711534,3,u
104855698,3,115558912,3,u
104855698,3,115617305,3,u
104855698,3,115672790,3,u
104857366,0,106255232,0,t
104857585,0,106255232,0,t
104859531,1,115617305,3,u
104859531,1,115672790,3,u
104859531,2,115711534,3,u
104861117,1,115558912,3,u
104861117,1,115617305,3,u
104861117,1,115672790,3,u
104861117,2,115711534,3,u
104873802,0,106035426,0,t
104875734,0,106090243,0,t
104877844,0,106318834,0,t
104878359,0,106318834,0,t
104879757,0,106389447,0,u
104880196,0,103851641,0,t
104882230,0,108594855,0,t
104883938,0,108594855,0,t
104884634,1,115617305,3,u
104884634,1,115672790,3,u
104884634,2,115711534,3,u
104886916,5,115711534,3,u
104886916,6,115558912,3,u
104886916,6,115617305,3,u
104886916,6,115672790,3,u
104887935,0,107213814,0,u
104892043,0,100616586,0,t
104895497,0,100616586,0,t
104901737,0,100009618,0,t
104905056,0,106461373,0,t
104907447,0,106820300,0,u
104912550,0,106820300,0,u
104913608,0,106276100,0,t
104918647,0,106820300,0,u
104920733,0,106064968,0,t
104922972,1,115711534,3,u
104922972,2,115558912,3,u
104922972,2,115617305,3,u
104922972,2,115672790,3,u
104923665,0,100850152,0,t
104924828,0,100850152,0,t
104924828,0,106820300,0,u
104925721,0,106820300,0,u
104930980,5,115711534,3,u
104930980,7,115558912,3,u
104930980,7,115617305,3,u
104930980,7,115672790,3,u
104933705,0,106820300,0,u
104935609,0,106389447,0,u
104940849,0,107211994,0,u
104942515,1,115711534,3,u
104942515,2,115558912,3,u
104942515,2,115617305,3,u
104942515,2,115672790,3,u
104945169,2,115711534,3,u
104945169,3,115558912,3,u
104945169,3,115617305,3,u
104945169,3,115672790,3,u
104947464,1,115711534,3,u
104947464,2,115558912,3,u
104947464,2,115617305,3,u
104947464,2,115672790,3,u
104958438,0,100850152,0,t
104958438,0,106820300,0,u
104959443,0,106820300,0,u
104961175,0,106820300,0,u
104965048,0,106820300,0,u
104965818,1,115617305,3,u
104965818,1,115672790,3,u
104965818,2,115711534,3,u
104971643,1,115711534,3,u
104971643,2,115558912,3,u
104971643,2,115617305,3,u
104971643,2,115672790,3,u
104972044,0,106389447,0,u
104976881,0,100850152,0,t
104977361,0,100850152,0,t
104990345,0,107079350,0,u
104992231,0,106181353,0,t
104992662,0,106189791,0,t
104995360,0,106181353,0,t
104997003,0,106165936,0,t
104997262,0,106165936,0,t
104997689,0,106165936,0,t
105006274,0,107213814,0,u
105007285,0,106219119,0,t
105007622,0,106219119,0,t
105007936,0,106219119,0,t
105019790,0,106174934,0,t
105019987,0,106160931,0,t
105025832,0,106248356,0,t
105026481,1,115617305,3,u
105026481,1,115672790,3,u
105026481,2,115617305,3,u
105026481,2,115672790,3,u
105026481,3,115711534,3,u
105026481,4,115711534,3,u
105030092,1,115711534,3,u
105030092,2,115558912,3,u
105030092,2,115617305,3,u
105030092,2,115672790,3,u
105030405,2,115711534,3,u
105030405,3,115558912,3,u
105030405,3,115617305,3,u
105030405,3,115672790,3,u
105030405,4,115711534,3,u
105030405,5,115558912,3,u
105030405,5,115617305,3,u
105030405,5,115672790,3,u
105032231,1,115711534,3,u
105032231,2,115711534,3,u
105032231,3,115558912,3,u
105032231,3,115617305,3,u
105032231,3,115672790,3,u
105032231,4,115558912,3,u
105032231,4,115617305,3,u
105032231,4,115672790,3,u
105032983,1,115711534,3,u
105032983,2,115558912,3,u
105032983,2,115617305,3,u
105032983,2,115672790,3,u
105034962,0,106133372,0,t
105035573,1,115711534,3,u
105035573,2,115558912,3,u
105035573,2,115617305,3,u
105035573,2,115672790,3,u
105035573,3,115711534,3,u
105035573,4,115558912,3,u
105035573,4,115617305,3,u
105035573,4,115672790,3,u
105036132,1,115711534,3,u
105036132,2,115558912,3,u
105036132,2,115617305,3,u
105036132,2,115672790,3,u
105037820,1,115711534,3,u
105037820,3,115617305,3,u
105037820,3,115672790,3,u
105043064,1,115711534,3,u
105043064,2,115558912,3,u
105043064,2,115617305,3,u
105043064,2,115672790,3,u
105051162,1,115711534,3,u
105051162,2,115558912,3,u
105051162,2,115617305,3,u
105051162,2,115672790,3,u
105053527,2,115711534,3,u
105053527,3,115558912,3,u
105053527,3,115617305,3,u
105053527,3,115672790,3,u
105055194,0,106219119,0,t
105055194,1,115711534,3,u
105055194,2,115558912,3,u
105055194,2,115617305,3,u
105055194,2,115672790,3,u
105055194,3,115711534,3,u
105055194,4,115558912,3,u
105055194,4,115617305,3,u
105055194,4,115672790,3,u
105055577,0,106173708,0,t
105056800,2,115711534,3,u
105056800,3,115558912,3,u
105056800,3,115617305,3,u
105056800,3,115672790,3,u
105057578,0,106820300,0,u
105057861,2,115711534,3,u
105057861,3,115558912,3,u
105057861,3,115617305,3,u
105057861,3,115672790,3,u
105058816,0,107157953,0,t
105059513,0,107232164,0,t
105063936,0,106264588,0,t
105064409,0,107157953,0,t
105064673,0,107157953,0,t
105064673,2,115711534,3,u
105064673,3,115558912,3,u
105064673,3,115617305,3,u
105064673,3,115672790,3,u
105065625,1,115711534,3,u
105065625,3,115558912,3,u
105065625,3,115617305,3,u
105065625,3,115672790,3,u
105067735,0,107157953,0,t
105068339,0,107157953,0,t
105068503,0,107157953,0,t
105068852,1,115711534,3,u
105068852,2,115558912,3,u
105068852,2,115617305,3,u
105068852,2,115672790,3,u
105070657,0,114835149,0,t
105081597,0,106820300,0,u
105084276,0,100850152,0,t
105087675,0,106181353,0,t
105088775,0,106189791,0,t
105089885,0,106205137,0,t
105090198,0,106205137,0,t
105090817,0,106189209,0,t
105095406,0,106209103,0,t
105097166,0,106181353,0,t
105097686,0,106189791,0,t
105097892,1,115617305,3,u
105097892,1,115672790,3,u
105097892,2,115711534,3,u
105100644,0,100465604,0,t
105102673,0,106181353,0,t
105102871,0,106181353,0,t
105103262,0,106181353,0,t
105103435,0,106181353,0,t
105103677,0,106174934,0,t
105103913,0,106181353,0,t
105104054,0,106174934,0,t
105108620,3,115711534,3,u
105108620,4,115558912,3,u
105108620,4,115617305,3,u
105108620,4,115672790,3,u
105110230,0,107213814,0,u
105110925,0,107298952,0,u
105112352,0,106174934,0,t
105112868,0,106127926,0,t
105113143,0,108351716,0,t
105113840,2,115711534,3,u
105113840,3,115558912,3,u
105113840,3,115617305,3,u
105113840,3,115672790,3,u
105115608,0,100850152,0,t
105116833,1,115711534,3,u
105116833,2,115558912,3,u
105116833,2,115617305,3,u
105116833,2,115672790,3,u
105117192,0,106174934,0,t
105122471,1,115617305,3,u
105122471,1,115672790,3,u
105122471,2,115711534,3,u
105130531,0,107157953,0,t
105133881,0,100011488,0,t
105134612,0,100004294,0,t
105140069,0,106219119,0,t
105143313,0,106090243,0,t
105144203,0,106090243,0,t
105146388,0,106137745,0,t
105147907,0,100465604,0,t
105149645,0,106127926,0,t
105154565,0,106214013,0,t
105155205,0,106214013,0,t
105156378,1,115711534,3,u
105156378,2,115558912,3,u
105156378,2,115617305,3,u
105156378,2,115672790,3,u
105157041,0,102193647,0,t
105159702,0,100850152,0,t
105160098,0,106143813,0,t
105160621,0,106329660,0,t
105160780,0,106329660,0,t
105161312,0,100465604,0,t
105161454,0,108351716,0,t
105162351,0,100524699,0,t
105163397,0,107213814,0,u
105165603,0,100529852,0,t
105166364,0,106264588,0,t
105167748,0,106219119,0,t
105167899,0,106181353,0,t
105168067,0,106181353,0,t
105169694,0,106185544,0,t
105170242,0,106086941,0,t
105171194,0,106191077,0,t
105171408,0,106206260,0,t
105175447,0,107213814,0,u
105177378,0,106820300,0,u
105178834,0,107211994,0,u
105180153,0,106185296,0,t
105181936,2,115573598,1,u
105181936,2,115587945,1,u
105182493,2,115711534,3,u
105182493,3,115558912,3,u
105182493,3,115617305,3,u
105182493,3,115672790,3,u
105184331,0,107213814,0,u
105190605,0,106365377,0,t
105203311,0,109576673,0,t
105205554,0,106389447,0,u
105205688,0,100914777,0,t
105206175,0,107157953,0,t
105211843,0,106209103,0,t
105214474,1,115711534,3,u
105214474,2,115617305,3,u
105214474,2,115672790,3,u
105215922,0,104259275,0,t
105220169,0,106820300,0,u
105220169,0,107265016,0,u
105220169,0,115102245,0,t
105224104,0,106545955,0,t
105233229,0,106264588,0,t
105235805,1,115711534,3,u
105235805,2,115558912,3,u
105235805,2,115617305,3,u
105235805,2,115672790,3,u
105238787,4,115617305,3,u
105238787,4,115672790,3,u
105238787,5,115711534,3,u
105242952,0,100456193,0,t
105243164,0,100465604,0,t
105243345,0,100464246,0,t
105246377,0,101348569,0,t
105251974,2,107211994,2,u
105255547,0,108594855,0,t
105256541,1,115617305,3,u
105256541,1,115672790,3,u
105256541,3,115711534,3,u
105256837,0,108594855,0,t
105259189,0,108594855,0,t
105259576,0,108594855,0,t
105261506,0,108594855,0,t
105262315,0,108594855,0,t
105262994,0,108594855,0,t
105263205,0,108594855,0,t
105263376,0,108594855,0,t
105263666,0,108594855,0,t
105263911,0,108594855,0,t
105264061,0,108594855,0,t
105264292,0,108594855,0,t
105264440,0,108594855,0,t
105264599,0,108594855,0,t
105264789,0,108594855,0,t
105265085,0,108594855,0,t
105265249,0,108594855,0,t
105265550,0,108594855,0,t
105265844,0,108594855,0,t
105265998,0,108594855,0,t
105266167,0,108594855,0,t
105266336,0,108594855,0,t
105266552,0,108594855,0,t
105267030,0,108594855,0,t
105267262,0,108594855,0,t
105267451,0,108594855,0,t
105267710,0,108594855,0,t
105268484,0,106389447,0,u
105268910,0,108594855,0,t
105269065,0,108594855,0,t
105269321,0,108594855,0,t
105269472,0,108594855,0,t
105269660,0,101116036,0,t
105269660,0,108594855,0,t
105269855,0,108594855,0,t
105270370,0,108594855,0,t
105270620,0,108594855,0,t
105270850,0,108594855,0,t
105273602,1,115711534,3,u
105273602,2,115558912,3,u
105273602,2,115617305,3,u
105273602,2,115672790,3,u
105276922,1,115617305,3,u
105276922,1,115672790,3,u
105276922,3,115711534,3,u
105278824,0,108594855,0,t
105281285,0,106219119,0,t
105281652,0,106074611,0,t
105284103,0,108351716,0,t
105284458,0,108351716,0,t
105286917,0,107213814,0,u
105291456,0,107213814,0,u
105291680,1,115711534,3,u
105291680,2,115558912,3,u
105291680,2,115617305,3,u
105291680,2,115672790,3,u
105294606,0,101370962,0,t
105297077,0,100009618,0,t
105297077,0,102513203,0,t
105298837,5,107298952,6,u
105299617,0,106147930,0,t
105301179,0,106147930,0,t
105303328,0,106147930,0,t
105303527,0,106147930,0,t
105303677,0,106147930,0,t
105304107,0,106147930,0,t
105304287,0,106147930,0,t
105305492,0,106147930,0,t
105309506,0,106147930,0,t
105309972,0,106147930,0,t
105310396,1,115711534,3,u
105310396,2,115558912,3,u
105310396,2,115617305,3,u
105310396,2,115672790,3,u
105311207,0,106153998,0,t
105317002,0,106147930,0,t
105324914,0,106173708,0,t
105325108,0,106151255,0,t
105327084,0,106153998,0,t
105327380,0,106147930,0,t
105343149,1,115558912,3,u
105343149,1,115617305,3,u
105343149,1,115672790,3,u
105343149,2,115711534,3,u
105343462,0,107298952,0,u
105344627,0,100850152,0,t
105345604,0,106147930,0,t
105359999,0,106147930,0,t
105360103,0,101496992,0,t
105369514,0,106147930,0,t
105374176,0,106170987,0,t
105381679,0,105741564,0,t
105381847,0,106145074,0,t
105382098,0,105738208,0,t
105384211,0,106143813,0,t
105384593,0,106147930,0,t
105385532,0,106173708,0,t
105387605,0,106820300,0,u
105392332,0,107213814,0,u
105393318,0,107213814,0,u
105399584,1,115711534,3,u
105399584,2,115558912,3,u
105399584,2,115617305,3,u
105399584,2,115672790,3,u
105399804,2,115711534,3,u
105399804,3,115558912,3,u
105399804,3,115617305,3,u
105399804,3,115672790,3,u
105400079,0,106147930,0,t
105406849,0,106145074,0,t
105470651,0,101894819,0,t
105478809,3,115711534,3,u
105478809,4,115558912,3,u
105478809,4,115617305,3,u
105478809,4,115672790,3,u
105480451,0,100850152,0,t
105481283,0,101496992,0,t
105485772,0,100850152,0,t
105489879,1,106962020,4,u
105492504,1,106962020,4,u
105493045,1,106962020,4,u
105495621,2,106962020,4,u
105497603,0,106820300,0,u
105497603,0,115102245,0,t
105502927,0,106173708,0,t
105506309,0,108594855,0,t
105513679,0,100004511,0,t
105513679,0,106165936,0,t
105513983,0,106165936,0,t
105514173,0,106165936,0,t
105514376,0,100004511,0,t
105518505,0,106165936,0,t
105518505,0,106168497,0,t
105519556,0,106165936,0,t
105521353,0,106165936,0,t
105524560,0,106165936,0,t
105524687,0,106165936,0,t
105524821,0,106165936,0,t
105524982,0,106165936,0,t
105525104,0,106165936,0,t
105525422,0,106165936,0,t
105535586,0,101370962,0,t
105539240,0,100850152,0,t
105541022,2,115711534,3,u
105541022,3,115558912,3,u
105541022,3,115617305,3,u
105541022,3,115672790,3,u
105545400,1,115711534,3,u
105545400,2,115558912,3,u
105545400,2,115617305,3,u
105545400,2,115672790,3,u
105545400,4,115573598,1,u
105545400,4,115587945,1,u
105546085,1,115711534,3,u
105546085,2,115558912,3,u
105546085,2,115617305,3,u
105546085,2,115672790,3,u
105555252,0,106147930,0,t
105575451,0,106147930,0,t
105596233,0,100850152,0,t
105596233,0,115102245,0,t
105596600,0,100850152,0,t
105597583,0,101496992,0,t
105598363,0,106152817,0,t
105598526,0,106140165,0,t
105599144,0,106147930,0,t
105599702,0,100850152,0,t
105600152,0,106151255,0,t
105602135,0,114288372,0,t
105603426,0,100850152,0,t
105603426,0,115102245,0,t
105603867,0,100850152,0,t
105603867,0,107265016,0,u
105604027,0,100850152,0,t
105604693,0,100850152,0,t
105604885,0,100850152,0,t
105605232,0,100850152,0,t
105605887,0,100850152,0,t
105607101,0,100850152,0,t
105607605,0,109018179,0,r
105608828,0,100850152,0,t
105608828,0,115102245,0,t
105609177,0,100850152,0,t
105609177,0,107265016,0,u
105609177,0,115102245,0,t
105616442,1,115711534,3,u
105616442,4,115617305,3,u
105616442,4,115672790,3,u
105620567,0,100850152,0,t
105620567,0,115102245,0,t
105620804,0,100850152,0,t
105620804,0,107265016,0,u
105620804,0,107298952,0,u
105620804,0,115102245,0,t
105629795,0,106164297,0,t
105633964,0,100009618,0,t
105633964,0,102513203,0,t
105635934,0,100850152,0,t
105636151,0,100850152,0,t
105636873,0,100850152,0,t
105637108,0,100850152,0,t
105637393,0,100850152,0,t
105637563,0,100850152,0,t
105638849,0,107298952,0,u
105641333,0,100850152,0,t
105642053,0,100850152,0,t
105642053,0,107265016,0,u
105642053,0,115102245,0,t
105642053,1,115587945,1,u
105642053,2,107073253,2,u
105642053,9,115587945,1,u
105642053,12,107073253,2,u
105642657,0,100850152,0,t
105642657,0,115102245,0,t
105665879,0,106153998,0,t
105669513,0,101496992,0,t
105669826,0,101939153,0,t
105678255,0,106147930,0,t
105681879,0,109206390,0,r
105682040,0,109018179,0,r
105682256,0,107213814,0,u
105684584,0,107213814,0,u
105684584,0,109018179,0,r
105686897,0,106151255,0,t
105687501,0,106147930,0,t
105687782,0,106170987,0,t
105687782,0,115507338,0,t
105687782,0,115513511,0,t
105687782,1,115711534,3,u
105687782,2,115558912,3,u
105687782,2,115617305,3,u
105687782,2,115672790,3,u
105688821,0,106127926,0,t
105690324,0,106147930,0,t
105690449,0,106147930,0,t
105690594,0,106147930,0,t
105690725,0,106147930,0,t
105694385,0,106147930,0,t
105695035,0,109018179,0,r
105696503,0,100706981,0,t
105696958,0,100706981,0,t
105697127,0,100706981,0,t
105697508,2,115617305,3,u
105697508,2,115672790,3,u
105697508,3,115711534,3,u
105698537,0,109018179,0,r
105700857,0,108351716,0,t
105703494,0,107157953,0,t
105704883,0,101110137,0,t
105710098,0,108128389,0,t
105710098,0,109052506,0,r
105710247,0,108133841,0,t
105710865,0,115513511,0,t
105711608,0,106539965,0,t
105711984,0,108129391,0,t
105712520,0,106318834,0,t
105712785,0,108133841,0,t
105712963,0,106035426,0,t
105713274,0,106318834,0,t
105714471,0,106273955,0,t
105714772,0,108133841,0,t
105715046,0,106273955,0,t
105719830,1,115711534,3,u
105719830,2,115617305,3,u
105719830,2,115672790,3,u
105730749,0,106820300,0,u
105730909,0,106820300,0,u
105732249,0,106820300,0,u
105736772,0,106170987,0,t
105742672,0,100009618,0,t
105747157,0,100945551,0,t
105747553,0,101141078,0,t
105748522,0,100894211,0,t
105748522,0,100934986,0,t
105749303,0,103135384,0,t
105749651,0,106137745,0,t
105749866,0,106219119,0,t
105750058,0,106219119,0,t
105750206,0,106141914,0,t
105750582,0,106219119,0,t
105751833,0,106242709,0,t
105752463,0,115513511,0,t
105752607,0,115513511,0,t
105753063,0,106327647,0,t
105756580,0,106146319,0,t
105758466,0,106227072,0,t
105759597,0,106227072,0,t
105759597,0,111308433,0,t
105770133,0,106227072,0,t
105770533,0,106273955,0,t
105771292,0,107213814,0,u
105771946,0,109018179,0,r
105772569,0,109018179,0,r
105772709,1,115711534,3,u
105772709,2,115617305,3,u
105772709,2,115672790,3,u
105773426,0,108606951,0,t
105780636,0,106133372,0,t
105782677,4,115617305,3,u
105782677,4,115672790,3,u
105782677,5,115711534,3,u
105785146,0,106227072,0,t
105788477,1,115711534,3,u
105788477,2,115558912,3,u
105788477,2,115617305,3,u
105788477,2,115672790,3,u
105789354,0,107213814,0,u
105792690,0,106227072,0,t
105796991,0,106230323,0,t
105797627,1,115711534,3,u
105797627,2,115558912,3,u
105797627,2,115617305,3,u
105797627,2,115672790,3,u
105798896,0,106820300,0,u
105798896,3,115711534,3,u
105798896,4,115558912,3,u
105798896,4,115617305,3,u
105798896,4,115672790,3,u
105799247,0,107298952,0,u
105799247,0,109018179,0,r
105799961,1,115711534,3,u
105799961,2,115558912,3,u
105799961,2,115617305,3,u
105799961,2,115672790,3,u
105801920,0,105909077,0,t
105803108,0,107157953,0,t
105810768,2,115617305,3,u
105810768,2,115672790,3,u
105810768,3,115711534,3,u
105812776,0,103133660,0,t
105813319,0,106108363,0,t
105813892,0,106234392,0,t
105814446,0,106189791,0,t
105815851,0,106227072,0,t
105815851,2,115617305,3,u
105815851,2,115672790,3,u
105815851,3,115711534,3,u
105817096,1,115617305,3,u
105817096,1,115672790,3,u
105817096,2,115711534,3,u
105820131,1,115617305,3,u
105820131,1,115672790,3,u
105820131,2,115711534,3,u
105822314,0,106108363,0,t
105822544,0,106108363,0,t
105822766,0,106108363,0,t
105834016,1,115617305,3,u
105834016,1,115672790,3,u
105834016,2,115711534,3,u
105835843,4,115711534,3,u
105835843,5,115617305,3,u
105835843,5,115672790,3,u
105838291,0,100894211,0,t
105838681,2,115617305,3,u
105838681,2,115672790,3,u
105838681,3,115711534,3,u
105838981,0,106227072,0,t
105839303,0,100706981,0,t
105839940,2,115617305,3,u
105839940,2,115672790,3,u
105839940,3,115711534,3,u
105841255,0,106227072,0,t
105841255,1,115617305,3,u
105841255,1,115672790,3,u
105841255,2,115711534,3,u
105841255,3,115617305,3,u
105841255,3,115672790,3,u
105841255,4,115711534,3,u
105843337,1,115617305,3,u
105843337,1,115672790,3,u
105843337,2,115711534,3,u
105850519,3,115617305,3,u
105850519,3,115672790,3,u
105850519,4,115711534,3,u
105852759,0,106273955,0,t
105855109,2,115558912,3,u
105855109,2,115617305,3,u
105855109,2,115672790,3,u
105855109,3,115711534,3,u
105859742,1,115617305,3,u
105859742,1,115672790,3,u
105859742,2,115711534,3,u
105864827,1,115617305,3,u
105864827,1,115672790,3,u
105864827,2,115711534,3,u
105865617,2,115617305,3,u
105865617,2,115672790,3,u
105865617,3,115711534,3,u
105866133,0,106255232,0,t
105866935,0,108594855,0,t
105867251,0,106255232,0,t
105868647,0,106090243,0,t
105868647,2,115617305,3,u
105868647,2,115672790,3,u
105868647,3,115711534,3,u
105869028,0,106103464,0,t
105869028,1,115617305,3,u
105869028,1,115672790,3,u
105869028,2,115711534,3,u
105871930,0,106035426,0,t
105872118,0,107213814,0,u
105875178,1,115617305,3,u
105875178,1,115672790,3,u
105875178,3,115711534,3,u
105876561,1,115711534,3,u
105876561,2,115558912,3,u
105876561,2,115617305,3,u
105876561,2,115672790,3,u
105879092,0,108594855,0,t
105880285,1,115617305,3,u
105880285,1,115672790,3,u
105880285,2,115711534,3,u
105881900,0,108594855,0,t
105882165,0,108594855,0,t
105885704,0,103133660,0,t
105885895,0,103133660,0,t
105888490,0,106090243,0,t
105888673,0,106090243,0,t
105889112,1,115617305,3,u
105889112,1,115672790,3,u
105889112,2,115711534,3,u
105893515,1,115617305,3,u
105893515,1,115672790,3,u
105893515,2,115711534,3,u
105898071,1,115711534,3,u
105898071,3,115558912,3,u
105898071,3,115617305,3,u
105898071,3,115672790,3,u
105898071,4,115573598,1,u
105898071,4,115587945,1,u
105898632,0,107213814,0,u
105900166,0,106389447,0,u
105902081,1,115587945,1,u
105908550,0,106108363,0,t
105908802,0,106108363,0,t
105908972,0,106108363,0,t
105909746,0,108594855,0,t
105910176,0,106219119,0,t
105910943,0,108594855,0,t
105914531,0,107213814,0,u
105914692,0,107213814,0,u
105914981,0,106227072,0,t
105916975,0,108594855,0,t
105918387,0,107213814,0,u
105919700,0,107211994,0,u
105922777,1,115617305,3,u
105922777,1,115672790,3,u
105922777,3,115711534,3,u
105924719,1,115617305,3,u
105924719,1,115672790,3,u
105924719,2,115711534,3,u
105927943,0,106214013,0,t
105931156,0,106192073,0,t
105931156,1,115711534,3,u
105931156,2,115558912,3,u
105931156,2,115617305,3,u
105931156,2,115672790,3,u
105931383,0,106192073,0,t
105931533,0,106192073,0,t
105931685,0,106192073,0,t
105931685,1,115711534,3,u
105931685,2,115558912,3,u
105931685,2,115617305,3,u
105931685,2,115672790,3,u
105934048,0,106090243,0,t
105935527,0,106090243,0,t
105937533,0,106264588,0,t
105937753,0,106090243,0,t
105938651,2,115573598,1,u
105938651,2,115587945,1,u
105942526,0,106090243,0,t
105942937,0,106181353,0,t
105945396,0,106255232,0,t
105945515,0,106108363,0,t
105945973,0,106108363,0,t
105946121,0,106108363,0,t
105949295,0,106090243,0,t
105950161,0,106090243,0,t
105951176,0,106108363,0,t
105951487,0,106090243,0,t
105953214,0,106356124,0,t
105953639,0,106181353,0,t
105954262,0,100924287,0,t
105954262,1,115711534,3,u
105954262,2,115558912,3,u
105954262,2,115617305,3,u
105954262,2,115672790,3,u
105959313,0,100706981,0,t
105959619,0,100706981,0,t
105960281,0,106389447,0,u
105961520,0,106172067,0,t
105962219,0,106203974,0,t
105962651,0,106108363,0,t
105963244,0,106181353,0,t
105963990,0,106174934,0,t
105963990,0,106181353,0,t
105964433,0,106174934,0,t
105964699,0,106181353,0,t
105964933,0,106174934,0,t
105965239,0,106230323,0,t
105965512,0,106181353,0,t
105965750,0,106181353,0,t
105966292,0,106174934,0,t
105966524,0,106181353,0,t
105966725,0,106185544,0,t
105966962,0,106185544,0,t
105967953,0,106181353,0,t
105968375,0,106174934,0,t
105968824,0,106227072,0,t
105969099,0,106174934,0,t
105969388,0,106181353,0,t
105969747,0,106174934,0,t
105970058,0,106174934,0,t
105970314,0,106181353,0,t
105971513,0,106240390,0,t
105971954,0,106165936,0,t
105972708,0,106181353,0,t
105974677,0,106174934,0,t
105974886,0,106181353,0,t
105975233,0,106181353,0,t
105975432,0,106188717,0,t
105975736,0,106188717,0,t
105975898,0,106188717,0,t
105976093,0,106188717,0,t
105978193,0,106185544,0,t
105978360,0,106185544,0,t
105978514,0,106192073,0,t
105978783,0,106192073,0,t
105984639,0,106146319,0,t
105985911,3,115711534,3,u
105985911,4,115558912,3,u
105985911,4,115617305,3,u
105985911,4,115672790,3,u
105986384,2,115711534,3,u
105986384,3,115617305,3,u
105986384,3,115672790,3,u
105986978,1,115711534,3,u
105986978,2,115617305,3,u
105986978,2,115672790,3,u
105991199,0,108594855,0,t
105991415,0,108594855,0,t
105991708,0,108594855,0,t
105991848,0,108594855,0,t
105991980,0,108594855,0,t
105992105,0,108594855,0,t
105992283,0,108315657,0,t
105994723,0,100763711,0,t
105994856,0,100524699,0,t
105996871,0,106239054,0,t
105997373,0,109018179,0,r
105997574,0,106133372,0,t
105997719,0,100894211,0,t
106001282,1,115617305,3,u
106001282,1,115672790,3,u
106001282,3,115711534,3,u
106002058,0,106327647,0,t
106003420,0,108880234,0,r
106003648,0,108880234,0,r
106003875,0,108880234,0,r
106006448,0,106108363,0,t
106006773,0,106108363,0,t
106009214,1,115711534,3,u
106009214,2,115558912,3,u
106009214,2,115617305,3,u
106009214,2,115672790,3,u
106009852,0,106389447,0,u
106009852,0,107213814,0,u
106010035,0,106254134,0,t
106012337,0,100706981,0,t
106012580,1,115617305,3,u
106012580,1,115672790,3,u
106012580,2,115711534,3,u
106014091,0,100706981,0,t
106019571,0,106090243,0,t
106023904,0,106146319,0,t
106024750,2,115617305,3,u
106024750,2,115672790,3,u
106024750,3,115711534,3,u
106026458,0,100706981,0,t
106039027,0,108999657,0,r
106042056,0,106250879,0,t
106042056,0,106820300,0,u
106042912,0,106325702,0,t
106043178,0,106325702,0,t
106045463,0,108594855,0,t
106045718,0,108594855,0,t
106045892,0,108594855,0,t
106046052,0,108594855,0,t
106046242,0,108594855,0,t
106054996,0,106273955,0,t
106057856,0,106249752,0,t
106058079,0,106249752,0,t
106058915,0,106249752,0,t
106058915,0,106461373,0,t
106059214,0,106249752,0,t
106059658,0,106249752,0,t
106059989,0,106249752,0,t
106060524,0,106249752,0,t
106061006,0,106249752,0,t
106061167,0,106249752,0,t
106061320,0,106249752,0,t
106061488,0,106249752,0,t
106061684,0,106249752,0,t
106061910,0,106249752,0,t
106062101,0,106249752,0,t
106062275,0,106249752,0,t
106063059,0,106249752,0,t
106063266,0,106249752,0,t
106063467,0,106249752,0,t
106063701,0,106249752,0,t
106064161,0,106249752,0,t
106064376,0,106249752,0,t
106064562,0,106249752,0,t
106064749,0,106249752,0,t
106065160,0,106249752,0,t
106065374,0,106249752,0,t
106065552,0,106249752,0,t
106065851,0,106249752,0,t
106066038,0,106249752,0,t
106066522,0,106249752,0,t
106066880,0,106249752,0,t
106068954,2,115617305,3,u
106068954,2,115672790,3,u
106068954,3,115711534,3,u
106071716,0,106389447,0,u
106072213,0,106249752,0,t
106074135,0,106127926,0,t
106076531,0,109018179,0,r
106076659,0,108235469,0,t
106076978,0,106334898,0,t
106079134,0,106181353,0,t
106079525,0,106181353,0,t
106080026,0,106181353,0,t
106080289,0,106203974,0,t
106080823,0,106206260,0,t
106081062,0,106169387,0,t
106081321,0,106170987,0,t
106081321,1,115617305,3,u
106081321,1,115672790,3,u
106081321,4,115711534,3,u
106081728,1,115617305,3,u
106081728,1,115672790,3,u
106081728,3,115711534,3,u
106083699,0,106181353,0,t
106083921,0,106193387,0,t
106084150,0,106240390,0,t
106085600,0,106230323,0,t
106085843,0,106230323,0,t
106090243,0,106089378,0,t
106090243,1,107073253,2,u
106090243,3,115587945,1,u
106093856,0,106090243,0,t
106094474,0,106090243,0,t
106095207,0,106090243,0,t
106095326,0,106090243,0,t
106095500,0,106090243,0,t
106096417,0,106090243,0,t
106096585,0,106090243,0,t
106096854,0,106090243,0,t
106097189,0,106090243,0,t
106097450,0,106090243,0,t
106097667,0,106090243,0,t
106097815,0,106090243,0,t
106098193,0,106090243,0,t
106100753,1,115617305,3,u
106100753,1,115672790,3,u
106100753,2,115711534,3,u
106101988,0,106090243,0,t
106102105,0,106090243,0,t
106102220,0,106090243,0,t
106102393,0,106090243,0,t
106102606,0,106090243,0,t
106102878,0,106090243,0,t
106103006,0,106090243,0,t
106103178,0,106090243,0,t
106103464,0,106090243,0,t
106103621,0,106090243,0,t
106103941,0,106090243,0,t
106104333,0,106090243,0,t
106105169,0,106090243,0,t
106105876,0,106090243,0,t
106106019,0,106090243,0,t
106106951,0,106090243,0,t
106107091,0,106090243,0,t
106107232,0,106090243,0,t
106107492,0,106090243,0,t
106107793,0,106090243,0,t
106110653,0,106108363,0,t
106110929,0,106108363,0,t
106111163,0,106108363,0,t
106111415,0,106108363,0,t
106111713,0,106108363,0,t
106112028,0,106108363,0,t
106112243,0,106108363,0,t
106112515,0,106108363,0,t
106112733,0,106108363,0,t
106113028,0,106108363,0,t
106113375,0,106108363,0,t
106113482,0,106108363,0,t
106113681,0,106108363,0,t
106113827,0,106108363,0,t
106114034,0,106108363,0,t
106114331,0,106108363,0,t
106114532,0,106108363,0,t
106114677,0,106108363,0,t
106114862,0,106108363,0,t
106115037,0,106108363,0,t
106115273,0,106108363,0,t
106115424,0,106108363,0,t
106115658,0,106108363,0,t
106115826,0,106108363,0,t
106115991,0,106108363,0,t
106116225,0,106108363,0,t
106116413,0,106108363,0,t
106116645,0,106108363,0,t
106116790,0,106108363,0,t
106117040,0,106108363,0,t
106117206,0,106108363,0,t
106117523,0,106108363,0,t
106117872,0,106108363,0,t
106118102,0,106108363,0,t
106118280,0,106108363,0,t
106118519,0,106108363,0,t
106118825,0,106108363,0,t
106119163,0,106108363,0,t
106119396,0,106108363,0,t
106119584,0,106108363,0,t
106119825,0,106108363,0,t
106119954,0,106108363,0,t
106120108,0,106108363,0,t
106120327,0,106108363,0,t
106120474,0,106108363,0,t
106120879,0,106108363,0,t
106121184,0,106108363,0,t
106121935,0,106108363,0,t
106122144,0,106108363,0,t
106122344,0,106108363,0,t
106122524,0,106108363,0,t
106123030,0,106108363,0,t
106123176,0,106108363,0,t
106123450,0,106108363,0,t
106123705,0,106108363,0,t
106123970,0,106108363,0,t
106124167,0,106108363,0,t
106124579,0,106108363,0,t
106124889,0,106108363,0,t
106125148,0,106108363,0,t
106125292,0,106108363,0,t
106125491,0,106108363,0,t
106125691,0,106108363,0,t
106125952,0,106108363,0,t
106126196,0,106108363,0,t
106126435,0,106108363,0,t
106126784,0,106090243,0,t
106126957,0,106108363,0,t
106127199,0,106108363,0,t
106127368,0,106108363,0,t
106141216,1,115617305,3,u
106141216,1,115672790,3,u
106141216,2,115711534,3,u
106143238,0,106169387,0,t
106147160,0,107211994,0,u
106179460,0,100004511,0,t
106179460,0,106174934,0,t
106192998,0,106174934,0,t
106193944,0,106181353,0,t
106194595,0,106181353,0,t
106195836,0,106181353,0,t
106196131,0,106127926,0,t
106196395,0,106181353,0,t
106196606,0,106181353,0,t
106196827,0,106181353,0,t
106197024,0,106181353,0,t
106197958,0,106181353,0,t
106198183,0,106181353,0,t
106198602,0,106198183,0,t
106199010,0,106133372,0,t
106199166,0,106108363,0,t
106199166,0,106219119,0,t
106199373,0,106174934,0,t
106199750,0,106127926,0,t
106200028,0,106174934,0,t
106200312,0,106127926,0,t
106214013,0,115834156,0,t
106218856,0,106365377,0,t
106218856,0,106389447,0,u
106223832,0,106219119,0,t
106226729,0,102513203,0,t
106228750,0,106227072,0,t
106228931,0,106227072,0,t
106230904,0,106227072,0,t
106232174,0,106193387,0,t
106232174,0,106227072,0,t
106233448,0,106127926,0,t
106234927,1,115617305,3,u
106234927,1,115672790,3,u
106234927,2,115711534,3,u
106238779,0,108128389,0,t
106239054,0,101141078,0,t
106241238,0,106240390,0,t
106244238,0,106127926,0,t
106244454,0,106127926,0,t
106252647,0,100945551,0,t
106252647,1,115617305,3,u
106252647,1,115672790,3,u
106252647,2,115711534,3,u
106254460,0,106219119,0,t
106261251,0,106461373,0,t
106263870,0,115513511,0,t
106264093,0,115513511,0,t
106266222,0,106264588,0,t
106267628,0,106264588,0,t
106267766,0,106264588,0,t
106267906,0,106264588,0,t
106268121,0,106264588,0,t
106268318,0,106264588,0,t
106269257,0,106264588,0,t
106275710,0,106273955,0,t
106277996,0,106325702,0,t
106287626,0,109206390,0,r
106287999,0,101141078,0,t
106292550,1,115711534,3,u
106292550,2,115558912,3,u
106292550,2,115617305,3,u
106292550,2,115672790,3,u
106292750,2,115711534,3,u
106292750,3,115558912,3,u
106292750,3,115617305,3,u
106292750,3,115672790,3,u
106295115,1,115711534,3,u
106295115,2,115558912,3,u
106295115,2,115617305,3,u
106295115,2,115672790,3,u
106295383,0,106227072,0,t
106313411,0,109018179,0,r
106316848,0,106318834,0,t
106325457,0,101047273,0,t
106325457,0,109028593,0,r
106330876,0,107099168,0,t
106331109,0,107099168,0,t
106331426,0,107099168,0,t
106334675,0,109064602,0,r
106335087,0,109079557,0,r
106335820,0,106066243,0,t
106337952,0,109206390,0,r
106339229,0,106181353,0,t
106339397,0,106181353,0,t
106339568,0,100706981,0,t
106340049,0,100706981,0,t
106340911,0,108351716,0,t
106341836,0,108351716,0,t
106342045,0,108351716,0,t
106342778,0,106264588,0,t
106342929,0,106250879,0,t
106343312,0,106264588,0,t
106343465,0,106250879,0,t
106347161,1,115711534,3,u
106347161,2,115617305,3,u
106347161,2,115672790,3,u
106351708,2,115573598,1,u
106351708,2,115587945,1,u
106351879,2,115573598,1,u
106351879,2,115587945,1,u
106353677,0,106389447,0,u
106354184,0,106370908,0,t
106354616,0,107245446,0,u
106356124,0,100945551,0,t
106356124,0,101110137,0,t
106356577,0,109018179,0,r
106357955,1,107073253,2,u
106357955,3,115587945,1,u
106364289,0,106318834,0,t
106365377,0,106389447,0,u
106370530,0,109018179,0,r
106371656,0,106219119,0,t
106372512,0,103133660,0,t
106373008,0,106219119,0,t
106373008,1,115617305,3,u
106373008,1,115672790,3,u
106373008,3,115711534,3,u
106374361,0,106219119,0,t
106375052,0,106189791,0,t
106375966,0,106189791,0,t
106384114,0,106264588,0,t
106384742,0,106264588,0,t
106385914,0,106266222,0,t
106387351,0,107092301,0,t
106387351,0,108938608,0,r
106394747,0,106264588,0,t
106396977,0,106266222,0,t
106397146,0,106255232,0,t
106404223,0,106266222,0,t
106404789,0,106266222,0,t
106405019,0,106255232,0,t
106405131,0,106266222,0,t
106407886,0,106266222,0,t
106409064,0,106266222,0,t
106411744,0,106255232,0,t
106417461,0,107213814,0,u
106419981,0,106266222,0,t
106427375,0,106264588,0,t
106430124,0,108594855,0,t
106431144,0,106219119,0,t
106431444,0,108594855,0,t
106431803,0,109017229,0,r
106432891,3,107073253,2,u
106432891,4,115587945,1,u
106436170,0,109200928,0,r
106436518,0,107096568,0,t
106436686,0,107096568,0,t
106436830,0,107078731,0,t
106436961,0,107078731,0,t
106437100,0,107122208,0,t
106437250,0,107078731,0,t
106437732,0,107122208,0,t
106437985,0,107096568,0,t
106438155,0,107096568,0,t
106438340,0,107096568,0,t
106438536,0,107094103,0,t
106438664,0,107094103,0,t
106442420,0,106389447,0,u
106444433,0,106261806,0,t
106444591,0,106261806,0,t
106444718,0,106261806,0,t
106444903,0,106261806,0,t
106448737,0,109074558,0,r
106451670,1,115711534,3,u
106451670,3,115617305,3,u
106451670,3,115672790,3,u
106452125,2,107073253,2,u
106452125,4,115587945,1,u
106452352,0,106219119,0,t
106452757,0,106219119,0,t
106452973,0,106219119,0,t
106453231,0,106219119,0,t
106453554,0,106219119,0,t
106453896,0,106218856,0,t
106454286,0,106219119,0,t
106460492,0,106389447,0,u
106461890,0,106461373,0,t
106463197,1,115711534,3,u
106463197,2,115558912,3,u
106463197,2,115617305,3,u
106463197,2,115672790,3,u
106464255,1,115617305,3,u
106464255,1,115672790,3,u
106464255,2,115711534,3,u
106470282,0,106551945,0,t
106474246,0,106468605,0,t
106476416,0,108938608,0,r
106476416,0,115507338,0,t
106482794,0,108235469,0,t
106487433,0,106219119,0,t
106487609,0,106219119,0,t
106488729,0,106219119,0,t
106488948,0,106219119,0,t
106489383,0,107157953,0,t
106490318,0,106620941,0,t
106494554,0,106262279,0,t
106494690,0,106262279,0,t
106495028,0,107213814,0,u
106496144,1,115711534,3,u
106496144,2,115558912,3,u
106496144,2,115617305,3,u
106496144,2,115672790,3,u
106496423,1,115711534,3,u
106496423,2,115558912,3,u
106496423,2,115617305,3,u
106496423,2,115672790,3,u
106496662,0,106262279,0,t
106499098,0,106461373,0,t
106499359,0,106461373,0,t
106500033,1,115617305,3,u
106500033,1,115672790,3,u
106500033,2,115711534,3,u
106501058,0,100616586,0,t
106503982,0,100914777,0,t
106503982,0,107157953,0,t
106505580,0,106547793,0,t
106505904,0,106325702,0,t
106506107,0,106325702,0,t
106509454,0,106389447,0,u
106509584,0,106145266,0,t
106513925,1,115711534,3,u
106513925,2,115558912,3,u
106513925,2,115617305,3,u
106513925,2,115672790,3,u
106514891,0,108235469,0,t
106515077,0,108235469,0,t
106522067,0,100763711,0,t
106523780,0,109206390,0,r
106525225,3,115617305,3,u
106525225,3,115672790,3,u
106525225,4,115711534,3,u
106525726,0,106461373,0,t
106528679,0,106332781,0,t
106529071,0,106329660,0,t
106529431,0,106329660,0,t
106533329,0,106547793,0,t
106546652,0,108235469,0,t
106554855,0,108239997,0,t
106555892,0,108235469,0,t
106560991,0,106325702,0,t
106563191,0,106329660,0,t
106563191,0,107099168,0,t
106564854,0,106329660,0,t
106564854,0,107099168,0,t
106565316,0,106329660,0,t
106565316,0,106333094,0,t
106566286,1,115617305,3,u
106566286,1,115672790,3,u
106566286,2,115711534,3,u
106567301,1,115587945,1,u
106567301,3,107073253,2,u
106568832,0,108594855,0,t
106575539,0,100178509,0,t
106575969,0,109018179,0,r
106576175,0,109018179,0,r
106577700,0,109018179,0,r
106577954,0,108351716,0,t
106578631,0,108594855,0,t
106579472,0,108594855,0,t
106580140,0,108594855,0,t
106582722,0,106264588,0,t
106583012,0,106264588,0,t
106583299,0,106264588,0,t
106584621,0,108594855,0,t
106585337,0,100472330,0,t
106585581,0,100472330,0,t
106587074,1,115711534,3,u
106587074,2,115558912,3,u
106587074,2,115617305,3,u
106587074,2,115672790,3,u
106587578,1,115711534,3,u
106587578,2,115558912,3,u
106587578,2,115617305,3,u
106587578,2,115672790,3,u
106587802,1,115711534,3,u
106587802,2,115558912,3,u
106587802,2,115617305,3,u
106587802,2,115672790,3,u
106588034,1,115711534,3,u
106588034,2,115558912,3,u
106588034,2,115617305,3,u
106588034,2,115672790,3,u
106588244,1,115711534,3,u
106588244,2,115558912,3,u
106588244,2,115617305,3,u
106588244,2,115672790,3,u
106588627,0,106389447,0,u
106588901,0,109018179,0,r
106590162,0,106219119,0,t
106590454,0,106219119,0,t
106593103,0,106219119,0,t
106593432,0,106219119,0,t
106594084,0,100621057,0,t
106594527,0,106232968,0,t
106596336,0,108351716,0,t
106596574,0,109018179,0,r
106600688,0,108594855,0,t
106601499,0,108594855,0,t
106601669,0,108594855,0,t
106601943,1,115711534,3,u
106601943,2,115558912,3,u
106601943,2,115617305,3,u
106601943,2,115672790,3,u
106603711,0,102736683,0,t
106603711,0,104259275,0,t
106605344,0,108594855,0,t
106606430,0,107298952,0,u
106607437,0,100524699,0,t
106607786,0,100465604,0,t
106609073,0,106219119,0,t
106609412,0,106219119,0,t
106609574,0,106219119,0,t
106609801,0,106219119,0,t
106610002,0,106219119,0,t
106610170,0,106219119,0,t
106610377,0,106219119,0,t
106610562,0,106219119,0,t
106610735,0,106219119,0,t
106610876,0,106219119,0,t
106612267,0,108594855,0,t
106612267,0,109206390,0,r
106613896,0,109018179,0,r
106614036,0,106246955,0,t
106618196,0,109018179,0,r
106625587,0,106529675,0,t
106626003,0,108594855,0,t
106629878,0,109018179,0,r
106630788,0,108594855,0,t
106631480,0,108594855,0,t
106631656,0,108594855,0,t
106632094,0,108594855,0,t
106632329,0,108594855,0,t
106632909,0,108594855,0,t
106633038,0,108594855,0,t
106633296,0,108594855,0,t
106633483,0,108594855,0,t
106633647,0,108594855,0,t
106634131,0,108594855,0,t
106634547,0,108594855,0,t
106635034,0,108607116,0,t
106635221,0,108594855,0,t
106635475,0,108594855,0,t
106635651,0,108594855,0,t
106635979,0,108594855,0,t
106636226,0,108594855,0,t
106636852,0,108594855,0,t
106637123,0,108594855,0,t
106637322,0,108594855,0,t
106637561,0,108594855,0,t
106637700,0,108594855,0,t
106637831,0,108594855,0,t
106638104,0,108594855,0,t
106638214,0,108594855,0,t
106638411,0,108594855,0,t
106638524,0,108594855,0,t
106638654,0,108594855,0,t
106638784,0,108594855,0,t
106638894,0,108594855,0,t
106639177,0,108594855,0,t
106639501,0,108594855,0,t
106639769,0,108594855,0,t
106640283,0,108594855,0,t
106640526,0,108594855,0,t
106640701,0,108594855,0,t
106640862,0,108594855,0,t
106641380,0,108594855,0,t
106641819,0,108594855,0,t
106642266,0,108594855,0,t
106642568,0,108594855,0,t
106642829,0,108594855,0,t
106643246,0,108594855,0,t
106643389,0,108594855,0,t
106643536,0,108594855,0,t
106643781,0,108594855,0,t
106643949,0,108594855,0,t
106644142,0,108594855,0,t
106644432,0,108594855,0,t
106644657,0,108594855,0,t
106644841,0,108594855,0,t
106645139,0,108594855,0,t
106645530,0,108594855,0,t
106645730,0,108594855,0,t
106645845,0,108594855,0,t
106645962,0,108594855,0,t
106646159,0,108594855,0,t
106646263,0,108594855,0,t
106646410,0,108594855,0,t
106646635,0,108594855,0,t
106646785,0,108594855,0,t
106646933,0,108594855,0,t
106647061,0,108594855,0,t
106647323,0,108594855,0,t
106647617,0,108594855,0,t
106647834,0,107213814,0,u
106647994,0,108594855,0,t
106648112,0,108594855,0,t
106648319,0,108594855,0,t
106648500,0,108594855,0,t
106649663,0,108594855,0,t
106649663,1,115558912,3,u
106649663,1,115617305,3,u
106649663,1,115672790,3,u
106649663,2,115711534,3,u
106650302,1,115558912,3,u
106650302,1,115617305,3,u
106650302,1,115672790,3,u
106650302,2,115711534,3,u
106650302,3,115558912,3,u
106650302,3,115617305,3,u
106650302,3,115672790,3,u
106650302,4,115711534,3,u
106650629,1,115558912,3,u
106650629,1,115617305,3,u
106650629,1,115672790,3,u
106650629,2,115711534,3,u
106650876,2,115558912,3,u
106650876,2,115617305,3,u
106650876,2,115672790,3,u
106650876,3,115711534,3,u
106651488,1,115558912,3,u
106651488,1,115617305,3,u
106651488,1,115672790,3,u
106651488,2,115711534,3,u
106651833,1,115558912,3,u
106651833,1,115617305,3,u
106651833,1,115672790,3,u
106651833,2,115711534,3,u
106651833,3,115558912,3,u
106651833,3,115617305,3,u
106651833,3,115672790,3,u
106651833,4,115711534,3,u
106652144,1,115558912,3,u
106652144,1,115617305,3,u
106652144,1,115672790,3,u
106652144,2,115711534,3,u
106652349,0,108594855,0,t
106652506,0,108594855,0,t
106652506,1,115617305,3,u
106652506,1,115672790,3,u
106652506,2,115711534,3,u
106652895,0,108594855,0,t
106653099,0,108594855,0,t
106653249,0,108594855,0,t
106653422,0,108594855,0,t
106653597,0,108594855,0,t
106653767,0,108594855,0,t
106654255,0,108594855,0,t
106654414,0,108594855,0,t
106654629,0,108594855,0,t
106654861,0,108594855,0,t
106655156,0,108594855,0,t
106655314,0,108594855,0,t
106655458,0,108594855,0,t
106655764,0,108594855,0,t
106655974,0,108594855,0,t
106656124,0,108594855,0,t
106656353,0,108594855,0,t
106656478,0,108594855,0,t
106656630,0,108594855,0,t
106656754,0,108594855,0,t
106656933,0,108594855,0,t
106657126,0,108594855,0,t
106657264,0,108594855,0,t
106657264,1,115617305,3,u
106657264,1,115672790,3,u
106657264,2,115711534,3,u
106657532,0,108594855,0,t
106657887,0,108594855,0,t
106658157,0,108594855,0,t
106658425,0,108594855,0,t
106658667,0,108594855,0,t
106658928,0,108594855,0,t
106659117,0,108594855,0,t
106659274,0,108594855,0,t
106659518,0,108594855,0,t
106659954,0,108594855,0,t
106660205,0,108594855,0,t
106660672,0,108594855,0,t
106660861,0,108594855,0,t
106661094,0,108594855,0,t
106661606,0,108594855,0,t
106661787,0,106639177,0,t
106661986,0,108594855,0,t
106662191,0,108594855,0,t
106662309,0,108594855,0,t
106662592,0,106639177,0,t
106662790,0,106639177,0,t
106663065,0,108607116,0,t
106663284,0,108594855,0,t
106663464,0,108594855,0,t
106663651,0,108594855,0,t
106663842,0,108594855,0,t
106664017,0,108594855,0,t
106664173,0,108594855,0,t
106664327,0,108594855,0,t
106664489,0,108594855,0,t
106664650,0,108594855,0,t
106664799,0,106639177,0,t
106664799,0,108594855,0,t
106665236,0,108594855,0,t
106666050,0,108594855,0,t
106666637,0,108594855,0,t
106666768,0,108594855,0,t
106666926,0,106219119,0,t
106669168,0,106219119,0,t
106669907,0,106968144,0,u
106670030,0,106219119,0,t
106670030,3,115711534,3,u
106670030,4,115617305,3,u
106670030,4,115672790,3,u
106673503,0,106219119,0,t
106673781,0,106219119,0,t
106674899,0,106219119,0,t
106675772,0,106219119,0,t
106676158,0,106219119,0,t
106676544,0,106219119,0,t
106677249,0,106219119,0,t
106678044,0,106219119,0,t
106679844,1,106968144,1,u
106680222,1,106968144,1,u
106680444,0,106968144,0,u
106680620,0,106968144,0,u
106682746,0,106219119,0,t
106683159,0,106968144,0,u
106686227,0,106219119,0,t
106687812,0,100940493,0,t
106689975,0,106219119,0,t
106691678,0,106779878,0,t
106692353,0,106779878,0,t
106697570,0,109018179,0,r
106699784,0,109018179,0,r
106701198,0,100706981,0,t
106703868,1,115617305,3,u
106703868,1,115672790,3,u
106703868,2,115711534,3,u
106706150,0,106620941,0,t
106708088,0,106389447,0,u
106710029,0,109018179,0,r
106711409,0,107079350,0,u
106711533,0,107298952,0,u
106712060,0,107213814,0,u
106712060,0,109018179,0,r
106712771,0,107298952,0,u
106713000,0,106820300,0,u
106713000,0,107265016,0,u
106713000,0,115102245,0,t
106713517,0,107265016,0,u
106713659,0,107298952,0,u
106717067,1,115711534,3,u
106717067,2,115558912,3,u
106717067,2,115617305,3,u
106717067,2,115672790,3,u
106719362,0,107298952,0,u
106720602,0,108959494,0,r
106721014,2,115711534,3,u
106721014,3,115617305,3,u
106721014,3,115672790,3,u
106725459,0,106329660,0,t
106730188,0,108235469,0,t
106730401,0,108235469,0,t
106731791,0,106389447,0,u
106732437,0,106389447,0,u
106732950,0,108235469,0,t
106733731,0,108959494,0,r
106733907,0,106620941,0,t
106734945,0,108351716,0,t
106738750,0,103133660,0,t
106739093,0,106219119,0,t
106739294,0,106219119,0,t
106739294,1,115617305,3,u
106739294,1,115672790,3,u
106739294,2,115711534,3,u
106739678,0,109018179,0,r
106741205,1,106968144,1,u
106741205,2,106968144,1,u
106745037,0,108351716,0,t
106746375,0,100763711,0,t
106749475,0,100914777,0,t
106749883,0,106090243,0,t
106749883,0,106255232,0,t
106755483,0,108472469,0,t
106755686,0,108594855,0,t
106758250,0,106219119,0,t
106767468,0,106219119,0,t
106767748,0,106219119,0,t
106770174,0,108594855,0,t
106770462,0,108594855,0,t
106770590,0,108594855,0,t
106770875,0,108594855,0,t
106771256,0,108594855,0,t
106771456,0,108398975,0,t
106771636,0,108594855,0,t
106771827,0,109018179,0,r
106772307,0,106090243,0,t
106777390,1,115711534,3,u
106777390,2,115558912,3,u
106777390,2,115617305,3,u
106777390,2,115672790,3,u
106777857,0,108594855,0,t
106778935,3,115711534,3,u
106778935,4,115617305,3,u
106778935,4,115672790,3,u
106787446,0,106035426,0,t
106791791,0,108594855,0,t
106792901,0,108351716,0,t
106799176,3,115711534,3,u
106799176,4,115558912,3,u
106799176,4,115617305,3,u
106799176,4,115672790,3,u
106799778,0,106325702,0,t
106802012,0,109018179,0,r
106802817,0,109018179,0,r
106802956,0,109018179,0,r
106803112,0,109018179,0,r
106813185,1,115617305,3,u
106813185,1,115672790,3,u
106813185,2,115711534,3,u
106819926,0,107213814,0,u
106834692,0,100737281,0,t
106834692,0,108594855,0,t
106838884,0,106255232,0,t
106841553,0,101141078,0,t
106842087,0,108594855,0,t
106842087,0,109206390,0,r
106842363,0,108594855,0,t
106842712,0,108594855,0,t
106843159,0,108594855,0,t
106843488,0,108594855,0,t
106843798,0,108594855,0,t
106844672,0,108594855,0,t
106844845,0,107298952,0,u
106846114,0,108594855,0,t
106846409,0,106090243,0,t
106846776,0,106090243,0,t
106847834,0,106255232,0,t
106848546,0,108594855,0,t
106849092,0,108594855,0,t
106849448,0,108594855,0,t
106849702,0,108594855,0,t
106849886,0,108594855,0,t
106850158,0,108594855,0,t
106850356,0,108594855,0,t
106850547,0,108594855,0,t
106850708,0,108594855,0,t
106850842,0,108594855,0,t
106851030,0,108594855,0,t
106851154,0,108594855,0,t
106851394,0,108594855,0,t
106851571,0,108594855,0,t
106851737,0,100491318,0,t
106852019,0,106620941,0,t
106852253,0,100491318,0,t
106852383,0,100491318,0,t
106853448,0,106255232,0,t
106853638,0,106255232,0,t
106855199,1,115558912,3,u
106855199,1,115617305,3,u
106855199,1,115672790,3,u
106855199,2,115711534,3,u
106855730,0,108594855,0,t
106856619,0,107157953,0,t
106857558,1,115617305,3,u
106857558,1,115672790,3,u
106857558,2,115711534,3,u
106858837,0,106260813,0,t
106860113,0,106090243,0,t
106861903,0,106318834,0,t
106862082,0,101047273,0,t
106862621,0,108594855,0,t
106863180,1,115711534,3,u
106863180,2,115617305,3,u
106863180,2,115672790,3,u
106864500,0,106209103,0,t
106865575,0,106255232,0,t
106865949,0,106255232,0,t
106866174,0,106255232,0,t
106866379,0,106255232,0,t
106868106,0,106255232,0,t
106868357,0,106255232,0,t
106870581,0,106090243,0,t
106872284,0,108594855,0,t
106874154,3,115558912,3,u
106874154,3,115617305,3,u
106874154,3,115672790,3,u
106874154,4,115711534,3,u
106877940,0,106325702,0,t
106880623,0,108247681,0,t
106880854,0,108594855,0,t
106883881,0,106035426,0,t
106883881,1,115617305,3,u
106883881,1,115672790,3,u
106883881,2,115711534,3,u
106884144,1,115617305,3,u
106884144,1,115672790,3,u
106884144,2,115711534,3,u
106885874,0,106389447,0,u
106886662,0,108594855,0,t
106889343,0,107290215,0,t
106891186,1,115711534,3,u
106891186,2,115558912,3,u
106891186,2,115617305,3,u
106891186,2,115672790,3,u
106891859,0,109087646,0,r
106891963,0,109087646,0,r
106894289,0,100850152,0,t
106894289,0,115102245,0,t
106899737,0,108594855,0,t
106903310,0,106219119,0,t
106905104,0,106329660,0,t
106905104,0,106332505,0,t
106905104,0,106333094,0,t
106905538,0,106318834,0,t
106905860,0,106318834,0,t
106905860,0,108235469,0,t
106906148,0,106318834,0,t
106906320,0,106318834,0,t
106906498,0,106318834,0,t
106906675,3,115711534,3,u
106906675,4,115617305,3,u
106906675,4,115672790,3,u
106907899,0,109018179,0,r
106908323,0,109018179,0,r
106913123,0,106133372,0,t
106913399,0,106133372,0,t
106913788,1,115617305,3,u
106913788,1,115672790,3,u
106913788,2,115711534,3,u
106916062,0,106779878,0,t
106916401,0,106779878,0,t
106919987,0,108351716,0,t
106920232,0,108351716,0,t
106920351,0,108351716,0,t
106920492,0,108351716,0,t
106920632,0,108351716,0,t
106921001,0,108351716,0,t
106930530,0,107157953,0,t
106931820,0,107157953,0,t
106934461,1,107073253,2,u
106934461,3,115587945,1,u
106935610,0,106344649,0,t
106938002,0,106376408,0,t
106942397,0,106219119,0,t
106943669,0,106219119,0,t
106944051,0,106779878,0,t
106950012,5,115587945,1,u
106950012,6,107073253,2,u
106959851,2,115587945,1,u
106959851,3,107073253,2,u
106960219,0,106389447,0,u
106961724,0,106219119,0,t
106972679,0,106325702,0,t
106973058,0,107157953,0,t
106973410,0,107157953,0,t
106973790,0,107157953,0,t
106974013,0,107157953,0,t
106974117,0,107157953,0,t
106974252,0,107157953,0,t
106974393,0,107157953,0,t
106974512,0,107157953,0,t
106974670,0,107157953,0,t
106974792,0,107157953,0,t
106974910,0,107157953,0,t
106975065,0,107157953,0,t
106978386,0,107157953,0,t
106982479,0,107157953,0,t
106982650,0,107157953,0,t
106982858,0,107157953,0,t
106982968,0,107157953,0,t
106984201,1,115617305,3,u
106984201,1,115672790,3,u
106984201,2,115711534,3,u
106985854,0,107157953,0,t
106986011,0,107157953,0,t
107000397,0,108924633,0,r
107001342,0,108351716,0,t
107001462,0,109018179,0,r
107002927,0,100763711,0,t
107004616,0,106146319,0,t
107011032,0,107157953,0,t
107015531,0,106219119,0,t
107017899,0,106219119,0,t
107025166,0,109206390,0,r
107050155,0,109079557,0,r
107050355,0,109079557,0,r
107050658,0,108880234,0,r
107051964,0,108872567,0,r
107051964,0,108880234,0,r
107051964,0,109064602,0,r
107051964,0,109197948,0,r
107062943,0,109240125,0,r
107065050,0,108988927,0,r
107069815,0,109164174,0,r
107075237,8,107213814,1,u
107078393,0,109048144,0,r
107078731,0,108924633,0,r
107090224,0,109017229,0,r
107091156,0,109052506,0,r
107094103,0,108959494,0,r
107094799,0,109087646,0,r
107096098,0,109145845,0,r
107096264,0,109184780,0,r
107096568,0,109184780,0,r
107097312,0,109184780,0,r
107099168,0,106329660,0,t
107107693,0,108938608,0,r
107122652,0,109074042,0,r
107122786,0,109074042,0,r
107123926,0,109071160,0,r
107124824,0,109077400,0,r
107126726,0,107131682,0,t
107137200,0,106189791,0,t
107137549,0,106189791,0,t
107142932,4,115711534,3,u
107142932,5,115558912,3,u
107142932,5,115617305,3,u
107142932,5,115672790,3,u
107144856,0,106473364,0,t
107147521,1,115711534,3,u
107147521,2,115558912,3,u
107147521,2,115617305,3,u
107147521,2,115672790,3,u
107162701,0,107157953,0,t
107164943,1,115617305,3,u
107164943,1,115672790,3,u
107164943,2,115711534,3,u
107165193,1,115617305,3,u
107165193,1,115672790,3,u
107165193,2,115711534,3,u
107165541,0,107157953,0,t
107165820,0,107157953,0,t
107166846,0,107157953,0,t
107167418,0,107157953,0,t
107167773,0,107162886,0,t
107170352,0,107210461,0,t
107171050,0,108235469,0,t
107172500,0,106325702,0,t
107172788,0,108235469,0,t
107174742,0,108938608,0,r
107174742,0,115507338,0,t
107174939,0,106539965,0,t
107176886,1,115617305,3,u
107176886,1,115672790,3,u
107176886,2,115711534,3,u
107177125,0,107157953,0,t
107180568,0,109017229,0,r
107183682,0,107157953,0,t
107184706,0,107157953,0,t
107184882,0,107157953,0,t
107185156,0,107157953,0,t
107185949,0,107157953,0,t
107192267,4,115617305,3,u
107192267,4,115672790,3,u
107192267,6,115711534,3,u
107195623,0,107157953,0,t
107199286,0,107201007,0,t
107199644,0,100547270,0,t
107204350,0,109018179,0,r
107204877,0,109018179,0,r
107205077,0,100945551,0,t
107205077,0,106376408,0,t
107205077,0,107157953,0,t
107206559,0,106473364,0,t
107206559,1,115711534,3,u
107206559,2,115558912,3,u
107206559,2,115617305,3,u
107206559,2,115672790,3,u
107207133,0,107157953,0,t
107219681,1,115617305,3,u
107219681,1,115672790,3,u
107219681,2,115711534,3,u
107219913,1,115617305,3,u
107219913,1,115672790,3,u
107219913,2,115711534,3,u
107225861,0,107203079,0,t
107226508,0,107157953,0,t
107230427,0,106255232,0,t
107231192,1,107073253,2,u
107231192,2,115587945,1,u
107233504,0,106261806,0,t
107233702,0,106261806,0,t
107233702,4,115711534,3,u
107233702,5,115558912,3,u
107233702,5,115617305,3,u
107233702,5,115672790,3,u
107234528,0,106261806,0,t
107237962,0,106262279,0,t
107239667,0,106262279,0,t
107239788,0,106262279,0,t
107240210,0,106262279,0,t
107242453,0,107142932,0,t
107249255,0,106376408,0,t
107250674,2,115617305,3,u
107250674,2,115672790,3,u
107250674,4,115711534,3,u
107251181,0,106268840,0,t
107251680,0,106264588,0,t
107251881,0,106264588,0,t
107252103,0,106264588,0,t
107258494,1,115617305,3,u
107258494,1,115672790,3,u
107258494,2,115711534,3,u
107262717,1,115711534,3,u
107262717,3,115558912,3,u
107262717,3,115617305,3,u
107262717,3,115672790,3,u
107265016,0,100850152,0,t
107265016,0,115102245,0,t
107269515,1,115711534,3,u
107269515,2,115617305,3,u
107269515,2,115672790,3,u
107274277,0,106269257,0,t
107277770,1,115711534,3,u
107277770,2,115558912,3,u
107277770,2,115617305,3,u
107277770,2,115672790,3,u
107278109,0,107079350,0,u
107281990,0,106389447,0,u
107283179,0,107213814,0,u
107284007,0,106389447,0,u
107284566,0,107213814,0,u
107285092,0,108594855,0,t
107286058,0,107213814,0,u
107286668,0,108594855,0,t
107292492,0,108594855,0,t
107297898,0,107094799,0,u
107310376,0,106389447,0,u
107310376,0,108351716,0,t
107311124,0,108351716,0,t
107313611,0,106529675,0,t
107313766,0,106529675,0,t
107316087,1,115617305,3,u
107316087,1,115672790,3,u
107316087,2,115711534,3,u
107317957,0,106253523,0,t
107320230,0,106253858,0,t
107322467,0,108594855,0,t
107324382,0,109018179,0,r
107329875,0,106820300,0,u
107335451,1,115587945,1,u
107335451,2,107073253,2,u
107336186,0,106239054,0,t
107336393,0,108594855,0,t
107336844,0,108594855,0,t
107337135,0,108594855,0,t
107337298,0,108594855,0,t
107342707,1,115558912,3,u
107342707,1,115617305,3,u
107342707,1,115672790,3,u
107342707,2,115711534,3,u
107343550,1,115617305,3,u
107343550,1,115672790,3,u
107343550,2,115711534,3,u
107343849,1,115617305,3,u
107343849,1,115672790,3,u
107343849,2,115711534,3,u
107344932,2,115617305,3,u
107344932,2,115672790,3,u
107344932,3,115711534,3,u
107349127,0,106255232,0,t
107349924,0,108594855,0,t
107351333,0,108594855,0,t
107351549,0,108594855,0,t
107353747,0,107079350,0,u
107356886,0,108594855,0,t
107359005,0,108594855,0,t
107360026,0,108351716,0,t
107360543,0,107079350,0,u
107361541,0,108210806,0,t
107361995,0,109018179,0,r
107365742,2,115711534,3,u
107365742,3,115558912,3,u
107365742,3,115617305,3,u
107365742,3,115672790,3,u
107368082,0,108351716,0,t
107368243,0,108351716,0,t
107368537,0,108351716,0,t
107368716,0,108351716,0,t
107369441,0,107123252,0,t
107378353,0,108594855,0,t
107378903,0,109018179,0,r
107381327,0,106262279,0,t
107382221,0,109206390,0,r
107383069,0,106239054,0,t
107385981,0,101047273,0,t
107388377,0,107213814,0,u
107390971,4,115617305,3,u
107390971,4,115672790,3,u
107390971,6,115711534,3,u
107395387,0,108594855,0,t
107401227,0,106461373,0,t
107402035,0,106264588,0,t
107402247,0,106264588,0,t
107403563,0,100472330,0,t
107407338,0,103133660,0,t
107407452,0,103133660,0,t
107409886,1,115711534,3,u
107409886,2,115558912,3,u
107409886,2,115617305,3,u
107409886,2,115672790,3,u
107411941,0,108351716,0,t
107412147,0,108351716,0,t
107412305,0,106219119,0,t
107416059,0,106219119,0,t
107418266,0,100472330,0,t
107418461,0,106264588,0,t
107423556,0,106219119,0,t
107424092,0,106327647,0,t
107434918,0,107213814,0,u
107436160,0,100446351,0,t
107436905,3,106389447,1,u
107437442,1,115617305,3,u
107437442,1,115672790,3,u
107437442,2,115711534,3,u
107438407,0,106820300,0,u
107440398,0,106227072,0,t
107442040,0,106219119,0,t
107442261,0,106219119,0,t
107442436,0,106219119,0,t
107442563,0,106219119,0,t
107442787,0,106219119,0,t
107442965,0,106219119,0,t
107443252,0,106219119,0,t
107444635,0,109018179,0,r
107445013,0,106181353,0,t
107448378,0,107265016,0,u
107452863,0,106206260,0,t
107454168,0,106185544,0,t
107454329,0,106551945,0,t
107454546,0,106551945,0,t
107454773,0,100011488,0,t
107455363,0,106174934,0,t
107459904,0,103851641,0,t
107461934,0,107213814,0,u
107463430,0,107213814,0,u
107464053,0,106329660,0,t
107464193,0,106329660,0,t
107464674,0,106185544,0,t
107464877,0,106185544,0,t
107465086,0,106276100,0,t
107465560,2,115617305,3,u
107465560,2,115672790,3,u
107465560,3,115711534,3,u
107469881,0,106275710,0,t
107472973,0,106329660,0,t
107472973,0,106333094,0,t
107473175,0,106327647,0,t
107474215,0,108128389,0,t
107474928,0,106133372,0,t
107475165,0,106170987,0,t
107476288,0,106706652,0,u
107477487,0,106389447,0,u
107480547,0,106174934,0,t
107482265,0,108351716,0,t
107482420,0,108351716,0,t
107482553,0,108351716,0,t
107482706,0,108351716,0,t
107482861,0,108351716,0,t
107483337,0,108351716,0,t
107484472,0,103133660,0,t
107485630,0,106329660,0,t
107485630,0,106333094,0,t
107485808,0,100456193,0,t
107487488,0,106181353,0,t
107487781,0,106181353,0,t
107488056,0,106189791,0,t
107488208,0,106181353,0,t
107488959,0,106181353,0,t
107489839,0,106185296,0,t
107490083,0,106181353,0,t
107492684,0,106206260,0,t
107493508,0,106219119,0,t
107495847,0,100313133,0,t
107497983,1,115617305,3,u
107497983,1,115672790,3,u
107497983,2,115711534,3,u
107499201,0,102732078,0,t
107499201,0,104259275,0,t
107500578,0,106318834,0,t
107501089,0,106551945,0,t
107502089,0,106181353,0,t
107503005,0,106174934,0,t
107504575,0,106706652,0,u
107504575,0,108351716,0,t
107507363,0,104259275,0,t
107509589,0,102732078,0,t
107516808,0,106165936,0,t
107517013,0,106181353,0,t
107518437,0,106206260,0,t
107522800,2,115711534,3,u
107522800,4,115558912,3,u
107522800,4,115617305,3,u
107522800,4,115672790,3,u
107541871,0,107157953,0,t
107546655,3,115711534,3,u
107546655,4,115558912,3,u
107546655,4,115617305,3,u
107546655,4,115672790,3,u
107547755,0,106206260,0,t
107551607,0,106188717,0,t
107552066,0,106188717,0,t
107557961,0,106185544,0,t
107558190,0,106185544,0,t
107558355,0,106185544,0,t
107558901,1,115617305,3,u
107558901,1,115672790,3,u
107558901,2,115711534,3,u
107559292,0,106181353,0,t
107559894,0,100850152,0,t
107561016,0,106547793,0,t
107563897,0,106189791,0,t
107564765,0,103133660,0,t
107565150,0,106189791,0,t
107565535,0,103653256,0,t
107567342,0,108880234,0,r
107567917,0,106165936,0,t
107568483,0,106165936,0,t
107568632,0,106165936,0,t
107568809,0,106165936,0,t
107569148,0,106165936,0,t
107569313,0,106165936,0,t
107569480,0,106165936,0,t
107569639,0,106165936,0,t
107571164,0,106127926,0,t
107576247,0,108129391,0,t
107577384,3,115617305,3,u
107577384,3,115672790,3,u
107577384,4,115711534,3,u
107577750,0,106156983,0,t
107579954,2,115617305,3,u
107579954,2,115672790,3,u
107579954,3,115711534,3,u
107580618,1,115617305,3,u
107580618,1,115672790,3,u
107580618,2,115711534,3,u
107581090,1,115617305,3,u
107581090,1,115672790,3,u
107581090,2,115711534,3,u
107585726,0,100524699,0,t
107588039,0,106181353,0,t
107591744,0,107298952,0,u
107591744,0,109018179,0,r
107591906,0,109017229,0,r
107591906,0,109048144,0,r
107593567,0,109240125,0,r
107593855,0,109018179,0,r
107594074,0,109018179,0,r
107596394,2,115617305,3,u
107596394,2,115672790,3,u
107596394,3,115711534,3,u
107596673,0,108351716,0,t
107597248,3,115617305,3,u
107597248,3,115672790,3,u
107597248,4,115711534,3,u
107597591,0,106325702,0,t
107597863,0,106325702,0,t
107598119,0,106389447,0,u
107598818,0,109018179,0,r
107603678,0,107298952,0,u
107603678,0,109018179,0,r
107608440,0,108938608,0,r
107608440,0,115507338,0,t
107609669,0,100524699,0,t
107611248,0,100478884,0,t
107612465,0,109018179,0,r
107615735,0,100448089,0,t
107621474,0,100524699,0,t
107621656,0,100454529,0,t
107623131,0,106219119,0,t
107623401,0,106219119,0,t
107624056,0,109018179,0,r
107625632,1,115711534,3,u
107625632,2,115558912,3,u
107625632,2,115617305,3,u
107625632,2,115672790,3,u
107625632,5,115711534,3,u
107625632,6,115558912,3,u
107625632,6,115617305,3,u
107625632,6,115672790,3,u
107626795,0,109164174,0,r
107626948,0,100706981,0,t
107632347,0,100850152,0,t
107633286,0,100850152,0,t
107633286,0,106820300,0,u
107633508,0,100850152,0,t
107634016,0,100706981,0,t
107634182,0,100850152,0,t
107634701,0,100850152,0,t
107634701,0,106820300,0,u
107636116,0,108924633,0,r
107641508,0,107079350,0,u
107645005,1,115711534,3,u
107645005,2,115558912,3,u
107645005,2,115617305,3,u
107645005,2,115672790,3,u
107648534,0,109048144,0,r
107658176,0,100850152,0,t
107658482,0,100850152,0,t
107659051,0,100850152,0,t
107659245,0,100850152,0,t
107662313,1,115558912,3,u
107662313,1,115617305,3,u
107662313,1,115672790,3,u
107662313,2,115711534,3,u
107664822,0,107213814,0,u
107671976,0,109087646,0,r
107680563,0,107232164,0,t
107680563,1,115711534,3,u
107680563,2,115558912,3,u
107680563,2,115617305,3,u
107680563,2,115672790,3,u
107683080,1,115617305,3,u
107683080,1,115672790,3,u
107683080,2,115711534,3,u
107685126,0,107213814,0,u
107689074,0,106276100,0,t
107689293,1,115711534,3,u
107689293,2,115558912,3,u
107689293,2,115617305,3,u
107689293,2,115672790,3,u
107694314,3,115711534,3,u
107694314,4,115558912,3,u
107694314,4,115617305,3,u
107694314,4,115672790,3,u
107695616,0,100706981,0,t
107696464,1,115711534,3,u
107696464,2,115558912,3,u
107696464,2,115617305,3,u
107696464,2,115672790,3,u
107697179,2,115711534,3,u
107697179,3,115558912,3,u
107697179,3,115617305,3,u
107697179,3,115672790,3,u
107697651,2,115711534,3,u
107697651,3,115558912,3,u
107697651,3,115617305,3,u
107697651,3,115672790,3,u
107700735,0,100850152,0,t
107701142,1,115711534,3,u
107701142,2,115558912,3,u
107701142,2,115617305,3,u
107701142,2,115672790,3,u
107702734,0,109018179,0,r
107706783,0,100009618,0,t
107713127,1,115711534,3,u
107713127,2,115558912,3,u
107713127,2,115617305,3,u
107713127,2,115672790,3,u
107714882,1,115711534,3,u
107714882,2,115558912,3,u
107714882,2,115617305,3,u
107714882,2,115672790,3,u
107715589,0,109018179,0,r
107715810,0,109018179,0,r
107717717,0,108880234,0,r
107717935,0,109087646,0,r
107718073,0,109087646,0,r
107719411,0,109018179,0,r
107719517,0,106968144,0,u
107721093,0,106382527,0,u
107721565,0,109018179,0,r
107721683,0,109018179,0,r
107723714,0,107079350,0,u
107723833,0,107298952,0,u
107723833,0,109018179,0,r
107723948,0,109018179,0,r
107726075,0,109142272,0,r
107732610,0,109058568,0,r
107736903,0,109018179,0,r
107738253,0,109184780,0,r
107739491,0,108918155,0,r
107741034,2,115711534,3,u
107741034,3,115617305,3,u
107741034,3,115672790,3,u
107742105,0,109018179,0,r
107749022,1,115711534,3,u
107749022,2,115558912,3,u
107749022,2,115617305,3,u
107749022,2,115672790,3,u
107753809,1,115711534,3,u
107753809,2,115617305,3,u
107753809,2,115672790,3,u
107753997,0,106968144,0,u
107756800,0,108128890,0,t
107759501,0,109018179,0,r
107760180,0,109018179,0,r
107760324,1,106968144,1,u
107762283,1,115587945,1,u
107762283,4,107073253,2,u
107765424,0,109018179,0,r
107766698,0,109018179,0,r
107766880,0,109018179,0,r
107767038,0,109018179,0,r
107770235,0,109018179,0,r
107770504,0,109206390,0,r
107771328,0,107079350,0,u
107771495,0,109164174,0,r
107777823,0,109018179,0,r
107778122,0,109018179,0,r
107778283,0,109018179,0,r
107779290,0,106968144,0,u
107781362,0,109206390,0,r
107781512,0,109018179,0,r
107781766,0,109018179,0,r
107781766,1,115587945,1,u
107781766,2,107073253,2,u
107785056,0,108880234,0,r
107785686,1,115711534,3,u
107785686,2,115617305,3,u
107785686,2,115672790,3,u
107787683,0,106325702,0,t
107788874,0,109018179,0,r
107789718,0,109018179,0,r
107793807,0,102189979,0,t
107794013,0,102189979,0,t
107794188,0,109206390,0,r
107794294,0,102189979,0,t
107802069,1,115711534,3,u
107802069,2,115617305,3,u
107802069,2,115672790,3,u
107806990,1,115711534,3,u
107806990,2,115617305,3,u
107806990,2,115672790,3,u
107811574,0,106327647,0,t
107812005,0,109160337,0,r
107821789,1,115587945,1,u
107823465,0,109018179,0,r
107824007,0,109018179,0,r
107824900,0,107213814,0,u
107824900,0,109018179,0,r
107825233,0,109018179,0,r
107827208,0,109210481,0,r
107827353,0,109048144,0,r
107827456,0,109017229,0,r
107827695,0,108959494,0,r
107828490,0,100241463,0,t
107828490,0,106325702,0,t
107830530,0,109058568,0,r
107830657,0,108948938,0,r
107833061,0,100241463,0,t
107833061,0,106325702,0,t
107835440,0,109212365,0,r
107836031,0,109210481,0,r
107836245,0,109300667,0,r
107840753,0,107079350,0,u
107843573,0,109018179,0,r
107850128,0,106968144,0,u
107850674,0,109210481,0,r
107850818,0,108959494,0,r
107850964,0,109018179,0,r
107854580,1,115587945,1,u
107857735,2,107298952,6,u
107857735,4,107298952,6,u
107857735,5,107298952,6,u
107858256,1,115587945,1,u
107858256,4,107073253,2,u
107860269,1,115587945,1,u
107860269,2,107073253,2,u
107862454,0,106389447,0,u
107863591,1,115587945,1,u
107863591,2,107073253,2,u
107867110,1,107073253,2,u
107867110,2,115587945,1,u
107869812,2,107073253,2,u
107869812,3,115587945,1,u
107899946,0,109018179,0,r
107926662,0,109240125,0,r
107929525,0,100241463,0,t
107929525,0,108959494,0,r
107943041,0,109018179,0,r
107943328,0,109018179,0,r
107948235,0,109018179,0,r
107951156,0,109200928,0,r
107951900,0,106389447,0,u
107956692,0,109115355,0,r
107957156,2,115711534,3,u
107957156,4,115558912,3,u
107957156,4,115617305,3,u
107957156,4,115672790,3,u
107971941,0,100241463,0,t
107971941,0,108999946,0,r
107983100,0,109018179,0,r
107984505,0,100241463,0,t
107984505,0,108880234,0,r
107986613,0,108898163,0,r
107995507,0,109018179,0,r
107997394,2,115617305,3,u
107997394,2,115672790,3,u
107997394,3,115711534,3,u
107999169,0,106389447,0,u
108002061,0,106968144,0,u
108005274,0,109079557,0,r
108005460,0,109079557,0,r
108008402,0,109018179,0,r
108008823,0,106547793,0,t
108011441,0,109018179,0,r
108013146,0,108898163,0,r
108014363,0,109018179,0,r
108014783,0,108880234,0,r
108014935,0,108880234,0,r
108015233,0,108898163,0,r
108015376,0,108948938,0,r
108017323,0,109048144,0,r
108018149,0,109018179,0,r
108018281,0,108938608,0,r
108019277,0,108918155,0,r
108026677,0,106325702,0,t
108027372,0,109079557,0,r
108027548,0,109079557,0,r
108027648,0,109079557,0,r
108027857,0,108898163,0,r
108028150,0,109079557,0,r
108028655,0,109004360,0,r
108028780,0,108898163,0,r
108028948,0,108898163,0,r
108029165,0,108898163,0,r
108029507,0,108898163,0,r
108029822,0,108898163,0,r
108031894,1,115711534,3,u
108031894,2,115558912,3,u
108031894,2,115617305,3,u
108031894,2,115672790,3,u
108031894,4,115711534,3,u
108031894,5,115558912,3,u
108031894,5,115617305,3,u
108031894,5,115672790,3,u
108032365,1,115711534,3,u
108032365,2,115617305,3,u
108032365,2,115672790,3,u
108034379,0,106891186,0,u
108034759,0,108999657,0,r
108036925,0,108924633,0,r
108038292,0,109018179,0,r
108038546,0,109018179,0,r
108039095,0,109164174,0,r
108039965,0,109079557,0,r
108045544,0,108988927,0,r
108045544,0,109018179,0,r
108045750,0,109018179,0,r
108046154,0,108924633,0,r
108056000,0,107213814,0,u
108058844,0,106968144,0,u
108059907,1,106968144,1,u
108062368,0,109018179,0,r
108066257,0,109184780,0,r
108071129,0,109018179,0,r
108077232,0,109206390,0,r
108083108,0,109018179,0,r
108087993,1,115711534,3,u
108087993,2,115558912,3,u
108087993,2,115617305,3,u
108087993,2,115672790,3,u
108089113,1,115617305,3,u
108089113,1,115672790,3,u
108089113,2,115711534,3,u
108090397,0,106127926,0,t
108091261,0,106161357,0,t
108091684,0,106389447,0,u
108092886,0,106389447,0,u
108093232,0,106389447,0,u
108093232,0,108958074,0,r
108094681,0,101110137,0,t
108096049,0,106820300,0,u
108096221,2,106832788,2,u
108096468,0,107211994,0,u
108097033,0,106156983,0,t
108097753,0,106389447,0,u
108104549,0,100488880,0,t
108105416,0,100945551,0,t
108106386,0,106389447,0,u
108106688,0,106219119,0,t
108110802,0,107213814,0,u
108111406,0,109018179,0,r
108114649,0,106239054,0,t
108114963,0,108594855,0,t
108114963,0,109206390,0,r
108117081,0,101110137,0,t
108118642,0,106389447,0,u
108120175,0,107079350,0,u
108121119,0,106389447,0,u
108127398,0,100940493,0,t
108127558,0,100940493,0,t
108133841,0,108924633,0,r
108136366,0,108351716,0,t
108136756,0,105863515,0,t
108139205,0,107231192,0,u
108140362,0,106161357,0,t
108145601,0,106162684,0,t
108146012,0,106168057,0,t
108148262,0,107157953,0,t
108148379,0,107157953,0,t
108148506,0,107157953,0,t
108149317,0,100850152,0,t
108149629,0,100450644,0,t
108149744,0,106090243,0,t
108150181,0,106090243,0,t
108150367,0,106090243,0,t
108150707,0,106090243,0,t
108151748,0,106090243,0,t
108152206,0,109087646,0,r
108155345,0,106090243,0,t
108155665,0,106219119,0,t
108155846,0,106219119,0,t
108158536,1,115617305,3,u
108158536,1,115672790,3,u
108158536,2,115711534,3,u
108160814,0,100763711,0,t
108161009,0,100763711,0,t
108161009,0,109142272,0,r
108161392,0,100763711,0,t
108161392,0,108951257,0,r
108161744,0,100763711,0,t
108161744,0,109142272,0,r
108162001,0,100763711,0,t
108162001,0,108950297,0,r
108162001,0,108956587,0,r
108162001,0,109084910,0,r
108162506,0,100763711,0,t
108162506,0,109055117,0,r
108162862,0,100763711,0,t
108162862,0,109159415,0,r
108163243,0,100763711,0,t
108163243,0,109055117,0,r
108163654,0,100763711,0,t
108163654,0,109121400,0,r
108163931,0,100763711,0,t
108163931,0,109018179,0,r
108164131,0,100763711,0,t
108164131,0,108956587,0,r
108164323,0,100763711,0,t
108164323,0,108860570,0,r
108164323,0,109136843,0,r
108164702,0,100763711,0,t
108164702,0,109136843,0,r
108165115,0,100763711,0,t
108165115,0,109134698,0,r
108165359,0,100763711,0,t
108165359,0,108924633,0,r
108165615,0,100763711,0,t
108165615,0,109058568,0,r
108165831,0,100763711,0,t
108165831,0,109071160,0,r
108166241,0,100763711,0,t
108166241,0,109099753,0,r
108166545,0,100763711,0,t
108166545,0,108862513,0,r
108166928,0,100763711,0,t
108166928,0,109178969,0,r
108167443,0,100763711,0,t
108167443,0,108972946,0,r
108167800,0,100763711,0,t
108167800,0,109115355,0,r
108168174,0,100763711,0,t
108168174,0,109079557,0,r
108168534,0,100763711,0,t
108168534,0,108924633,0,r
108168749,0,100763711,0,t
108168749,0,109184780,0,r
108169226,0,100763711,0,t
108169226,0,109084910,0,r
108169574,0,100763711,0,t
108169574,0,109079557,0,r
108169905,0,100763711,0,t
108169905,0,109046723,0,r
108170147,0,100763711,0,t
108170147,0,108956587,0,r
108170537,0,100763711,0,t
108170537,0,108886883,0,r
108170892,0,100763711,0,t
108170892,0,108956587,0,r
108170892,0,109071160,0,r
108170892,0,109115355,0,r
108170892,0,109117657,0,r
108171466,0,100763711,0,t
108171466,0,108950297,0,r
108171810,0,100763711,0,t
108171810,0,109184780,0,r
108172195,0,100763711,0,t
108172195,0,109115355,0,r
108172516,0,100763711,0,t
108172516,0,108956587,0,r
108172990,0,100763711,0,t
108173224,0,100763711,0,t
108173224,0,109136558,0,r
108173558,0,100763711,0,t
108173558,0,109136843,0,r
108173983,0,100763711,0,t
108173983,0,109115355,0,r
108174452,0,100763711,0,t
108174452,0,109371541,0,r
108174709,0,100763711,0,t
108175021,0,100763711,0,t
108175021,0,109046723,0,r
108175345,0,100763711,0,t
108175345,0,109046723,0,r
108175725,0,100763711,0,t
108175725,0,109328419,0,r
108176110,0,100763711,0,t
108176110,0,109200928,0,r
108176487,0,100763711,0,t
108176487,0,109183724,0,r
108176875,0,100763711,0,t
108176875,0,109136843,0,r
108177236,0,100763711,0,t
108177236,0,109136843,0,r
108177601,0,100763711,0,t
108177601,0,109079557,0,r
108178011,0,100763711,0,t
108178011,0,109179624,0,r
108178215,0,100763711,0,t
108178215,0,109121400,0,r
108178617,0,100763711,0,t
108178617,0,109200928,0,r
108178845,0,100763711,0,t
108178845,0,109200507,0,r
108179094,0,100763711,0,t
108179094,0,108950297,0,r
108179320,0,100763711,0,t
108179320,0,108924633,0,r
108179696,0,100763711,0,t
108179696,0,108873922,0,r
108180118,0,100763711,0,t
108180118,0,109212365,0,r
108180481,0,100763711,0,t
108180605,0,100763711,0,t
108180605,0,109200928,0,r
108181218,0,100763711,0,t
108181218,0,109136843,0,r
108181448,0,100763711,0,t
108181448,0,109136843,0,r
108181757,0,100763711,0,t
108181757,0,109136843,0,r
108182123,0,100763711,0,t
108182123,0,109065282,0,r
108182400,0,100763711,0,t
108182400,0,108877688,0,r
108182760,0,100763711,0,t
108182760,0,108876307,0,r
108183331,0,100763711,0,t
108183331,0,109117657,0,r
108183692,0,100763711,0,t
108183692,0,109204580,0,r
108183931,0,100763711,0,t
108183931,0,109045888,0,r
108184191,0,100763711,0,t
108184587,0,100763711,0,t
108184587,0,108877688,0,r
108184786,0,100763711,0,t
108184786,0,108894988,0,r
108185086,0,100763711,0,t
108185086,0,109142272,0,r
108185366,0,100763711,0,t
108185366,0,109065282,0,r
108185565,0,100763711,0,t
108185565,0,109068395,0,r
108186049,0,100763711,0,t
108186049,0,109010896,0,r
108186440,0,100763711,0,t
108186440,0,108889373,0,r
108186844,0,100763711,0,t
108186844,0,109087646,0,r
108187132,0,100763711,0,t
108187132,0,109142272,0,r
108187508,0,109045888,0,r
108187687,0,100763711,0,t
108187687,0,109045888,0,r
108187976,0,100763711,0,t
108187976,0,108956587,0,r
108188399,0,100763711,0,t
108188399,0,109115355,0,r
108188757,0,100763711,0,t
108188757,0,108956587,0,r
108189027,0,100763711,0,t
108189027,0,109142272,0,r
108189275,0,100763711,0,t
108189275,0,108956587,0,r
108189644,0,100763711,0,t
108189644,0,108950297,0,r
108189891,0,100763711,0,t
108189891,0,109115355,0,r
108189891,0,109194816,0,r
108190245,0,100763711,0,t
108190245,0,108950297,0,r
108190534,0,100763711,0,t
108190534,0,109160337,0,r
108190941,0,100763711,0,t
108190941,0,108934332,0,r
108191219,0,100763711,0,t
108191219,0,108950297,0,r
108191516,0,100763711,0,t
108191516,0,109160337,0,r
108191756,0,100763711,0,t
108191756,0,109046723,0,r
108192100,0,100763711,0,t
108192100,0,108924633,0,r
108192478,0,100763711,0,t
108192478,0,108959494,0,r
108192834,0,109045888,0,r
108193177,0,100763711,0,t
108193177,0,108889373,0,r
108193530,0,100763711,0,t
108193530,0,108938608,0,r
108193850,0,100763711,0,t
108193850,0,109200928,0,r
108194163,0,100763711,0,t
108194163,0,108938608,0,r
108194493,0,100763711,0,t
108194493,0,108959494,0,r
108194842,0,100763711,0,t
108194842,0,109157892,0,r
108195259,0,100763711,0,t
108195259,0,108862513,0,r
108195670,0,100763711,0,t
108195670,0,109140082,0,r
108196134,0,100763711,0,t
108196134,0,109136843,0,r
108196448,0,100763711,0,t
108196448,0,109058568,0,r
108196701,0,100763711,0,t
108196701,0,109140082,0,r
108197052,0,100763711,0,t
108197052,0,109010896,0,r
108197366,0,100763711,0,t
108197366,0,109200928,0,r
108197799,0,100763711,0,t
108197799,0,109045888,0,r
108198072,0,100763711,0,t
108198072,0,108889373,0,r
108198582,0,109136843,0,r
108199381,0,100763711,0,t
108199381,0,109136843,0,r
108199824,1,115558912,3,u
108199824,1,115617305,3,u
108199824,1,115672790,3,u
108199824,2,115711534,3,u
108200105,1,115617305,3,u
108200105,1,115672790,3,u
108200105,2,115711534,3,u
108200339,0,109018179,0,r
108201892,0,101141078,0,t
108202953,0,109087646,0,r
108204623,0,106239054,0,t
108205937,2,115617305,3,u
108205937,2,115672790,3,u
108205937,3,115711534,3,u
108208164,0,108950297,0,r
108208359,0,109164174,0,r
108209191,0,101110137,0,t
108212436,0,101110137,0,t
108212436,3,115617305,3,u
108212436,3,115672790,3,u
108212436,4,115711534,3,u
108215490,0,108594855,0,t
108215581,1,115558912,3,u
108215581,1,115617305,3,u
108215581,1,115672790,3,u
108215581,3,115711534,3,u
108216050,1,115558912,3,u
108216050,1,115617305,3,u
108216050,1,115672790,3,u
108216050,2,115711534,3,u
108216839,0,100934986,0,t
108226368,0,106189791,0,t
108226368,0,106365377,0,t
108230869,0,100472330,0,t
108232962,1,115558912,3,u
108232962,1,115617305,3,u
108232962,1,115672790,3,u
108232962,2,115711534,3,u
108233197,0,100524699,0,t
108233197,1,115558912,3,u
108233197,1,115617305,3,u
108233197,1,115672790,3,u
108233197,3,115711534,3,u
108237556,0,108235469,0,t
108237732,0,108235469,0,t
108239997,0,101047273,0,t
108240808,0,109048144,0,r
108240979,0,101047273,0,t
108247194,0,108594855,0,t
108248658,0,108876307,0,r
108248658,0,109006784,0,r
108248658,0,109058568,0,r
108248658,0,109064024,0,r
108250384,0,106066243,0,t
108251876,0,106332781,0,t
108253136,0,106127926,0,t
108254633,0,106127926,0,t
108255377,0,106127926,0,t
108255535,0,106127926,0,t
108255713,0,106264588,0,t
108255855,0,106127926,0,t
108258739,0,106127926,0,t
108258876,0,106127926,0,t
108259012,0,106127926,0,t
108259269,0,106127926,0,t
108259421,0,106127926,0,t
108259577,0,106127926,0,t
108260382,0,106127926,0,t
108260528,0,106127926,0,t
108260737,0,106127926,0,t
108260894,0,106127926,0,t
108261082,0,106127926,0,t
108261734,0,106127926,0,t
108261882,0,106127926,0,t
108262050,0,106127926,0,t
108262307,0,106127926,0,t
108262540,0,106127926,0,t
108262815,0,106127926,0,t
108263324,0,106127926,0,t
108263586,0,106127926,0,t
108263766,0,106127926,0,t
108263950,0,106239054,0,t
108263950,1,115617305,3,u
108263950,1,115672790,3,u
108263950,2,115711534,3,u
108264585,0,108594855,0,t
108266791,0,101334221,0,t
108273904,0,106706652,0,u
108274077,0,109018179,0,r
108274219,0,109206390,0,r
108274351,0,109206390,0,r
108277637,0,100763711,0,t
108280376,0,108351716,0,t
108284854,0,100894211,0,t
108287559,0,106635221,0,t
108287559,0,108594855,0,t
108287987,0,108594855,0,t
108288477,0,108594855,0,t
108295779,0,109018179,0,r
108299319,0,106318834,0,t
108299970,0,106389447,0,u
108304230,0,108994570,0,t
108304550,0,109011820,0,t
108304679,0,108904465,0,t
108304834,0,108935725,0,t
108304988,0,108909090,0,t
108306257,0,109018179,0,r
108316969,6,115617305,3,u
108316969,6,115672790,3,u
108316969,7,115711534,3,u
108319824,0,109018179,0,r
108319824,0,109087646,0,r
108320238,0,109018179,0,r
108320238,0,109087646,0,r
108320412,0,109018179,0,r
108320412,0,109087646,0,r
108320576,0,109018179,0,r
108320576,0,109087646,0,r
108320990,0,109206390,0,r
108331685,0,106389447,0,u
108331685,0,106820300,0,u
108331954,0,106389447,0,u
108332983,0,109018179,0,r
108333138,1,115711534,3,u
108333138,2,115558912,3,u
108333138,2,115617305,3,u
108333138,2,115672790,3,u
108333668,0,106307964,0,t
108336645,0,106389447,0,u
108337804,0,109018179,0,r
108340593,0,100546701,0,t
108342897,0,108351716,0,t
108343214,0,108351716,0,t
108343359,0,108351716,0,t
108343835,0,108351716,0,t
108344137,0,108351716,0,t
108344306,0,108351716,0,t
108344966,0,108351716,0,t
108345422,0,108351716,0,t
108348412,0,108351716,0,t
108348639,0,108351716,0,t
108350357,0,108351716,0,t
108350357,1,115711534,3,u
108350357,2,115558912,3,u
108350357,2,115617305,3,u
108350357,2,115672790,3,u
108350828,0,108351716,0,t
108351089,0,108351716,0,t
108351716,2,106389447,2,u
108359151,0,108351716,0,t
108359354,0,100763711,0,t
108359786,0,108351716,0,t
108359900,3,115617305,3,u
108359900,3,115672790,3,u
108359900,4,115711534,3,u
108360288,0,106389447,0,u
108363159,0,109154433,0,r
108364038,0,108351716,0,t
108364223,0,108351716,0,t
108364508,0,100763711,0,t
108367211,0,108351716,0,t
108367445,0,108351716,0,t
108369622,0,108351716,0,t
108372468,0,108351716,0,t
108372898,0,109087646,0,r
108373866,0,106156983,0,t
108374323,0,106127926,0,t
108377789,0,106327647,0,t
108377789,0,106389447,0,u
108378439,0,107075237,0,u
108378439,0,107298952,0,u
108379992,0,108950297,0,r
108383448,0,109018179,0,r
108384060,0,106820300,0,u
108384060,0,109079557,0,r
108384672,0,100472330,0,t
108384851,0,100472330,0,t
108388796,0,109058568,0,r
108390375,0,108889373,0,r
108390573,0,108889373,0,r
108397519,0,100763711,0,t
108398598,0,107213814,0,u
108398722,0,100763711,0,t
108399209,0,100763711,0,t
108399786,2,115617305,3,u
108399786,2,115672790,3,u
108399786,3,115711534,3,u
108401787,0,109065282,0,r
108403901,0,109018179,0,r
108406743,0,109018179,0,r
108406886,0,109018179,0,r
108413858,2,115711534,3,u
108413858,3,115558912,3,u
108413858,3,115617305,3,u
108413858,3,115672790,3,u
108414203,0,109018179,0,r
108418526,0,109808814,0,t
108418684,1,115617305,3,u
108418684,1,115672790,3,u
108418684,2,115711534,3,u
108420135,0,106174934,0,t
108420329,0,106090243,0,t
108421010,0,106090243,0,t
108423351,0,106185544,0,t
108423731,0,106185544,0,t
108425048,0,108351716,0,t
108425156,0,108351716,0,t
108425556,0,106741205,0,t
108431683,0,109018179,0,r
108432283,0,108351716,0,t
108432424,0,108351716,0,t
108432559,0,108351716,0,t
108435939,0,109006784,0,r
108435939,0,109136843,0,r
108436625,0,109065282,0,r
108438613,0,109018179,0,r
108439663,0,109018179,0,r
108440565,0,106234927,0,t
108440565,1,115617305,3,u
108440565,1,115672790,3,u
108440565,2,115711534,3,u
108442970,1,115617305,3,u
108442970,1,115672790,3,u
108442970,2,115711534,3,u
108443314,1,115617305,3,u
108443314,1,115672790,3,u
108443314,2,115711534,3,u
108443699,1,115617305,3,u
108443699,1,115672790,3,u
108443699,2,115711534,3,u
108443921,2,115617305,3,u
108443921,2,115672790,3,u
108443921,3,115711534,3,u
108444207,1,115617305,3,u
108444207,1,115672790,3,u
108444207,2,115711534,3,u
108444689,0,106234927,0,t
108444920,0,106234927,0,t
108445525,0,108911529,0,t
108447803,2,115617305,3,u
108447803,2,115672790,3,u
108447803,3,115711534,3,u
108447803,4,115617305,3,u
108447803,4,115672790,3,u
108447803,5,115711534,3,u
108456922,0,109206390,0,r
108457974,0,108914480,0,r
108459424,0,106329660,0,t
108459601,0,106329660,0,t
108459895,0,106329660,0,t
108464788,0,109058568,0,r
108464788,0,109136843,0,r
108464953,0,109018179,0,r
108465199,0,109018179,0,r
108465827,0,106318834,0,t
108472048,0,109079557,0,r
108472469,0,109018179,0,r
108473656,0,108956587,0,r
108474696,0,108880234,0,r
108475183,0,107106078,0,t
108475414,0,108860570,0,r
108478775,0,109018179,0,r
108479096,0,109018179,0,r
108483540,0,108594855,0,t
108483760,0,108594855,0,t
108484603,0,108351716,0,t
108484771,0,108351716,0,t
108487333,0,108351716,0,t
108487333,0,108594855,0,t
108487565,0,108594855,0,t
108487697,0,108594855,0,t
108487939,0,108351716,0,t
108487939,0,108594855,0,t
108488119,0,108594855,0,t
108488333,0,108594855,0,t
108488499,0,108594855,0,t
108488660,0,108235469,0,t
108488997,0,108594855,0,t
108489132,0,108594855,0,t
108489434,0,108594855,0,t
108489601,0,108594855,0,t
108489736,0,108594855,0,t
108492111,0,109206390,0,r
108493417,0,109206390,0,r
108494253,0,108351716,0,t
108495683,0,108977963,0,r
108495934,0,109018179,0,r
108496152,0,108977963,0,r
108496366,0,108977963,0,r
108496588,0,108977963,0,r
108496798,0,109136843,0,r
108497169,0,109167345,0,r
108497565,0,109193125,0,r
108498181,0,109071160,0,r
108498453,0,109071160,0,r
108498630,0,108950297,0,r
108498877,0,108950297,0,r
108499034,0,108950297,0,r
108499295,0,109018179,0,r
108499550,0,108950297,0,r
108499761,0,108950297,0,r
108499926,0,109018179,0,r
108500176,0,108977963,0,r
108500477,0,109018179,0,r
108500728,0,108950297,0,r
108502819,0,109018179,0,r
108508346,2,115617305,3,u
108508346,2,115672790,3,u
108508346,3,115711534,3,u
108510231,0,108594855,0,t
108510857,0,109018179,0,r
108512291,0,100763711,0,t
108520649,0,109439993,0,r
108526572,0,106156983,0,t
108526708,0,106156983,0,t
108528101,0,109537498,0,r
108531951,1,115617305,3,u
108531951,1,115672790,3,u
108531951,2,115711534,3,u
108535247,0,109018179,0,r
108535488,0,109018179,0,r
108541712,0,109087646,0,r
108542175,0,109882692,0,t
108542303,0,109882692,0,t
108542506,0,108351716,0,t
108542647,0,108351716,0,t
108542781,0,108351716,0,t
108542919,0,108351716,0,t
108543334,0,108351716,0,t
108543446,0,108351716,0,t
108543591,0,108351716,0,t
108543808,0,108351716,0,t
108543945,0,108351716,0,t
108544165,0,108351716,0,t
108544456,0,108351716,0,t
108544641,0,108351716,0,t
108544822,0,108351716,0,t
108545572,0,100763711,0,t
108547858,0,108351716,0,t
108548357,0,108351716,0,t
108548733,0,108351716,0,t
108548900,0,108351716,0,t
108549117,0,108351716,0,t
108550425,0,108351716,0,t
108550690,0,108351716,0,t
108550924,0,108351716,0,t
108551110,0,108351716,0,t
108551291,0,108351716,0,t
108551471,0,108351716,0,t
108551614,0,108351716,0,t
108554040,0,107079350,0,u
108556381,0,109018179,0,r
108557810,0,108351716,0,t
108557986,0,108351716,0,t
108558172,0,108351716,0,t
108558332,0,106389447,0,u
108558332,0,108351716,0,t
108558561,0,108351716,0,t
108558704,0,108351716,0,t
108559310,0,109058568,0,r
108561056,0,100945551,0,t
108562182,0,100456193,0,t
108562182,0,100986925,0,t
108562182,0,106239054,0,t
108564180,0,109018179,0,r
108568100,0,108594855,0,t
108568456,0,108594855,0,t
108568619,0,108594855,0,t
108568764,0,108594855,0,t
108568961,0,108594855,0,t
108569153,0,108351716,0,t
108570015,1,115711534,3,u
108570015,2,115558912,3,u
108570015,2,115617305,3,u
108570015,2,115672790,3,u
108575824,0,100763711,0,t
108578346,0,108351716,0,t
108580393,0,108351716,0,t
108580570,0,108351716,0,t
108580740,0,108351716,0,t
108580859,0,108351716,0,t
108581030,0,108351716,0,t
108582629,0,108351716,0,t
108584782,1,115587945,1,u
108585351,0,109018179,0,r
108586450,0,108351716,0,t
108587357,0,108351716,0,t
108590393,0,100011488,0,t
108591584,0,109018179,0,r
108606760,0,108594855,0,t
108607116,0,108594855,0,t
108607374,0,108594855,0,t
108607655,0,108594855,0,t
108607843,0,108594855,0,t
108608097,0,108594855,0,t
108608474,0,108351716,0,t
108608474,0,108594855,0,t
108608693,0,108594855,0,t
108608927,0,108351716,0,t
108608927,0,108594855,0,t
108610003,0,108594855,0,t
108610130,0,108594855,0,t
108610275,0,108594855,0,t
108614598,0,106090243,0,t
108614846,0,106090243,0,t
108615098,0,106090243,0,t
108626100,0,108880234,0,r
108626894,1,115711534,3,u
108626894,3,115558912,3,u
108626894,3,115617305,3,u
108626894,3,115672790,3,u
108628246,0,109071160,0,r
108628467,0,109068395,0,r
108629848,0,108924633,0,r
108631433,0,106389447,0,u
108631433,0,106820300,0,u
108633780,0,108351716,0,t
108634059,0,109018179,0,r
108635174,1,115711534,3,u
108635174,2,115617305,3,u
108635174,2,115672790,3,u
108636054,0,108351716,0,t
108636054,1,115711534,3,u
108636054,2,115558912,3,u
108636054,2,115617305,3,u
108636054,2,115672790,3,u
108636420,0,108351716,0,t
108636578,0,108351716,0,t
108636884,0,109018179,0,r
108637007,0,108351716,0,t
108638243,0,106547793,0,t
108640865,0,106551945,0,t
108642296,0,109180837,0,r
108642424,0,109222480,0,r
108642593,0,109508611,0,r
108642763,0,108993615,0,r
108643027,0,108674816,0,r
108643185,0,109140082,0,r
108650336,0,106185544,0,t
108651053,0,100465604,0,t
108653161,0,106185544,0,t
108653317,0,106181353,0,t
108653469,0,106181353,0,t
108654984,0,106389447,0,u
108659693,0,109018179,0,r
108661788,0,106551945,0,t
108661965,0,106468926,0,t
108662111,0,108351716,0,t
108665942,0,100313133,0,t
108666708,0,106147930,0,t
108668965,1,115711534,3,u
108668965,2,115558912,3,u
108668965,2,115617305,3,u
108668965,2,115672790,3,u
108669419,1,115711534,3,u
108669419,2,115558912,3,u
108669419,2,115617305,3,u
108669419,2,115672790,3,u
108671163,1,115711534,3,u
108671163,2,115617305,3,u
108671163,2,115672790,3,u
108675920,0,106185544,0,t
108676150,0,106185544,0,t
108676304,0,106185544,0,t
108677008,1,115711534,3,u
108677008,2,115558912,3,u
108677008,2,115617305,3,u
108677008,2,115672790,3,u
108677555,0,106181353,0,t
108677555,3,115573598,1,u
108677555,3,115587945,1,u
108677555,4,115573598,1,u
108677555,4,115587945,1,u
108677862,2,115573598,1,u
108677862,2,115587945,1,u
108678124,2,115573598,1,u
108678124,2,115587945,1,u
108678292,2,115573598,1,u
108678292,2,115587945,1,u
108678522,0,106185544,0,t
108678941,1,115711534,3,u
108678941,2,115558912,3,u
108678941,2,115617305,3,u
108678941,2,115672790,3,u
108679555,2,115573598,1,u
108679555,2,115587945,1,u
108679702,2,115711534,3,u
108679702,3,115558912,3,u
108679702,3,115617305,3,u
108679702,3,115672790,3,u
108680220,1,115711534,3,u
108680220,2,115558912,3,u
108680220,2,115617305,3,u
108680220,2,115672790,3,u
108695636,0,109018179,0,r
108697352,0,108959494,0,r
108697352,0,109007806,0,r
108697352,0,109087646,0,r
108697352,0,109193125,0,r
108698377,0,109576673,0,t
108701968,0,109018179,0,r
108702656,0,109206390,0,r
108702948,0,109018179,0,r
108703941,0,100850152,0,t
108703941,0,106185544,0,t
108704454,0,109087646,0,r
108705454,0,109018179,0,r
108705797,0,106234927,0,t
108707349,0,108351716,0,t
108707349,3,115711534,3,u
108707349,5,115558912,3,u
108707349,5,115617305,3,u
108707349,5,115672790,3,u
108711073,0,109018179,0,r
108711623,0,106219119,0,t
108711805,0,106219119,0,t
108714029,0,106468926,0,t
108714895,0,108594855,0,t
108716301,0,106234927,0,t
108725463,0,106206260,0,t
108727219,0,100469197,0,t
108727219,0,100478014,0,t
108728106,0,107142932,0,t
108733938,1,115711534,3,u
108733938,2,115558912,3,u
108733938,2,115617305,3,u
108733938,2,115672790,3,u
108739800,0,103301037,0,t
108743872,0,109018179,0,r
108745396,0,106209103,0,t
108746487,0,106209103,0,t
108747034,0,107213814,0,u
108747228,0,100481629,0,t
108748502,0,100472330,0,t
108748831,0,106185544,0,t
108750623,0,108351716,0,t
108751051,0,108351716,0,t
108751223,0,108351716,0,t
108751391,0,108351716,0,t
108756646,0,106820300,0,u
108767750,0,109018179,0,r
108772343,1,115587945,1,u
108772343,4,107073253,2,u
108774721,0,100850152,0,t
108775156,0,106185544,0,t
108779363,0,108351716,0,t
108779540,0,106185544,0,t
108780201,0,106389447,0,u
108781433,0,109018179,0,r
108783299,0,109018179,0,r
108783724,0,108958074,0,r
108783724,0,109079557,0,r
108783724,0,109087646,0,r
108789039,0,108351716,0,t
108789675,0,106185544,0,t
108789972,0,106185544,0,t
108795041,0,109018179,0,r
108795839,1,115711534,3,u
108795839,2,115558912,3,u
108795839,2,115617305,3,u
108795839,2,115672790,3,u
108800041,0,109058568,0,r
108800819,0,104259275,0,t
108801986,0,109018179,0,r
108804391,0,102736683,0,t
108804391,0,107142932,0,t
108804910,0,106094474,0,t
108805415,0,108351716,0,t
108813384,0,108344306,0,t
108814043,0,100004511,0,t
108828428,0,108839781,0,r
108833243,0,109206390,0,r
108836483,0,109537498,0,r
108838924,0,106181353,0,t
108842659,0,105863515,0,t
108845572,0,108351716,0,t
108845761,0,108351716,0,t
108847176,0,108351716,0,t
108847956,0,100472330,0,t
108856770,0,109353574,0,r
108884855,0,108880234,0,r
108902378,0,108898163,0,r
108949730,0,107123252,0,t
108953422,0,106547793,0,t
108953742,0,106547793,0,t
108962294,0,108959494,0,r
108962773,0,108959494,0,r
108981570,0,108980697,0,r
108986341,0,108977963,0,r
108994269,0,108999657,0,r
108997032,0,109206390,0,r
109017017,0,109018179,0,r
109018057,0,107232164,0,t
109018179,2,107301146,1,u
109031693,0,109018179,0,r
109074558,0,109074042,0,r
109075210,0,109074558,0,r
109155685,0,100763711,0,t
109160009,0,109353574,0,r
109177077,0,108129391,0,t
109184290,0,109537498,0,r
109184290,0,109605773,0,r
109206390,8,107301146,1,u
109213986,0,109206390,0,r
109287024,0,108351716,0,t
109289308,0,107213814,0,u
109344764,0,106227072,0,t
109344939,0,106227072,0,t
109345115,0,100706981,0,t
109349567,0,100706981,0,t
109349739,0,100706981,0,t
109349992,0,100706981,0,t
109350850,0,108129391,0,t
109367888,0,106389447,0,u
109371149,0,108719488,0,r
109372749,0,106185544,0,t
109376864,0,106389447,0,u
109382176,0,106206260,0,t
109383022,0,109017229,0,r
109383022,0,109048144,0,r
109385303,0,108988927,0,r
109387123,0,108924633,0,r
109389527,0,109493596,0,t
109389527,0,109541234,0,t
109389527,0,109576673,0,t
109392475,0,109048144,0,r
109394622,0,108839781,0,r
109396771,0,106185544,0,t
109397900,0,109537498,0,r
109405094,0,106174934,0,t
109405720,0,109576673,0,t
109410627,0,106206260,0,t
109410785,0,106206260,0,t
109411376,0,106174934,0,t
109411564,0,106188717,0,t
109413231,0,108129391,0,t
109413421,0,106389447,0,u
109415591,0,106185544,0,t
109415996,0,106185544,0,t
109422173,0,106181353,0,t
109427298,0,109018179,0,r
109431229,0,106206260,0,t
109432480,0,100465604,0,t
109432633,0,100465604,0,t
109433979,0,106389447,0,u
109434610,0,106389447,0,u
109435146,0,107213814,0,u
109436723,0,106181353,0,t
109438825,0,106206260,0,t
109443085,0,106206260,0,t
109444928,0,109048144,0,r
109452365,0,106211763,0,t
109452516,0,106206260,0,t
109454144,0,109048144,0,r
109457950,0,106206260,0,t
109489716,0,106206260,0,t
109491773,0,109160337,0,r
109499088,2,115587945,1,u
109499088,3,107073253,2,u
109502156,0,106389447,0,u
109503203,0,108129391,0,t
109506169,0,109184290,0,r
109508116,0,106174934,0,t
109516343,0,109018179,0,r
109517905,0,106185544,0,t
109521876,0,106206260,0,t
109533092,1,115711534,3,u
109533092,2,115558912,3,u
109533092,2,115617305,3,u
109533092,2,115672790,3,u
109536935,0,106211763,0,t
109540259,0,106185544,0,t
109546599,0,106185544,0,t
109549643,0,106208910,0,t
109550697,0,108129391,0,t
109553764,0,106206260,0,t
109559163,0,106185544,0,t
109563957,0,106185544,0,t
109564123,0,106168057,0,t
109564386,0,106168057,0,t
109567050,0,106181353,0,t
109572589,0,106389447,0,u
109590603,0,106206260,0,t
109590603,0,106389447,0,u
109591566,0,106389447,0,u
109591880,0,106156983,0,t
109598144,0,109028593,0,r
109598801,0,109493596,0,t
109598801,0,109541234,0,t
109598801,0,109576673,0,t
109600590,0,106206260,0,t
109609473,0,106185544,0,t
109610686,0,109164174,0,r
109610963,0,106389447,0,u
109614925,0,106188717,0,t
109615416,0,108129391,0,t
109615592,0,108977239,0,r
109615592,0,109058568,0,r
109634113,0,106820300,0,u
109635180,0,100009618,0,t
109635180,0,101348569,0,t
109640849,0,108839781,0,r
109642671,0,106181353,0,t
109642671,0,107231192,0,u
109645379,0,109312643,0,r
109647075,0,106206260,0,t
109647240,0,108880234,0,r
109652369,0,108129391,0,t
109652584,0,108129391,0,t
109652726,0,106329660,0,t
109652726,0,108128389,0,t
109653491,0,108129391,0,t
109655833,0,108129391,0,t
109655998,0,108129391,0,t
109656154,0,108129391,0,t
109656296,0,108129391,0,t
109656516,0,108129391,0,t
109656788,0,106074611,0,t
109657287,0,106551945,0,t
109657467,0,108129391,0,t
109657747,0,108129391,0,t
109658713,0,108128890,0,t
109658857,0,108128890,0,t
109659023,0,108128890,0,t
109659184,0,108129391,0,t
109659354,0,108129391,0,t
109659542,0,108129391,0,t
109659787,0,108129391,0,t
109659963,0,108129391,0,t
109660260,0,108129391,0,t
109660607,0,108133841,0,t
109660762,0,108129391,0,t
109660949,0,108129391,0,t
109661101,0,108129391,0,t
109661380,0,108129391,0,t
109661617,0,108129391,0,t
109661752,0,108129391,0,t
109661893,0,108129391,0,t
109662165,0,108129391,0,t
109662327,0,108129391,0,t
109662543,0,108129391,0,t
109662756,0,108129391,0,t
109663001,0,108129391,0,t
109663246,0,108129391,0,t
109663447,0,108129391,0,t
109663724,0,108129391,0,t
109663858,0,108129391,0,t
109663996,0,108129391,0,t
109664155,0,108129391,0,t
109664276,0,108129391,0,t
109664601,0,106468605,0,t
109664601,0,108938608,0,r
109664801,0,106468605,0,t
109664801,0,108938608,0,r
109665160,0,108129391,0,t
109665334,0,111435120,0,t
109665442,0,108129391,0,t
109665598,0,108129391,0,t
109665761,0,108128389,0,t
109665761,0,109853092,0,t
109665959,0,108128389,0,t
109665959,0,109853092,0,t
109666108,0,108129391,0,t
109666322,0,108129391,0,t
109666503,0,108129391,0,t
109666730,0,108129391,0,t
109667303,0,108129391,0,t
109667632,0,108129391,0,t
109667842,0,108128389,0,t
109667842,0,109853092,0,t
109668185,0,108133841,0,t
109668403,0,108129391,0,t
109668586,0,106074611,0,t
109668586,0,108918155,0,r
109668805,0,108129391,0,t
109669011,0,108129391,0,t
109672392,0,108128890,0,t
109673829,0,109052506,0,r
109673946,0,109017229,0,r
109673946,0,115507338,0,t
109674105,0,109017229,0,r
109674272,0,109052506,0,r
109674424,0,109052506,0,r
109674564,0,109017229,0,r
109674670,0,109017229,0,r
109674871,0,109017229,0,r
109675026,0,109017229,0,r
109675192,0,109052506,0,r
109675336,0,109052506,0,r
109675465,0,108133136,0,t
109675608,0,109017229,0,r
109675779,0,109017229,0,r
109675911,0,109052506,0,r
109676018,0,109017229,0,r
109676159,0,109052506,0,r
109676321,0,109052506,0,r
109676432,0,109052506,0,r
109676573,0,109017229,0,r
109676573,0,115507338,0,t
109676687,0,109017229,0,r
109676814,0,109052506,0,r
109676930,0,109017229,0,r
109677033,0,109017229,0,r
109677192,0,115507338,0,t
109679524,0,115507338,0,t
109680220,0,115507338,0,t
109681307,0,109074558,0,r
109681411,0,109074558,0,r
109681549,0,109074558,0,r
109681757,0,109074558,0,r
109681854,0,109074558,0,r
109681996,0,109074558,0,r
109682161,0,109074042,0,r
109682279,0,109074042,0,r
109682437,0,109076651,0,r
109682614,0,109077400,0,r
109682789,0,109074558,0,r
109682789,0,109076651,0,r
109683172,0,109074558,0,r
109683348,0,108957522,0,r
109683348,0,109077400,0,r
109683500,0,109074042,0,r
109683633,0,109074558,0,r
109683932,0,109074042,0,r
109684194,0,109075955,0,r
109684324,0,109075955,0,r
109684449,0,109074042,0,r
109684449,0,109075955,0,r
109684610,0,109074558,0,r
109684755,0,109074558,0,r
109685000,0,109075955,0,r
109685099,0,109075955,0,r
109685225,0,109074558,0,r
109685513,0,109074558,0,r
109685821,0,109074558,0,r
109685973,0,109075955,0,r
109686126,0,109074042,0,r
109686126,0,109075955,0,r
109686328,0,109075955,0,r
109686448,0,109074042,0,r
109686592,0,109074558,0,r
109686723,0,109074042,0,r
109686842,0,109074558,0,r
109686970,0,109075955,0,r
109687290,0,109074558,0,r
109687290,0,109075955,0,r
109687539,0,109076651,0,r
109687665,0,109076651,0,r
109687792,0,109074558,0,r
109687907,0,109074558,0,r
109687907,0,109076651,0,r
109688138,0,109074042,0,r
109688265,0,109074558,0,r
109688378,0,109074042,0,r
109688654,0,109075955,0,r
109688771,0,109075955,0,r
109688898,0,109075955,0,r
109689000,0,106329660,0,t
109690247,0,107099168,0,t
109690539,0,106337017,0,t
109690655,0,107099168,0,t
109697554,0,115507338,0,t
109698886,0,115507338,0,t
109700115,0,106333094,0,t
109702584,0,106315533,0,t
109705413,0,106529675,0,t
109705536,0,106547793,0,t
109706827,0,106074611,0,t
109708690,0,108938608,0,r
109708846,0,108938608,0,r
109709303,0,106074611,0,t
109709303,0,106325702,0,t
109709502,0,106035426,0,t
109709502,0,106327647,0,t
109709822,0,106820300,0,u
109709916,0,106074611,0,t
109710092,0,106074611,0,t
109710092,0,109048144,0,r
109710277,0,106074611,0,t
109710430,0,106074611,0,t
109710430,0,109017229,0,r
109710601,0,106327647,0,t
109710914,0,106327647,0,t
109711044,0,106327647,0,t
109711168,0,106327647,0,t
109712466,0,106074611,0,t
109712466,0,115513511,0,t
109712638,0,106074611,0,t
109712638,0,115513511,0,t
109713090,0,106074611,0,t
109713090,0,109070552,0,r
109713296,6,115711534,3,u
109713296,7,115558912,3,u
109713296,7,115617305,3,u
109713296,7,115672790,3,u
109713890,0,108129391,0,t
109714893,0,108128890,0,t
109715308,0,108129391,0,t
109715477,0,108129391,0,t
109715677,0,108129391,0,t
109715904,0,108129391,0,t
109716019,0,108129391,0,t
109716244,0,108129391,0,t
109716386,0,108129391,0,t
109716539,0,108129391,0,t
109716704,0,108129391,0,t
109716846,0,108129391,0,t
109717019,0,108129391,0,t
109717160,0,108129391,0,t
109717617,0,115507338,0,t
109718941,0,115507338,0,t
109720046,0,108129391,0,t
109720576,0,108129391,0,t
109720784,0,108129391,0,t
109720980,0,108129391,0,t
109721189,0,108129391,0,t
109721515,0,108129391,0,t
109721670,0,108129391,0,t
109721793,0,108129391,0,t
109721932,0,108133136,0,t
109722064,0,108133136,0,t
109722241,0,108129391,0,t
109722400,0,108133136,0,t
109722584,0,108133136,0,t
109722859,0,108133136,0,t
109722976,0,108129391,0,t
109723194,0,108129391,0,t
109723409,0,108133136,0,t
109723666,0,108129391,0,t
109723911,0,108133136,0,t
109724049,0,108129391,0,t
109724244,0,108129391,0,t
109724456,0,108133136,0,t
109724667,0,108133136,0,t
109724848,0,108129391,0,t
109725035,0,108133136,0,t
109725177,0,108129391,0,t
109725350,0,108129391,0,t
109725683,0,108938608,0,r
109725683,0,108964712,0,r
109725683,0,115507338,0,t
109725852,0,108129391,0,t
109726175,0,108129391,0,t
109726340,0,108133136,0,t
109726475,0,108129391,0,t
109726705,0,108129391,0,t
109726883,0,108129391,0,t
109727080,0,108129391,0,t
109727263,0,108129391,0,t
109727536,0,108133136,0,t
109727698,0,108129391,0,t
109727913,0,108129391,0,t
109728109,0,108133136,0,t
109728262,0,108129391,0,t
109728469,0,108129391,0,t
109728647,0,108133136,0,t
109728826,0,108129391,0,t
109729377,0,108129391,0,t
109729571,0,108133136,0,t
109729757,0,108133136,0,t
109729950,0,108129391,0,t
109730129,0,108133136,0,t
109730323,0,108129391,0,t
109730432,0,108129391,0,t
109732272,0,108129391,0,t
109732388,0,108129391,0,t
109732496,0,108129391,0,t
109732619,0,108129391,0,t
109732743,0,108129391,0,t
109732856,0,108129391,0,t
109732996,0,108129391,0,t
109733132,0,108129391,0,t
109733261,0,108129391,0,t
109733373,0,108129391,0,t
109733512,0,108129391,0,t
109733719,0,108129391,0,t
109733865,0,108133136,0,t
109734003,0,108129391,0,t
109734193,0,108129391,0,t
109734440,0,108133136,0,t
109734595,0,108129391,0,t
109734728,0,108129391,0,t
109734879,0,108129391,0,t
109735094,0,108129391,0,t
109735282,0,108133136,0,t
109735419,0,108129391,0,t
109735661,0,108129391,0,t
109736066,0,108129391,0,t
109736250,0,108129391,0,t
109736466,0,108133136,0,t
109736631,0,108129391,0,t
109736795,0,108128890,0,t
109736958,0,108129391,0,t
109737091,0,108129391,0,t
109737250,0,108133136,0,t
109737391,0,108129391,0,t
109737582,0,108129391,0,t
109737694,0,108129391,0,t
109737915,0,108129391,0,t
109738114,0,108133136,0,t
109738250,0,108133136,0,t
109738434,0,108129391,0,t
109738833,0,108129391,0,t
109739153,0,108129391,0,t
109739270,0,108129391,0,t
109739413,0,108133136,0,t
109739569,0,108129391,0,t
109739690,0,108129391,0,t
109739974,0,108133136,0,t
109741054,0,108129391,0,t
109741213,0,108129391,0,t
109741369,0,108129391,0,t
109741520,0,108129391,0,t
109741696,0,108133136,0,t
109741928,0,108129391,0,t
109742081,0,108129391,0,t
109742282,0,108129391,0,t
109742544,0,108129391,0,t
109742928,0,108133136,0,t
109743126,0,108133136,0,t
109743384,0,108129391,0,t
109743535,0,108129391,0,t
109743688,0,108129391,0,t
109743847,0,108129391,0,t
109743981,0,108129391,0,t
109744385,0,108128890,0,t
109744628,0,108129391,0,t
109744845,0,115507338,0,t
109745450,0,108133841,0,t
109745573,0,108133841,0,t
109745720,0,108133841,0,t
109745867,0,108133841,0,t
109746090,0,108133841,0,t
109746224,0,108133841,0,t
109746370,0,108133841,0,t
109746501,0,108133841,0,t
109746730,0,108133841,0,t
109746897,0,108133841,0,t
109747049,0,108133841,0,t
109747205,0,108133841,0,t
109747347,0,108133841,0,t
109747505,0,108133841,0,t
109747714,0,108133841,0,t
109747902,0,108133841,0,t
109748057,0,108133841,0,t
109748236,0,108133841,0,t
109748396,0,108133841,0,t
109748499,0,108133841,0,t
109748720,0,108133841,0,t
109749326,0,108133841,0,t
109749573,0,108133841,0,t
109749698,0,108133841,0,t
109749883,0,108133841,0,t
109750100,0,108133841,0,t
109750265,0,108133841,0,t
109750456,0,108133841,0,t
109750595,0,108133841,0,t
109750782,0,108133841,0,t
109750936,0,108133841,0,t
109751102,0,108133841,0,t
109751310,0,108133841,0,t
109751595,0,108128389,0,t
109751595,0,109439993,0,r
109751811,0,108128389,0,t
109751811,0,109853092,0,t
109752388,0,108128389,0,t
109752388,0,109865861,0,t
109752930,0,106547793,0,t
109753120,0,106547793,0,t
109753371,0,106547793,0,t
109753594,0,106547793,0,t
109753786,0,106547793,0,t
109755979,0,108129391,0,t
109756632,0,107364873,0,t
109756922,0,108128389,0,t
109756922,0,108133841,0,t
109756922,0,109853092,0,t
109757211,0,108133841,0,t
109758867,0,108129391,0,t
109759046,0,108129391,0,t
109759217,0,108129391,0,t
109759331,0,108129391,0,t
109759537,0,108129391,0,t
109759809,0,108129391,0,t
109760044,0,108129391,0,t
109760330,0,115507338,0,t
109761156,0,108129391,0,t
109761306,0,108129391,0,t
109761459,0,108129391,0,t
109761640,0,108129391,0,t
109761945,0,108129391,0,t
109762117,0,108129391,0,t
109762357,0,108129391,0,t
109762586,0,108129391,0,t
109762774,0,108129391,0,t
109762947,0,108129391,0,t
109763133,0,108129391,0,t
109763284,0,108129391,0,t
109763541,0,108129391,0,t
109763878,0,108129391,0,t
109764028,0,108129391,0,t
109764198,0,108129391,0,t
109764470,0,108129391,0,t
109766586,0,108129391,0,t
109766743,0,108129391,0,t
109767808,0,108129391,0,t
109768160,0,109206390,0,r
109771773,0,107213814,0,u
109773182,0,106551945,0,t
109773182,0,106820300,0,u
109773330,0,106820300,0,u
109775391,0,101110137,0,t
109778344,0,100178509,0,t
109778504,0,100178509,0,t
109779772,0,107265016,0,u
109782954,0,108351716,0,t
109785207,0,107248485,0,u
109794051,0,106820300,0,u
109796085,0,107142932,0,t
109797737,0,106820300,0,u
109798090,0,106820300,0,u
109800687,0,106820300,0,u
109802843,0,101222940,0,u
109802843,1,115711534,3,u
109802843,2,115558912,3,u
109802843,2,115617305,3,u
109802843,2,115672790,3,u
109803116,3,107211994,2,u
109803116,4,107211994,2,u
109803631,0,107211994,0,u
109803746,0,107211994,0,u
109803899,0,107211994,0,u
109806114,0,106820300,0,u
109806114,0,107298952,0,u
109806310,0,106820300,0,u
109806310,0,107298952,0,u
109807841,0,106820300,0,u
109807841,0,106833126,0,u
109813567,0,108898163,0,r
109831354,0,106820300,0,u
109831354,0,107298952,0,u
109844597,0,106820300,0,u
109846080,0,106820300,0,u
109846080,0,106833126,0,u
109846080,0,107298952,0,u
109848292,0,106333094,0,t
109856388,0,106329660,0,t
109862160,0,106820300,0,u
109862160,0,106833126,0,u
109862160,0,107298952,0,u
109866018,0,109018179,0,r
109867461,0,108988927,0,r
109867461,0,109133443,0,r
109880014,0,106820300,0,u
109880014,0,106833126,0,u
109880932,0,106820300,0,u
109880932,0,106833126,0,u
109880932,0,107298952,0,u
109883127,0,106820300,0,u
109883127,0,107298952,0,u
109884881,0,106820300,0,u
109884881,0,106833126,0,u
109884881,0,107298952,0,u
109887391,0,106820300,0,u
109887391,0,106833126,0,u
109887560,0,108898163,0,r
109912436,0,108924633,0,r
109912706,0,106820300,0,u
109912706,0,107298952,0,u
109916734,0,105863515,0,t
109916869,0,105863515,0,t
109917007,0,105863515,0,t
109917145,0,105863515,0,t
109917283,0,105863515,0,t
109917415,0,105863515,0,t
109917553,0,105863515,0,t
109917692,0,105863515,0,t
109917836,0,105863515,0,t
109917986,0,105863515,0,t
109918130,0,105863515,0,t
109918280,0,105863515,0,t
109919765,0,106820300,0,u
109920592,0,106820300,0,u
109923227,0,106820300,0,u
109924502,0,106820300,0,u
109924726,0,106820300,0,u
109924955,0,106820300,0,u
109925160,0,106820300,0,u
109926915,0,108594855,0,t
109940469,0,106820300,0,u
109940680,0,106820300,0,u
109941802,0,108351716,0,t
109944369,0,106820300,0,u
109944590,0,100850152,0,t
109944590,0,106820300,0,u
109944590,0,107265016,0,u
109947524,0,108594855,0,t
109948383,0,106234392,0,t
109950398,0,106820300,0,u
109950663,0,106820300,0,u
109952319,0,108351716,0,t
109952974,0,107298952,0,u
109953161,0,100763711,0,t
109955145,0,106820300,0,u
109955403,0,106820300,0,u
109959164,0,108129391,0,t
109959478,0,108129391,0,t
109960179,0,106820300,0,u
109960362,0,108594855,0,t
109960646,0,109184780,0,r
109963373,0,104388537,0,t
109964250,0,106820300,0,u
109965663,1,115587945,1,u
109965663,2,107073253,2,u
109967171,0,106820300,0,u
109971066,0,106551945,0,t
109971862,0,108235469,0,t
109974501,0,100945551,0,t
109976605,0,108239997,0,t
109981586,0,108351716,0,t
109981845,0,108351716,0,t
109982038,0,108351716,0,t
109982996,0,106820300,0,u
109985979,0,106820300,0,u
109985979,0,107265016,0,u
109986081,0,106239054,0,t
109986081,0,106820300,0,u
109987656,0,106820300,0,u
109987656,0,107265016,0,u
109987942,0,108594855,0,t
109988164,0,108594855,0,t
109990909,0,106185544,0,t
109993834,0,106820300,0,u
109995448,0,108594855,0,t
109995905,0,108964712,0,r
109995905,0,115507338,0,t
109996789,0,106820300,0,u
109997282,0,106389447,0,u
109998748,0,106820300,0,u
109999541,0,109058568,0,r
109999665,0,109068395,0,r
110002079,0,108129391,0,t
110002079,0,108133136,0,t
110002223,0,108129391,0,t
110002223,0,108133136,0,t
110002767,0,100469197,0,t
110002973,0,109018179,0,r
110003594,0,106820300,0,u
110003744,0,106820300,0,u
110004437,0,106820300,0,u
110004437,0,107298952,0,u
110004687,0,106820300,0,u
110005179,0,106820300,0,u
110005700,0,106820300,0,u
110006421,0,109048144,0,r
110006877,0,106820300,0,u
110007406,0,100469197,0,t
110008570,0,100472330,0,t
110010152,0,106820300,0,u
110010542,0,108351716,0,t
110011417,0,106820300,0,u
110012933,0,106820300,0,u
110014071,0,106820300,0,u
110014182,0,108594855,0,t
110014743,0,100472330,0,t
110014924,0,100472330,0,t
110016051,0,106820300,0,u
110016051,0,107265016,0,u
110016709,0,100472330,0,t
110017264,0,100472330,0,t
110017555,0,100472330,0,t
110018104,0,109018179,0,r
110018946,0,106820300,0,u
110020396,0,106820300,0,u
110023406,0,100524699,0,t
110024174,0,109018179,0,r
110027073,0,106820300,0,u
110027432,0,107213814,0,u
110028259,0,100850152,0,t
110028259,0,106820300,0,u
110029219,0,106127926,0,t
110030596,0,100850152,0,t
110030596,0,115609778,0,t
110030827,0,108235469,0,t
110030827,0,108238315,0,t
110030827,0,108239997,0,t
110031926,0,106820300,0,u
110034799,0,106820300,0,u
110035489,0,106820300,0,u
110036266,0,106820300,0,u
110037169,0,107298952,0,u
110037169,0,109018179,0,r
110040589,0,106820300,0,u
110040869,0,106820300,0,u
110041120,0,109028593,0,r
110041439,0,106820300,0,u
110042803,0,106820300,0,u
110046167,0,106820300,0,u
110047404,0,108351716,0,t
110048447,0,106820300,0,u
110050945,0,108235469,0,t
110051136,0,106035426,0,t
110051723,0,108924633,0,r
110053434,0,107213814,0,u
110053587,0,106820300,0,u
110053879,0,106820300,0,u
110053980,0,106820300,0,u
110054168,0,106820300,0,u
110055184,0,106820300,0,u
110057717,0,100428677,0,t
110058350,0,106820300,0,u
110058509,0,106820300,0,u
110058509,0,107265016,0,u
110058509,0,107298952,0,u
110058886,0,106820300,0,u
110059690,0,106820300,0,u
110060066,0,106325702,0,t
110060888,0,106820300,0,u
110061227,0,108351716,0,t
110061616,0,107211994,0,u
110063770,0,100850152,0,t
110065410,0,107213814,0,u
110066048,0,107213814,0,u
110067579,0,108351716,0,t
110067939,0,108351716,0,t
110068891,0,108235469,0,t
110069657,0,106820300,0,u
110071639,0,106820300,0,u
110071805,0,106820300,0,u
110072203,0,106133372,0,t
110073671,0,106820300,0,u
110074675,0,108351716,0,t
110076037,0,100472330,0,t
110076037,0,100476420,0,t
110079312,0,100469197,0,t
110079312,1,115711534,3,u
110079312,2,115558912,3,u
110079312,2,115617305,3,u
110079312,2,115672790,3,u
110079632,0,100481629,0,t
110079632,1,115711534,3,u
110079632,2,115558912,3,u
110079632,2,115617305,3,u
110079632,2,115672790,3,u
110079869,0,100464246,0,t
110079869,1,115711534,3,u
110079869,2,115558912,3,u
110079869,2,115617305,3,u
110079869,2,115672790,3,u
110080296,0,108964712,0,r
110080296,0,115507338,0,t
110080776,0,107079350,0,u
110082112,0,109018179,0,r
110083294,0,106820300,0,u
110088138,0,108956198,0,r
110089215,0,106174934,0,t
110091600,0,109018179,0,r
110092179,0,108594855,0,t
110092605,0,108351716,0,t
110092736,0,108351716,0,t
110095341,0,108938608,0,r
110095341,0,115507338,0,t
110096680,0,106820300,0,u
110096988,0,107079350,0,u
110097107,0,106318834,0,t
110098733,1,115711534,3,u
110098733,2,115617305,3,u
110098733,2,115672790,3,u
110101263,0,106820300,0,u
110104332,0,109018179,0,r
110105064,0,106133372,0,t
110105064,0,106227072,0,t
110105257,0,106820300,0,u
110105763,0,100472330,0,t
110106671,0,106820300,0,u
110106942,0,100546701,0,t
110107164,0,100524699,0,t
110107622,0,100472330,0,t
110108965,0,107265016,0,u
110110947,0,106820300,0,u
110110947,0,109018179,0,r
110111084,0,106820300,0,u
110111545,0,106820300,0,u
110112133,0,113538337,0,t
110112993,0,108351716,0,t
110113232,0,109018179,0,r
110114015,0,108351716,0,t
110115570,0,108351716,0,t
110117314,0,108351716,0,t
110117728,0,108351716,0,t
110118039,0,108351716,0,t
110118635,0,109018179,0,r
110118734,0,108351716,0,t
110119003,0,108351716,0,t
110119305,0,108351716,0,t
110120329,0,106370908,0,t
110120857,0,108351716,0,t
110128258,0,100850152,0,t
110128258,0,106820300,0,u
110129404,0,106820300,0,u
110130845,0,106820300,0,u
110131011,0,106820300,0,u
110132060,0,103869219,0,t
110132172,0,106389447,0,u
110132805,0,108898163,0,r
110132805,0,109184780,0,r
110133639,0,106035426,0,t
110134917,0,106820300,0,u
110135302,0,109018179,0,r
110136959,0,108594855,0,t
110137807,0,109018179,0,r
110138680,0,108594855,0,t
110139227,0,106820300,0,u
110140202,0,101110137,0,t
110141272,0,100850152,0,t
110141272,0,106820300,0,u
110143112,0,106820300,0,u
110148885,0,106820300,0,u
110150261,0,106820300,0,u
110150431,0,106820300,0,u
110152663,0,106820300,0,u
110152663,0,107213814,0,u
110152828,0,107211994,0,u
110153308,0,106820300,0,u
110154137,0,106820300,0,u
110155062,0,106820300,0,u
110155212,0,109184780,0,r
110155404,0,106820300,0,u
110155606,0,106820300,0,u
110156828,0,109018179,0,r
110159444,0,100850152,0,t
110159444,0,106820300,0,u
110159444,0,107265016,0,u
110161704,0,108594855,0,t
110162206,0,106820300,0,u
110163196,0,106820300,0,u
110163922,0,109163704,0,r
110164610,0,106820300,0,u
110164610,0,108872567,0,r
110164610,0,109058568,0,r
110164765,1,115587945,1,u
110164765,7,107073253,2,u
110168336,0,106820300,0,u
110168692,5,115711534,3,u
110168692,6,115558912,3,u
110168692,6,115617305,3,u
110168692,6,115672790,3,u
110172493,0,106820300,0,u
110173861,0,108235469,0,t
110174880,0,106820300,0,u
110175043,0,106820300,0,u
110176096,0,106820300,0,u
110176987,0,107265016,0,u
110177157,0,108594855,0,t
110177293,0,108351716,0,t
110178017,0,106820300,0,u
110178594,1,115711534,3,u
110178594,2,115558912,3,u
110178594,2,115617305,3,u
110178594,2,115672790,3,u
110179071,0,100850152,0,t
110179071,0,106820300,0,u
110179940,0,106820300,0,u
110183287,0,109087646,0,r
110184187,0,106820300,0,u
110184187,0,108351716,0,t
110185488,0,108351716,0,t
110185779,0,106820300,0,u
110185779,0,109206390,0,r
110186126,0,106820300,0,u
110187100,0,106820300,0,u
110187691,0,106820300,0,u
110189252,0,107213814,0,u
110190690,0,106820300,0,u
110190690,0,107213814,0,u
110195948,0,106820300,0,u
110198290,0,108594855,0,t
110199731,0,108235469,0,t
110200379,0,106820300,0,u
110200547,0,107213814,0,u
110201145,0,106820300,0,u
110202279,0,108235469,0,t
110202853,0,107096568,0,t
110203145,0,106820300,0,u
110203145,0,109184780,0,r
110203312,0,107094103,0,t
110203735,0,106133372,0,t
110204044,0,107213814,0,u
110205301,0,106820300,0,u
110206132,0,106820300,0,u
110206387,0,106820300,0,u
110206533,0,108351716,0,t
110207495,0,106820300,0,u
110211820,0,108351716,0,t
110217036,0,109145845,0,r
110217036,0,109184780,0,r
110217263,0,106820300,0,u
110217554,0,106820300,0,u
110223732,2,115711534,3,u
110223732,3,115558912,3,u
110223732,3,115617305,3,u
110223732,3,115672790,3,u
110225294,0,106820300,0,u
110225485,0,106820300,0,u
110225592,0,106820300,0,u
110229547,0,106820300,0,u
110230493,0,107094799,0,u
110230746,0,109005747,0,r
110230746,0,109353574,0,r
110233753,0,100850152,0,t
110233753,0,106820300,0,u
110234228,0,108351716,0,t
110234788,0,100469197,0,t
110238072,0,106820300,0,u
110241224,0,100850152,0,t
110241432,0,106820300,0,u
110242600,0,109018179,0,r
110242783,0,109028593,0,r
110242783,0,115513511,0,t
110246154,0,101141078,0,t
110246154,0,108210806,0,t
110247862,0,107157953,0,t
110248471,0,108351716,0,t
110249313,0,106820300,0,u
110251151,0,106820300,0,u
110253465,0,106227072,0,t
110254657,0,100850152,0,t
110254657,0,106820300,0,u
110254657,0,107265016,0,u
110254657,0,115609778,0,t
110255655,0,106820300,0,u
110261016,0,106820300,0,u
110262247,0,106820300,0,u
110264063,0,107213814,0,u
110264556,0,106820300,0,u
110265998,0,108351716,0,t
110266257,0,108351716,0,t
110266432,0,106820300,0,u
110266630,0,108351716,0,t
110266932,0,108594855,0,t
110268805,0,106820300,0,u
110270816,0,106820300,0,u
110271595,0,109018179,0,r
110271784,0,100472330,0,t
110271784,0,100476420,0,t
110272501,0,106820300,0,u
110273829,0,106820300,0,u
110273989,0,108351716,0,t
110274466,0,108351716,0,t
110276393,0,106820300,0,u
110276933,0,107213814,0,u
110279806,0,106820300,0,u
110280272,0,106820300,0,u
110281696,0,106820300,0,u
110283071,0,106820300,0,u
110283526,0,106820300,0,u
110284763,0,106820300,0,u
110285056,0,106820300,0,u
110288689,0,109087646,0,r
110288802,0,109028593,0,r
110289094,0,106820300,0,u
110289579,0,100524699,0,t
110291494,1,115587945,1,u
110291494,2,107073253,2,u
110293223,0,109018179,0,r
110293444,0,106820300,0,u
110293634,1,115711534,3,u
110293634,2,115558912,3,u
110293634,2,115617305,3,u
110293634,2,115672790,3,u
110293954,0,109018179,0,r
110294166,0,106820300,0,u
110294452,0,107265016,0,u
110294545,0,107213814,0,u
110294780,0,106820300,0,u
110295355,0,100469197,0,t
110297830,0,107213814,0,u
110298187,0,106820300,0,u
110299952,0,107075237,0,u
110300084,0,106820300,0,u
110301538,0,106820300,0,u
110302082,0,106820300,0,u
110303740,0,107213814,0,u
110303873,0,108351716,0,t
110305796,0,108351716,0,t
110309492,0,106820300,0,u
110311990,0,108964712,0,r
110311990,0,115507338,0,t
110313655,0,106820300,0,u
110313655,0,107079350,0,u
110317023,0,106074611,0,t
110317023,0,106325702,0,t
110318515,0,107298952,0,u
110320974,0,106820300,0,u
110322847,0,109145845,0,r
110322847,0,109184780,0,r
110323057,6,115587945,1,u
110323057,7,115587945,1,u
110323681,0,106820300,0,u
110324900,0,106820300,0,u
110325078,0,106820300,0,u
110326926,0,109018179,0,r
110327049,0,100465604,0,t
110327488,0,106833126,0,u
110328763,0,106820300,0,u
110331173,1,115711534,3,u
110331173,2,115617305,3,u
110331173,2,115672790,3,u
110332757,0,106820300,0,u
110333141,0,106820300,0,u
110333336,0,106329660,0,t
110333336,0,106333094,0,t
110333609,0,106332781,0,t
110333875,0,107298952,0,u
110333875,0,109018179,0,r
110334147,5,115587945,1,u
110336004,0,100763711,0,t
110337903,0,100469197,0,t
110338153,0,106820300,0,u
110338332,0,106820300,0,u
110338534,0,107265016,0,u
110339049,0,106547793,0,t
110339157,0,106547793,0,t
110340890,0,106820300,0,u
110342075,0,106820300,0,u
110342189,0,106820300,0,u
110342973,0,106820300,0,u
110343103,0,106820300,0,u
110343525,1,115711534,3,u
110343525,2,115617305,3,u
110343525,2,115672790,3,u
110343855,0,107213814,0,u
110344668,0,107213814,0,u
110347822,0,106327647,0,t
110348761,0,106820300,0,u
110350652,0,106820300,0,u
110350859,0,106820300,0,u
110352278,3,115617305,3,u
110352278,3,115672790,3,u
110352278,5,115711534,3,u
110352565,0,101222940,0,u
110354457,0,108128890,0,t
110355620,0,106820300,0,u
110356893,0,106820300,0,u
110357144,0,102736683,0,t
110357144,0,106820300,0,u
110358612,0,106246955,0,t
110361102,0,106820300,0,u
110362445,0,106820300,0,u
110363589,0,109018179,0,r
110365670,0,106820300,0,u
110366113,0,100471683,0,t
110366430,0,109018179,0,r
110369054,0,106133372,0,t
110369426,0,106820300,0,u
110369987,0,106820300,0,u
110376505,0,106820300,0,u
110376505,0,107213814,0,u
110377551,0,106820300,0,u
110378742,0,106820300,0,u
110378881,0,106820300,0,u
110379580,0,106820300,0,u
110381307,0,106327647,0,t
110382103,0,106820300,0,u
110382103,5,107073253,2,u
110382103,6,115587945,1,u
110382478,0,106820300,0,u
110383685,0,106820300,0,u
110384700,0,106820300,0,u
110385042,0,106140339,0,t
110385870,0,106820300,0,u
110387024,0,106820300,0,u
110387719,0,100472330,0,t
110387719,0,100476420,0,t
110387976,0,106820300,0,u
110389057,0,106820300,0,u
110390487,0,109018179,0,r
110391248,0,108351716,0,t
110391544,0,106820300,0,u
110393630,0,109018179,0,r
110394734,0,108235469,0,t
110395430,0,108594855,0,t
110395825,0,106227072,0,t
110396048,0,106820300,0,u
110396477,0,106820300,0,u
110398837,0,109018179,0,r
110398994,0,100524699,0,t
110400825,0,106547793,0,t
110401560,0,106820300,0,u
110401698,0,108594855,0,t
110402236,0,106547793,0,t
110402699,0,109058568,0,r
110403537,0,106820300,0,u
110404293,1,115711534,3,u
110404293,2,115617305,3,u
110404293,2,115672790,3,u
110404529,1,115711534,3,u
110404529,2,115617305,3,u
110404529,2,115672790,3,u
110406260,0,108594855,0,t
110406949,0,106820300,0,u
110407792,0,106820300,0,u
110408480,0,108351716,0,t
110408624,0,108351716,0,t
110408753,0,108351716,0,t
110408753,0,108594855,0,t
110408912,0,106556052,0,t
110410678,0,108594855,0,t
110411156,0,108594855,0,t
110411280,0,109018179,0,r
110411552,0,106820300,0,u
110411552,0,109160337,0,r
110411552,1,115711534,3,u
110411552,2,115558912,3,u
110411552,2,115617305,3,u
110411552,2,115672790,3,u
110411957,0,109079557,0,r
110412485,0,109018179,0,r
110413196,0,106820300,0,u
110413196,0,107079350,0,u
110413611,0,106820300,0,u
110420868,0,107079350,0,u
110422879,0,107079350,0,u
110423186,0,106820300,0,u
110423186,0,107213814,0,u
110423686,0,109079557,0,r
110423892,0,106820300,0,u
110423892,0,107079350,0,u
110425781,0,109018179,0,r
110426554,0,109048144,0,r
110427885,0,109018179,0,r
110429943,0,106820300,0,u
110431247,0,106035426,0,t
110432319,0,108594855,0,t
110433026,0,108594855,0,t
110434435,0,107213814,0,u
110436430,0,108594855,0,t
110436837,0,109087646,0,r
110437129,0,108594855,0,t
110438099,0,100850152,0,t
110438099,0,115609778,0,t
110439727,0,106820300,0,u
110440874,0,106820300,0,u
110442612,0,108351716,0,t
110442791,0,108351716,0,t
110443044,0,108351716,0,t
110443261,0,108351716,0,t
110443430,0,108351716,0,t
110443737,0,108351716,0,t
110447018,0,109018179,0,r
110448693,0,106820300,0,u
110448963,0,108594855,0,t
110450279,0,108594855,0,t
110450597,0,106820300,0,u
110453862,0,100850152,0,t
110453966,0,109018179,0,r
110455660,0,109018179,0,r
110456271,0,106820300,0,u
110456572,0,106820300,0,u
110457099,0,106820300,0,u
110457215,0,106547793,0,t
110457452,0,106547793,0,t
110457738,0,106820300,0,u
110457902,0,106820300,0,u
110458077,0,106820300,0,u
110460410,0,106820300,0,u
110461802,5,115711534,3,u
110461802,6,115711534,3,u
110461802,7,115711534,3,u
110461802,8,115617305,3,u
110461802,8,115672790,3,u
110461802,9,115617305,3,u
110461802,9,115672790,3,u
110461802,10,115617305,3,u
110461802,10,115672790,3,u
110463393,0,109017229,0,r
110463817,0,106820300,0,u
110464254,0,106820300,0,u
110464507,0,106820300,0,u
110465824,0,106329660,0,t
110465942,0,106327647,0,t
110466322,0,109058568,0,r
110466430,0,100850152,0,t
110467174,0,108351716,0,t
110467667,0,108351716,0,t
110468875,0,109240125,0,r
110469892,0,106820300,0,u
110470349,0,106820300,0,u
110470450,0,108859058,0,r
110470450,0,109058568,0,r
110471276,0,106820300,0,u
110479316,0,107213814,0,u
110481377,0,106820300,0,u
110484041,0,106820300,0,u
110484749,0,108924633,0,r
110485027,0,108351716,0,t
110485309,0,108351716,0,t
110487053,0,108351716,0,t
110487321,0,106820300,0,u
110488250,0,106820300,0,u
110489281,0,106820300,0,u
110491116,0,108988927,0,r
110491116,0,109018179,0,r
110492223,0,106090243,0,t
110493778,0,106820300,0,u
110495277,0,106820300,0,u
110495950,0,100465604,0,t
110496228,0,106820300,0,u
110497573,0,106820300,0,u
110500135,0,107079350,0,u
110500936,0,109018179,0,r
110501667,0,107079350,0,u
110502675,0,104259275,0,t
110502830,0,109206390,0,r
110502992,0,109206390,0,r
110504160,0,108977963,0,r
110505342,0,107213814,0,u
110505863,0,108351716,0,t
110506436,0,107050155,0,t
110506949,0,106820300,0,u
110507420,0,108351716,0,t
110507783,0,108351716,0,t
110508118,0,108351716,0,t
110508263,0,108351716,0,t
110508756,0,108351716,0,t
110510550,0,106820300,0,u
110513310,0,106820300,0,u
110513838,0,106820300,0,u
110514114,0,106820300,0,u
110515871,0,109018179,0,r
110517309,1,115711534,3,u
110517309,2,115617305,3,u
110517309,2,115672790,3,u
110518925,0,106820300,0,u
110519086,0,106820300,0,u
110520190,0,106820300,0,u
110521014,0,106820300,0,u
110521489,0,108235469,0,t
110521645,0,106820300,0,u
110522158,0,106820300,0,u
110523829,0,106820300,0,u
110526587,0,106820300,0,u
110527625,0,107213814,0,u
110528361,0,106239054,0,t
110528361,0,106820300,0,u
110528747,0,109018179,0,r
110529166,0,106820300,0,u
110529373,0,106239054,0,t
110530593,0,106820300,0,u
110531084,0,106820300,0,u
110531292,0,106820300,0,u
110531951,0,107157953,0,t
110533666,0,106127926,0,t
110536692,0,106820300,0,u
110537070,0,109018179,0,r
110537477,0,106820300,0,u
110537733,0,109018179,0,r
110538588,0,106156983,0,t
110538588,0,106173708,0,t
110539390,0,108351716,0,t
110539538,0,108351716,0,t
110539685,0,108351716,0,t
110540618,0,108351716,0,t
110540844,0,109058568,0,r
110542576,0,106820300,0,u
110542866,0,107079350,0,u
110544409,1,115711534,3,u
110544409,2,115558912,3,u
110544409,2,115617305,3,u
110544409,2,115672790,3,u
110548367,1,115587945,1,u
110548367,2,107073253,2,u
110549087,0,109018179,0,r
110549417,0,108594855,0,t
110550334,0,106820300,0,u
110550839,0,107231192,0,u
110551153,0,109882692,0,t
110551686,0,106820300,0,u
110553030,0,108351716,0,t
110555204,0,106820300,0,u
110555455,0,108594855,0,t
110558152,0,106820300,0,u
110558152,0,107079350,0,u
110558470,0,106143813,0,t
110558809,0,106035426,0,t
110560456,0,108235469,0,t
110560757,0,106820300,0,u
110561160,0,100850152,0,t
110561160,0,106820300,0,u
110561852,0,106820300,0,u
110562409,0,108351716,0,t
110563675,0,109018179,0,r
110568262,0,107298952,0,u
110568262,0,109206390,0,r
110572005,0,106820300,0,u
110572406,0,106820300,0,u
110575047,0,108594855,0,t
110578885,0,107298952,0,u
110579712,0,100472330,0,t
110579712,0,100476420,0,t
110580052,0,100472330,0,t
110580440,0,109018179,0,r
110581657,0,108594855,0,t
110586618,0,115513511,0,t
110588403,0,106820300,0,u
110588833,0,106820300,0,u
110589675,0,106820300,0,u
110589675,0,107213814,0,u
110590438,0,108594855,0,t
110591039,0,106820300,0,u
110593189,0,109018179,0,r
110593775,0,106820300,0,u
110595478,0,108594855,0,t
110596554,0,102736683,0,t
110596554,0,102906320,0,t
110596554,0,102972770,0,t
110596554,0,103007214,0,t
110596554,0,104535150,0,t
110596921,0,100469197,0,t
110598751,0,109018179,0,r
110599918,0,106820300,0,u
110601040,0,109087646,0,r
110601745,0,106820300,0,u
110602075,0,106820300,0,u
110603018,0,108351716,0,t
110603589,0,106820300,0,u
110604706,0,106820300,0,u
110605527,0,100850152,0,t
110605527,0,106820300,0,u
110605806,0,109018179,0,r
110606139,0,109018179,0,r
110606551,0,106820300,0,u
110606716,0,108235469,0,t
110609729,0,106820300,0,u
110609729,0,108988927,0,r
110609829,0,106820300,0,u
110610107,0,106820300,0,u
110612011,0,100850152,0,t
110612011,0,106820300,0,u
110612647,0,106820300,0,u
110614357,0,106820300,0,u
110616626,0,106249752,0,t
110621104,0,106181353,0,t
110624430,0,106820300,0,u
110624430,0,106833126,0,u
110625043,0,106820300,0,u
110626030,0,106820300,0,u
110626338,0,102732078,0,t
110626929,0,106820300,0,u
110626929,0,109028593,0,r
110627378,0,100472330,0,t
110627378,0,100476420,0,t
110628588,0,106820300,0,u
110629246,0,100472330,0,t
110629246,0,100476420,0,t
110630109,0,100469197,0,t
110630272,0,109018179,0,r
110630545,0,106820300,0,u
110631046,0,109537498,0,r
110631244,0,108594855,0,t
110632897,0,106820300,0,u
110636426,0,100986925,0,t
110636426,0,106820300,0,u
110641672,0,109018179,0,r
110645266,0,106820300,0,u
110646179,1,115587945,1,u
110646321,0,108964712,0,r
110646321,0,115507338,0,t
110646786,0,106820300,0,u
110648093,0,106820300,0,u
110648449,0,109018179,0,r
110649392,0,106820300,0,u
110649569,0,106820300,0,u
110651169,0,108235469,0,t
110652424,0,108235469,0,t
110653641,0,109018179,0,r
110656243,0,106219119,0,t
110657371,0,106820300,0,u
110658257,0,109018179,0,r
110663904,0,108594855,0,t
110665485,0,106820300,0,u
110665774,0,106143813,0,t
110665919,0,106143813,0,t
110668633,0,106639177,0,t
110668633,0,106820300,0,u
110671350,0,106820300,0,u
110671739,0,100914777,0,t
110672919,0,108964712,0,r
110672919,0,115507338,0,t
110673277,0,106820300,0,u
110675071,0,106219119,0,t
110676411,0,108594855,0,t
110678379,0,106755201,0,t
110678711,0,108594855,0,t
110679293,0,100850152,0,t
110679293,0,106820300,0,u
110679293,0,107265016,0,u
110680507,0,108351716,0,t
110680625,0,106820300,0,u
110680991,0,106820300,0,u
110684133,0,106820300,0,u
110684432,0,109018179,0,r
110684568,0,108594855,0,t
110685147,0,100178509,0,t
110687228,0,100469197,0,t
110689584,0,106820300,0,u
110689804,0,106820300,0,u
110690461,0,107079350,0,u
110691270,0,106820300,0,u
110691460,0,106143813,0,t
110691862,0,106241649,0,t
110692891,0,100469197,0,t
110695101,0,109018179,0,r
110695906,0,106143813,0,t
110696067,1,115587945,1,u
110696067,2,107073253,2,u
110696526,0,107122208,0,t
110697452,0,106820300,0,u
110699716,0,107213814,0,u
110700201,0,100850152,0,t
110700201,0,106820300,0,u
110701059,0,109018179,0,r
110701212,0,109018179,0,r
110701527,0,106820300,0,u
110702493,0,109018179,0,r
110704436,0,106968144,0,u
110705597,0,106820300,0,u
110705802,0,106820300,0,u
110706356,0,109018179,0,r
110707927,0,109018179,0,r
110708356,0,106833126,0,u
110708866,0,100524699,0,t
110709080,0,108594855,0,t
110712020,0,106239054,0,t
110714486,0,109018179,0,r
110715046,0,106820300,0,u
110716939,0,106820300,0,u
110717976,0,108351716,0,t
110720495,0,108977963,0,r
110720495,0,108988927,0,r
110720495,0,109018179,0,r
110720495,0,109133443,0,r
110721412,0,108594855,0,t
110723586,0,106820300,0,u
110723739,0,108594855,0,t
110724942,0,106820300,0,u
110726174,0,106820300,0,u
110726305,0,107213814,0,u
110726586,0,106820300,0,u
110726825,0,106820300,0,u
110727038,0,106820300,0,u
110729220,0,106820300,0,u
110729220,0,106891186,0,u
110729436,0,106820300,0,u
110730598,0,109018179,0,r
110731620,0,106820300,0,u
110733764,0,106820300,0,u
110734090,0,106461373,0,t
110734645,0,106820300,0,u
110737501,0,106820300,0,u
110738182,0,100469197,0,t
110739088,0,100469197,0,t
110739519,0,106820300,0,u
110739673,0,106325702,0,t
110739806,0,106820300,0,u
110740759,0,106329660,0,t
110740869,0,106820300,0,u
110741036,0,106820300,0,u
110741177,0,106820300,0,u
110743492,3,115587945,1,u
110745064,0,109882692,0,t
110745226,0,106820300,0,u
110745412,0,109018179,0,r
110746045,1,115587945,1,u
110746045,6,107073253,2,u
110746361,0,106468605,0,t
110746361,0,115513511,0,t
110746675,0,106468605,0,t
110746675,0,115513511,0,t
110746986,0,108351716,0,t
110747179,0,106246955,0,t
110747300,0,106246955,0,t
110748261,0,100850152,0,t
110748261,0,106820300,0,u
110749124,3,115711534,3,u
110749124,4,115558912,3,u
110749124,4,115617305,3,u
110749124,4,115672790,3,u
110750061,0,106820300,0,u
110750865,0,106820300,0,u
110752279,0,107079350,0,u
110752407,0,107079350,0,u
110752548,0,107079350,0,u
110752700,0,107298952,0,u
110752858,0,107079350,0,u
110752971,0,107079350,0,u
110753153,0,107079350,0,u
110756795,0,106820300,0,u
110757230,0,106820300,0,u
110757374,0,106820300,0,u
110758500,0,100524699,0,t
110760081,0,100472330,0,t
110760349,0,109018179,0,r
110761051,0,109018179,0,r
110761313,0,102906320,0,t
110762663,0,106820300,0,u
110763809,0,100472330,0,t
110763809,0,100476420,0,t
110769784,0,108351716,0,t
110770780,0,106820300,0,u
110770969,0,106820300,0,u
110771134,0,106820300,0,u
110772829,0,106820300,0,u
110774048,0,108235469,0,t
110775920,0,101047273,0,t
110776425,0,109439993,0,r
110776425,0,115513511,0,t
110776984,0,108315657,0,t
110777354,0,106820300,0,u
110777557,0,106820300,0,u
110778568,0,100479698,0,t
110778710,0,108351716,0,t
110779720,0,109018179,0,r
110779951,0,108594855,0,t
110780884,0,106820300,0,u
110781558,0,107123252,0,t
110782151,0,106820300,0,u
110782579,0,106820300,0,u
110783302,0,106820300,0,u
110783479,0,106820300,0,u
110784187,0,106820300,0,u
110784187,0,107079350,0,u
110784883,0,106547793,0,t
110785284,0,106820300,0,u
110785284,0,107079350,0,u
110785443,0,106820300,0,u
110787037,0,106820300,0,u
110787426,0,107213814,0,u
110787560,0,100524699,0,t
110787890,0,106382527,0,u
110789090,0,100472330,0,t
110790352,0,106820300,0,u
110791081,0,106820300,0,u
110791604,0,108938608,0,r
110791604,0,108964712,0,r
110791604,0,115507338,0,t
110792684,0,108239997,0,t
110792875,0,107157953,0,t
110794755,0,106332781,0,t
110795047,0,106820300,0,u
110795493,0,106547793,0,t
110795779,0,106820300,0,u
110797522,0,106820300,0,u
110797989,0,109018179,0,r
110798951,0,108235469,0,t
110799176,0,108235469,0,t
110800440,0,100009618,0,t
110800756,0,109018179,0,r
110801115,2,115617305,3,u
110801115,2,115672790,3,u
110801115,3,115711534,3,u
110804034,0,106820300,0,u
110804616,0,109018179,0,r
110805068,0,108351716,0,t
110805777,0,106820300,0,u
110805902,0,100850152,0,t
110805902,0,106820300,0,u
110805902,0,107265016,0,u
110806963,0,106820300,0,u
110807634,0,100763711,0,t
110807634,0,106820300,0,u
110809030,0,106820300,0,u
110809357,0,109018179,0,r
110810208,0,109018179,0,r
110812000,0,106820300,0,u
110812174,0,106820300,0,u
110812561,0,106820300,0,u
110812807,0,106820300,0,u
110812945,0,106820300,0,u
110813120,0,106820300,0,u
110813314,0,106820300,0,u
110813978,0,106820300,0,u
110814474,0,106820300,0,u
110815659,0,106820300,0,u
110818335,0,106820300,0,u
110820033,0,108594855,0,t
110824714,0,108839781,0,r
110824899,0,106820300,0,u
110824899,0,107213814,0,u
110825387,0,107213814,0,u
110826169,0,103869219,0,t
110834087,0,109018179,0,r
110834532,0,100469197,0,t
110835185,0,106820300,0,u
110835185,0,107213814,0,u
110838343,0,109018179,0,r
110838421,0,108351716,0,t
110838421,0,109018179,0,r
110838875,0,108351716,0,t
110839965,0,107213814,0,u
110840215,0,106820300,0,u
110840764,0,107298952,0,u
110841017,0,109018179,0,r
110841359,0,106820300,0,u
110841809,0,109206390,0,r
110842050,0,108351716,0,t
110844956,0,104535150,0,t
110845244,0,100009618,0,t
110846808,0,100472330,0,t
110850250,0,106108363,0,t
110853367,0,106820300,0,u
110854369,0,109018179,0,r
110854956,0,109018179,0,r
110856657,0,109018179,0,r
110856862,0,106820300,0,u
110858511,0,106820300,0,u
110860667,0,106820300,0,u
110860845,0,100850152,0,t
110860845,0,106820300,0,u
110861426,0,108351716,0,t
110864224,0,106820300,0,u
110864224,0,107213814,0,u
110864825,0,106820300,0,u
110865366,0,108351716,0,t
110866893,0,109018179,0,r
110870319,0,109018179,0,r
110871434,0,100763711,0,t
110871605,0,106820300,0,u
110871605,0,107298952,0,u
110872372,0,109079557,0,r
110872801,0,108988927,0,r
110873140,0,109018179,0,r
110876604,0,109018179,0,r
110879877,0,108988927,0,r
110881458,0,106820300,0,u
110881948,0,106820300,0,u
110887156,0,100469197,0,t
110888314,0,109018179,0,r
110888742,0,106820300,0,u
110889849,0,106820300,0,u
110892222,0,106820300,0,u
110893433,0,109018179,0,r
110893538,0,106820300,0,u
110893919,0,100940493,0,t
110895137,0,106820300,0,u
110895137,0,109018179,0,r
110900553,0,108351716,0,t
110900729,0,106820300,0,u
110901046,0,100763711,0,t
110903383,0,109048144,0,r
110903628,0,109018179,0,r
110905095,0,100945551,0,t
110905095,0,106089378,0,t
110906087,0,106820300,0,u
110907314,0,100472330,0,t
110907314,0,100476420,0,t
110908234,0,107213814,0,u
110908337,0,108128389,0,t
110909136,0,100469197,0,t
110909863,0,100524699,0,t
110910021,0,106820300,0,u
110914483,0,106820300,0,u
110914886,0,106820300,0,u
110916437,0,106820300,0,u
110917050,0,109018179,0,r
110917206,0,109164174,0,r
110917961,0,107213814,0,u
110917961,0,109018179,0,r
110921575,0,106820300,0,u
110921861,0,106820300,0,u
110921968,1,107073253,2,u
110921968,3,115587945,1,u
110922167,0,106820300,0,u
110922443,0,106820300,0,u
110923301,0,108594855,0,t
110923730,0,108594855,0,t
110924778,0,100850152,0,t
110924778,0,115609778,0,t
110926397,0,106820300,0,u
110927135,0,108594855,0,t
110927297,0,108594855,0,t
110927641,0,108964712,0,r
110927641,0,115507338,0,t
110927988,0,108594855,0,t
110928736,0,107298952,0,u
110930062,0,106820300,0,u
110931151,0,108594855,0,t
110932940,0,106820300,0,u
110933589,0,106820300,0,u
110936149,0,106820300,0,u
110936621,0,106820300,0,u
110936783,0,106820300,0,u
110939565,0,106820300,0,u
110939868,0,106820300,0,u
110940102,0,106820300,0,u
110941156,0,106820300,0,u
110941337,0,106820300,0,u
110942441,0,106820300,0,u
110942858,0,108594855,0,t
110943461,0,106820300,0,u
110944861,0,109018179,0,r
110945023,0,106820300,0,u
110947563,0,106820300,0,u
110949320,0,108239997,0,t
110949497,0,108240488,0,t
110949772,0,108235469,0,t
110951909,0,106820300,0,u
110952391,0,109018179,0,r
110952775,0,106820300,0,u
110953027,1,107298952,6,u
110953183,0,106820300,0,u
110953584,0,106820300,0,u
110953771,0,106820300,0,u
110954505,0,106820300,0,u
110954617,0,100850152,0,t
110957792,0,106820300,0,u
110958187,0,107247692,0,t
110958805,0,108351716,0,t
110960096,0,108594855,0,t
110961167,0,106820300,0,u
110961835,0,107213814,0,u
110962568,0,106820300,0,u
110963658,0,106820300,0,u
110964270,0,109058568,0,r
110964856,0,109018179,0,r
110966450,0,106820300,0,u
110968000,0,108351716,0,t
110972344,0,108351716,0,t
110973291,0,106820300,0,u
110974006,0,106820300,0,u
110975065,0,106820300,0,u
110976178,0,106820300,0,u
110977752,0,106820300,0,u
110977752,1,115711534,3,u
110977752,2,115558912,3,u
110977752,2,115617305,3,u
110977752,2,115672790,3,u
110979465,0,106820300,0,u
110979877,0,106820300,0,u
110982321,0,100469197,0,t
110982544,0,100468705,0,t
110982544,0,100469197,0,t
110982544,0,100471683,0,t
110982544,0,100478884,0,t
110984001,0,106820300,0,u
110984254,0,106820300,0,u
110984448,0,106820300,0,u
110984861,0,106820300,0,u
110986475,0,108594855,0,t
110986722,0,108594855,0,t
110987197,0,106820300,0,u
110987197,0,107298952,0,u
110987197,0,109018179,0,r
110987402,0,106820300,0,u
110987712,0,106820300,0,u
110996080,0,107213814,0,u
110996346,0,100850152,0,t
110996346,0,106820300,0,u
110998049,0,106382527,0,u
110999056,0,106820300,0,u
110999225,0,106820300,0,u
111000567,0,106820300,0,u
111008619,0,109018179,0,r
111008860,0,106820300,0,u
111008860,0,109079557,0,r
111009385,0,109206390,0,r
111009723,0,106820300,0,u
111010483,0,107079350,0,u
111010664,0,106820300,0,u
111010664,0,107079350,0,u
111013190,0,106338684,0,t
111014099,0,106547793,0,t
111019856,0,109163704,0,r
111020130,0,109163704,0,r
111020404,0,109163704,0,r
111023053,0,108235469,0,t
111025517,0,106551945,0,t
111026775,0,106318834,0,t
111028310,0,108235469,0,t
111031077,0,106820300,0,u
111034806,0,108235469,0,t
111036251,0,108235469,0,t
111040595,0,106551945,0,t
111042086,0,106820300,0,u
111045794,0,108235469,0,t
111046164,0,106547793,0,t
111047926,0,108235469,0,t
111048690,0,108235469,0,t
111051366,0,106547793,0,t
111053070,0,106547793,0,t
111064642,0,108235469,0,t
111065178,0,106820300,0,u
111065768,0,106820300,0,u
111077351,0,108235469,0,t
111090607,0,106820300,0,u
111095250,0,106551945,0,t
111118165,0,109028593,0,r
111131538,0,108129391,0,t
111131717,0,106547793,0,t
111133415,0,106547793,0,t
111138889,0,106547793,0,t
111148492,0,108235469,0,t
111171397,0,109079557,0,r
111171562,0,106547793,0,t
111171847,0,106547793,0,t
111178579,0,106820300,0,u
111189009,0,108235469,0,t
111198317,0,106468926,0,t
111204121,0,106468926,0,t
111207847,0,106468926,0,t
111209636,0,109206390,0,r
111211241,0,109075955,0,r
111217542,0,106547793,0,t
111225522,0,108235469,0,t
111226820,0,108235469,0,t
111230232,0,106468926,0,t
111261876,0,106547793,0,t
111270163,0,106556052,0,t
111284326,0,108235469,0,t
111286337,0,108235469,0,t
111286862,0,106547793,0,t
111287440,0,106547793,0,t
111287873,0,106547793,0,t
111288170,0,106547793,0,t
111290709,0,106820300,0,u
111291790,0,100763711,0,t
111292368,0,106551945,0,t
111292930,0,106820300,0,u
111296166,0,106547793,0,t
111296356,0,106547793,0,t
111296578,0,108235469,0,t
111297170,8,115711534,3,u
111297170,9,115558912,3,u
111297170,9,115617305,3,u
111297170,9,115672790,3,u
111297700,0,107096568,0,t
111299586,0,106551945,0,t
111300454,0,108235469,0,t
111301039,0,106551945,0,t
111303628,0,106547793,0,t
111305466,0,106551945,0,t
111305623,0,106547793,0,t
111306301,0,106547793,0,t
111307254,0,106547793,0,t
111307459,0,106551945,0,t
111307858,0,106551945,0,t
111328440,0,106820300,0,u
111329353,0,106468926,0,t
111335305,0,106318834,0,t
111359360,0,106551945,0,t
111362213,0,106820300,0,u
111377723,0,106820300,0,u
111379869,0,106551945,0,t
111387523,0,106551945,0,t
111391753,0,106468926,0,t
111392769,0,106547793,0,t
111406586,0,106820300,0,u
111409299,0,106547793,0,t
111412874,0,108988927,0,r
111415334,0,106332781,0,t
111417342,0,100763711,0,t
111418019,0,106547793,0,t
111418451,0,106547793,0,t
111420267,0,108129391,0,t
111421966,0,109163704,0,r
111427210,0,106820300,0,u
111434464,0,106820300,0,u
111434817,0,109017229,0,r
111435846,0,109079557,0,r
111442052,0,106551945,0,t
111444575,0,108880234,0,r
111448510,0,106551945,0,t
111448689,0,108129391,0,t
111463025,0,108129391,0,t
111468379,0,106547793,0,t
111472820,0,106547793,0,t
111475443,0,106547793,0,t
111481428,0,106820300,0,u
111497068,0,106547793,0,t
111497294,0,106547793,0,t
111498975,0,106547793,0,t
111500033,0,106547793,0,t
111525784,0,106547793,0,t
111534947,0,109164174,0,r
111552203,0,106820300,0,u
111571993,0,106820300,0,u
111576339,0,106547793,0,t
111628875,0,106174934,0,t
111630114,1,115617305,3,u
111630114,1,115672790,3,u
111630114,2,115711534,3,u
111632866,0,106239054,0,t
111633136,0,106181353,0,t
111633673,0,106165936,0,t
111633914,0,107245446,0,u
111634747,0,106181353,0,t
111634957,0,106185544,0,t
111635481,0,109018179,0,r
111636407,0,106165936,0,t
111637545,0,106206260,0,t
111638623,0,106127926,0,t
111646179,0,106181353,0,t
111646669,0,106141914,0,t
111649248,1,115617305,3,u
111649248,1,115672790,3,u
111649248,2,115711534,3,u
111651251,0,106172067,0,t
111656565,0,106181353,0,t
111660088,0,106181353,0,t
111661042,0,106188717,0,t
111664781,0,106127926,0,t
111672521,0,106181353,0,t
111673373,0,106181353,0,t
111673795,0,106181353,0,t
111674235,0,106197024,0,t
111674417,0,106172067,0,t
111675761,0,106529675,0,t
111676276,0,106161357,0,t
111676458,0,106161357,0,t
111676648,0,106161357,0,t
111678999,0,106181353,0,t
111680638,0,103007214,0,t
111680845,0,106209103,0,t
111681437,0,106209103,0,t
111684500,0,106181353,0,t
111688990,0,106181353,0,t
111689335,0,106181353,0,t
111689492,0,106181353,0,t
111690575,0,107298952,0,u
111692358,1,115617305,3,u
111692358,1,115672790,3,u
111692358,2,115711534,3,u
111694238,0,106181353,0,t
111698455,0,106181353,0,t
111701911,0,100312166,0,t
111703864,0,106181353,0,t
111706462,0,106170987,0,t
111708885,0,106210463,0,t
111712100,0,106127926,0,t
111712298,1,115617305,3,u
111712298,1,115672790,3,u
111712298,2,115711534,3,u
111712581,1,115617305,3,u
111712581,1,115672790,3,u
111712581,2,115711534,3,u
111712786,0,106127926,0,t
111713041,0,106127926,0,t
111713231,0,106174934,0,t
111713481,0,106174934,0,t
111713664,0,106165936,0,t
111713850,0,106165936,0,t
111717333,0,106179912,0,t
111718913,0,106190758,0,t
111723165,0,106127926,0,t
111725220,0,106181353,0,t
111725788,0,106133372,0,t
111726422,0,106219119,0,t
111726819,0,106181353,0,t
111727208,0,106181353,0,t
111727787,0,109018179,0,r
111733874,0,106185544,0,t
111734397,0,106240390,0,t
111735322,0,106181353,0,t
111735586,0,106181353,0,t
111735860,0,106181353,0,t
111736648,0,106181353,0,t
111737354,0,106181353,0,t
111737745,0,106181353,0,t
111739029,0,106461373,0,t
111742983,1,115711534,3,u
111742983,2,115617305,3,u
111742983,2,115672790,3,u
111744431,0,106127926,0,t
111745254,0,106209103,0,t
111750231,0,106156983,0,t
111756868,0,109018179,0,r
111773502,0,106156983,0,t
111773672,0,106156983,0,t
111773936,0,106156983,0,t
111896902,0,106156983,0,t
111900118,0,106156983,0,t
111900257,0,106156983,0,t
111905537,0,106156983,0,t
111906164,0,106156983,0,t
111910706,0,106156983,0,t
111910992,0,106156983,0,t
111911183,0,106156983,0,t
111911517,0,106156983,0,t
112002590,0,109142272,0,r
112039914,0,106156983,0,t
112066523,0,109206390,0,r
112216824,0,109206390,0,r
112365965,3,107073253,2,u
112365965,4,115587945,1,u
112366643,0,109160337,0,r
112435089,0,107211994,0,u
112443940,0,109240125,0,r
112722688,0,109206390,0,r
112756161,2,115711534,3,u
112756161,3,115617305,3,u
112756161,3,115672790,3,u
113004826,0,106156983,0,t
113072974,0,109206390,0,r
113288775,0,113218447,0,t
113304380,1,115711534,3,u
113304380,2,115558912,3,u
113304380,2,115617305,3,u
113304380,2,115672790,3,u
113308289,0,108988927,0,r
113315895,0,106156983,0,t
113316123,0,106156983,0,t
113316293,0,106156983,0,t
113317819,0,106156983,0,t
113322771,0,113218447,0,t
113326385,0,106156983,0,t
113339124,0,106162343,0,t
113345822,0,106547793,0,t
113352560,0,106156983,0,t
113353493,0,106156983,0,t
113360881,0,106156983,0,t
113381774,0,106156983,0,t
113383483,0,100011488,0,t
113383483,0,113218851,0,t
113389199,0,106156983,0,t
113389857,0,106156983,0,t
113434599,0,109206390,0,r
113473969,0,109018179,0,r
113474739,0,103007214,0,t
113474739,0,103460989,0,t
113478141,0,109018179,0,r
113479140,0,108210806,0,t
113479576,0,107298952,0,u
113480320,0,113538337,0,t
113480611,0,108594855,0,t
113480958,0,109018179,0,r
113483133,0,108594855,0,t
113484458,0,113538337,0,t
113488712,0,107213814,0,u
113489677,0,101114416,0,t
113490295,0,105746396,0,t
113490512,0,113538337,0,t
113491377,0,106389447,0,u
113491828,0,108594855,0,t
113492455,0,108594855,0,t
113492694,0,108594855,0,t
113492991,0,108594855,0,t
113493257,0,108594855,0,t
113493709,0,108594855,0,t
113495536,0,108351716,0,t
113501122,0,101141078,0,t
113501775,0,107213814,0,u
113502631,0,113538337,0,t
113506332,0,113538337,0,t
113511589,0,109018179,0,r
113513528,0,107211994,0,u
113515976,0,108594855,0,t
113516962,0,108594855,0,t
113519020,0,108315657,0,t
113520166,0,108594855,0,t
113520531,0,108594855,0,t
113520789,0,108594855,0,t
113521006,0,108594855,0,t
113521565,0,106389447,0,u
113522164,0,106389447,0,u
113525266,0,109018179,0,r
113525929,0,109018179,0,r
113527045,0,109018179,0,r
113528130,0,109018179,0,r
113528999,0,108210806,0,t
113533471,0,104388537,0,t
113533625,0,104388537,0,t
113533793,0,104388537,0,t
113533950,0,100088051,0,t
113534795,0,104388537,0,t
113535720,0,106389447,0,u
113535953,0,106389447,0,u
113542130,0,109018179,0,r
113543461,0,113538337,0,t
113544312,0,109018179,0,r
113544424,0,109018179,0,r
113548889,0,109206390,0,r
113549103,0,109018179,0,r
113549422,0,106820300,0,u
113551406,0,108594855,0,t
113551527,0,106133372,0,t
113551757,0,109018179,0,r
113553377,0,100894211,0,t
113554771,0,109018179,0,r
113558057,0,105746396,0,t
113558332,0,105746396,0,t
113559120,0,106389447,0,u
113559762,0,106389447,0,u
113560070,0,106389447,0,u
113560236,0,106389447,0,u
113562310,0,105746396,0,t
113562537,0,106389447,0,u
113570586,0,101141078,0,t
113570586,0,108210806,0,t
113570884,0,108594855,0,t
113571129,0,108594855,0,t
113571292,0,106389447,0,u
113571498,0,108607116,0,t
113572874,0,104388537,0,t
113573366,0,100495504,0,t
113573509,0,100495504,0,t
113574878,0,109018179,0,r
113579599,0,108594855,0,t
113580045,0,108594855,0,t
113580578,0,106639177,0,t
113585149,0,106241649,0,t
113585301,0,106240390,0,t
113586372,0,101110137,0,t
113589762,0,109018179,0,r
113590075,0,106239054,0,t
113593791,1,107073253,2,u
113593791,2,115573598,1,u
113593791,3,115587945,1,u
113596249,0,107213814,0,u
113596514,0,106241649,0,t
113597414,0,108351716,0,t
113601047,0,107213814,0,u
113601980,0,107213814,0,u
113611589,2,115711534,3,u
113611589,3,115617305,3,u
113611589,3,115672790,3,u
113612678,0,109018179,0,r
113615495,1,115617305,3,u
113615495,1,115672790,3,u
113615495,2,115711534,3,u
113620862,0,109018179,0,r
113621123,0,109018179,0,r
113621457,0,109018179,0,r
113623460,0,109018179,0,r
113623795,6,107073253,2,u
113623795,9,115587945,1,u
113625968,0,109206390,0,r
113626125,0,106389447,0,u
113630941,0,113538337,0,t
113633787,0,108594855,0,t
113637352,0,106389447,0,u
113638787,0,109018179,0,r
113639829,0,109018179,0,r
113641715,0,105746396,0,t
113642715,0,105746396,0,t
113648233,0,109018179,0,r
113652247,0,109018179,0,r
113654108,0,106174934,0,t
113654369,0,106181353,0,t
113654829,2,115617305,3,u
113654829,2,115672790,3,u
113654829,3,115711534,3,u
113655310,0,106206260,0,t
113655488,0,106127926,0,t
113655668,0,106185544,0,t
113656223,0,106170987,0,t
113656969,0,103301037,0,t
113657724,0,106205137,0,t
113658232,0,106209103,0,t
113660131,1,115617305,3,u
113660131,1,115672790,3,u
113660131,2,115711534,3,u
113662385,1,115617305,3,u
113662385,1,115672790,3,u
113662385,2,115711534,3,u
113662606,0,106127926,0,t
113663418,0,106264588,0,t
113663843,0,106156983,0,t
113664329,0,106127926,0,t
113665533,0,106174934,0,t
113666884,0,106170987,0,t
113668469,0,115102245,0,t
113671787,0,106706652,0,u
113673770,1,115617305,3,u
113673770,1,115672790,3,u
113673770,2,115711534,3,u
113676432,0,106133372,0,t
113676850,0,106174934,0,t
113677821,0,106174934,0,t
113679430,1,115617305,3,u
113679430,1,115672790,3,u
113679430,2,115711534,3,u
113679673,0,106161835,0,t
113680231,0,106156983,0,t
113681153,0,106146319,0,t
113682322,0,106240390,0,t
113683286,0,106209103,0,t
113683483,0,106146319,0,t
113686023,0,106219119,0,t
113688202,0,106145266,0,t
113688368,0,100926605,0,t
113688556,0,106127926,0,t
113688835,0,106174934,0,t
113689901,0,106146319,0,t
113689901,1,115558912,3,u
113689901,1,115617305,3,u
113689901,1,115672790,3,u
113689901,4,115711534,3,u
113691682,1,115617305,3,u
113691682,1,115672790,3,u
113691682,2,115711534,3,u
113692345,1,115617305,3,u
113692345,1,115672790,3,u
113692345,2,115711534,3,u
113692828,0,106146319,0,t
113693264,0,106273391,0,t
113693706,2,115617305,3,u
113693706,2,115672790,3,u
113693706,3,115711534,3,u
113694223,1,115617305,3,u
113694223,1,115672790,3,u
113694223,2,115711534,3,u
113694714,1,115617305,3,u
113694714,1,115672790,3,u
113694714,2,115711534,3,u
113694714,3,115617305,3,u
113694714,3,115672790,3,u
113694714,4,115711534,3,u
113696720,0,106181353,0,t
113698199,0,106146319,0,t
113698414,0,106174934,0,t
113698902,0,106174934,0,t
113700876,0,102736683,0,t
113700876,0,104259275,0,t
113703053,0,100850152,0,t
113703382,0,106174934,0,t
113706795,0,106206260,0,t
113707543,0,106161357,0,t
113707716,1,115617305,3,u
113707716,1,115672790,3,u
113707716,2,115711534,3,u
113708356,0,106127926,0,t
113708795,0,106219119,0,t
113709538,0,106165936,0,t
113710938,1,115617305,3,u
113710938,1,115672790,3,u
113710938,2,115711534,3,u
113711279,0,106133372,0,t
113714171,1,115617305,3,u
113714171,1,115672790,3,u
113714171,2,115711534,3,u
113714508,0,106206260,0,t
113714637,0,106156983,0,t
113715173,1,115617305,3,u
113715173,1,115672790,3,u
113715173,2,115711534,3,u
113715807,0,106219119,0,t
113716441,2,115617305,3,u
113716441,2,115672790,3,u
113716441,3,115711534,3,u
113717529,1,115617305,3,u
113717529,1,115672790,3,u
113717529,2,115711534,3,u
113718456,0,106206260,0,t
113719728,1,115617305,3,u
113719728,1,115672790,3,u
113719728,2,115711534,3,u
113720519,0,106189791,0,t
113720712,0,106127926,0,t
113725367,0,102196731,0,t
113727329,0,106146319,0,t
113727329,1,115617305,3,u
113727329,1,115672790,3,u
113727329,2,115711534,3,u
113727788,0,106174934,0,t
113728057,0,106161835,0,t
113730175,0,106133372,0,t
113730437,0,106268840,0,t
113730954,0,106206260,0,t
113732003,0,106170987,0,t
113732463,0,106133372,0,t
113732848,0,106146319,0,t
113732848,1,115617305,3,u
113732848,1,115672790,3,u
113732848,2,115711534,3,u
113733584,0,106127926,0,t
113734755,1,115617305,3,u
113734755,1,115672790,3,u
113734755,2,115711534,3,u
113735416,0,106127926,0,t
113735576,0,106146319,0,t
113735811,0,106219119,0,t
113736076,0,106219119,0,t
113737152,1,115617305,3,u
113737152,1,115672790,3,u
113737152,2,115711534,3,u
113738687,0,106706652,0,u
113739170,0,102736683,0,t
113739170,0,104259275,0,t
113739432,1,115617305,3,u
113739432,1,115672790,3,u
113739432,2,115711534,3,u
113739634,0,106185544,0,t
113740350,0,106264588,0,t
113741095,0,106255232,0,t
113741617,0,106170029,0,t
113742056,1,115617305,3,u
113742056,1,115672790,3,u
113742056,2,115711534,3,u
113742579,2,115617305,3,u
113742579,2,115672790,3,u
113742579,3,115711534,3,u
113743149,1,115617305,3,u
113743149,1,115672790,3,u
113743149,2,115711534,3,u
113744015,1,115617305,3,u
113744015,1,115672790,3,u
113744015,2,115711534,3,u
113744015,3,115617305,3,u
113744015,3,115672790,3,u
113744015,4,115711534,3,u
113744410,1,115617305,3,u
113744410,1,115672790,3,u
113744410,2,115711534,3,u
113745156,0,106165936,0,t
113746178,0,100850152,0,t
113746766,0,100004511,0,t
113748410,0,100850152,0,t
113748410,0,115102245,0,t
113748666,2,115711534,3,u
113748666,3,115558912,3,u
113748666,3,115617305,3,u
113748666,3,115672790,3,u
113749408,2,115711534,3,u
113749408,4,115558912,3,u
113749408,4,115617305,3,u
113749408,4,115672790,3,u
113750195,0,100004511,0,t
113751074,1,115617305,3,u
113751074,1,115672790,3,u
113751074,2,115711534,3,u
113753771,1,115617305,3,u
113753771,1,115672790,3,u
113753771,3,115711534,3,u
113754372,0,100011488,0,t
113755367,0,100850152,0,t
113755983,0,106181353,0,t
113756278,0,106185544,0,t
113756436,0,106170987,0,t
113757718,0,106219119,0,t
113758705,1,115617305,3,u
113758705,1,115672790,3,u
113758705,2,115711534,3,u
113760950,0,106127926,0,t
113760950,0,106174934,0,t
113761291,0,106174934,0,t
113762466,0,106146319,0,t
113763258,2,115617305,3,u
113763258,2,115672790,3,u
113763258,3,115711534,3,u
113765263,0,106156983,0,t
113766793,0,100850152,0,t
113766793,0,107265016,0,u
113766793,0,115102245,0,t
113767043,1,115617305,3,u
113767043,1,115672790,3,u
113767043,2,115711534,3,u
113767610,0,100011488,0,t
113770449,0,100011488,0,t
113771777,1,115617305,3,u
113771777,1,115672790,3,u
113771777,2,115711534,3,u
113772499,0,106133372,0,t
113773506,0,100850152,0,t
113774587,1,115617305,3,u
113774587,1,115672790,3,u
113774587,2,115711534,3,u
113774951,0,106146319,0,t
113776717,0,100706981,0,t
113779322,0,106146319,0,t
113779322,1,115617305,3,u
113779322,1,115672790,3,u
113779322,2,115711534,3,u
113779626,0,106146319,0,t
113780409,0,106174934,0,t
113781944,0,106127926,0,t
113782141,0,106146319,0,t
113782315,0,106161835,0,t
113782521,0,106181353,0,t
113782698,0,106170987,0,t
113783126,0,106165936,0,t
113783299,0,106146319,0,t
113783528,0,106127926,0,t
113783965,0,100914777,0,t
113784150,0,106219119,0,t
113785854,0,106206260,0,t
113787331,0,106165936,0,t
113787553,0,106227072,0,t
113787553,1,115617305,3,u
113787553,1,115672790,3,u
113787553,2,115711534,3,u
113789042,0,106820300,0,u
113789042,0,107265016,0,u
113789042,0,115102245,0,t
113789239,0,106215536,0,t
113792313,0,106215536,0,t
113792887,0,106181353,0,t
113793160,0,106127926,0,t
113793160,2,115617305,3,u
113793160,2,115672790,3,u
113793160,3,115711534,3,u
113794346,1,115617305,3,u
113794346,1,115672790,3,u
113794346,2,115711534,3,u
113795211,0,106170987,0,t
113795625,0,106219119,0,t
113796354,0,106161357,0,t
113796631,0,106170987,0,t
113796874,0,106206260,0,t
113801767,0,106165936,0,t
113802325,0,106165936,0,t
113802513,0,106165936,0,t
113802994,0,106165936,0,t
113804571,0,100914777,0,t
113805293,1,115617305,3,u
113805293,1,115672790,3,u
113805293,2,115711534,3,u
113806023,2,115711534,3,u
113806023,3,115617305,3,u
113806023,3,115672790,3,u
113806023,4,115711534,3,u
113806023,5,115558912,3,u
113806023,5,115617305,3,u
113806023,5,115672790,3,u
113806580,1,115617305,3,u
113806580,1,115672790,3,u
113806580,2,115711534,3,u
113807692,1,115617305,3,u
113807692,1,115672790,3,u
113807692,2,115711534,3,u
113808416,1,115617305,3,u
113808416,1,115672790,3,u
113808416,2,115711534,3,u
113808819,0,106779878,0,t
113809117,0,106133372,0,t
113813642,0,106219119,0,t
113814021,0,106240390,0,t
113814191,0,106240390,0,t
113814872,0,114835149,0,t
113815030,0,100178509,0,t
113815181,0,100178509,0,t
113815561,0,106174934,0,t
113817236,0,114835149,0,t
113819098,1,115711534,3,u
113819098,2,115558912,3,u
113819098,2,115617305,3,u
113819098,2,115672790,3,u
113822019,0,106181353,0,t
113822219,0,106181353,0,t
113823577,0,106108363,0,t
113823937,0,106174934,0,t
113824335,0,106181353,0,t
113824583,0,106181353,0,t
113824854,0,106188717,0,t
113825842,0,106090243,0,t
113826854,0,106262673,0,t
113829390,0,100465604,0,t
113829572,0,100465604,0,t
113829710,0,100465604,0,t
113829846,0,100524699,0,t
113829995,0,100465604,0,t
113830140,0,100477011,0,t
113830264,0,100465604,0,t
113830402,0,100465604,0,t
113830531,0,100456193,0,t
113830718,0,100524699,0,t
113831052,0,100465604,0,t
113832138,0,106924647,0,t
113833909,1,115617305,3,u
113833909,1,115672790,3,u
113833909,2,115711534,3,u
113841966,0,106219119,0,t
113842268,0,106219119,0,t
113842590,0,106219119,0,t
113845679,0,100482934,0,t
113848304,2,115711534,3,u
113848304,3,115558912,3,u
113848304,3,115617305,3,u
113848304,3,115672790,3,u
113849480,0,106191077,0,t
113852532,0,100933832,0,t
113853404,0,109018179,0,r
113858278,0,109018179,0,r
113858679,1,115711534,3,u
113858679,2,115558912,3,u
113858679,2,115617305,3,u
113858679,2,115672790,3,u
113858936,3,115573598,1,u
113858936,3,115587945,1,u
113858936,5,115711534,3,u
113858936,6,115558912,3,u
113858936,6,115617305,3,u
113858936,6,115672790,3,u
113859270,1,115711534,3,u
113859270,2,115558912,3,u
113859270,2,115617305,3,u
113859270,2,115672790,3,u
113859516,1,115711534,3,u
113859516,2,115558912,3,u
113859516,2,115617305,3,u
113859516,2,115672790,3,u
113859756,2,115573598,1,u
113859756,2,115587945,1,u
113859756,4,115711534,3,u
113859756,5,115558912,3,u
113859756,5,115617305,3,u
113859756,5,115672790,3,u
113860189,2,115711534,3,u
113860189,3,115558912,3,u
113860189,3,115617305,3,u
113860189,3,115672790,3,u
113860189,4,115711534,3,u
113860189,5,115558912,3,u
113860189,5,115617305,3,u
113860189,5,115672790,3,u
113860537,1,115711534,3,u
113860537,2,115558912,3,u
113860537,2,115617305,3,u
113860537,2,115672790,3,u
113860781,1,115711534,3,u
113860781,2,115558912,3,u
113860781,2,115617305,3,u
113860781,2,115672790,3,u
113860781,3,115711534,3,u
113860781,4,115558912,3,u
113860781,4,115617305,3,u
113860781,4,115672790,3,u
113861123,1,115711534,3,u
113861123,2,115558912,3,u
113861123,2,115617305,3,u
113861123,2,115672790,3,u
113861618,0,106219119,0,t
113862600,0,106219119,0,t
113862933,0,106219119,0,t
113863258,0,106219119,0,t
113884704,0,106401978,0,u
113886117,0,109018179,0,r
113886117,0,109206390,0,r
113886551,0,106401978,0,u
113887061,0,106401978,0,u
113887247,0,109018179,0,r
113887846,0,106401978,0,u
113894017,1,115711534,3,u
113894017,2,115558912,3,u
113894017,2,115617305,3,u
113894017,2,115672790,3,u
113894251,2,115711534,3,u
113894251,3,115558912,3,u
113894251,3,115617305,3,u
113894251,3,115672790,3,u
113894756,2,115573598,1,u
113894756,2,115587945,1,u
113894756,4,115711534,3,u
113894756,5,115558912,3,u
113894756,5,115617305,3,u
113894756,5,115672790,3,u
113895088,1,115711534,3,u
113895088,2,115558912,3,u
113895088,2,115617305,3,u
113895088,2,115672790,3,u
113895338,1,115711534,3,u
113895338,2,115558912,3,u
113895338,2,115617305,3,u
113895338,2,115672790,3,u
113895585,1,115711534,3,u
113895585,2,115558912,3,u
113895585,2,115617305,3,u
113895585,2,115672790,3,u
113895831,1,115711534,3,u
113895831,2,115558912,3,u
113895831,2,115617305,3,u
113895831,2,115672790,3,u
113896071,2,115711534,3,u
113896071,3,115558912,3,u
113896071,3,115617305,3,u
113896071,3,115672790,3,u
113896422,2,115711534,3,u
113896422,3,115558912,3,u
113896422,3,115617305,3,u
113896422,3,115672790,3,u
113896422,4,115711534,3,u
113896422,5,115558912,3,u
113896422,5,115617305,3,u
113896422,5,115672790,3,u
113896759,1,115711534,3,u
113896759,2,115558912,3,u
113896759,2,115617305,3,u
113896759,2,115672790,3,u
113896991,1,115711534,3,u
113896991,2,115558912,3,u
113896991,2,115617305,3,u
113896991,2,115672790,3,u
113897250,2,115711534,3,u
113897250,3,115558912,3,u
113897250,3,115617305,3,u
113897250,3,115672790,3,u
113921802,0,108872567,0,r
113924940,2,115711534,3,u
113924940,3,115558912,3,u
113924940,3,115617305,3,u
113924940,3,115672790,3,u
113931898,1,115711534,3,u
113931898,2,115558912,3,u
113931898,2,115617305,3,u
113931898,2,115672790,3,u
113949693,0,106209103,0,t
113955596,0,108880234,0,r
113957278,0,109018179,0,r
113958468,0,109018179,0,r
113962711,0,107298952,0,u
113967359,0,106090243,0,t
113969491,0,106090243,0,t
113972163,0,105750582,0,t
113975441,1,107073253,2,u
113975441,5,115587945,1,u
113978167,2,115711534,3,u
113978167,3,115617305,3,u
113978167,3,115672790,3,u
113978752,0,107092301,0,t
113978926,0,107265016,0,u
113978926,0,109018179,0,r
113980519,2,115711534,3,u
113980519,3,115617305,3,u
113980519,3,115672790,3,u
113982082,0,100491318,0,t
113985159,0,106389447,0,u
113989905,0,109058568,0,r
113990048,0,109206390,0,r
113990252,0,109018179,0,r
113990397,0,109018179,0,r
113990668,0,109087646,0,r
113990668,0,109206390,0,r
113990904,0,108924633,0,r
113990904,0,109018179,0,r
113991152,0,109087646,0,r
113991152,0,109206390,0,r
113991308,0,108924633,0,r
113991308,0,109018179,0,r
113991531,0,109087646,0,r
113991531,0,109206390,0,r
113991697,0,109087646,0,r
113991697,0,109206390,0,r
113991852,0,109087646,0,r
113991852,0,109206390,0,r
113992017,0,109087646,0,r
113992017,0,109206390,0,r
113993332,0,106219119,0,t
113993621,0,106219119,0,t
113993906,0,106219119,0,t
113998146,0,106133372,0,t
114001210,0,107079350,0,u
114001758,0,106820300,0,u
114002624,0,109018179,0,r
114008101,0,107298952,0,u
114010743,0,107213814,0,u
114011477,0,107265016,0,u
114021643,0,106255232,0,t
114022204,0,106090243,0,t
114022439,0,106090243,0,t
114023043,0,106090243,0,t
114023583,0,106090243,0,t
114023583,0,106181353,0,t
114023813,0,106090243,0,t
114024081,0,106090243,0,t
114024234,0,106090243,0,t
114024413,0,106090243,0,t
114024642,0,106090243,0,t
114025090,0,106090243,0,t
114028810,0,106090243,0,t
114030587,0,106189791,0,t
114037186,0,106090243,0,t
114037186,0,106255232,0,t
114037509,0,106090243,0,t
114037509,0,106255232,0,t
114040823,0,107099168,0,t
114040823,0,108938608,0,r
114041645,0,106264588,0,t
114043280,1,115617305,3,u
114043280,1,115672790,3,u
114043280,2,115711534,3,u
114051165,0,106127926,0,t
114051476,0,106234392,0,t
114052152,0,106234392,0,t
114052460,0,106234392,0,t
114056795,0,100472330,0,t
114057258,0,100472330,0,t
114058976,0,106174934,0,t
114059215,0,106181353,0,t
114059631,0,100524699,0,t
114061545,0,106187435,0,t
114063090,0,106140339,0,t
114063316,0,104388537,0,t
114063476,0,106240390,0,t
114064817,0,106174934,0,t
114077169,0,108594855,0,t
114077350,0,108594855,0,t
114077730,0,108594855,0,t
114077894,0,108594855,0,t
114078084,0,108594855,0,t
114078251,0,108594855,0,t
114078432,0,108594855,0,t
114078626,0,108594855,0,t
114078852,0,108594855,0,t
114079003,0,108594855,0,t
114079195,0,108594855,0,t
114081966,0,106090243,0,t
114082138,0,106090243,0,t
114083038,0,106219119,0,t
114084220,3,115617305,3,u
114084220,3,115672790,3,u
114084220,5,115711534,3,u
114084876,3,115617305,3,u
114084876,3,115672790,3,u
114084876,4,115711534,3,u
114089115,0,109206390,0,r
114090540,0,106206260,0,t
114090979,0,106206260,0,t
114091197,0,106206260,0,t
114094943,0,107245446,0,u
114100293,0,106090243,0,t
114101437,0,106185544,0,t
114102651,0,106094474,0,t
114102651,0,106181353,0,t
114109588,0,106127926,0,t
114110344,0,106090243,0,t
114112905,0,106094474,0,t
114115115,1,115617305,3,u
114115115,1,115672790,3,u
114115115,2,115711534,3,u
114117116,0,106094474,0,t
114118621,0,106094474,0,t
114121017,0,106090243,0,t
114121404,0,109206390,0,r
114121535,0,109206390,0,r
114121833,0,106211763,0,t
114128929,0,106185544,0,t
114129748,0,106094474,0,t
114129989,0,106185544,0,t
114130825,0,106214013,0,t
114133043,0,106181353,0,t
114135998,0,100009618,0,t
114141227,0,106206260,0,t
114143272,0,106094474,0,t
114143416,3,115587945,1,u
114144378,0,106090243,0,t
114144534,0,106090243,0,t
114144848,0,106094474,0,t
114145644,0,106147930,0,t
114152284,0,100462468,0,t
114154051,0,106090243,0,t
114154190,2,115711534,3,u
114154190,3,115558912,3,u
114154190,3,115617305,3,u
114154190,3,115672790,3,u
114154841,0,106127926,0,t
114163820,0,106389447,0,u
114164009,0,106389447,0,u
114164789,0,106181353,0,t
114164929,0,106161357,0,t
114165608,1,115617305,3,u
114165608,1,115672790,3,u
114165608,2,115711534,3,u
114165990,0,106174934,0,t
114167622,0,109018179,0,r
114167802,0,107213814,0,u
114171417,0,100706981,0,t
114178419,0,107213814,0,u
114179132,1,115617305,3,u
114179132,1,115672790,3,u
114179132,2,115711534,3,u
114179412,0,106191300,0,t
114179648,0,106191300,0,t
114181223,0,100850152,0,t
114185942,0,101141078,0,t
114189622,2,115573598,1,u
114189622,2,115587945,1,u
114190086,0,100472330,0,t
114190281,0,100450644,0,t
114193630,0,108594855,0,t
114193821,0,108594855,0,t
114194496,0,108594855,0,t
114196249,0,106254134,0,t
114196249,0,111029886,0,t
114204986,0,108594855,0,t
114205199,0,108594855,0,t
114205695,0,108594855,0,t
114205833,0,108594855,0,t
114206121,0,108594855,0,t
114208541,0,108247681,0,t
114208907,0,100850152,0,t
114210318,0,108594855,0,t
114214404,0,101141078,0,t
114216382,0,106141914,0,t
114217333,1,115617305,3,u
114217333,1,115672790,3,u
114217333,2,115711534,3,u
114217929,0,109164174,0,r
114218309,0,107079350,0,u
114220003,1,115711534,3,u
114220003,2,115558912,3,u
114220003,2,115617305,3,u
114220003,2,115672790,3,u
114220651,0,106239054,0,t
114220981,0,100850152,0,t
114222900,0,100986925,0,t
114225597,0,102732078,0,t
114229740,0,106329660,0,t
114229740,0,106333094,0,t
114230014,0,107213814,0,u
114236364,1,115558912,3,u
114236364,1,115617305,3,u
114236364,1,115672790,3,u
114236364,2,115711534,3,u
114236972,1,115558912,3,u
114236972,1,115617305,3,u
114236972,1,115672790,3,u
114236972,2,115711534,3,u
114237922,0,109164174,0,r
114242304,0,100524699,0,t
114242482,0,108594855,0,t
114243771,1,115617305,3,u
114243771,1,115672790,3,u
114243771,2,115711534,3,u
114244200,0,100945551,0,t
114244200,0,106461373,0,t
114244634,0,106187435,0,t
114244886,0,106170987,0,t
114245151,0,106206260,0,t
114245318,0,106241238,0,t
114246695,0,107157953,0,t
114250061,1,115711534,3,u
114250061,2,115558912,3,u
114250061,2,115617305,3,u
114250061,2,115672790,3,u
114250362,0,109636449,0,t
114254467,0,100945551,0,t
114254467,0,101110137,0,t
114255963,0,106173708,0,t
114259874,0,107213814,0,u
114264188,0,106153998,0,t
114265310,1,115617305,3,u
114265310,1,115672790,3,u
114265310,2,115711534,3,u
114268263,0,106059658,0,t
114268263,1,115617305,3,u
114268263,1,115672790,3,u
114268263,2,115711534,3,u
114273052,0,108351716,0,t
114278300,0,100850152,0,t
114278974,0,100850152,0,t
114278974,3,115711534,3,u
114278974,4,115558912,3,u
114278974,4,115617305,3,u
114278974,4,115672790,3,u
114280001,0,100850152,0,t
114280122,0,107213814,0,u
114280280,0,100850152,0,t
114281107,0,100850152,0,t
114283239,0,100850152,0,t
114287082,0,100850152,0,t
114288372,0,100850152,0,t
114289360,0,106143813,0,t
114290498,1,115711534,3,u
114290498,2,115558912,3,u
114290498,2,115617305,3,u
114290498,2,115672790,3,u
114290706,3,115711534,3,u
114290706,4,115558912,3,u
114290706,4,115617305,3,u
114290706,4,115672790,3,u
114291893,1,115617305,3,u
114291893,1,115672790,3,u
114291893,2,115711534,3,u
114292832,0,107298952,0,u
114292957,0,108880234,0,r
114303368,0,106137745,0,t
114303536,0,106137745,0,t
114303536,0,106820300,0,u
114303721,0,106146319,0,t
114305183,0,103869219,0,t
114306866,0,103869219,0,t
114309534,0,106151255,0,t
114319285,1,115617305,3,u
114319285,1,115672790,3,u
114319285,2,115711534,3,u
114320226,2,115617305,3,u
114320226,2,115672790,3,u
114320226,3,115711534,3,u
114326389,0,106146319,0,t
114339260,0,106144820,0,t
114339493,0,106144820,0,t
114352755,0,101348569,0,t
114356007,0,106151255,0,t
114412836,2,115617305,3,u
114412836,2,115672790,3,u
114412836,3,115711534,3,u
114429306,0,101350980,0,t
114437883,1,115617305,3,u
114437883,1,115672790,3,u
114437883,2,115711534,3,u
114442102,1,115711534,3,u
114442102,2,115558912,3,u
114442102,2,115617305,3,u
114442102,2,115672790,3,u
114453417,1,115617305,3,u
114453417,1,115672790,3,u
114453417,2,115711534,3,u
114456086,0,106133372,0,t
114458666,0,100011488,0,t
114467426,0,100009618,0,t
114467426,0,102513203,0,t
114476953,0,106151255,0,t
114478079,2,115711534,3,u
114478079,3,115558912,3,u
114478079,3,115617305,3,u
114478079,3,115672790,3,u
114479181,1,115711534,3,u
114479181,2,115558912,3,u
114479181,2,115617305,3,u
114479181,2,115672790,3,u
114479181,4,115711534,3,u
114479181,5,115558912,3,u
114479181,5,115617305,3,u
114479181,5,115672790,3,u
114479850,1,115711534,3,u
114479850,2,115558912,3,u
114479850,2,115617305,3,u
114479850,2,115672790,3,u
114480744,0,106133372,0,t
114483770,2,115711534,3,u
114483770,3,115558912,3,u
114483770,3,115617305,3,u
114483770,3,115672790,3,u
114486181,3,115617305,3,u
114486181,3,115672790,3,u
114486181,4,115711534,3,u
114493397,1,115711534,3,u
114493397,2,115558912,3,u
114493397,2,115617305,3,u
114493397,2,115672790,3,u
114498456,0,106389447,0,u
114542993,0,106133372,0,t
114545159,0,106133372,0,t
114556888,0,106151255,0,t
114557170,0,106151255,0,t
114564362,0,100850152,0,t
114567309,0,100324676,0,t
114596265,0,106153998,0,t
114596265,0,114288372,0,t
114602639,0,106389447,0,u
114603922,0,107213814,0,u
114604362,0,109018179,0,r
114614349,0,115102245,0,t
114615120,1,115711534,3,u
114615120,2,115617305,3,u
114615120,2,115672790,3,u
114615550,0,107298952,0,u
114616002,1,115617305,3,u
114616002,1,115672790,3,u
114616002,2,115711534,3,u
114616903,0,106227072,0,t
114617900,0,106146319,0,t
114618250,0,100706981,0,t
114619247,0,107298952,0,u
114619376,0,106227072,0,t
114619674,0,106227072,0,t
114620182,0,106227072,0,t
114620342,0,106227072,0,t
114633986,0,106146319,0,t
114635180,0,106820300,0,u
114637633,1,115617305,3,u
114637633,1,115672790,3,u
114637633,4,115711534,3,u
114638835,0,106820300,0,u
114639017,0,106820300,0,u
114646760,0,100850152,0,t
114647232,0,100850152,0,t
114648522,0,101222940,0,u
114648752,0,107213814,0,u
114651777,0,107265016,0,u
114651777,0,107298952,0,u
114652995,0,109018179,0,r
114655860,0,107230633,0,u
114655860,0,109018179,0,r
114656941,1,115711534,3,u
114656941,2,115558912,3,u
114656941,2,115617305,3,u
114656941,2,115672790,3,u
114657204,0,114079683,0,t
114659846,0,100850152,0,t
114659846,0,107211994,0,u
114660538,1,115617305,3,u
114660538,1,115672790,3,u
114660538,2,115711534,3,u
114662419,1,115617305,3,u
114662419,1,115672790,3,u
114662419,2,115711534,3,u
114663395,0,106090243,0,t
114666386,0,100504023,0,t
114674573,0,109028593,0,r
114674727,0,109028593,0,r
114675029,0,108351716,0,t
114675195,0,108351716,0,t
114680491,1,115711534,3,u
114680491,2,115558912,3,u
114680491,2,115617305,3,u
114680491,2,115672790,3,u
114683139,1,115711534,3,u
114683139,2,115558912,3,u
114683139,2,115617305,3,u
114683139,2,115672790,3,u
114684871,0,106389447,0,u
114687465,1,115711534,3,u
114687465,2,115558912,3,u
114687465,2,115617305,3,u
114687465,2,115672790,3,u
114688192,0,106240390,0,t
114688510,0,106240390,0,t
114688691,0,106240390,0,t
114697174,0,106155851,0,t
114700004,0,100850152,0,t
114700320,0,100850152,0,t
114700949,0,106820300,0,u
114702114,0,106276100,0,t
114702696,0,106547793,0,t
114703684,0,106891186,0,t
114715909,0,102513203,0,t
114716111,0,102513203,0,t
114720410,0,109018179,0,r
114723820,0,106174934,0,t
114724270,0,106179912,0,t
114725734,0,106179912,0,t
114729950,0,107213814,0,u
114730088,0,107213814,0,u
114730267,0,107213814,0,u
114731479,0,100850152,0,t
114740111,0,106820300,0,u
114740111,0,115102245,0,t
114741365,0,108351716,0,t
114742151,0,100850152,0,t
114744747,2,115617305,3,u
114744747,2,115672790,3,u
114744747,3,115711534,3,u
114745371,1,107073253,2,u
114745371,2,115587945,1,u
114762898,0,106382527,0,u
114765542,0,106209103,0,t
114765823,0,106209103,0,t
114766475,0,107213814,0,u
114766475,0,109018179,0,r
114770721,3,115711534,3,u
114770721,4,115558912,3,u
114770721,4,115617305,3,u
114770721,4,115672790,3,u
114771786,0,106133372,0,t
114773845,0,108594855,0,t
114775310,0,109018179,0,r
114775854,0,106174934,0,t
114776043,0,106151255,0,t
114776634,1,115617305,3,u
114776634,1,115672790,3,u
114776634,2,115711534,3,u
114778255,0,103301037,0,t
114787363,0,106240390,0,t
114789456,0,105370175,0,t
114798098,0,106144820,0,t
114798398,0,106144820,0,t
114802706,0,106133372,0,t
114808302,0,100850152,0,t
114813612,0,106127926,0,t
114814941,0,106154872,0,t
114815180,0,106174934,0,t
114819489,1,115617305,3,u
114819489,1,115672790,3,u
114819489,2,115711534,3,u
114822340,1,115617305,3,u
114822340,1,115672790,3,u
114822340,2,115711534,3,u
114823230,1,115617305,3,u
114823230,1,115672790,3,u
114823230,2,115711534,3,u
114824474,1,115617305,3,u
114824474,1,115672790,3,u
114824474,2,115711534,3,u
114825376,1,115617305,3,u
114825376,1,115672790,3,u
114825376,2,115711534,3,u
114827867,0,106188717,0,t
114828062,0,106188717,0,t
114828908,0,106170029,0,t
114829685,0,106174934,0,t
114832112,0,106174934,0,t
114834572,0,114834145,0,t
114834723,0,114834145,0,t
114838233,0,106968144,0,u
114838421,0,106968144,0,u
114840048,1,106968144,1,u
114840048,2,106968144,1,u
114840190,1,106968144,1,u
114841949,0,106968144,0,u
114842232,0,106968144,0,u
114842414,1,106968144,1,u
114842615,0,106968144,0,u
114843893,0,106181353,0,t
114850961,1,106962020,4,u
114850961,2,106962020,4,u
114850961,4,106962020,4,u
114865090,0,106174934,0,t
114865090,0,106181353,0,t
114866963,0,106174934,0,t
114867329,0,106174934,0,t
114868024,0,106174934,0,t
114870885,0,106174934,0,t
114873631,2,115587945,1,u
114873631,3,107073253,2,u
114880127,3,115617305,3,u
114880127,3,115672790,3,u
114880127,4,115711534,3,u
114902284,3,115711534,3,u
114902284,4,115617305,3,u
114902284,4,115672790,3,u
114905389,0,102736683,0,t
114919778,0,106170029,0,t
114920900,0,106174934,0,t
114928485,0,106174934,0,t
114928485,0,106181353,0,t
114932012,0,109018179,0,r
114932391,0,109018179,0,r
114933284,1,107073253,2,u
114933284,3,107073253,2,u
114933284,4,115587945,1,u
114946744,0,106206260,0,t
114949958,0,106968144,0,u
114953389,0,106170029,0,t
114953601,0,106170029,0,t
114955031,1,106968144,1,u
114960392,1,106962020,4,u
114969779,0,106127926,0,t
114970125,0,113748878,0,t
114970328,0,106174934,0,t
114970725,0,106174934,0,t
114971760,0,106174934,0,t
114976958,0,106151255,0,t
114991766,0,106156983,0,t
114992991,1,106962020,4,u
114993360,1,106962020,4,u
114994092,1,106962020,4,u
114995259,1,106962020,4,u
114995259,2,106962020,4,u
114996718,1,115711534,3,u
114996718,2,115617305,3,u
114996718,2,115672790,3,u
114997744,1,106962020,4,u
114999664,1,106962020,4,u
114999664,2,106962020,4,u
114999914,1,106962020,4,u
115000150,1,106962020,4,u
115000150,2,106962020,4,u
115000376,1,106962020,4,u
115000376,2,106962020,4,u
115000376,3,106962020,4,u
115000376,4,106962020,4,u
115000770,1,106962020,4,u
115000770,2,106962020,4,u
115000770,3,106962020,4,u
115000770,4,106962020,4,u
115000770,5,106962020,4,u
115001154,1,106962020,4,u
115015844,0,114916956,0,t
115017603,0,114835149,0,t
115020247,1,115711534,3,u
115020247,2,115558912,3,u
115020247,2,115617305,3,u
115020247,2,115672790,3,u
115023988,0,106968144,0,u
115024168,0,106968144,0,u
115024280,0,106968144,0,u
115024393,1,106962020,4,u
115024557,0,106968144,0,u
115024709,0,106968144,0,u
115024862,1,106962020,4,u
115025024,0,106968144,0,u
115025170,0,106968144,0,u
115025309,0,106968144,0,u
115033410,0,106174934,0,t
115040721,0,106968144,0,u
115047028,0,106968144,0,u
115058479,1,106968144,1,u
115061564,0,106968144,0,u
115062156,0,109018179,0,r
115063250,0,106968144,0,u
115065878,0,106174934,0,t
115071277,0,106156983,0,t
115078131,0,106170029,0,t
115079979,0,106170029,0,t
115086003,1,106962020,4,u
115086003,2,106962020,4,u
115087108,0,106968144,0,u
115090489,0,107211994,0,u
115090667,0,107211994,0,u
115091493,1,115711534,3,u
115091493,2,115558912,3,u
115091493,2,115617305,3,u
115091493,2,115672790,3,u
115091915,1,115711534,3,u
115091915,2,115558912,3,u
115091915,2,115617305,3,u
115091915,2,115672790,3,u
115092286,1,115711534,3,u
115092286,2,115558912,3,u
115092286,2,115617305,3,u
115092286,2,115672790,3,u
115092495,0,107211994,0,u
115095277,0,107211994,0,u
115095531,0,107211994,0,u
115102245,0,106820300,0,u
115103149,0,106820300,0,u
115103149,0,115102245,0,t
115103470,0,106820300,0,u
115103470,0,107265016,0,u
115103470,0,115102245,0,t
115103774,0,106820300,0,u
115103774,0,115102245,0,t
115104600,0,115102245,0,t
115104708,0,107265016,0,u
115104708,0,115102245,0,t
115105775,0,106820300,0,u
115105775,0,107265016,0,u
115105775,0,115102245,0,t
115108774,1,106962020,4,u
115109607,0,106174934,0,t
115110194,0,106962020,0,u
115110507,1,115711534,3,u
115110507,2,115558912,3,u
115110507,2,115617305,3,u
115110507,2,115672790,3,u
115110507,4,115711534,3,u
115110507,5,115558912,3,u
115110507,5,115617305,3,u
115110507,5,115672790,3,u
115116212,1,115711534,3,u
115116212,2,115558912,3,u
115116212,2,115617305,3,u
115116212,2,115672790,3,u
115121367,0,106174934,0,t
115124148,0,106968144,0,u
115128963,0,108988927,0,r
115133043,0,106211763,0,t
115135228,1,115711534,3,u
115135228,2,115617305,3,u
115135228,2,115672790,3,u
115136180,1,106962020,4,u
115136180,2,106962020,4,u
115141351,0,106206260,0,t
115149087,0,106137007,0,t
115149289,0,106127926,0,t
115159953,1,106962020,4,u
115162193,3,107211994,2,u
115166228,0,106968144,0,u
115167067,0,106174934,0,t
115169150,0,101350980,0,t
115171370,0,106968144,0,u
115178054,0,106968144,0,u
115178378,0,106968144,0,u
115178931,1,106962020,4,u
115189754,0,108129391,0,t
115193394,0,106133372,0,t
115194652,1,106968144,1,u
115194652,2,106968144,1,u
115196150,0,106968144,0,u
115199313,0,106206260,0,t
115200387,0,107211994,0,u
115202741,0,106968144,0,u
115203651,1,115711534,3,u
115203651,2,115558912,3,u
115203651,2,115617305,3,u
115203651,2,115672790,3,u
115209320,1,115711534,3,u
115209320,2,115558912,3,u
115209320,2,115617305,3,u
115209320,2,115672790,3,u
115209634,1,115711534,3,u
115209634,2,115558912,3,u
115209634,2,115617305,3,u
115209634,2,115672790,3,u
115209882,1,115711534,3,u
115209882,2,115558912,3,u
115209882,2,115617305,3,u
115209882,2,115672790,3,u
115212246,0,106968144,0,u
115214497,0,106170029,0,t
115216650,0,106170029,0,t
115219925,0,106170029,0,t
115230644,0,100011488,0,t
115232097,0,106179912,0,t
115235906,1,115711534,3,u
115235906,3,115558912,3,u
115235906,3,115617305,3,u
115235906,3,115672790,3,u
115238806,0,114835149,0,t
115242438,1,115711534,3,u
115242438,2,115558912,3,u
115242438,2,115617305,3,u
115242438,2,115672790,3,u
115242438,3,115711534,3,u
115242438,4,115558912,3,u
115242438,4,115617305,3,u
115242438,4,115672790,3,u
115248283,2,115617305,3,u
115248283,2,115672790,3,u
115248283,3,115711534,3,u
115250960,0,106968144,0,u
115258135,0,100850152,0,t
115268648,1,106962020,4,u
115270215,2,115711534,3,u
115270215,3,115558912,3,u
115270215,3,115617305,3,u
115270215,3,115672790,3,u
115272810,3,115587945,1,u
115277252,0,106170029,0,t
115289151,0,106141914,0,t
115289476,0,106141914,0,t
115294373,0,106962020,0,u
115295410,0,106133372,0,t
115300508,0,107213814,0,u
115302046,0,106547793,0,t
115304855,0,100643083,0,t
115307327,1,115711534,3,u
115307327,2,115558912,3,u
115307327,2,115617305,3,u
115307327,2,115672790,3,u
115307594,1,115711534,3,u
115307594,2,115558912,3,u
115307594,2,115617305,3,u
115307594,2,115672790,3,u
115309285,1,106968144,1,u
115312668,0,107213814,0,u
115317397,0,109018179,0,r
115320607,0,100011488,0,t
115323873,1,106962020,4,u
115330898,1,106962020,4,u
115330898,2,106962020,4,u
115330898,3,106962020,4,u
115335039,0,106170029,0,t
115346522,1,115617305,3,u
115346522,1,115672790,3,u
115346522,2,115711534,3,u
115347546,0,106820300,0,u
115347546,0,115102245,0,t
115362448,0,106040762,0,t
115370755,0,103370856,0,t
115374913,0,107157953,0,t
115387319,0,100945551,0,t
115387319,0,106461373,0,t
115388179,0,107157953,0,t
115388323,0,105750582,0,t
115388524,0,105750582,0,t
115391581,0,109018179,0,r
115391741,1,115587945,1,u
115392918,0,108351716,0,t
115393057,0,108351716,0,t
115397544,0,107245446,0,u
115398378,0,107245446,0,u
115399148,0,100706981,0,t
115399370,0,100706981,0,t
115399626,0,100706981,0,t
115399911,0,100706981,0,t
115400194,0,100706981,0,t
115401661,0,100850152,0,t
115410012,0,106185544,0,t
115410221,0,106185544,0,t
115412309,0,109018179,0,r
115412490,0,109018179,0,r
115413998,0,109018179,0,r
115414446,0,109018179,0,r
115415452,0,106325702,0,t
115420413,0,109018179,0,r
115423849,0,107213814,0,u
115424457,0,109018179,0,r
115424679,0,109018179,0,r
115424978,0,106551945,0,t
115425528,0,106219119,0,t
115427025,0,108351716,0,t
115431538,0,106325702,0,t
115435016,0,108235469,0,t
115436370,0,106325702,0,t
115436650,0,106325702,0,t
115439036,0,106325702,0,t
115440518,0,109206390,0,r
115440723,0,109206390,0,r
115441097,0,109206390,0,r
115441265,0,109206390,0,r
115444132,0,109048144,0,r
115446598,0,108235469,0,t
115446760,0,106318834,0,t
115446979,0,108235469,0,t
115446979,0,108239997,0,t
115449715,0,106325702,0,t
115450533,0,109018179,0,r
115450657,0,106325702,0,t
115450829,0,106325702,0,t
115451089,0,106325702,0,t
115451445,0,106325702,0,t
115451741,0,106325702,0,t
115451923,0,106325702,0,t
115452188,0,106325702,0,t
115452449,0,106325702,0,t
115452659,0,106325702,0,t
115452820,0,106325702,0,t
115453193,0,106325702,0,t
115454101,0,108977963,0,r
115454448,0,108977963,0,r
115454448,0,109018179,0,r
115457968,0,107092301,0,t
115476472,0,109018179,0,r
115477702,0,107104849,0,t
115478079,0,108594855,0,t
115480000,0,100850152,0,t
115481196,0,106169387,0,t
115481398,0,100313133,0,t
115483306,0,108235469,0,t
115484688,0,108128890,0,t
115484929,0,108128890,0,t
115485161,0,108128890,0,t
115485313,0,106234927,0,t
115485532,0,108128890,0,t
115485663,0,106234927,0,t
115485862,0,106234927,0,t
115487677,0,100524699,0,t
115488486,0,100524699,0,t
115490758,1,115587945,1,u
115490758,2,107073253,2,u
115497331,0,107213814,0,u
115498329,0,107213814,0,u
115498480,0,109018179,0,r
115500411,0,109048144,0,r
115501007,3,115587945,1,u
115509858,0,100478261,0,t
115510021,0,100472330,0,t
115510784,0,100482934,0,t
115510931,0,100524699,0,t
115511142,0,100456193,0,t
115512508,0,100464246,0,t
115512677,0,100469197,0,t
115512677,0,100482439,0,t
115512921,0,100477011,0,t
115513172,0,100477011,0,t
115514878,0,100763711,0,t
115516608,0,106219119,0,t
115517531,0,106551945,0,t
115518623,0,107157953,0,t
115522221,0,107245446,0,u
115522370,0,107245446,0,u
115522831,0,107094799,0,u
115523540,0,106219119,0,t
115523743,0,106219119,0,t
115524408,0,106189791,0,t
115528396,0,109018179,0,r
115530292,0,106181353,0,t
115530630,0,106181353,0,t
115531101,0,106219119,0,t
115533419,0,113720712,0,t
115533974,0,106190758,0,t
115534420,2,115573598,1,u
115534420,2,115587945,1,u
115536020,0,101114416,0,t
115536723,0,106365377,0,t
115536879,0,106365377,0,t
115539262,0,100313133,0,t
115539988,0,106365377,0,t
115540165,0,106365377,0,t
115540751,0,107157953,0,t
115542323,0,106151255,0,t
115545962,0,100850152,0,t
115549534,0,107245446,0,u
115549673,0,106035426,0,t
115549834,0,100850152,0,t
115550411,0,109028593,0,r
115551311,0,106325702,0,t
115551509,0,106185544,0,t
115551891,0,106219119,0,t
115552833,0,106219119,0,t
115553105,0,108235469,0,t
115553346,0,109018179,0,r
115553534,0,106219119,0,t
115554206,0,106318834,0,t
115554424,0,101105764,0,t
115554890,0,100763711,0,t
115568570,0,106820300,0,u
115579429,0,106820300,0,u
115579429,0,107298952,0,u
115579429,0,109206390,0,r
115582246,0,106820300,0,u
115582246,0,106833126,0,u
115582246,0,107298952,0,u
115584164,0,101172916,0,u
115584164,0,107211994,0,u
115584910,0,107265016,0,u
115587706,0,106820300,0,u
115587706,0,106833126,0,u
115591613,0,106820300,0,u
115591613,0,106833126,0,u
115606161,1,106968144,1,u
115606262,2,106820300,2,u
115608423,1,115711534,3,u
115608423,2,115558912,3,u
115608423,2,115617305,3,u
115608423,2,115672790,3,u
115612428,0,106820300,0,u
115612428,0,107211994,0,u
115614645,0,106820300,0,u
115614645,0,106833126,0,u
115653306,1,107073253,2,u
115653306,2,115587945,1,u
115658960,0,104672989,0,t
115665771,0,109353574,0,r
115665771,2,106833126,1,u
115665771,2,107211994,2,u
115708284,0,106820300,0,u
115759954,1,106820300,2,u
115761537,0,106820300,0,u
115761537,0,106833126,0,u
115768714,0,107211994,0,u
115768714,1,115711534,3,u
115768714,3,115558912,3,u
115768714,3,115617305,3,u
115768714,3,115672790,3,u
115777713,0,103637427,0,t
115778439,0,102998475,0,t
115780725,0,100459502,0,t
115783301,0,109143625,0,r
115784886,0,106219119,0,t
115788146,0,107075237,0,u
115789559,0,106219119,0,t
115790346,0,100750824,0,t
115790808,0,106219119,0,t
115791975,0,101085264,0,t
115792092,0,100750824,0,t
115792400,0,108563090,0,t
115792746,0,106219119,0,t
115792982,0,107075237,0,u
115796166,0,108977963,0,r
115801691,1,115711534,3,u
115801691,2,115558912,3,u
115801691,2,115617305,3,u
115801691,2,115672790,3,u
115808784,2,115711534,3,u
115808784,3,115558912,3,u
115808784,3,115617305,3,u
115808784,3,115672790,3,u
115816892,1,115711534,3,u
115816892,2,115558912,3,u
115816892,2,115617305,3,u
115816892,2,115672790,3,u
115827072,1,115711534,3,u
115827072,2,115558912,3,u
115827072,2,115617305,3,u
115827072,2,115672790,3,u
115835733,1,115711534,3,u
115835733,2,115558912,3,u
115835733,2,115617305,3,u
115835733,2,115672790,3,u
115845376,0,106180769,0,t
115928931,0,106465542,0,t
115949102,1,106968144,1,u
115967523,0,106240390,0,t
115974273,0,104388537,0,t
115987136,0,109018179,0,r
115987483,0,105746396,0,t
116038146,1,115617305,3,u
116038146,1,115672790,3,u
116038146,2,115711534,3,u
116038146,3,115617305,3,u
116038146,3,115672790,3,u
116038146,4,115711534,3,u
116079799,1,115711534,3,u
116079799,2,115558912,3,u
116079799,2,115617305,3,u
116079799,2,115672790,3,u
116080409,1,115711534,3,u
116080409,2,115558912,3,u
116080409,2,115617305,3,u
116080409,2,115672790,3,u
116080982,1,115711534,3,u
116080982,2,115558912,3,u
116080982,2,115617305,3,u
116080982,2,115672790,3,u
116098223,3,115711534,3,u
116098223,4,115558912,3,u
116098223,4,115617305,3,u
116098223,4,115672790,3,u
116100255,1,106968144,1,u
116102329,1,115617305,3,u
116102329,1,115672790,3,u
116102329,2,115711534,3,u
116102685,1,115617305,3,u
116102685,1,115672790,3,u
116102685,2,115711534,3,u
116103639,0,108238315,0,t
116108667,1,115617305,3,u
116108667,1,115672790,3,u
116108667,2,115711534,3,u
116109729,1,115617305,3,u
116109729,1,115672790,3,u
116109729,2,115711534,3,u
116150429,0,106465764,0,t
116158342,1,106968144,1,u
116159917,0,106219119,0,t
116160279,0,106219119,0,t
116161802,2,106389447,1,u
116210890,1,115711534,3,u
116210890,2,115558912,3,u
116210890,2,115617305,3,u
116210890,2,115672790,3,u
116210890,3,115711534,3,u
116210890,4,115558912,3,u
116210890,4,115617305,3,u
116210890,4,115672790,3,u
116233453,0,116234169,0,t
116233704,0,116234169,0,t
116234541,0,116234169,0,t
116234924,0,116234169,0,t
116249360,0,106465764,0,t
116252254,1,106389447,1,u
116260922,1,106389447,1,u
116260922,2,106389447,1,u
116262093,0,108238315,0,t
116262511,0,108238315,0,t
116286242,1,115711534,3,u
116286242,2,115558912,3,u
116286242,2,115617305,3,u
116286242,2,115672790,3,u
116286242,4,115711534,3,u
116286242,5,115558912,3,u
116286242,5,115617305,3,u
116286242,5,115672790,3,u
116286691,0,106219119,0,t
116286975,0,106219119,0,t
116287322,0,106219119,0,t
116287748,0,106219119,0,t
116287982,0,106219119,0,t
116289329,1,115711534,3,u
116289329,2,115558912,3,u
116289329,2,115617305,3,u
116289329,2,115672790,3,u
116290002,0,106181353,0,t
200009266,2,115711534,3,u
200009266,3,115558912,3,u
200009266,3,115617305,3,u
200009266,3,115672790,3,u
200012333,1,115617305,3,u
200012333,1,115672790,3,u
200012333,2,115711534,3,u
200012544,1,115617305,3,u
200012544,1,115672790,3,u
200012544,2,115711534,3,u
200012731,0,100614016,0,t
200013693,1,115617305,3,u
200013693,1,115672790,3,u
200013693,2,115711534,3,u
200013693,3,115617305,3,u
200013693,3,115672790,3,u
200013693,4,115711534,3,u
200021774,1,115617305,3,u
200021774,1,115672790,3,u
200021774,2,115711534,3,u
200021774,3,115617305,3,u
200021774,3,115672790,3,u
200021774,4,115711534,3,u
200022282,1,115617305,3,u
200022282,1,115672790,3,u
200022282,2,115711534,3,u
200022282,3,115617305,3,u
200022282,3,115672790,3,u
200022282,4,115711534,3,u
200022903,1,115617305,3,u
200022903,1,115672790,3,u
200022903,2,115711534,3,u
200023085,1,115617305,3,u
200023085,1,115672790,3,u
200023085,2,115711534,3,u
200023460,0,100673760,0,t
200023939,4,115617305,3,u
200023939,4,115672790,3,u
200023939,5,115711534,3,u
200024366,3,115617305,3,u
200024366,3,115672790,3,u
200024366,4,115711534,3,u
200024981,1,115617305,3,u
200024981,1,115672790,3,u
200024981,2,115711534,3,u
200031882,1,115711534,3,u
200031882,2,115617305,3,u
200031882,2,115672790,3,u
200054309,2,115617305,3,u
200054309,2,115672790,3,u
200054309,3,115711534,3,u
200055474,1,115617305,3,u
200055474,1,115672790,3,u
200055474,2,115711534,3,u
200055764,1,115617305,3,u
200055764,1,115672790,3,u
200055764,2,115711534,3,u
200057090,0,106127926,0,t
200057515,0,106127926,0,t
200057685,0,106127926,0,t
200057847,0,100011488,0,t
200059475,1,115711534,3,u
200059475,2,115558912,3,u
200059475,2,115617305,3,u
200059475,2,115672790,3,u
200062822,1,115617305,3,u
200062822,1,115672790,3,u
200062822,2,115711534,3,u
200063011,2,115617305,3,u
200063011,2,115672790,3,u
200063011,3,115711534,3,u
200063314,1,115617305,3,u
200063314,1,115672790,3,u
200063314,2,115711534,3,u
200063693,1,115617305,3,u
200063693,1,115672790,3,u
200063693,2,115711534,3,u
200063944,2,115617305,3,u
200063944,2,115672790,3,u
200063944,3,115711534,3,u
200063944,5,115617305,3,u
200063944,5,115672790,3,u
200063944,6,115711534,3,u
200065046,1,115617305,3,u
200065046,1,115672790,3,u
200065046,2,115711534,3,u
200071083,1,115617305,3,u
200071083,1,115672790,3,u
200071083,2,115711534,3,u
200074292,2,115617305,3,u
200074292,2,115672790,3,u
200074292,3,115711534,3,u
200076287,0,100673760,0,t
200082767,1,115617305,3,u
200082767,1,115672790,3,u
200082767,2,115711534,3,u
200082959,0,100614016,0,t
200083111,0,100614016,0,t
200083244,0,100614016,0,t
200083360,0,100614016,0,t
200083727,0,100614016,0,t
200084022,0,100614016,0,t
200084164,0,100614016,0,t
200084380,0,100614016,0,t
200085217,0,100614016,0,t
200085368,0,100614016,0,t
200085583,0,100614016,0,t
200085778,0,100614016,0,t
200085988,0,106153998,0,t
200086177,0,100614016,0,t
200086315,0,100614016,0,t
200086463,0,100614016,0,t
200086761,0,100614016,0,t
200086884,0,100614016,0,t
200087216,0,100614016,0,t
200087392,0,100614016,0,t
200087700,0,100614016,0,t
200087901,0,100614016,0,t
200088161,1,115617305,3,u
200088161,1,115672790,3,u
200088161,2,115711534,3,u
200088618,0,100614016,0,t
200088788,0,100614016,0,t
200088788,3,115617305,3,u
200088788,3,115672790,3,u
200088788,4,115711534,3,u
200089088,0,100614016,0,t
200089366,0,100614016,0,t
200089603,0,100614016,0,t
200089603,1,115617305,3,u
200089603,1,115672790,3,u
200089603,2,115711534,3,u
200090115,0,100614016,0,t
200091985,0,100927929,0,t
200093017,2,115617305,3,u
200093017,2,115672790,3,u
200093017,3,115711534,3,u
200093401,1,115617305,3,u
200093401,1,115672790,3,u
200093401,2,115711534,3,u
200099225,0,100614016,0,t
200099357,0,100614016,0,t
200104902,1,115617305,3,u
200104902,1,115672790,3,u
200104902,2,115711534,3,u
200107432,1,115617305,3,u
200107432,1,115672790,3,u
200107432,2,115711534,3,u
200107691,1,115617305,3,u
200107691,1,115672790,3,u
200107691,2,115711534,3,u
200116968,1,115617305,3,u
200116968,1,115672790,3,u
200116968,2,115711534,3,u
200116968,3,115617305,3,u
200116968,3,115672790,3,u
200116968,4,115711534,3,u
200117281,1,115617305,3,u
200117281,1,115672790,3,u
200117281,2,115711534,3,u
200117281,3,115617305,3,u
200117281,3,115672790,3,u
200117281,4,115711534,3,u
200117634,0,100241463,0,t
200117634,1,115617305,3,u
200117634,1,115672790,3,u
200117634,2,115711534,3,u
200117881,0,106219119,0,t
200118015,0,100241463,0,t
200118015,1,115617305,3,u
200118015,1,115672790,3,u
200118015,2,115711534,3,u
200118294,0,106174934,0,t
200119660,0,105734665,0,t
200119660,1,115617305,3,u
200119660,1,115672790,3,u
200119660,2,115711534,3,u
200120010,0,106156983,0,t
200120133,1,115617305,3,u
200120133,1,115672790,3,u
200120133,2,115711534,3,u
200120133,3,115617305,3,u
200120133,3,115672790,3,u
200120133,4,115711534,3,u
200120516,0,106174934,0,t
200120713,1,115617305,3,u
200120713,1,115672790,3,u
200120713,2,115711534,3,u
200120915,1,115617305,3,u
200120915,1,115672790,3,u
200120915,2,115711534,3,u
200123047,2,115617305,3,u
200123047,2,115672790,3,u
200123047,3,115711534,3,u
200123933,1,115617305,3,u
200123933,1,115672790,3,u
200123933,2,115711534,3,u
200125992,1,115617305,3,u
200125992,1,115672790,3,u
200125992,2,115711534,3,u
200126805,1,115617305,3,u
200126805,1,115672790,3,u
200126805,2,115711534,3,u
200127027,1,115617305,3,u
200127027,1,115672790,3,u
200127027,2,115711534,3,u
200128302,1,115617305,3,u
200128302,1,115672790,3,u
200128302,2,115711534,3,u
200128511,1,115617305,3,u
200128511,1,115672790,3,u
200128511,2,115711534,3,u
200129196,0,106219119,0,t
200129975,2,115617305,3,u
200129975,2,115672790,3,u
200129975,3,115711534,3,u
200138971,1,115617305,3,u
200138971,1,115672790,3,u
200138971,2,115711534,3,u
200138971,3,115617305,3,u
200138971,3,115672790,3,u
200138971,4,115711534,3,u
200139243,0,100011488,0,t
200139435,1,115617305,3,u
200139435,1,115672790,3,u
200139435,2,115711534,3,u
200139728,1,115617305,3,u
200139728,1,115672790,3,u
200139728,2,115711534,3,u
200139958,0,106174934,0,t
200139958,1,115617305,3,u
200139958,1,115672790,3,u
200139958,2,115711534,3,u
200140188,0,106174934,0,t
200140188,1,115617305,3,u
200140188,1,115672790,3,u
200140188,2,115711534,3,u
200140360,1,115617305,3,u
200140360,1,115672790,3,u
200140360,2,115711534,3,u
200140360,3,115617305,3,u
200140360,3,115672790,3,u
200140360,4,115711534,3,u
200140746,1,115617305,3,u
200140746,1,115672790,3,u
200140746,2,115711534,3,u
200141096,0,106529675,0,t
200141096,1,115617305,3,u
200141096,1,115672790,3,u
200141096,2,115711534,3,u
200141619,1,115617305,3,u
200141619,1,115672790,3,u
200141619,2,115711534,3,u
200141886,2,115617305,3,u
200141886,2,115672790,3,u
200141886,3,115711534,3,u
200142256,1,115617305,3,u
200142256,1,115672790,3,u
200142256,2,115711534,3,u
200142546,0,106174934,0,t
200144154,1,115617305,3,u
200144154,1,115672790,3,u
200144154,2,115711534,3,u
200145437,0,106174934,0,t
200145437,1,115617305,3,u
200145437,1,115672790,3,u
200145437,2,115711534,3,u
200145637,0,100241463,0,t
200145637,1,115617305,3,u
200145637,1,115672790,3,u
200145637,2,115711534,3,u
200145873,0,100241463,0,t
200145873,1,115617305,3,u
200145873,1,115672790,3,u
200145873,2,115711534,3,u
200149726,1,115617305,3,u
200149726,1,115672790,3,u
200149726,2,115711534,3,u
200149726,3,115617305,3,u
200149726,3,115672790,3,u
200149726,4,115711534,3,u
200154917,0,106174934,0,t
200155121,0,106174934,0,t
200166374,1,115617305,3,u
200166374,1,115672790,3,u
200166374,2,115711534,3,u
200166792,0,106268840,0,t
200167357,0,106268840,0,t
200168512,1,115617305,3,u
200168512,1,115672790,3,u
200168512,2,115711534,3,u
200168752,1,115617305,3,u
200168752,1,115672790,3,u
200168752,2,115711534,3,u
200171117,1,115617305,3,u
200171117,1,115672790,3,u
200171117,2,115711534,3,u
200171332,1,115617305,3,u
200171332,1,115672790,3,u
200171332,2,115711534,3,u
200171676,1,115617305,3,u
200171676,1,115672790,3,u
200171676,2,115711534,3,u
200171874,1,115617305,3,u
200171874,1,115672790,3,u
200171874,2,115711534,3,u
200173639,1,115617305,3,u
200173639,1,115672790,3,u
200173639,2,115711534,3,u
200174961,0,100524699,0,t
200175947,0,108594855,0,t
200177271,0,105803108,0,t
200177664,0,100963603,0,t
200178103,0,106266222,0,t
200179481,1,115617305,3,u
200179481,1,115672790,3,u
200179481,2,115711534,3,u
200180046,0,101047273,0,t
200183606,0,106153998,0,t
200183738,0,106153998,0,t
200183897,0,106153998,0,t
200184035,0,106127926,0,t
200184153,0,100673760,0,t
200184857,0,100673760,0,t
200188023,0,106174934,0,t
200188191,0,100673760,0,t
200188191,1,115617305,3,u
200188191,1,115672790,3,u
200188191,2,115711534,3,u
200191158,0,106174934,0,t
200191912,0,106174934,0,t
200192186,0,106174934,0,t
200192186,1,115617305,3,u
200192186,1,115672790,3,u
200192186,2,115711534,3,u
200192439,0,106174934,0,t
200192801,3,115617305,3,u
200192801,3,115672790,3,u
200192801,4,115711534,3,u
200193091,1,115617305,3,u
200193091,1,115672790,3,u
200193091,2,115711534,3,u
200193611,2,115617305,3,u
200193611,2,115672790,3,u
200193611,3,115711534,3,u
200196415,1,115617305,3,u
200196415,1,115672790,3,u
200196415,2,115711534,3,u
200201571,1,115617305,3,u
200201571,1,115672790,3,u
200201571,2,115711534,3,u
200202534,0,106174934,0,t
200205304,0,100009618,0,t
200208888,1,115617305,3,u
200208888,1,115672790,3,u
200208888,2,115711534,3,u
200217196,0,106174934,0,t
200217655,0,106174934,0,t
200218795,2,115711534,3,u
200218795,3,115558912,3,u
200218795,3,115617305,3,u
200218795,3,115672790,3,u
200220206,0,100241463,0,t
200220393,1,115617305,3,u
200220393,1,115672790,3,u
200220393,2,115711534,3,u
200221437,0,100241463,0,t
200221567,0,100241463,0,t
200221758,0,100241463,0,t
200222008,0,100241463,0,t
200224032,2,115617305,3,u
200224032,2,115672790,3,u
200224032,3,115711534,3,u
200224850,0,100241463,0,t
200225090,0,106174934,0,t
200230424,0,100241463,0,t
200230617,0,100241463,0,t
200232602,0,106035426,0,t
200234707,0,106174934,0,t
200237186,0,106174934,0,t
200237354,0,106174934,0,t
200237354,1,115617305,3,u
200237354,1,115672790,3,u
200237354,2,115711534,3,u
200237665,0,106174934,0,t
200237665,1,115617305,3,u
200237665,1,115672790,3,u
200237665,2,115711534,3,u
200238292,0,103301037,0,t
200239053,0,100914777,0,t
200242895,0,106090243,0,t
200246094,0,100241463,0,t
200246354,0,100241463,0,t
200246972,0,106174934,0,t
200246972,1,115617305,3,u
200246972,1,115672790,3,u
200246972,2,115711534,3,u
200247524,0,106174934,0,t
200247694,0,106174934,0,t
200247872,0,106174934,0,t
200247872,1,115617305,3,u
200247872,1,115672790,3,u
200247872,2,115711534,3,u
200248076,0,106174934,0,t
200248076,2,115617305,3,u
200248076,2,115672790,3,u
200248076,3,115711534,3,u
200248569,2,115617305,3,u
200248569,2,115672790,3,u
200248569,3,115711534,3,u
200249278,0,106216247,0,t
200249598,0,100914777,0,t
200250819,1,115617305,3,u
200250819,1,115672790,3,u
200250819,2,115711534,3,u
200253822,2,115617305,3,u
200253822,2,115672790,3,u
200253822,3,115711534,3,u
200259082,1,115617305,3,u
200259082,1,115672790,3,u
200259082,2,115711534,3,u
200269186,0,100011488,0,t
200271705,1,115617305,3,u
200271705,1,115672790,3,u
200271705,2,115711534,3,u
200274560,0,106174934,0,t
200274779,0,106174934,0,t
200274779,2,115617305,3,u
200274779,2,115672790,3,u
200274779,3,115711534,3,u
200275683,0,106174934,0,t
200275823,0,106174934,0,t
200275939,0,106174934,0,t
200275939,1,115617305,3,u
200275939,1,115672790,3,u
200275939,2,115711534,3,u
200276190,0,106174934,0,t
200276190,1,115617305,3,u
200276190,1,115672790,3,u
200276190,2,115711534,3,u
200276442,0,106174934,0,t
200276442,1,115617305,3,u
200276442,1,115672790,3,u
200276442,2,115711534,3,u
200276711,0,106179912,0,t
200276711,1,115617305,3,u
200276711,1,115672790,3,u
200276711,2,115711534,3,u
200277011,0,106179912,0,t
200277011,1,115617305,3,u
200277011,1,115672790,3,u
200277011,2,115711534,3,u
200277546,0,106174934,0,t
200277546,1,115617305,3,u
200277546,1,115672790,3,u
200277546,2,115711534,3,u
200278561,1,115617305,3,u
200278561,1,115672790,3,u
200278561,2,115711534,3,u
200278937,1,115617305,3,u
200278937,1,115672790,3,u
200278937,2,115711534,3,u
200279338,1,115617305,3,u
200279338,1,115672790,3,u
200279338,2,115711534,3,u
200279678,3,115617305,3,u
200279678,3,115672790,3,u
200279678,4,115711534,3,u
200280201,1,115617305,3,u
200280201,1,115672790,3,u
200280201,2,115711534,3,u
200280374,1,115617305,3,u
200280374,1,115672790,3,u
200280374,2,115711534,3,u
200280554,2,115617305,3,u
200280554,2,115672790,3,u
200280554,3,115711534,3,u
200281222,1,115617305,3,u
200281222,1,115672790,3,u
200281222,2,115711534,3,u
200282164,1,115617305,3,u
200282164,1,115672790,3,u
200282164,2,115711534,3,u
200282456,1,115617305,3,u
200282456,1,115672790,3,u
200282456,2,115711534,3,u
200282744,1,115617305,3,u
200282744,1,115672790,3,u
200282744,2,115711534,3,u
200283015,1,115617305,3,u
200283015,1,115672790,3,u
200283015,2,115711534,3,u
200283015,4,115617305,3,u
200283015,4,115672790,3,u
200283015,5,115711534,3,u
200283421,1,115617305,3,u
200283421,1,115672790,3,u
200283421,2,115711534,3,u
200283909,2,115617305,3,u
200283909,2,115672790,3,u
200283909,3,115711534,3,u
200286460,1,115617305,3,u
200286460,1,115672790,3,u
200286460,2,115711534,3,u
200288298,1,115617305,3,u
200288298,1,115672790,3,u
200288298,2,115711534,3,u
200289855,1,115617305,3,u
200289855,1,115672790,3,u
200289855,2,115711534,3,u
200290088,1,115617305,3,u
200290088,1,115672790,3,u
200290088,2,115711534,3,u
200290309,1,115617305,3,u
200290309,1,115672790,3,u
200290309,2,115711534,3,u
200290949,3,115711534,3,u
200290949,4,115617305,3,u
200290949,4,115672790,3,u
200290949,5,115711534,3,u
200290949,6,115558912,3,u
200290949,6,115617305,3,u
200290949,6,115672790,3,u
200290949,7,115617305,3,u
200290949,7,115672790,3,u
200290949,8,115711534,3,u
200290949,9,115617305,3,u
200290949,9,115672790,3,u
200290949,10,115711534,3,u
200291930,3,115617305,3,u
200291930,3,115672790,3,u
200291930,4,115711534,3,u
200292232,1,115617305,3,u
200292232,1,115672790,3,u
200292232,2,115711534,3,u
200292603,1,115711534,3,u
200292603,2,115558912,3,u
200292603,2,115617305,3,u
200292603,2,115672790,3,u
200295495,1,115711534,3,u
200295495,3,115617305,3,u
200295495,3,115672790,3,u
200295495,4,115711534,3,u
200295495,5,115558912,3,u
200295495,5,115617305,3,u
200295495,5,115672790,3,u
200295495,7,115617305,3,u
200295495,7,115672790,3,u
200295495,8,115711534,3,u
200296587,2,115617305,3,u
200296587,2,115672790,3,u
200296587,3,115711534,3,u
200297687,0,100914777,0,t
200297687,1,115711534,3,u
200297687,2,115558912,3,u
200297687,2,115617305,3,u
200297687,2,115672790,3,u
200298240,0,103460989,0,t
200298240,1,115617305,3,u
200298240,1,115672790,3,u
200298240,2,115711534,3,u
200301358,1,115711534,3,u
200301358,2,115617305,3,u
200301358,2,115672790,3,u
200301702,1,115711534,3,u
200301702,2,115617305,3,u
200301702,2,115672790,3,u
200303741,0,106181353,0,t
200309328,0,104259275,0,t
200312452,1,115617305,3,u
200312452,1,115672790,3,u
200312452,2,115711534,3,u
200314048,0,100009618,0,t
200314322,0,100009618,0,t
200314322,2,115617305,3,u
200314322,2,115672790,3,u
200314322,3,115711534,3,u
200314713,0,100011488,0,t
200314713,3,115617305,3,u
200314713,3,115672790,3,u
200314713,4,115711534,3,u
200316112,0,106779878,0,t
200320636,1,115617305,3,u
200320636,1,115672790,3,u
200320636,2,115711534,3,u
200321199,1,115617305,3,u
200321199,1,115672790,3,u
200321199,2,115711534,3,u
200326779,1,115617305,3,u
200326779,1,115672790,3,u
200326779,2,115711534,3,u
200327346,1,115617305,3,u
200327346,1,115672790,3,u
200327346,2,115711534,3,u
200328226,2,115617305,3,u
200328226,2,115672790,3,u
200328226,3,115711534,3,u
200328873,2,115617305,3,u
200328873,2,115672790,3,u
200328873,3,115711534,3,u
200331219,1,115617305,3,u
200331219,1,115672790,3,u
200331219,2,115711534,3,u
200332678,0,100241463,0,t
200332913,0,100241463,0,t
200333038,0,100241463,0,t
200333202,0,100241463,0,t
200333328,0,100241463,0,t
200333473,0,100241463,0,t
200334444,0,100241463,0,t
200334593,0,100241463,0,t
200334728,0,100241463,0,t
200334943,0,100241463,0,t
200335187,0,100241463,0,t
200335351,0,100241463,0,t
200335511,0,100241463,0,t
200336495,0,100241463,0,t
200336648,0,100241463,0,t
200336863,0,100241463,0,t
200337023,0,100241463,0,t
200337352,0,100241463,0,t
200337598,0,100241463,0,t
200337877,0,100241463,0,t
200338000,0,100241463,0,t
200338120,0,100241463,0,t
200338412,0,100241463,0,t
200338542,0,100241463,0,t
200338681,0,100241463,0,t
200338802,1,115617305,3,u
200338802,1,115672790,3,u
200338802,2,115711534,3,u
200338999,0,100241463,0,t
200339163,0,100241463,0,t
200339323,0,100241463,0,t
200339477,0,100241463,0,t
200339723,0,100241463,0,t
200339858,0,100241463,0,t
200341083,0,100241463,0,t
200341292,0,100241463,0,t
200341392,0,100241463,0,t
200342208,1,115617305,3,u
200342208,1,115672790,3,u
200342208,2,115711534,3,u
200342914,1,115617305,3,u
200342914,1,115672790,3,u
200342914,2,115711534,3,u
200343253,1,115617305,3,u
200343253,1,115672790,3,u
200343253,2,115711534,3,u
200343635,0,106181353,0,t
200343793,0,106174934,0,t
200343793,1,115617305,3,u
200343793,1,115672790,3,u
200343793,2,115711534,3,u
200345095,2,115617305,3,u
200345095,2,115672790,3,u
200345095,3,115711534,3,u
200345095,4,115617305,3,u
200345095,4,115672790,3,u
200345095,5,115711534,3,u
200345500,1,115617305,3,u
200345500,1,115672790,3,u
200345500,2,115711534,3,u
200345500,3,115617305,3,u
200345500,3,115672790,3,u
200345500,4,115711534,3,u
200351275,3,115617305,3,u
200351275,3,115672790,3,u
200351275,4,115711534,3,u
200351997,0,100933832,0,t
200352529,0,100241463,0,t
200354458,0,107298952,0,u
200356846,0,106090243,0,t
200356846,0,106219119,0,t
200357420,2,115617305,3,u
200357420,2,115672790,3,u
200357420,3,115711534,3,u
200357795,1,115617305,3,u
200357795,1,115672790,3,u
200357795,2,115711534,3,u
200367855,1,115711534,3,u
200367855,2,115617305,3,u
200367855,2,115672790,3,u
200368937,0,106820300,0,u
200369115,0,106820300,0,u
200373110,0,106820300,0,u
200373424,0,107298952,0,u
200378009,1,115617305,3,u
200378009,1,115672790,3,u
200378009,2,115711534,3,u
200378305,2,115617305,3,u
200378305,2,115672790,3,u
200378305,3,115711534,3,u
200380252,0,106174934,0,t
200380369,2,115617305,3,u
200380369,2,115672790,3,u
200380369,3,115711534,3,u
200381677,1,115617305,3,u
200381677,1,115672790,3,u
200381677,2,115711534,3,u
200382147,1,115617305,3,u
200382147,1,115672790,3,u
200382147,2,115711534,3,u
200382876,1,115617305,3,u
200382876,1,115672790,3,u
200382876,2,115711534,3,u
200383181,1,115617305,3,u
200383181,1,115672790,3,u
200383181,2,115711534,3,u
200383424,1,115617305,3,u
200383424,1,115672790,3,u
200383424,2,115711534,3,u
200386104,0,106174934,0,t
200387373,0,106174934,0,t
200387373,1,115617305,3,u
200387373,1,115672790,3,u
200387373,2,115711534,3,u
200387373,3,115617305,3,u
200387373,3,115672790,3,u
200387373,4,115711534,3,u
200387733,2,115617305,3,u
200387733,2,115672790,3,u
200387733,3,115711534,3,u
200393482,0,100241463,0,t
200395391,2,115617305,3,u
200395391,2,115672790,3,u
200395391,3,115711534,3,u
200395967,0,106181353,0,t
200396127,0,106127926,0,t
200396373,0,106181353,0,t
200396610,0,106174934,0,t
200397210,0,106318834,0,t
200397392,1,115617305,3,u
200397392,1,115672790,3,u
200397392,2,115711534,3,u
200397938,1,115617305,3,u
200397938,1,115672790,3,u
200397938,2,115711534,3,u
200399278,1,115617305,3,u
200399278,1,115672790,3,u
200399278,2,115711534,3,u
200399973,1,115617305,3,u
200399973,1,115672790,3,u
200399973,2,115711534,3,u
200400209,1,115617305,3,u
200400209,1,115672790,3,u
200400209,2,115711534,3,u
200400653,1,115617305,3,u
200400653,1,115672790,3,u
200400653,2,115711534,3,u
200400847,1,115617305,3,u
200400847,1,115672790,3,u
200400847,2,115711534,3,u
200401083,3,115617305,3,u
200401083,3,115672790,3,u
200401083,4,115711534,3,u
200401083,5,115617305,3,u
200401083,5,115672790,3,u
200401083,6,115711534,3,u
200401830,0,107157953,0,t
200402596,1,115617305,3,u
200402596,1,115672790,3,u
200402596,2,115711534,3,u
200402799,1,115617305,3,u
200402799,1,115672790,3,u
200402799,2,115711534,3,u
200402799,3,115617305,3,u
200402799,3,115672790,3,u
200402799,4,115711534,3,u
200403144,1,115617305,3,u
200403144,1,115672790,3,u
200403144,2,115711534,3,u
200403540,0,106820300,0,u
200407720,1,115617305,3,u
200407720,1,115672790,3,u
200407720,2,115711534,3,u
200408417,0,107157953,0,t
200408553,0,107157953,0,t
200408696,2,115617305,3,u
200408696,2,115672790,3,u
200408696,3,115711534,3,u
200409233,2,115617305,3,u
200409233,2,115672790,3,u
200409233,3,115711534,3,u
200409900,1,115617305,3,u
200409900,1,115672790,3,u
200409900,2,115711534,3,u
200411719,0,100011488,0,t
200411931,0,106174934,0,t
200412121,0,106174934,0,t
200412299,0,106174934,0,t
200412299,0,106216247,0,t
200414511,0,106181353,0,t
200414805,0,106181353,0,t
200415225,0,106181353,0,t
200415225,1,115617305,3,u
200415225,1,115672790,3,u
200415225,2,115711534,3,u
200415595,0,106181353,0,t
200415595,2,115617305,3,u
200415595,2,115672790,3,u
200415595,3,115711534,3,u
200418541,1,115617305,3,u
200418541,1,115672790,3,u
200418541,2,115711534,3,u
200418850,1,115617305,3,u
200418850,1,115672790,3,u
200418850,2,115711534,3,u
200419115,1,115617305,3,u
200419115,1,115672790,3,u
200419115,2,115711534,3,u
200419530,2,115617305,3,u
200419530,2,115672790,3,u
200419530,3,115711534,3,u
200420262,2,115617305,3,u
200420262,2,115672790,3,u
200420262,3,115711534,3,u
200420949,1,115617305,3,u
200420949,1,115672790,3,u
200420949,2,115711534,3,u
200421328,1,115617305,3,u
200421328,1,115672790,3,u
200421328,2,115711534,3,u
200421716,1,115617305,3,u
200421716,1,115672790,3,u
200421716,2,115711534,3,u
200421973,1,115617305,3,u
200421973,1,115672790,3,u
200421973,2,115711534,3,u
200423471,0,106160931,0,t
200424303,1,115617305,3,u
200424303,1,115672790,3,u
200424303,2,115711534,3,u
200424536,1,115617305,3,u
200424536,1,115672790,3,u
200424536,2,115711534,3,u
200424997,1,115617305,3,u
200424997,1,115672790,3,u
200424997,2,115711534,3,u
200425321,1,115617305,3,u
200425321,1,115672790,3,u
200425321,2,115711534,3,u
200425540,1,115617305,3,u
200425540,1,115672790,3,u
200425540,2,115711534,3,u
200425540,3,115617305,3,u
200425540,3,115672790,3,u
200425540,4,115711534,3,u
200426016,1,115617305,3,u
200426016,1,115672790,3,u
200426016,2,115711534,3,u
200426299,1,115617305,3,u
200426299,1,115672790,3,u
200426299,2,115711534,3,u
200426542,1,115617305,3,u
200426542,1,115672790,3,u
200426542,2,115711534,3,u
200426788,1,115617305,3,u
200426788,1,115672790,3,u
200426788,2,115711534,3,u
200427007,1,115617305,3,u
200427007,1,115672790,3,u
200427007,2,115711534,3,u
200427678,2,115617305,3,u
200427678,2,115672790,3,u
200427678,3,115711534,3,u
200428027,1,115617305,3,u
200428027,1,115672790,3,u
200428027,2,115711534,3,u
200428319,1,115617305,3,u
200428319,1,115672790,3,u
200428319,2,115711534,3,u
200428621,1,115617305,3,u
200428621,1,115672790,3,u
200428621,2,115711534,3,u
200428934,0,100934986,0,t
200428934,0,101110137,0,t
200428934,1,115617305,3,u
200428934,1,115672790,3,u
200428934,2,115711534,3,u
200429235,1,115617305,3,u
200429235,1,115672790,3,u
200429235,2,115711534,3,u
200429511,1,115617305,3,u
200429511,1,115672790,3,u
200429511,2,115711534,3,u
200429753,1,115617305,3,u
200429753,1,115672790,3,u
200429753,2,115711534,3,u
200429974,1,115617305,3,u
200429974,1,115672790,3,u
200429974,2,115711534,3,u
200430164,1,115617305,3,u
200430164,1,115672790,3,u
200430164,2,115711534,3,u
200431420,1,115617305,3,u
200431420,1,115672790,3,u
200431420,2,115711534,3,u
200434340,2,115617305,3,u
200434340,2,115672790,3,u
200434340,3,115711534,3,u
200434878,1,115617305,3,u
200434878,1,115672790,3,u
200434878,2,115711534,3,u
200438197,1,115617305,3,u
200438197,1,115672790,3,u
200438197,2,115711534,3,u
200438451,1,115617305,3,u
200438451,1,115672790,3,u
200438451,2,115711534,3,u
200438451,3,115617305,3,u
200438451,3,115672790,3,u
200438451,4,115711534,3,u
200445627,1,115617305,3,u
200445627,1,115672790,3,u
200445627,2,115711534,3,u
200446465,1,115617305,3,u
200446465,1,115672790,3,u
200446465,2,115711534,3,u
200446809,1,115617305,3,u
200446809,1,115672790,3,u
200446809,2,115711534,3,u
200447674,0,100312470,0,t
200447795,0,106181353,0,t
200455553,3,115617305,3,u
200455553,3,115672790,3,u
200455553,4,115711534,3,u
200455913,1,115617305,3,u
200455913,1,115672790,3,u
200455913,2,115711534,3,u
200456214,1,115617305,3,u
200456214,1,115672790,3,u
200456214,2,115711534,3,u
200460605,3,115617305,3,u
200460605,3,115672790,3,u
200460605,4,115711534,3,u
200462065,1,115617305,3,u
200462065,1,115672790,3,u
200462065,2,115711534,3,u
200462436,0,106181353,0,t
200462761,0,106181353,0,t
200462761,2,115617305,3,u
200462761,2,115672790,3,u
200462761,3,115711534,3,u
200463484,0,100241463,0,t
200463678,0,106181353,0,t
200463976,0,106181353,0,t
200464220,0,106181353,0,t
200464449,0,106181353,0,t
200464449,1,115617305,3,u
200464449,1,115672790,3,u
200464449,2,115711534,3,u
200464449,3,115617305,3,u
200464449,3,115672790,3,u
200464449,4,115711534,3,u
200465137,0,106174934,0,t
200465318,0,106174934,0,t
200465508,0,106174934,0,t
200465781,0,106174934,0,t
200468831,0,100614016,0,t
200469526,0,106219119,0,t
200475040,0,106174934,0,t
200475783,1,115617305,3,u
200475783,1,115672790,3,u
200475783,2,115711534,3,u
200476067,1,115617305,3,u
200476067,1,115672790,3,u
200476067,2,115711534,3,u
200476366,1,115617305,3,u
200476366,1,115672790,3,u
200476366,2,115711534,3,u
200477971,0,101142962,0,t
200479927,0,100933832,0,t
200480104,0,100933832,0,t
200483008,0,100241463,0,t
200483522,0,100465604,0,t
200483663,1,115617305,3,u
200483663,1,115672790,3,u
200483663,2,115711534,3,u
200483888,1,115617305,3,u
200483888,1,115672790,3,u
200483888,2,115711534,3,u
200484410,0,106191300,0,t
200486666,1,115617305,3,u
200486666,1,115672790,3,u
200486666,2,115711534,3,u
200487242,1,115617305,3,u
200487242,1,115672790,3,u
200487242,2,115711534,3,u
200487242,3,115617305,3,u
200487242,3,115672790,3,u
200487242,4,115711534,3,u
200487703,1,115617305,3,u
200487703,1,115672790,3,u
200487703,2,115711534,3,u
200489101,1,115617305,3,u
200489101,1,115672790,3,u
200489101,2,115711534,3,u
200489338,2,115617305,3,u
200489338,2,115672790,3,u
200489338,3,115711534,3,u
200489697,0,101105764,0,t
200489697,1,115617305,3,u
200489697,1,115672790,3,u
200489697,2,115711534,3,u
200490799,0,106189791,0,t
200490952,0,106181353,0,t
200492716,3,115617305,3,u
200492716,3,115672790,3,u
200492716,4,115711534,3,u
200494634,0,106174934,0,t
200494634,1,115617305,3,u
200494634,1,115672790,3,u
200494634,2,115711534,3,u
200495878,1,115617305,3,u
200495878,1,115672790,3,u
200495878,2,115711534,3,u
200498302,0,106820300,0,u
200499089,1,115617305,3,u
200499089,1,115672790,3,u
200499089,2,115711534,3,u
200499365,1,115617305,3,u
200499365,1,115672790,3,u
200499365,2,115711534,3,u
200499537,2,115617305,3,u
200499537,2,115672790,3,u
200499537,3,115711534,3,u
200499883,1,115617305,3,u
200499883,1,115672790,3,u
200499883,2,115711534,3,u
200500115,1,115617305,3,u
200500115,1,115672790,3,u
200500115,2,115711534,3,u
200500345,1,115617305,3,u
200500345,1,115672790,3,u
200500345,2,115711534,3,u
200500584,1,115617305,3,u
200500584,1,115672790,3,u
200500584,2,115711534,3,u
200500584,3,115617305,3,u
200500584,3,115672790,3,u
200500584,4,115711534,3,u
200500916,1,115617305,3,u
200500916,1,115672790,3,u
200500916,2,115711534,3,u
200500916,3,115617305,3,u
200500916,3,115672790,3,u
200500916,4,115711534,3,u
200502002,1,115617305,3,u
200502002,1,115672790,3,u
200502002,2,115711534,3,u
200502298,0,105803108,0,t
200502298,2,115617305,3,u
200502298,2,115672790,3,u
200502298,3,115711534,3,u
200502648,1,115617305,3,u
200502648,1,115672790,3,u
200502648,2,115711534,3,u
200503431,1,115617305,3,u
200503431,1,115672790,3,u
200503431,2,115711534,3,u
200503989,0,105803108,0,t
200504134,1,115617305,3,u
200504134,1,115672790,3,u
200504134,2,115711534,3,u
200507631,1,115617305,3,u
200507631,1,115672790,3,u
200507631,2,115711534,3,u
200507856,1,115617305,3,u
200507856,1,115672790,3,u
200507856,2,115711534,3,u
200508117,0,106181353,0,t
200508117,1,115617305,3,u
200508117,1,115672790,3,u
200508117,2,115711534,3,u
200509765,1,115617305,3,u
200509765,1,115672790,3,u
200509765,2,115711534,3,u
200510376,0,101118667,0,t
200512772,0,106255232,0,t
200514197,0,106216247,0,t
200514783,1,115617305,3,u
200514783,1,115672790,3,u
200514783,2,115711534,3,u
200515617,1,115617305,3,u
200515617,1,115672790,3,u
200515617,2,115711534,3,u
200517727,0,106174934,0,t
200517913,0,106174934,0,t
200518018,0,106174934,0,t
200518190,0,106174934,0,t
200519635,0,106174934,0,t
200520611,1,115617305,3,u
200520611,1,115672790,3,u
200520611,2,115711534,3,u
200520911,1,115617305,3,u
200520911,1,115672790,3,u
200520911,2,115711534,3,u
200521269,1,115617305,3,u
200521269,1,115672790,3,u
200521269,2,115711534,3,u
200522504,0,106174934,0,t
200522688,0,106174934,0,t
200523302,0,106174934,0,t
200523727,0,100927929,0,t
200523727,2,115617305,3,u
200523727,2,115672790,3,u
200523727,3,115711534,3,u
200524191,0,100850152,0,t
200524615,0,106170987,0,t
200524761,0,106170987,0,t
200525316,2,115617305,3,u
200525316,2,115672790,3,u
200525316,3,115711534,3,u
200525567,1,115617305,3,u
200525567,1,115672790,3,u
200525567,2,115711534,3,u
200525836,2,115617305,3,u
200525836,2,115672790,3,u
200525836,3,115711534,3,u
200526368,0,100241463,0,t
200526566,0,106174934,0,t
200527257,0,106181353,0,t
200527442,0,106174934,0,t
200527594,0,106174934,0,t
200528044,0,106206260,0,t
200528169,0,106206260,0,t
200528881,1,115617305,3,u
200528881,1,115672790,3,u
200528881,2,115711534,3,u
200529918,1,115617305,3,u
200529918,1,115672790,3,u
200529918,2,115711534,3,u
200536150,1,115617305,3,u
200536150,1,115672790,3,u
200536150,2,115711534,3,u
200536348,2,115617305,3,u
200536348,2,115672790,3,u
200536348,3,115711534,3,u
200538280,1,115711534,3,u
200538280,2,115617305,3,u
200538280,2,115672790,3,u
200538522,1,115617305,3,u
200538522,1,115672790,3,u
200538522,2,115711534,3,u
200538887,1,115617305,3,u
200538887,1,115672790,3,u
200538887,2,115711534,3,u
200539069,1,115617305,3,u
200539069,1,115672790,3,u
200539069,2,115711534,3,u
200543654,1,115617305,3,u
200543654,1,115672790,3,u
200543654,2,115711534,3,u
200543905,1,115617305,3,u
200543905,1,115672790,3,u
200543905,2,115711534,3,u
200544335,0,106094474,0,t
200545215,1,115617305,3,u
200545215,1,115672790,3,u
200545215,2,115711534,3,u
200545404,1,115617305,3,u
200545404,1,115672790,3,u
200545404,2,115711534,3,u
200545670,1,115617305,3,u
200545670,1,115672790,3,u
200545670,2,115711534,3,u
200545670,3,115617305,3,u
200545670,3,115672790,3,u
200545670,4,115711534,3,u
200546034,1,115617305,3,u
200546034,1,115672790,3,u
200546034,2,115711534,3,u
200546279,0,106174934,0,t
200546279,2,115617305,3,u
200546279,2,115672790,3,u
200546279,3,115711534,3,u
200546552,0,106174934,0,t
200546552,2,115617305,3,u
200546552,2,115672790,3,u
200546552,3,115711534,3,u
200546840,1,115617305,3,u
200546840,1,115672790,3,u
200546840,2,115711534,3,u
200547813,1,115617305,3,u
200547813,1,115672790,3,u
200547813,2,115711534,3,u
200548505,0,106174934,0,t
200549067,1,115617305,3,u
200549067,1,115672790,3,u
200549067,2,115711534,3,u
200549848,1,115617305,3,u
200549848,1,115672790,3,u
200549848,2,115711534,3,u
200550653,0,100241463,0,t
200550763,0,100241463,0,t
200553017,1,115617305,3,u
200553017,1,115672790,3,u
200553017,2,115711534,3,u
200553017,3,115617305,3,u
200553017,3,115672790,3,u
200553017,4,115711534,3,u
200553281,1,115617305,3,u
200553281,1,115672790,3,u
200553281,2,115711534,3,u
200553575,1,115617305,3,u
200553575,1,115672790,3,u
200553575,2,115711534,3,u
200554706,2,115617305,3,u
200554706,2,115672790,3,u
200554706,3,115711534,3,u
200555466,1,115617305,3,u
200555466,1,115672790,3,u
200555466,2,115711534,3,u
200555466,3,115617305,3,u
200555466,3,115672790,3,u
200555466,4,115711534,3,u
200555859,1,115617305,3,u
200555859,1,115672790,3,u
200555859,2,115711534,3,u
200555859,3,115617305,3,u
200555859,3,115672790,3,u
200555859,4,115711534,3,u
200556272,1,115617305,3,u
200556272,1,115672790,3,u
200556272,2,115711534,3,u
200557238,1,115617305,3,u
200557238,1,115672790,3,u
200557238,2,115711534,3,u
200557423,1,115617305,3,u
200557423,1,115672790,3,u
200557423,2,115711534,3,u
200557938,1,115617305,3,u
200557938,1,115672790,3,u
200557938,2,115711534,3,u
200561358,1,115617305,3,u
200561358,1,115672790,3,u
200561358,2,115711534,3,u
200561943,0,106174934,0,t
200562224,0,106174934,0,t
200563996,1,115617305,3,u
200563996,1,115672790,3,u
200563996,2,115711534,3,u
200564168,1,115617305,3,u
200564168,1,115672790,3,u
200564168,2,115711534,3,u
200570822,1,115617305,3,u
200570822,1,115672790,3,u
200570822,2,115711534,3,u
200571072,1,115617305,3,u
200571072,1,115672790,3,u
200571072,2,115711534,3,u
200571072,3,115617305,3,u
200571072,3,115672790,3,u
200571072,4,115711534,3,u
200571495,1,115617305,3,u
200571495,1,115672790,3,u
200571495,2,115711534,3,u
200571495,3,115617305,3,u
200571495,3,115672790,3,u
200571495,4,115711534,3,u
200571802,2,115617305,3,u
200571802,2,115672790,3,u
200571802,3,115711534,3,u
200575388,1,115617305,3,u
200575388,1,115672790,3,u
200575388,2,115711534,3,u
200575567,1,115617305,3,u
200575567,1,115672790,3,u
200575567,2,115711534,3,u
200575790,1,115617305,3,u
200575790,1,115672790,3,u
200575790,2,115711534,3,u
200576094,0,106174934,0,t
200576094,1,115617305,3,u
200576094,1,115672790,3,u
200576094,2,115711534,3,u
200576356,1,115617305,3,u
200576356,1,115672790,3,u
200576356,2,115711534,3,u
200576574,1,115617305,3,u
200576574,1,115672790,3,u
200576574,2,115711534,3,u
200577220,1,115617305,3,u
200577220,1,115672790,3,u
200577220,2,115711534,3,u
200577220,3,115617305,3,u
200577220,3,115672790,3,u
200577220,4,115711534,3,u
200577220,5,115617305,3,u
200577220,5,115672790,3,u
200577220,6,115711534,3,u
200577590,0,106090243,0,t
200577799,1,115617305,3,u
200577799,1,115672790,3,u
200577799,2,115711534,3,u
200578726,1,115617305,3,u
200578726,1,115672790,3,u
200578726,2,115711534,3,u
200580708,0,106170029,0,t
200581341,0,106189791,0,t
200583421,0,100850152,0,t
200583421,1,115617305,3,u
200583421,1,115672790,3,u
200583421,2,115711534,3,u
200587906,2,115617305,3,u
200587906,2,115672790,3,u
200587906,3,115711534,3,u
200588235,1,115617305,3,u
200588235,1,115672790,3,u
200588235,2,115711534,3,u
200588235,3,115617305,3,u
200588235,3,115672790,3,u
200588235,4,115711534,3,u
200588676,1,115617305,3,u
200588676,1,115672790,3,u
200588676,2,115711534,3,u
200588882,1,115617305,3,u
200588882,1,115672790,3,u
200588882,2,115711534,3,u
200589720,1,115617305,3,u
200589720,1,115672790,3,u
200589720,2,115711534,3,u
200589975,1,115617305,3,u
200589975,1,115672790,3,u
200589975,2,115711534,3,u
200591075,1,115617305,3,u
200591075,1,115672790,3,u
200591075,2,115711534,3,u
200591075,3,115617305,3,u
200591075,3,115672790,3,u
200591075,4,115711534,3,u
200591436,1,115617305,3,u
200591436,1,115672790,3,u
200591436,2,115711534,3,u
200591436,3,115617305,3,u
200591436,3,115672790,3,u
200591436,4,115711534,3,u
200592080,1,115617305,3,u
200592080,1,115672790,3,u
200592080,2,115711534,3,u
200592329,0,106174934,0,t
200592540,0,106174934,0,t
200593027,1,115617305,3,u
200593027,1,115672790,3,u
200593027,2,115711534,3,u
200593347,1,115617305,3,u
200593347,1,115672790,3,u
200593347,2,115711534,3,u
200593831,1,115617305,3,u
200593831,1,115672790,3,u
200593831,2,115711534,3,u
200594106,0,106090243,0,t
200594106,1,115617305,3,u
200594106,1,115672790,3,u
200594106,2,115711534,3,u
200594371,1,115617305,3,u
200594371,1,115672790,3,u
200594371,2,115711534,3,u
200594659,1,115617305,3,u
200594659,1,115672790,3,u
200594659,2,115711534,3,u
200594954,1,115617305,3,u
200594954,1,115672790,3,u
200594954,2,115711534,3,u
200595196,1,115617305,3,u
200595196,1,115672790,3,u
200595196,2,115711534,3,u
200595515,0,106174934,0,t
200595717,0,106174934,0,t
200597215,1,115617305,3,u
200597215,1,115672790,3,u
200597215,2,115711534,3,u
200599210,0,100914777,0,t
200599210,1,115617305,3,u
200599210,1,115672790,3,u
200599210,2,115711534,3,u
200599528,1,115617305,3,u
200599528,1,115672790,3,u
200599528,2,115711534,3,u
200599871,0,106127926,0,t
200599994,0,106181353,0,t
200599994,1,115617305,3,u
200599994,1,115672790,3,u
200599994,2,115711534,3,u
200600224,0,106174934,0,t
200600224,1,115617305,3,u
200600224,1,115672790,3,u
200600224,2,115711534,3,u
200600502,0,100622381,0,t
200600763,0,106174934,0,t
200600763,1,115617305,3,u
200600763,1,115672790,3,u
200600763,2,115711534,3,u
200600993,0,106174934,0,t
200600993,1,115617305,3,u
200600993,1,115672790,3,u
200600993,2,115711534,3,u
200601442,0,106090243,0,t
200602565,1,115617305,3,u
200602565,1,115672790,3,u
200602565,2,115711534,3,u
200602798,1,115617305,3,u
200602798,1,115672790,3,u
200602798,2,115711534,3,u
200602974,1,115617305,3,u
200602974,1,115672790,3,u
200602974,2,115711534,3,u
200603222,0,106216247,0,t
200603382,0,106634658,0,t
200604167,1,115617305,3,u
200604167,1,115672790,3,u
200604167,2,115711534,3,u
200604403,1,115617305,3,u
200604403,1,115672790,3,u
200604403,2,115711534,3,u
200604673,1,115617305,3,u
200604673,1,115672790,3,u
200604673,2,115711534,3,u
200605215,0,106820300,0,u
200605346,1,115617305,3,u
200605346,1,115672790,3,u
200605346,2,115711534,3,u
200605665,0,106174934,0,t
200605863,1,115617305,3,u
200605863,1,115672790,3,u
200605863,2,115711534,3,u
200606307,1,115617305,3,u
200606307,1,115672790,3,u
200606307,2,115711534,3,u
200606554,0,106174934,0,t
200607617,1,115617305,3,u
200607617,1,115672790,3,u
200607617,2,115711534,3,u
200608140,1,115617305,3,u
200608140,1,115672790,3,u
200608140,2,115711534,3,u
200608844,1,115617305,3,u
200608844,1,115672790,3,u
200608844,2,115711534,3,u
200609825,1,115617305,3,u
200609825,1,115672790,3,u
200609825,2,115711534,3,u
200610163,1,115617305,3,u
200610163,1,115672790,3,u
200610163,2,115711534,3,u
200611107,0,106268840,0,t
200612502,1,115617305,3,u
200612502,1,115672790,3,u
200612502,2,115711534,3,u
200613971,0,106181353,0,t
200614237,0,106264588,0,t
200614369,0,106264588,0,t
200617363,0,107213814,0,u
200618237,1,115617305,3,u
200618237,1,115672790,3,u
200618237,2,115711534,3,u
200620152,3,115617305,3,u
200620152,3,115672790,3,u
200620152,4,115711534,3,u
200620528,0,108594855,0,t
200620997,0,105747951,0,t
200621386,1,115617305,3,u
200621386,1,115672790,3,u
200621386,2,115711534,3,u
200621386,3,115617305,3,u
200621386,3,115672790,3,u
200621386,4,115711534,3,u
200622138,1,115617305,3,u
200622138,1,115672790,3,u
200622138,2,115711534,3,u
200631941,3,115617305,3,u
200631941,3,115672790,3,u
200631941,4,115711534,3,u
200632732,2,115617305,3,u
200632732,2,115672790,3,u
200632732,3,115711534,3,u
200633572,3,115558912,3,u
200633572,3,115617305,3,u
200633572,3,115672790,3,u
200633572,4,115711534,3,u
200638233,1,115617305,3,u
200638233,1,115672790,3,u
200638233,2,115711534,3,u
200640030,2,115617305,3,u
200640030,2,115672790,3,u
200640030,3,115711534,3,u
200640030,4,115617305,3,u
200640030,4,115672790,3,u
200640030,5,115711534,3,u
200640529,1,115617305,3,u
200640529,1,115672790,3,u
200640529,2,115711534,3,u
200640978,0,106146319,0,t
200640978,0,106820300,0,u
200649557,3,115617305,3,u
200649557,3,115672790,3,u
200649557,4,115711534,3,u
200649557,5,115617305,3,u
200649557,5,115672790,3,u
200649557,6,115711534,3,u
200652308,1,115617305,3,u
200652308,1,115672790,3,u
200652308,2,115711534,3,u
200652521,1,115617305,3,u
200652521,1,115672790,3,u
200652521,2,115711534,3,u
200652713,1,115617305,3,u
200652713,1,115672790,3,u
200652713,2,115711534,3,u
200653086,1,115617305,3,u
200653086,1,115672790,3,u
200653086,2,115711534,3,u
200653812,1,115617305,3,u
200653812,1,115672790,3,u
200653812,2,115711534,3,u
200654420,2,115617305,3,u
200654420,2,115672790,3,u
200654420,3,115711534,3,u
200658496,1,115617305,3,u
200658496,1,115672790,3,u
200658496,2,115711534,3,u
200659343,1,115617305,3,u
200659343,1,115672790,3,u
200659343,2,115711534,3,u
200660790,1,115617305,3,u
200660790,1,115672790,3,u
200660790,2,115711534,3,u
200662910,3,115617305,3,u
200662910,3,115672790,3,u
200662910,4,115711534,3,u
200662910,7,115617305,3,u
200662910,7,115672790,3,u
200662910,8,115711534,3,u
200663867,0,106264588,0,t
200663867,1,115617305,3,u
200663867,1,115672790,3,u
200663867,2,115711534,3,u
200666129,0,105747951,0,t
200666262,0,105747951,0,t
200666965,0,106090243,0,t
200666965,2,115711534,3,u
200666965,4,115617305,3,u
200666965,4,115672790,3,u
200667975,0,106181353,0,t
200667975,1,115617305,3,u
200667975,1,115672790,3,u
200667975,2,115711534,3,u
200668561,0,106090243,0,t
200669316,0,106093856,0,t
200669531,0,106093856,0,t
200669854,0,106093856,0,t
200669992,0,106093856,0,t
200670118,0,106093856,0,t
200670241,0,106093856,0,t
200670684,0,106093856,0,t
200670994,0,106093856,0,t
200671108,0,106093856,0,t
200671546,0,106093856,0,t
200671803,0,106093856,0,t
200671972,0,106093856,0,t
200672249,0,106093856,0,t
200672390,0,106093856,0,t
200672536,0,106090243,0,t
200672727,0,106090243,0,t
200672904,0,106090243,0,t
200673121,0,106146319,0,t
200673121,1,115617305,3,u
200673121,1,115672790,3,u
200673121,2,115711534,3,u
200673121,3,115617305,3,u
200673121,3,115672790,3,u
200673121,4,115711534,3,u
200673511,1,115617305,3,u
200673511,1,115672790,3,u
200673511,2,115711534,3,u
200674041,0,106266222,0,t
200674197,1,115617305,3,u
200674197,1,115672790,3,u
200674197,2,115711534,3,u
200674771,1,115617305,3,u
200674771,1,115672790,3,u
200674771,2,115711534,3,u
200675669,1,115617305,3,u
200675669,1,115672790,3,u
200675669,2,115711534,3,u
200676082,0,100614016,0,t
200676250,0,100614016,0,t
200679091,0,106219119,0,t
200679360,0,106219119,0,t
200680680,6,115617305,3,u
200680680,6,115672790,3,u
200680680,7,115711534,3,u
200682161,1,115617305,3,u
200682161,1,115672790,3,u
200682161,2,115711534,3,u
200683099,1,115711534,3,u
200683099,2,115558912,3,u
200683099,2,115617305,3,u
200683099,2,115672790,3,u
200683836,1,115617305,3,u
200683836,1,115672790,3,u
200683836,2,115711534,3,u
200684059,1,115617305,3,u
200684059,1,115672790,3,u
200684059,2,115711534,3,u
200684925,0,101141977,0,t
200686048,0,106227072,0,t
200686777,1,115617305,3,u
200686777,1,115672790,3,u
200686777,2,115711534,3,u
200688005,1,115617305,3,u
200688005,1,115672790,3,u
200688005,2,115711534,3,u
200689715,0,100524699,0,t
200690175,0,100524699,0,t
200691183,1,115617305,3,u
200691183,1,115672790,3,u
200691183,2,115711534,3,u
200692586,1,115617305,3,u
200692586,1,115672790,3,u
200692586,2,115711534,3,u
200693770,5,115587945,1,u
200693770,6,107073253,2,u
200694379,0,107211994,0,u
200696885,0,106090243,0,t
200697026,0,108594855,0,t
200698159,0,105747951,0,t
200703190,1,115617305,3,u
200703190,1,115672790,3,u
200703190,2,115711534,3,u
200704501,0,106218856,0,t
200704501,1,115617305,3,u
200704501,1,115672790,3,u
200704501,2,115711534,3,u
200714097,1,115617305,3,u
200714097,1,115672790,3,u
200714097,2,115711534,3,u
200715991,0,106035426,0,t
200716225,0,106035426,0,t
200717991,0,108594855,0,t
200723453,1,115617305,3,u
200723453,1,115672790,3,u
200723453,2,115711534,3,u
200723819,1,115711534,3,u
200723819,2,115558912,3,u
200723819,2,115617305,3,u
200723819,2,115672790,3,u
200724470,1,115617305,3,u
200724470,1,115672790,3,u
200724470,2,115711534,3,u
200724716,1,115617305,3,u
200724716,1,115672790,3,u
200724716,2,115711534,3,u
200725038,3,115617305,3,u
200725038,3,115672790,3,u
200725038,4,115711534,3,u
200725556,2,115617305,3,u
200725556,2,115672790,3,u
200725556,3,115711534,3,u
200726048,2,115617305,3,u
200726048,2,115672790,3,u
200726048,3,115711534,3,u
200729138,3,115617305,3,u
200729138,3,115672790,3,u
200729138,4,115711534,3,u
200732349,0,108594855,0,t
200733083,1,115617305,3,u
200733083,1,115672790,3,u
200733083,2,115711534,3,u
200733284,3,115711534,3,u
200733284,4,115558912,3,u
200733284,4,115617305,3,u
200733284,4,115672790,3,u
200735702,0,106275710,0,t
200742499,5,115617305,3,u
200742499,5,115672790,3,u
200742499,6,115711534,3,u
200747381,0,100703271,0,t
200749044,0,106255232,0,t
200754700,1,115711534,3,u
200754700,2,115558912,3,u
200754700,2,115617305,3,u
200754700,2,115672790,3,u
200759988,1,115617305,3,u
200759988,1,115672790,3,u
200759988,2,115711534,3,u
200761271,1,115617305,3,u
200761271,1,115672790,3,u
200761271,2,115711534,3,u
200761271,3,115617305,3,u
200761271,3,115672790,3,u
200761271,4,115711534,3,u
200761271,5,115617305,3,u
200761271,5,115672790,3,u
200761271,6,115711534,3,u
200761651,0,105747951,0,t
200762226,1,115587945,1,u
200762226,2,107073253,2,u
200762528,0,106227072,0,t
200762528,1,115617305,3,u
200762528,1,115672790,3,u
200762528,2,115711534,3,u
200762724,0,106227072,0,t
200762724,1,115617305,3,u
200762724,1,115672790,3,u
200762724,2,115711534,3,u
200762724,3,115617305,3,u
200762724,3,115672790,3,u
200762724,4,115711534,3,u
200764057,1,115617305,3,u
200764057,1,115672790,3,u
200764057,2,115711534,3,u
200764273,1,115617305,3,u
200764273,1,115672790,3,u
200764273,2,115711534,3,u
200764571,1,115617305,3,u
200764571,1,115672790,3,u
200764571,2,115711534,3,u
200765017,1,115711534,3,u
200765017,2,115558912,3,u
200765017,2,115617305,3,u
200765017,2,115672790,3,u
200765017,3,115617305,3,u
200765017,3,115672790,3,u
200765017,4,115711534,3,u
200766629,1,115617305,3,u
200766629,1,115672790,3,u
200766629,2,115711534,3,u
200769284,1,115617305,3,u
200769284,1,115672790,3,u
200769284,2,115711534,3,u
200769284,3,115617305,3,u
200769284,3,115672790,3,u
200769284,4,115711534,3,u
200769748,1,115617305,3,u
200769748,1,115672790,3,u
200769748,2,115711534,3,u
200770036,1,115617305,3,u
200770036,1,115672790,3,u
200770036,2,115711534,3,u
200774019,0,106090243,0,t
200775604,1,115617305,3,u
200775604,1,115672790,3,u
200775604,2,115711534,3,u
200777549,0,106219119,0,t
200777929,0,106370763,0,t
200778096,1,115617305,3,u
200778096,1,115672790,3,u
200778096,2,115711534,3,u
200779124,2,115617305,3,u
200779124,2,115672790,3,u
200779124,3,115711534,3,u
200784399,0,108594855,0,t
200791931,1,115617305,3,u
200791931,1,115672790,3,u
200791931,2,115711534,3,u
200794708,0,108594855,0,t
200796175,0,106620941,0,t
200798658,0,108594855,0,t
200802213,1,115617305,3,u
200802213,1,115672790,3,u
200802213,2,115711534,3,u
200804060,1,115617305,3,u
200804060,1,115672790,3,u
200804060,2,115711534,3,u
200809338,1,115711534,3,u
200809338,2,115558912,3,u
200809338,2,115617305,3,u
200809338,2,115672790,3,u
200809705,1,115617305,3,u
200809705,1,115672790,3,u
200809705,2,115711534,3,u
200809705,3,115617305,3,u
200809705,3,115672790,3,u
200809705,4,115711534,3,u
200811410,0,100850152,0,t
200812428,2,115617305,3,u
200812428,2,115672790,3,u
200812428,3,115711534,3,u
200812428,4,115617305,3,u
200812428,4,115672790,3,u
200812428,5,115711534,3,u
200817677,0,100850152,0,t
200822143,1,115617305,3,u
200822143,1,115672790,3,u
200822143,2,115711534,3,u
200822356,1,115617305,3,u
200822356,1,115672790,3,u
200822356,2,115711534,3,u
200823869,0,108594855,0,t
200824346,0,106365907,0,t
200824832,0,106365907,0,t
200825033,0,106365907,0,t
200825206,0,106365907,0,t
200825407,0,106365907,0,t
200828980,0,100850152,0,t
200829303,0,109576673,0,t
200830184,1,115711534,3,u
200830184,2,115617305,3,u
200830184,2,115672790,3,u
200838451,1,115617305,3,u
200838451,1,115672790,3,u
200838451,2,115711534,3,u
200843420,0,108594855,0,t
200853600,1,115617305,3,u
200853600,1,115672790,3,u
200853600,2,115711534,3,u
200857523,1,115617305,3,u
200857523,1,115672790,3,u
200857523,2,115711534,3,u
200858608,0,108233538,0,t
200858608,1,115617305,3,u
200858608,1,115672790,3,u
200858608,2,115711534,3,u
200862075,1,115617305,3,u
200862075,1,115672790,3,u
200862075,2,115711534,3,u
200862928,1,115711534,3,u
200862928,2,115558912,3,u
200862928,2,115617305,3,u
200862928,2,115672790,3,u
200863929,1,115617305,3,u
200863929,1,115672790,3,u
200863929,2,115711534,3,u
200864133,1,115617305,3,u
200864133,1,115672790,3,u
200864133,2,115711534,3,u
200864133,4,115617305,3,u
200864133,4,115672790,3,u
200864133,5,115711534,3,u
200866938,1,115617305,3,u
200866938,1,115672790,3,u
200866938,2,115711534,3,u
200872230,3,115617305,3,u
200872230,3,115672790,3,u
200872230,4,115711534,3,u
200872995,1,115711534,3,u
200872995,2,115558912,3,u
200872995,2,115617305,3,u
200872995,2,115672790,3,u
200873278,1,115711534,3,u
200873278,2,115558912,3,u
200873278,2,115617305,3,u
200873278,2,115672790,3,u
200876058,3,115617305,3,u
200876058,3,115672790,3,u
200876058,4,115711534,3,u
200876698,1,115617305,3,u
200876698,1,115672790,3,u
200876698,2,115711534,3,u
200876951,1,115617305,3,u
200876951,1,115672790,3,u
200876951,2,115711534,3,u
200877208,1,115617305,3,u
200877208,1,115672790,3,u
200877208,2,115711534,3,u
200877581,2,115617305,3,u
200877581,2,115672790,3,u
200877581,3,115711534,3,u
200887051,7,115617305,3,u
200887051,7,115672790,3,u
200887051,8,115711534,3,u
200889447,2,115617305,3,u
200889447,2,115672790,3,u
200889447,3,115711534,3,u
200896443,1,115711534,3,u
200896443,2,115558912,3,u
200896443,2,115617305,3,u
200896443,2,115672790,3,u
200898023,1,115617305,3,u
200898023,1,115672790,3,u
200898023,2,115711534,3,u
200901904,2,115617305,3,u
200901904,2,115672790,3,u
200901904,3,115711534,3,u
200901904,4,115617305,3,u
200901904,4,115672790,3,u
200901904,5,115711534,3,u
200903092,1,115617305,3,u
200903092,1,115672790,3,u
200903092,2,115711534,3,u
200910889,2,115617305,3,u
200910889,2,115672790,3,u
200910889,3,115711534,3,u
200911419,2,115617305,3,u
200911419,2,115672790,3,u
200911419,3,115711534,3,u
200918016,1,115617305,3,u
200918016,1,115672790,3,u
200918016,2,115711534,3,u
200918622,1,115711534,3,u
200918622,2,115558912,3,u
200918622,2,115617305,3,u
200918622,2,115672790,3,u
200918622,3,115711534,3,u
200918622,4,115558912,3,u
200918622,4,115617305,3,u
200918622,4,115672790,3,u
200926491,0,106634658,0,t
200929950,2,115617305,3,u
200929950,2,115672790,3,u
200929950,3,115711534,3,u
200930481,1,115617305,3,u
200930481,1,115672790,3,u
200930481,2,115711534,3,u
200932406,1,115617305,3,u
200932406,1,115672790,3,u
200932406,2,115711534,3,u
200932406,4,115617305,3,u
200932406,4,115672790,3,u
200932406,5,115711534,3,u
200935015,2,115617305,3,u
200935015,2,115672790,3,u
200935015,3,115711534,3,u
200940388,1,115617305,3,u
200940388,1,115672790,3,u
200940388,2,115711534,3,u
200940800,0,106275710,0,t
200943405,0,108594855,0,t
200943763,0,108594855,0,t
200944041,0,108594855,0,t
200944401,0,108594855,0,t
200944731,0,108594855,0,t
200945001,0,108594855,0,t
200945099,0,108594855,0,t
200947003,3,115617305,3,u
200947003,3,115672790,3,u
200947003,4,115711534,3,u
200947416,2,115617305,3,u
200947416,2,115672790,3,u
200947416,3,115711534,3,u
200953612,1,115711534,3,u
200953612,2,115558912,3,u
200953612,2,115617305,3,u
200953612,2,115672790,3,u
200955452,1,115617305,3,u
200955452,1,115672790,3,u
200955452,2,115711534,3,u
200958391,0,106165936,0,t
200961269,2,115617305,3,u
200961269,2,115672790,3,u
200961269,3,115711534,3,u
200961529,1,115617305,3,u
200961529,1,115672790,3,u
200961529,2,115711534,3,u
200963579,3,115617305,3,u
200963579,3,115672790,3,u
200963579,4,115711534,3,u
200971893,1,115617305,3,u
200971893,1,115672790,3,u
200971893,2,115711534,3,u
200977608,1,115617305,3,u
200977608,1,115672790,3,u
200977608,2,115711534,3,u
200979446,4,115617305,3,u
200979446,4,115672790,3,u
200979446,5,115711534,3,u
200981179,5,115617305,3,u
200981179,5,115672790,3,u
200981179,6,115711534,3,u
200982563,1,115617305,3,u
200982563,1,115672790,3,u
200982563,2,115711534,3,u
200985561,2,115617305,3,u
200985561,2,115672790,3,u
200985561,3,115711534,3,u
200986101,1,115617305,3,u
200986101,1,115672790,3,u
200986101,2,115711534,3,u
200990715,1,115617305,3,u
200990715,1,115672790,3,u
200990715,2,115711534,3,u
200990909,1,115617305,3,u
200990909,1,115672790,3,u
200990909,2,115711534,3,u
200991159,1,115617305,3,u
200991159,1,115672790,3,u
200991159,2,115711534,3,u
200992011,2,115617305,3,u
200992011,2,115672790,3,u
200992011,3,115711534,3,u
200994032,1,115617305,3,u
200994032,1,115672790,3,u
200994032,2,115711534,3,u
200994560,3,115617305,3,u
200994560,3,115672790,3,u
200994560,4,115711534,3,u
200996414,1,115617305,3,u
200996414,1,115672790,3,u
200996414,2,115711534,3,u
200996414,4,115617305,3,u
200996414,4,115672790,3,u
200996414,5,115711534,3,u
200996810,1,115617305,3,u
200996810,1,115672790,3,u
200996810,2,115711534,3,u
201000734,0,106715383,0,t
201000906,0,106715383,0,t
201000906,1,115617305,3,u
201000906,1,115672790,3,u
201000906,2,115711534,3,u
201002419,1,115617305,3,u
201002419,1,115672790,3,u
201002419,2,115711534,3,u
201003573,1,115617305,3,u
201003573,1,115672790,3,u
201003573,2,115711534,3,u
201004825,1,115617305,3,u
201004825,1,115672790,3,u
201004825,2,115711534,3,u
201004825,3,115617305,3,u
201004825,3,115672790,3,u
201004825,4,115711534,3,u
201008726,2,115617305,3,u
201008726,2,115672790,3,u
201008726,3,115711534,3,u
201010114,0,106370908,0,t
201010377,0,106370908,0,t
201010841,1,115617305,3,u
201010841,1,115672790,3,u
201010841,2,115711534,3,u
201010841,3,115617305,3,u
201010841,3,115672790,3,u
201010841,4,115711534,3,u
201010841,5,115617305,3,u
201010841,5,115672790,3,u
201010841,6,115711534,3,u
201011529,1,115617305,3,u
201011529,1,115672790,3,u
201011529,2,115711534,3,u
201011727,1,115617305,3,u
201011727,1,115672790,3,u
201011727,2,115711534,3,u
201013367,0,108594855,0,t
201013777,0,108594855,0,t
201013966,0,106357733,0,t
201014440,0,106357733,0,t
201014638,0,106357733,0,t
201014816,0,106357733,0,t
201014959,0,106357733,0,t
201016866,1,115617305,3,u
201016866,1,115672790,3,u
201016866,2,115711534,3,u
201016866,3,115617305,3,u
201016866,3,115672790,3,u
201016866,4,115711534,3,u
201017731,1,115617305,3,u
201017731,1,115672790,3,u
201017731,2,115711534,3,u
201019508,3,115617305,3,u
201019508,3,115672790,3,u
201019508,4,115711534,3,u
201020885,1,115617305,3,u
201020885,1,115672790,3,u
201020885,2,115711534,3,u
201021285,1,115617305,3,u
201021285,1,115672790,3,u
201021285,2,115711534,3,u
201021693,1,115617305,3,u
201021693,1,115672790,3,u
201021693,2,115711534,3,u
201022319,1,115617305,3,u
201022319,1,115672790,3,u
201022319,2,115711534,3,u
201022551,1,115617305,3,u
201022551,1,115672790,3,u
201022551,2,115711534,3,u
201025160,1,115617305,3,u
201025160,1,115672790,3,u
201025160,2,115711534,3,u
201025160,3,115617305,3,u
201025160,3,115672790,3,u
201025160,4,115711534,3,u
201029266,1,115617305,3,u
201029266,1,115672790,3,u
201029266,2,115711534,3,u
201029596,1,115617305,3,u
201029596,1,115672790,3,u
201029596,2,115711534,3,u
201030070,1,115617305,3,u
201030070,1,115672790,3,u
201030070,2,115711534,3,u
201030532,1,115617305,3,u
201030532,1,115672790,3,u
201030532,2,115711534,3,u
201034777,1,115617305,3,u
201034777,1,115672790,3,u
201034777,2,115711534,3,u
201035851,1,115617305,3,u
201035851,1,115672790,3,u
201035851,2,115711534,3,u
201036230,1,115711534,3,u
201036230,3,115617305,3,u
201036230,3,115672790,3,u
201037736,1,115617305,3,u
201037736,1,115672790,3,u
201037736,2,115711534,3,u
201037736,3,115617305,3,u
201037736,3,115672790,3,u
201037736,4,115711534,3,u
201041087,1,115617305,3,u
201041087,1,115672790,3,u
201041087,2,115711534,3,u
201041268,0,106219119,0,t
201041461,0,106219119,0,t
201041652,0,100921475,0,t
201041811,0,100921475,0,t
201041950,0,100921475,0,t
201042197,0,100921475,0,t
201042596,0,100921475,0,t
201044257,0,108594855,0,t
201045158,0,106715383,0,t
201045467,0,106715383,0,t
201045667,0,100914777,0,t
201046006,0,100914777,0,t
201046159,0,106715383,0,t
201046303,0,100914777,0,t
201049645,0,106368541,0,t
201050347,3,115617305,3,u
201050347,3,115672790,3,u
201050347,4,115711534,3,u
201051026,0,108594855,0,t
201051199,0,108594855,0,t
201054911,0,108594855,0,t
201055883,3,115617305,3,u
201055883,3,115672790,3,u
201055883,4,115711534,3,u
201056429,0,106264588,0,t
201057186,1,115617305,3,u
201057186,1,115672790,3,u
201057186,2,115711534,3,u
201057455,0,108594855,0,t
201057878,0,108594855,0,t
201058950,0,108594855,0,t
201059260,0,108594855,0,t
201061309,0,108594855,0,t
201063452,2,115587945,1,u
201063452,3,107073253,2,u
201064750,1,115617305,3,u
201064750,1,115672790,3,u
201064750,2,115711534,3,u
201064750,3,115617305,3,u
201064750,3,115672790,3,u
201064750,4,115711534,3,u
201065148,1,115617305,3,u
201065148,1,115672790,3,u
201065148,2,115711534,3,u
201065368,2,115617305,3,u
201065368,2,115672790,3,u
201065368,3,115711534,3,u
201065763,1,115617305,3,u
201065763,1,115672790,3,u
201065763,2,115711534,3,u
201065986,1,115617305,3,u
201065986,1,115672790,3,u
201065986,2,115711534,3,u
201071095,1,115617305,3,u
201071095,1,115672790,3,u
201071095,2,115711534,3,u
201071307,1,115617305,3,u
201071307,1,115672790,3,u
201071307,2,115711534,3,u
201075636,0,106219119,0,t
201075636,1,115617305,3,u
201075636,1,115672790,3,u
201075636,2,115711534,3,u
201075957,0,106219119,0,t
201076082,0,106219119,0,t
201077360,1,115617305,3,u
201077360,1,115672790,3,u
201077360,2,115711534,3,u
201079368,0,107265016,0,u
201082688,3,115617305,3,u
201082688,3,115672790,3,u
201082688,4,115711534,3,u
201085661,2,115711534,3,u
201085661,3,115558912,3,u
201085661,3,115617305,3,u
201085661,3,115672790,3,u
201106480,0,106365377,0,t
201112160,0,100612980,0,t
201112591,0,100524699,0,t
201113436,0,108594855,0,t
201114253,1,115617305,3,u
201114253,1,115672790,3,u
201114253,2,115711534,3,u
201114991,0,106275710,0,t
201115787,1,115617305,3,u
201115787,1,115672790,3,u
201115787,2,115711534,3,u
201116190,0,106133372,0,t
201118288,0,100469197,0,t
201118409,0,100524699,0,t
201118541,0,100502090,0,t
201118692,0,100488880,0,t
201118844,0,100504023,0,t
201119036,0,100504023,0,t
201119249,0,100472330,0,t
201119499,0,100524699,0,t
201119662,0,100472330,0,t
201119833,0,100479698,0,t
201119947,0,100488880,0,t
201120465,0,100472330,0,t
201120585,0,100469197,0,t
201120705,0,100469197,0,t
201120849,0,100478014,0,t
201121306,0,100488880,0,t
201121556,0,100504023,0,t
201121682,0,100504023,0,t
201121921,0,100479698,0,t
201122112,0,100482934,0,t
201122240,0,100504023,0,t
201122588,0,100488880,0,t
201122779,0,100488880,0,t
201122926,0,100488880,0,t
201123042,0,100488880,0,t
201124606,0,100504023,0,t
201124894,0,100503201,0,t
201125254,0,100471683,0,t
201125876,0,100456193,0,t
201126041,0,100456193,0,t
201126259,0,100524699,0,t
201126430,0,100472330,0,t
201126861,0,100472330,0,t
201128667,0,100465604,0,t
201128828,0,100465604,0,t
201128963,0,100524699,0,t
201129330,0,100465604,0,t
201129437,0,100524699,0,t
201132053,1,115617305,3,u
201132053,1,115672790,3,u
201132053,2,115711534,3,u
201132485,2,115617305,3,u
201132485,2,115672790,3,u
201132485,3,115711534,3,u
201132731,1,115617305,3,u
201132731,1,115672790,3,u
201132731,2,115711534,3,u
201140540,1,115617305,3,u
201140540,1,115672790,3,u
201140540,2,115711534,3,u
201141360,0,100465604,0,t
201142460,2,115617305,3,u
201142460,2,115672790,3,u
201142460,3,115711534,3,u
201142781,1,115617305,3,u
201142781,1,115672790,3,u
201142781,2,115711534,3,u
201143497,1,115617305,3,u
201143497,1,115672790,3,u
201143497,2,115711534,3,u
201143905,1,115617305,3,u
201143905,1,115672790,3,u
201143905,2,115711534,3,u
201144132,1,115617305,3,u
201144132,1,115672790,3,u
201144132,2,115711534,3,u
201144825,0,100524699,0,t
201146166,0,100446351,0,t
201148189,0,100524699,0,t
201148546,0,100488880,0,t
201149362,0,100472330,0,t
201154788,2,115711534,3,u
201154788,3,115558912,3,u
201154788,3,115617305,3,u
201154788,3,115672790,3,u
201156509,0,100472330,0,t
201157812,0,100469197,0,t
201157954,0,100469197,0,t
201158109,0,100465604,0,t
201158239,0,100465604,0,t
201158448,0,100472330,0,t
201158595,0,100472330,0,t
201159625,0,100504023,0,t
201159914,0,100504023,0,t
201160561,1,115617305,3,u
201160561,1,115672790,3,u
201160561,2,115711534,3,u
201162781,0,100469197,0,t
201163228,1,115617305,3,u
201163228,1,115672790,3,u
201163228,2,115711534,3,u
201164260,0,100504023,0,t
201166898,1,115617305,3,u
201166898,1,115672790,3,u
201166898,2,115711534,3,u
201167068,0,100504023,0,t
201168888,0,100465604,0,t
201170682,0,100446351,0,t
201174216,1,115617305,3,u
201174216,1,115672790,3,u
201174216,2,115711534,3,u
201175203,0,101107223,0,t
201178817,1,115617305,3,u
201178817,1,115672790,3,u
201178817,2,115711534,3,u
201185083,0,100488880,0,t
201185199,0,100488880,0,t
201185477,0,100488880,0,t
201186375,0,100472330,0,t
201188211,0,100452849,0,t
201188377,0,100452849,0,t
201190634,0,100456193,0,t
201193057,0,100524699,0,t
201193616,0,100472330,0,t
201193748,0,100500710,0,t
201193862,0,100471683,0,t
201193960,0,100481629,0,t
201194221,0,100524699,0,t
201195514,0,100488880,0,t
201195656,0,100488880,0,t
201195810,0,100469197,0,t
201198096,0,106820300,0,u
201199933,0,100472330,0,t
201200158,0,100472330,0,t
201202084,0,100488880,0,t
201202199,0,100491318,0,t
201202361,0,100488880,0,t
201202499,0,100482934,0,t
201204428,4,115617305,3,u
201204428,4,115672790,3,u
201204428,5,115711534,3,u
201207787,1,115617305,3,u
201207787,1,115672790,3,u
201207787,2,115711534,3,u
201207992,1,115617305,3,u
201207992,1,115672790,3,u
201207992,2,115711534,3,u
201209398,0,100933832,0,t
201209625,0,100934510,0,t
201209859,0,100933832,0,t
201214809,2,115617305,3,u
201214809,2,115672790,3,u
201214809,3,115711534,3,u
201215388,0,100009618,0,t
201215503,0,100850152,0,t
201218673,0,106318834,0,t
201220447,0,102439423,0,t
201222006,0,108351716,0,t
201232666,0,100850152,0,t
201239324,6,115617305,3,u
201239324,6,115672790,3,u
201239324,7,115711534,3,u
201244191,1,115617305,3,u
201244191,1,115672790,3,u
201244191,2,115711534,3,u
201244386,0,102439423,0,t
201246343,0,103301037,0,t
201249789,0,101920673,0,t
201253918,1,115617305,3,u
201253918,1,115672790,3,u
201253918,2,115711534,3,u
201256852,0,107298952,0,u
201257052,0,100614016,0,t
201266947,2,115617305,3,u
201266947,2,115672790,3,u
201266947,3,115711534,3,u
201268416,1,115711534,3,u
201268416,2,115558912,3,u
201268416,2,115617305,3,u
201268416,2,115672790,3,u
201276763,1,115617305,3,u
201276763,1,115672790,3,u
201276763,2,115711534,3,u
201284185,0,107297340,0,u
201287450,0,100524699,0,t
201292368,1,115617305,3,u
201292368,1,115672790,3,u
201292368,2,115711534,3,u
201292368,3,115617305,3,u
201292368,3,115672790,3,u
201292368,4,115711534,3,u
201292920,1,115617305,3,u
201292920,1,115672790,3,u
201292920,2,115711534,3,u
201296781,0,100241463,0,t
201296781,1,115711534,3,u
201296781,2,115617305,3,u
201296781,2,115672790,3,u
201297268,0,100850152,0,t
201298037,0,100241463,0,t
201302327,0,100614016,0,t
201302547,0,100614016,0,t
201302692,0,100614016,0,t
201305624,1,115711534,3,u
201305624,2,115617305,3,u
201305624,2,115672790,3,u
201309364,0,100241463,0,t
201309646,0,100241463,0,t
201309823,0,100241463,0,t
201313374,2,115617305,3,u
201313374,2,115672790,3,u
201313374,3,115711534,3,u
201313672,0,100241463,0,t
201314389,1,115617305,3,u
201314389,1,115672790,3,u
201314389,2,115711534,3,u
201314884,1,115617305,3,u
201314884,1,115672790,3,u
201314884,2,115711534,3,u
201319825,0,100922379,0,t
201325848,0,100850152,0,t
201326510,0,107211994,0,u
201334234,0,103682071,0,t
201335620,0,106216247,0,t
201336029,0,100241463,0,t
201341876,1,115558912,3,u
201341876,1,115617305,3,u
201341876,1,115672790,3,u
201341876,2,115711534,3,u
201342090,1,115558912,3,u
201342090,1,115617305,3,u
201342090,1,115672790,3,u
201342090,2,115711534,3,u
201359513,0,100933832,0,t
201372625,0,106820300,0,u
201374276,0,106820300,0,u
201374551,0,106820300,0,u
201375342,0,106820300,0,u
201375563,1,115711534,3,u
201375563,2,115558912,3,u
201375563,2,115617305,3,u
201375563,2,115672790,3,u
201376246,4,115617305,3,u
201376246,4,115672790,3,u
201376246,5,115711534,3,u
201380094,0,104244198,0,t
201386756,0,100241463,0,t
201387217,1,115617305,3,u
201387217,1,115672790,3,u
201387217,2,115711534,3,u
201407493,0,100609459,0,t
201407661,0,100928676,0,t
201408207,0,100914777,0,t
201408325,0,100241463,0,t
201410405,0,100610733,0,t
201410746,0,100610733,0,t
201410893,0,100610733,0,t
201411067,0,100610733,0,t
201411390,0,100610733,0,t
201411504,0,100610733,0,t
201411642,0,100610733,0,t
201411797,0,100610733,0,t
201413745,0,100241463,0,t
201413918,0,100241463,0,t
201418609,1,115617305,3,u
201418609,1,115672790,3,u
201418609,2,115711534,3,u
201420450,0,100469197,0,t
201421381,0,100524699,0,t
201421651,0,100469197,0,t
201422033,0,100524699,0,t
201422763,1,115617305,3,u
201422763,1,115672790,3,u
201422763,2,115711534,3,u
201427494,1,115617305,3,u
201427494,1,115672790,3,u
201427494,2,115711534,3,u
201427733,1,115617305,3,u
201427733,1,115672790,3,u
201427733,2,115711534,3,u
201435459,1,115617305,3,u
201435459,1,115672790,3,u
201435459,2,115711534,3,u
201446937,0,100446351,0,t
201448400,1,115711534,3,u
201448400,2,115558912,3,u
201448400,2,115617305,3,u
201448400,2,115672790,3,u
201450285,0,106820300,0,u
201452445,0,100472330,0,t
201452577,0,100465604,0,t
201452719,0,100465604,0,t
201453037,0,100472330,0,t
201453812,0,100465604,0,t
201454057,0,100465604,0,t
201454259,0,100465604,0,t
201454410,0,100465604,0,t
201454810,0,100472330,0,t
201455173,0,100472330,0,t
201456240,0,100524699,0,t
201456580,0,100472330,0,t
201456795,0,100469197,0,t
201457152,0,100472330,0,t
201457328,0,100524699,0,t
201457524,0,100472330,0,t
201457678,0,100524699,0,t
201457860,0,100465604,0,t
201458109,0,100465604,0,t
201458253,0,100472330,0,t
201458445,0,100477011,0,t
201458589,0,100524699,0,t
201458716,0,100524699,0,t
201458914,0,100465604,0,t
201459133,0,100465604,0,t
201459330,0,100472330,0,t
201459479,0,100472330,0,t
201459598,0,100472330,0,t
201459719,0,100472330,0,t
201459844,0,100472330,0,t
201460902,0,100465604,0,t
201463147,0,100472330,0,t
201463410,0,100472330,0,t
201463535,0,100472330,0,t
201463693,0,100472330,0,t
201463891,0,100524699,0,t
201466377,0,100927929,0,t
201467270,0,100465604,0,t
201467899,0,100241463,0,t
201468068,0,100241463,0,t
201468210,0,100241463,0,t
201468420,0,100241463,0,t
201468990,0,100488880,0,t
201469191,0,100488880,0,t
201470013,0,100524699,0,t
201470225,0,100524699,0,t
201470335,0,100452708,0,t
201470335,0,100524699,0,t
201470482,0,100524699,0,t
201470647,0,100524699,0,t
201472203,2,115617305,3,u
201472203,2,115672790,3,u
201472203,3,115711534,3,u
201472627,0,106219119,0,t
201476482,0,107265016,0,u
201476482,23,107211994,2,u
201477750,0,107265016,0,u
201478298,0,100928676,0,t
201479417,0,101894819,0,t
201479758,1,115617305,3,u
201479758,1,115672790,3,u
201479758,2,115711534,3,u
201480105,3,115617305,3,u
201480105,3,115672790,3,u
201480105,4,115711534,3,u
201480656,0,100928676,0,t
201483386,0,100469197,0,t
201485644,2,115617305,3,u
201485644,2,115672790,3,u
201485644,3,115711534,3,u
201494163,0,100673760,0,t
201508099,0,100609459,0,t
201509817,0,100933832,0,t
201509967,0,106174934,0,t
201510121,0,106174934,0,t
201510833,0,100241463,0,t
201512310,0,106174934,0,t
201515515,0,106219119,0,t
201516193,0,106219119,0,t
201521389,0,106318834,0,t
201521577,0,100770576,0,t
201522081,0,100770576,0,t
201522361,0,100770576,0,t
201522787,0,100770576,0,t
201522953,0,100770576,0,t
201530407,0,100452849,0,t
201530558,0,100452849,0,t
201531303,0,100452849,0,t
201531560,0,100452849,0,t
201533349,1,115617305,3,u
201533349,1,115672790,3,u
201533349,2,115711534,3,u
201541729,0,100928676,0,t
201541957,0,100928676,0,t
201542131,0,100928676,0,t
201542288,0,100928676,0,t
201542468,0,100928676,0,t
201542657,0,100928676,0,t
201542823,0,100928676,0,t
201543054,0,100928676,0,t
201550483,0,100465604,0,t
201551671,0,100927929,0,t
201551982,0,100927929,0,t
201552145,0,100927929,0,t
201552373,0,100927929,0,t
201560238,0,100472330,0,t
201563897,0,100472330,0,t
201564965,1,115617305,3,u
201564965,1,115672790,3,u
201564965,2,115711534,3,u
201568207,0,100241463,0,t
201571486,1,115617305,3,u
201571486,1,115672790,3,u
201571486,2,115711534,3,u
201579229,0,108233538,0,t
201579229,1,115617305,3,u
201579229,1,115672790,3,u
201579229,2,115711534,3,u
201591078,0,106174934,0,t
201591677,0,106174934,0,t
201591894,0,106174934,0,t
201592156,0,100850152,0,t
201602375,1,115617305,3,u
201602375,1,115672790,3,u
201602375,2,115711534,3,u
201603517,1,115617305,3,u
201603517,1,115672790,3,u
201603517,2,115711534,3,u
201606535,1,115711534,3,u
201606535,2,115558912,3,u
201606535,2,115617305,3,u
201606535,2,115672790,3,u
201614732,0,102736683,0,t
201614732,0,103007214,0,t
201615459,3,115617305,3,u
201615459,3,115672790,3,u
201615459,4,115711534,3,u
201618744,0,106820300,0,u
201628927,0,100009618,0,t
201633537,3,115617305,3,u
201633537,3,115672790,3,u
201633537,4,115711534,3,u
201634313,0,106156983,0,t
201635738,0,106094474,0,t
201635940,0,106094474,0,t
201636266,0,106094474,0,t
201646054,3,115617305,3,u
201646054,3,115672790,3,u
201646054,4,115711534,3,u
201650522,0,100481629,0,t
201650692,0,100481629,0,t
201650855,0,100500710,0,t
201651000,0,100465604,0,t
201651255,0,100500710,0,t
201651367,0,100465604,0,t
201651497,0,100465604,0,t
201651645,0,100465604,0,t
201651781,0,100465604,0,t
201652295,0,106174934,0,t
201653460,0,100472330,0,t
201653622,0,100472330,0,t
201653737,0,100467590,0,t
201656295,2,115617305,3,u
201656295,2,115672790,3,u
201656295,3,115711534,3,u
201660921,0,100011488,0,t
201666756,0,100241463,0,t
201668261,0,100472330,0,t
201668261,0,106820300,0,u
201669579,0,100477011,0,t
201676699,2,115617305,3,u
201676699,2,115672790,3,u
201676699,3,115711534,3,u
201679972,1,115617305,3,u
201679972,1,115672790,3,u
201679972,2,115711534,3,u
201680168,1,115711534,3,u
201680168,2,115558912,3,u
201680168,2,115617305,3,u
201680168,2,115672790,3,u
201681862,0,105082404,0,t
201684893,1,115587945,1,u
201684893,2,107073253,2,u
201687183,0,106174934,0,t
201687353,2,115617305,3,u
201687353,2,115672790,3,u
201687353,3,115711534,3,u
201688923,1,115617305,3,u
201688923,1,115672790,3,u
201688923,2,115711534,3,u
201689133,0,106146319,0,t
201689422,1,115617305,3,u
201689422,1,115672790,3,u
201689422,2,115711534,3,u
201689735,8,115617305,3,u
201689735,8,115672790,3,u
201689735,9,115711534,3,u
201690368,1,115617305,3,u
201690368,1,115672790,3,u
201690368,2,115711534,3,u
201691276,1,115617305,3,u
201691276,1,115672790,3,u
201691276,2,115711534,3,u
201691845,1,115617305,3,u
201691845,1,115672790,3,u
201691845,2,115711534,3,u
201697504,0,100472330,0,t
201699025,1,115617305,3,u
201699025,1,115672790,3,u
201699025,2,115711534,3,u
201699025,3,115617305,3,u
201699025,3,115672790,3,u
201699025,4,115711534,3,u
201705541,0,100544433,0,t
201705541,0,105803108,0,t
201705541,0,107157953,0,t
201705893,4,115617305,3,u
201705893,4,115672790,3,u
201705893,5,115711534,3,u
201710182,0,100922379,0,t
201710306,0,100922379,0,t
201710445,0,100922379,0,t
201710650,0,100922379,0,t
201710776,0,100612575,0,t
201711001,2,115617305,3,u
201711001,2,115672790,3,u
201711001,3,115711534,3,u
201714271,3,115711534,3,u
201714271,4,115558912,3,u
201714271,4,115617305,3,u
201714271,4,115672790,3,u
201716342,0,100922379,0,t
201717925,2,115711534,3,u
201717925,3,115558912,3,u
201717925,3,115617305,3,u
201717925,3,115672790,3,u
201720415,0,100241463,0,t
201720562,0,100241463,0,t
201720737,0,100241463,0,t
201720868,0,100241463,0,t
201721066,0,100241463,0,t
201721232,0,100241463,0,t
201721379,0,100241463,0,t
201721965,0,105835327,0,t
201722142,0,105835327,0,t
201726286,0,100717790,0,t
201726580,0,100717790,0,t
201726710,0,100717790,0,t
201726856,0,100717790,0,t
201727002,0,100717790,0,t
201727132,0,100717790,0,t
201727737,0,100717790,0,t
201728000,0,100717790,0,t
201728254,0,100717790,0,t
201728384,0,100717790,0,t
201728551,0,100717790,0,t
201729137,0,100717790,0,t
201729489,0,100717790,0,t
201729621,0,100717790,0,t
201729790,0,100717790,0,t
201729963,0,100717790,0,t
201734221,1,115711534,3,u
201734221,2,115617305,3,u
201734221,2,115672790,3,u
201734990,0,100241463,0,t
201736077,1,115617305,3,u
201736077,1,115672790,3,u
201736077,2,115711534,3,u
201736426,0,100945551,0,t
201736870,0,100717790,0,t
201737101,0,100717790,0,t
201737417,0,100717790,0,t
201737612,0,100717790,0,t
201737824,0,100717790,0,t
201738139,0,100717790,0,t
201738324,0,100717790,0,t
201738649,0,100945551,0,t
201738800,0,100945551,0,t
201738960,2,115711534,3,u
201738960,3,115617305,3,u
201738960,3,115672790,3,u
201739193,0,100945551,0,t
201739392,0,100945551,0,t
201739615,0,100945551,0,t
201739772,0,100945551,0,t
201740098,0,100945551,0,t
201740334,0,100945551,0,t
201741039,0,106214013,0,t
201741235,0,100945551,0,t
201741419,0,100945551,0,t
201741591,0,100945551,0,t
201742415,0,100945551,0,t
201742860,0,100945551,0,t
201743028,0,100945551,0,t
201743028,2,115617305,3,u
201743028,2,115672790,3,u
201743028,3,115711534,3,u
201743772,0,100945551,0,t
201744287,0,100945551,0,t
201745810,0,100945551,0,t
201747839,1,115617305,3,u
201747839,1,115672790,3,u
201747839,2,115711534,3,u
201748608,2,107073253,2,u
201748608,3,115587945,1,u
201748806,0,100945551,0,t
201749392,0,100945551,0,t
201750304,0,103133660,0,t
201751251,0,100945551,0,t
201751475,0,100945551,0,t
201752137,0,100945551,0,t
201752137,1,115711534,3,u
201752137,2,115558912,3,u
201752137,2,115617305,3,u
201752137,2,115672790,3,u
201752426,1,115711534,3,u
201752426,2,115558912,3,u
201752426,2,115617305,3,u
201752426,2,115672790,3,u
201752747,0,100945551,0,t
201752881,0,100945551,0,t
201752881,2,115711534,3,u
201752881,3,115558912,3,u
201752881,3,115617305,3,u
201752881,3,115672790,3,u
201753574,0,100945551,0,t
201754216,0,100941318,0,t
201754843,0,107232164,0,t
201754986,0,107232164,0,t
201755099,0,100941318,0,t
201755273,0,100941318,0,t
201755466,0,100941318,0,t
201756600,0,100941318,0,t
201756879,0,100941318,0,t
201757097,0,100941318,0,t
201757256,0,100941318,0,t
201757256,2,115617305,3,u
201757256,2,115672790,3,u
201757256,3,115711534,3,u
201757636,0,100941318,0,t
201757860,0,107232164,0,t
201758035,0,107232164,0,t
201758156,0,107232164,0,t
201758519,0,107232164,0,t
201758519,1,115617305,3,u
201758519,1,115672790,3,u
201758519,2,115711534,3,u
201759085,0,107232164,0,t
201759257,0,107232164,0,t
201759257,1,115617305,3,u
201759257,1,115672790,3,u
201759257,2,115711534,3,u
201759445,0,107232164,0,t
201759445,1,115617305,3,u
201759445,1,115672790,3,u
201759445,2,115711534,3,u
201759789,0,107232164,0,t
201759906,0,107232164,0,t
201760412,1,115617305,3,u
201760412,1,115672790,3,u
201760412,2,115711534,3,u
201760685,0,100941318,0,t
201760864,0,100941318,0,t
201760985,0,100941318,0,t
201761186,0,100941318,0,t
201761490,0,100941318,0,t
201761727,0,107157953,0,t
201762074,0,107157953,0,t
201762247,0,107157953,0,t
201762362,0,107157953,0,t
201762608,0,107157953,0,t
201762721,0,107157953,0,t
201762864,0,107157953,0,t
201762989,0,107157953,0,t
201762989,1,115617305,3,u
201762989,1,115672790,3,u
201762989,2,115711534,3,u
201763179,0,100544433,0,t
201763179,0,105803108,0,t
201763179,0,107157953,0,t
201763179,1,115617305,3,u
201763179,1,115672790,3,u
201763179,2,115711534,3,u
201763475,0,105802729,0,t
201763475,1,115617305,3,u
201763475,1,115672790,3,u
201763475,2,115711534,3,u
201763710,0,105802729,0,t
201763710,1,115617305,3,u
201763710,1,115672790,3,u
201763710,2,115711534,3,u
201763956,0,107157953,0,t
201763956,1,115617305,3,u
201763956,1,115672790,3,u
201763956,2,115711534,3,u
201764255,0,105802729,0,t
201764443,0,105802729,0,t
201764631,0,105802729,0,t
201764835,0,107157596,0,t
201765060,0,100428677,0,t
201765194,0,100428677,0,t
201766317,0,107157596,0,t
201766317,0,107298952,0,u
201766467,0,100428677,0,t
201766584,0,100428677,0,t
201766584,0,107157596,0,t
201766726,0,100428677,0,t
201766853,0,106248732,0,t
201767017,0,106248732,0,t
201767470,0,106248732,0,t
201767609,0,106248732,0,t
201767747,0,106248732,0,t
201767872,0,106248732,0,t
201767981,0,106248732,0,t
201768289,1,115617305,3,u
201768289,1,115672790,3,u
201768289,2,115711534,3,u
201768895,1,115617305,3,u
201768895,1,115672790,3,u
201768895,2,115711534,3,u
201770038,0,106248732,0,t
201770277,0,106248732,0,t
201770486,0,100544433,0,t
201770673,0,100544433,0,t
201770785,0,100544433,0,t
201770898,0,106248732,0,t
201771495,0,106248732,0,t
201772047,0,106248732,0,t
201772215,0,100544433,0,t
201772474,0,106248732,0,t
201772687,0,100544433,0,t
201772802,0,106248732,0,t
201773097,0,100544433,0,t
201773097,1,115617305,3,u
201773097,1,115672790,3,u
201773097,2,115711534,3,u
201773366,0,106248732,0,t
201773629,0,106248732,0,t
201774415,0,106248732,0,t
201774638,0,106248732,0,t
201774802,0,106248732,0,t
201774972,0,106248732,0,t
201775118,0,106248732,0,t
201775340,0,106248732,0,t
201775560,0,106248732,0,t
201775761,0,106219119,0,t
201775761,1,115617305,3,u
201775761,1,115672790,3,u
201775761,2,115711534,3,u
201776168,0,106248732,0,t
201776787,0,107142932,0,t
201777365,0,107142932,0,t
201777534,0,107142932,0,t
201777683,0,107142932,0,t
201777890,0,107142932,0,t
201778079,0,107142932,0,t
201778329,0,107142932,0,t
201780161,0,106248732,0,t
201780161,1,115558912,3,u
201780161,1,115617305,3,u
201780161,1,115672790,3,u
201780161,2,115711534,3,u
201780703,0,106248732,0,t
201781904,0,107157953,0,t
201782064,0,107157953,0,t
201782388,0,107157953,0,t
201782628,0,100544433,0,t
201782747,0,100544433,0,t
201782899,0,100544433,0,t
201782899,0,107157953,0,t
201783052,0,100544433,0,t
201783185,0,100544433,0,t
201783185,0,107157953,0,t
201783636,0,100544433,0,t
201783793,0,100544433,0,t
201783910,0,107157953,0,t
201784083,0,100544433,0,t
201784083,1,115617305,3,u
201784083,1,115672790,3,u
201784083,2,115711534,3,u
201784318,0,100544433,0,t
201784442,0,107157953,0,t
201784580,0,100544433,0,t
201784580,3,115617305,3,u
201784580,3,115672790,3,u
201784580,4,115711534,3,u
201784831,0,100544433,0,t
201785013,0,100544433,0,t
201785199,0,100544433,0,t
201785360,0,100544433,0,t
201785506,0,100544433,0,t
201785995,2,115617305,3,u
201785995,2,115672790,3,u
201785995,3,115711534,3,u
201785995,4,115617305,3,u
201785995,4,115672790,3,u
201785995,5,115711534,3,u
201786411,0,100544433,0,t
201786564,0,100544433,0,t
201786702,0,100544433,0,t
201787330,0,100544433,0,t
201787487,0,100544433,0,t
201787655,0,100544433,0,t
201787946,0,100544433,0,t
201788082,0,100544433,0,t
201788314,0,100544433,0,t
201788636,0,107157953,0,t
201788860,0,100544433,0,t
201789001,0,100544433,0,t
201789111,0,100544433,0,t
201789297,0,100544433,0,t
201789455,0,106248732,0,t
201789815,0,100544433,0,t
201789996,0,100544433,0,t
201790204,0,100544433,0,t
201790498,0,100544433,0,t
201790952,0,100544433,0,t
201791114,0,100544433,0,t
201791279,0,100544433,0,t
201791279,0,105803108,0,t
201791416,0,100544433,0,t
201791416,0,105803108,0,t
201791585,0,100544433,0,t
201791585,0,105803108,0,t
201792214,0,106127926,0,t
201792841,0,106264588,0,t
201794426,0,106248356,0,t
201794702,0,106181353,0,t
201796386,0,100922379,0,t
201796807,0,100927929,0,t
201797313,0,100927929,0,t
201797601,0,100927929,0,t
201797962,0,100929831,0,t
201798214,0,100929831,0,t
201798439,0,100927929,0,t
201798685,0,100927929,0,t
201798857,0,100927929,0,t
201798857,1,115617305,3,u
201798857,1,115672790,3,u
201798857,2,115711534,3,u
201799294,0,100927929,0,t
201799465,0,100927929,0,t
201799606,0,100927929,0,t
201801156,1,115617305,3,u
201801156,1,115672790,3,u
201801156,2,115711534,3,u
201802428,2,115617305,3,u
201802428,2,115672790,3,u
201802428,3,115711534,3,u
201804665,0,106219119,0,t
201804665,1,115711534,3,u
201804665,2,115617305,3,u
201804665,2,115672790,3,u
201806022,1,115617305,3,u
201806022,1,115672790,3,u
201806022,2,115711534,3,u
201806456,0,100945551,0,t
201806616,0,100945551,0,t
201806722,0,100945551,0,t
201806852,0,100945551,0,t
201807364,0,100945551,0,t
201807483,0,100945551,0,t
201807730,0,100945551,0,t
201808083,0,100717790,0,t
201808235,0,107142932,0,t
201808451,0,107142932,0,t
201808607,0,100428677,0,t
201808607,0,107157596,0,t
201808898,0,100929831,0,t
201809087,0,100717790,0,t
201809808,0,106156983,0,t
201811674,0,100941318,0,t
201812541,0,100428677,0,t
201813881,0,100941318,0,t
201814183,1,115617305,3,u
201814183,1,115672790,3,u
201814183,2,115711534,3,u
201814557,0,105082404,0,t
201815213,0,106174934,0,t
201819600,0,100850152,0,t
201819870,0,100850152,0,t
201822179,8,115617305,3,u
201822179,8,115672790,3,u
201822179,9,115711534,3,u
201830639,0,100850152,0,t
201830828,3,115711534,3,u
201830828,4,115558912,3,u
201830828,4,115617305,3,u
201830828,4,115672790,3,u
201836006,2,115617305,3,u
201836006,2,115672790,3,u
201836006,3,115711534,3,u
201837036,0,106035426,0,t
201838943,2,115617305,3,u
201838943,2,115672790,3,u
201838943,3,115711534,3,u
201839816,2,115617305,3,u
201839816,2,115672790,3,u
201839816,3,115711534,3,u
201840766,2,115617305,3,u
201840766,2,115672790,3,u
201840766,3,115711534,3,u
201852854,1,115617305,3,u
201852854,1,115672790,3,u
201852854,2,115711534,3,u
201853071,1,115617305,3,u
201853071,1,115672790,3,u
201853071,2,115711534,3,u
201858733,0,100850152,0,t
201859427,0,108594855,0,t
201859644,1,115617305,3,u
201859644,1,115672790,3,u
201859644,2,115711534,3,u
201859902,1,115617305,3,u
201859902,1,115672790,3,u
201859902,2,115711534,3,u
201864996,8,115711534,3,u
201864996,9,115558912,3,u
201864996,9,115617305,3,u
201864996,9,115672790,3,u
201865881,1,115617305,3,u
201865881,1,115672790,3,u
201865881,2,115711534,3,u
201866153,0,100850152,0,t
201866413,0,100850152,0,t
201869145,1,115617305,3,u
201869145,1,115672790,3,u
201869145,2,115711534,3,u
201869145,5,115617305,3,u
201869145,5,115672790,3,u
201869145,6,115711534,3,u
201873247,3,115617305,3,u
201873247,3,115672790,3,u
201873247,4,115711534,3,u
201874415,0,100706981,0,t
201879325,4,115711534,3,u
201879325,5,115558912,3,u
201879325,5,115617305,3,u
201879325,5,115672790,3,u
201880769,1,115617305,3,u
201880769,1,115672790,3,u
201880769,2,115711534,3,u
201881488,2,115617305,3,u
201881488,2,115672790,3,u
201881488,3,115711534,3,u
201882021,1,115617305,3,u
201882021,1,115672790,3,u
201882021,2,115711534,3,u
201899763,0,100299104,0,t
201899909,0,100299104,0,t
201900176,0,100299104,0,t
201901618,0,106187435,0,t
201904566,0,100299104,0,t
201904812,0,100299104,0,t
201909982,0,100297160,0,t
201912602,1,115711534,3,u
201912602,2,115558912,3,u
201912602,2,115617305,3,u
201912602,2,115672790,3,u
201921592,0,100297160,0,t
201922129,0,105719107,0,t
201922289,0,100297160,0,t
201922452,0,100297160,0,t
201922702,0,100297160,0,t
201923002,0,100299104,0,t
201923138,0,100299104,0,t
201923520,0,100297160,0,t
201923771,0,100297160,0,t
201923954,0,100297160,0,t
201924178,0,100297160,0,t
201926132,0,106382527,0,u
201947872,0,100036965,0,t
201952186,0,109018179,0,r
201966965,0,107213814,0,u
201981229,0,100524699,0,t
201981463,0,100524699,0,t
201983509,0,100524699,0,t
201983672,0,100524699,0,t
201983672,1,115587945,1,u
201983672,2,107073253,2,u
201984932,0,100299104,0,t
201986714,0,100524699,0,t
201987897,0,100472330,0,t
201988133,0,100524699,0,t
201988678,0,100821108,0,t
201988840,0,100821108,0,t
201988969,0,100821108,0,t
201989076,0,100524699,0,t
201990803,0,100297160,0,t
201991186,0,100297160,0,t
201991442,0,100297160,0,t
201991578,0,100297160,0,t
201991966,0,100297160,0,t
201992102,0,100297160,0,t
201992293,0,100297160,0,t
201992495,1,115617305,3,u
201992495,1,115672790,3,u
201992495,2,115711534,3,u
201992495,7,115711534,3,u
201992495,8,115558912,3,u
201992495,8,115617305,3,u
201992495,8,115672790,3,u
201993446,0,100299104,0,t
201993694,0,100313133,0,t
201993811,0,100313133,0,t
201994626,0,106187435,0,t
201995177,0,100297160,0,t
201995481,0,100297160,0,t
201995592,0,100297160,0,t
201995726,0,100297160,0,t
201997504,0,100524699,0,t
201997818,0,100524699,0,t
201997973,0,100524699,0,t
201998145,0,100524699,0,t
201998285,0,100524699,0,t
201998546,0,100524699,0,t
201998743,0,100524699,0,t
201999039,0,100524699,0,t
201999177,0,100524699,0,t
201999693,0,100524699,0,t
201999925,0,100524699,0,t
201999925,1,107073253,2,u
201999925,2,115587945,1,u
202000600,0,100524699,0,t
202000823,0,100524699,0,t
202001037,0,100524699,0,t
202001900,0,100299104,0,t
202001900,0,102732078,0,t
202002511,0,100299104,0,t
202002645,0,100299104,0,t
202002794,0,100299104,0,t
202002944,0,100299104,0,t
202003041,0,100299104,0,t
202003154,0,100299104,0,t
202003367,0,100299104,0,t
202003766,0,100299104,0,t
202005517,0,100821108,0,t
202005801,0,100821108,0,t
202006206,0,100821108,0,t
202006341,0,100821108,0,t
202006762,0,100821108,0,t
202006962,0,100821108,0,t
202007103,0,100821108,0,t
202007232,0,100821108,0,t
202007232,0,102906320,0,t
202007484,0,100821108,0,t
202008176,0,100524699,0,t
202008176,0,102906320,0,t
202008367,0,100524699,0,t
202008559,0,100524699,0,t
202008711,0,100524699,0,t
202008901,0,100524699,0,t
202009274,0,100524699,0,t
202010042,0,100821108,0,t
202010259,0,100821108,0,t
202010498,0,100821108,0,t
202010790,0,100821108,0,t
202011326,0,100821108,0,t
202014499,1,115617305,3,u
202014499,1,115672790,3,u
202014499,2,115711534,3,u
202017643,0,100297160,0,t
202018226,0,100297160,0,t
202018482,0,100297880,0,t
202018948,0,100297880,0,t
202019223,0,100297880,0,t
202019397,0,100297880,0,t
202019560,0,100297880,0,t
202019560,0,100450890,0,t
202019813,0,100297880,0,t
202019813,0,100450890,0,t
202019967,0,100297880,0,t
202019967,0,100450890,0,t
202020285,0,100297880,0,t
202020427,0,100297880,0,t
202020427,0,100450890,0,t
202020881,0,100297880,0,t
202020881,0,100450890,0,t
202021059,0,100297880,0,t
202021059,0,100450890,0,t
202021250,0,100297880,0,t
202021250,0,100450890,0,t
202021733,0,100297880,0,t
202021733,0,100450890,0,t
202022793,0,100442299,0,t
202022961,0,100442299,0,t
202023076,0,100442299,0,t
202023280,0,100442299,0,t
202023477,0,100442299,0,t
202023967,0,100442299,0,t
202024232,0,100524699,0,t
202024418,0,100442299,0,t
202024561,0,100524699,0,t
202024757,0,100299104,0,t
202024897,0,100524699,0,t
202026451,0,100524699,0,t
202028339,0,100524699,0,t
202028768,0,100299104,0,t
202029057,0,100299104,0,t
202031150,0,100504023,0,t
202031284,0,100299104,0,t
202031507,0,106185544,0,t
202031824,0,106185544,0,t
202036192,0,106779878,0,t
202036663,0,100434272,0,t
202041050,0,102732078,0,t
202041983,0,100299104,0,t
202042132,0,100299104,0,t
202042286,0,100299104,0,t
202042402,0,100299104,0,t
202049284,0,106174934,0,t
202049284,1,115617305,3,u
202049284,1,115672790,3,u
202049284,2,115711534,3,u
202049496,0,106174934,0,t
202049496,1,115617305,3,u
202049496,1,115672790,3,u
202049496,2,115711534,3,u
202072644,2,107213814,1,u
202075376,0,100620561,0,t
202078332,0,100299104,0,t
202080353,0,100299104,0,t
202092872,0,108351716,0,t
202093748,0,108351716,0,t
202095829,0,100299104,0,t
202096273,0,102736683,0,t
202105892,1,115617305,3,u
202105892,1,115672790,3,u
202105892,2,115711534,3,u
202124928,0,101190226,0,t
202151262,0,100472330,0,t
202160147,1,115617305,3,u
202160147,1,115672790,3,u
202160147,2,115711534,3,u
202165038,0,100446351,0,t
202167424,0,106181353,0,t
202168001,0,100472154,0,t
202168188,0,106465764,0,t
202170708,0,106227072,0,t
202173103,0,106133372,0,t
202175353,0,100312311,0,t
202175566,0,106191300,0,t
202176274,2,115617305,3,u
202176274,2,115672790,3,u
202176274,3,115711534,3,u
202176839,0,100914777,0,t
202177038,0,100914777,0,t
202177215,0,100914777,0,t
202177407,0,100914777,0,t
202177635,0,100914777,0,t
202177635,1,115617305,3,u
202177635,1,115672790,3,u
202177635,2,115711534,3,u
202177898,0,100914777,0,t
202177898,1,115617305,3,u
202177898,1,115672790,3,u
202177898,2,115711534,3,u
202178127,0,100914777,0,t
202178332,0,100914777,0,t
202178332,1,115617305,3,u
202178332,1,115672790,3,u
202178332,2,115711534,3,u
202178686,1,115617305,3,u
202178686,1,115672790,3,u
202178686,2,115711534,3,u
202178937,1,115617305,3,u
202178937,1,115672790,3,u
202178937,2,115711534,3,u
202179848,1,115617305,3,u
202179848,1,115672790,3,u
202179848,2,115711534,3,u
202180263,0,100850152,0,t
202181334,0,100850152,0,t
202190522,1,115617305,3,u
202190522,1,115672790,3,u
202190522,2,115711534,3,u
202191060,1,115617305,3,u
202191060,1,115672790,3,u
202191060,2,115711534,3,u
202197823,0,106185544,0,t
202201013,0,106185296,0,t
202201514,0,106191300,0,t
202203596,0,100914777,0,t
202203596,0,113769796,0,t
202203893,0,100914777,0,t
202203893,0,113769796,0,t
202204191,0,113769796,0,t
202207659,0,100945551,0,t
202208008,0,105887537,0,t
202209118,0,106275710,0,t
202213537,1,115711534,3,u
202213537,2,115558912,3,u
202213537,2,115617305,3,u
202213537,2,115672790,3,u
202215030,0,106133372,0,t
202215183,0,106133372,0,t
202216439,0,106133372,0,t
202216439,1,115617305,3,u
202216439,1,115672790,3,u
202216439,2,115711534,3,u
202218507,1,115617305,3,u
202218507,1,115672790,3,u
202218507,2,115711534,3,u
202232698,0,107213814,0,u
202233133,1,115711534,3,u
202233133,2,115558912,3,u
202233133,2,115617305,3,u
202233133,2,115672790,3,u
202234366,0,105719107,0,t
202240173,1,115711534,3,u
202240173,2,115558912,3,u
202240173,2,115617305,3,u
202240173,2,115672790,3,u
202245794,0,107157953,0,t
202257691,0,100241463,0,t
202257691,1,115711534,3,u
202257691,2,115558912,3,u
202257691,2,115617305,3,u
202257691,2,115672790,3,u
202258244,0,100241463,0,t
202258402,0,101143107,0,t
202258589,0,100241463,0,t
202258837,0,100241463,0,t
202259213,5,115617305,3,u
202259213,5,115672790,3,u
202259213,6,115711534,3,u
202259742,0,106191300,0,t
202260104,1,115711534,3,u
202260104,2,115558912,3,u
202260104,2,115617305,3,u
202260104,2,115672790,3,u
202260344,0,100241463,0,t
202260344,1,115711534,3,u
202260344,2,115558912,3,u
202260344,2,115617305,3,u
202260344,2,115672790,3,u
202260568,1,115711534,3,u
202260568,2,115558912,3,u
202260568,2,115617305,3,u
202260568,2,115672790,3,u
202262457,0,100241463,0,t
202262590,0,100241463,0,t
202271228,1,115617305,3,u
202271228,1,115672790,3,u
202271228,2,115711534,3,u
202274150,0,101105764,0,t
202275062,0,101105764,0,t
202275209,0,101105764,0,t
202275353,0,101105764,0,t
202279104,0,101105764,0,t
202282073,1,115617305,3,u
202282073,1,115672790,3,u
202282073,2,115711534,3,u
202284012,1,115617305,3,u
202284012,1,115672790,3,u
202284012,2,115711534,3,u
202284370,1,115617305,3,u
202284370,1,115672790,3,u
202284370,2,115711534,3,u
202286175,1,115617305,3,u
202286175,1,115672790,3,u
202286175,2,115711534,3,u
202287413,1,115617305,3,u
202287413,1,115672790,3,u
202287413,2,115711534,3,u
202288912,0,101105764,0,t
202289038,0,108594855,0,t
202293923,0,100612575,0,t
202294102,0,100609459,0,t
202294906,0,107298952,0,u
202299535,0,106219119,0,t
202300365,0,106219119,0,t
202300520,0,106219119,0,t
202301176,0,106219119,0,t
202305312,1,115711534,3,u
202305312,2,115558912,3,u
202305312,2,115617305,3,u
202305312,2,115672790,3,u
202305700,1,115711534,3,u
202305700,2,115558912,3,u
202305700,2,115617305,3,u
202305700,2,115672790,3,u
202309490,0,100770576,0,t
202309636,0,100770576,0,t
202309780,0,100770576,0,t
202309918,0,100770576,0,t
202310125,0,100770576,0,t
202310333,0,101105764,0,t
202311055,0,101105764,0,t
202311330,0,101105764,0,t
202311499,0,101105764,0,t
202311836,0,100945551,0,t
202311836,0,101105764,0,t
202312295,0,100770576,0,t
202312295,0,101105764,0,t
202312472,0,101105764,0,t
202312472,1,115617305,3,u
202312472,1,115672790,3,u
202312472,2,115711534,3,u
202312699,0,101105764,0,t
202312882,0,101105764,0,t
202313481,0,100770576,0,t
202313691,0,101105764,0,t
202313919,0,101105764,0,t
202314143,0,100770576,0,t
202314277,0,100770576,0,t
202314433,0,100488880,0,t
202314663,0,100488880,0,t
202314885,0,100488880,0,t
202315005,0,101105764,0,t
202315203,0,101105764,0,t
202315579,0,101105764,0,t
202316884,0,106219119,0,t
202317094,0,106219119,0,t
202324941,0,100770576,0,t
202326249,0,106090243,0,t
202326445,0,106094474,0,t
202328046,0,101105764,0,t
202328323,0,101105764,0,t
202328767,0,101105764,0,t
202328956,0,101105764,0,t
202329120,0,100770576,0,t
202329253,0,101105764,0,t
202329461,0,101105764,0,t
202333600,0,105746396,0,t
202333766,0,101105764,0,t
202333766,0,107211994,0,u
202337273,2,115617305,3,u
202337273,2,115672790,3,u
202337273,3,115711534,3,u
202337672,1,115617305,3,u
202337672,1,115672790,3,u
202337672,2,115711534,3,u
202340616,0,101114796,0,t
202345399,0,100770576,0,t
202345564,0,100770576,0,t
202345709,0,100770576,0,t
202345924,0,100770576,0,t
202346158,0,100770576,0,t
202346322,0,100770576,0,t
202346322,2,115617305,3,u
202346322,2,115672790,3,u
202346322,3,115711534,3,u
202346788,0,100770576,0,t
202348108,1,115617305,3,u
202348108,1,115672790,3,u
202348108,2,115711534,3,u
202352561,0,100770576,0,t
202353009,0,101114796,0,t
202353127,0,100770576,0,t
202353286,0,100770576,0,t
202355571,0,101105764,0,t
202357983,7,115617305,3,u
202357983,7,115672790,3,u
202357983,8,115711534,3,u
202359597,0,101114796,0,t
202360567,0,113562727,0,t
202362933,0,101105764,0,t
202364892,1,115617305,3,u
202364892,1,115672790,3,u
202364892,2,115711534,3,u
202365714,1,115617305,3,u
202365714,1,115672790,3,u
202365714,2,115711534,3,u
202366947,0,101105764,0,t
202367258,0,101105764,0,t
202367419,0,100088051,0,t
202367803,0,100088051,0,t
202367915,0,101114796,0,t
202368357,0,100088051,0,t
202368492,0,100088051,0,t
202368606,0,100088051,0,t
202368729,0,100088051,0,t
202368865,0,100488880,0,t
202369346,0,100491318,0,t
202369797,0,100491318,0,t
202369948,0,100491318,0,t
202370117,0,100491318,0,t
202370913,1,115587945,1,u
202379266,0,108594855,0,t
202387016,2,115617305,3,u
202387016,2,115672790,3,u
202387016,3,115711534,3,u
202391997,0,100928676,0,t
202392111,0,100928676,0,t
202392473,0,101105764,0,t
202395173,0,101105764,0,t
202395403,0,101105764,0,t
202395560,0,101105764,0,t
202395877,0,101105764,0,t
202396000,0,101105764,0,t
202399008,0,100928676,0,t
202399163,0,100928676,0,t
202399677,0,100612575,0,t
202399837,0,100612575,0,t
202400172,1,115617305,3,u
202400172,1,115672790,3,u
202400172,2,115711534,3,u
202400454,0,106376408,0,t
202400813,0,100612575,0,t
202401798,0,106248732,0,t
202401932,0,101117409,0,t
202403466,0,100612575,0,t
202403660,0,100612575,0,t
202403789,0,100609226,0,t
202403945,0,100609226,0,t
202404082,0,100612575,0,t
202405116,0,100612575,0,t
202405502,2,115617305,3,u
202405502,2,115672790,3,u
202405502,3,115711534,3,u
202406908,1,115617305,3,u
202406908,1,115672790,3,u
202406908,2,115711534,3,u
202407146,0,106248732,0,t
202407300,0,100609226,0,t
202407471,0,100612575,0,t
202410337,1,115617305,3,u
202410337,1,115672790,3,u
202410337,2,115711534,3,u
202411342,1,115711534,3,u
202411342,2,115558912,3,u
202411342,2,115617305,3,u
202411342,2,115672790,3,u
202411550,0,100609226,0,t
202411750,1,115711534,3,u
202411750,2,115558912,3,u
202411750,2,115617305,3,u
202411750,2,115672790,3,u
202412232,1,115617305,3,u
202412232,1,115672790,3,u
202412232,2,115711534,3,u
202415191,0,100770576,0,t
202415777,0,100770576,0,t
202415777,0,101105764,0,t
202416057,0,101105764,0,t
202416330,0,101105764,0,t
202417159,0,101105764,0,t
202418507,3,115617305,3,u
202418507,3,115672790,3,u
202418507,4,115711534,3,u
202418923,1,115617305,3,u
202418923,1,115672790,3,u
202418923,2,115711534,3,u
202420118,1,115711534,3,u
202420118,2,115558912,3,u
202420118,2,115617305,3,u
202420118,2,115672790,3,u
202422428,1,115617305,3,u
202422428,1,115672790,3,u
202422428,2,115711534,3,u
202423046,0,106214013,0,t
202423168,0,106214013,0,t
202424066,0,100612575,0,t
202424206,0,101105764,0,t
202424334,0,101117409,0,t
202424509,0,100609459,0,t
202425481,0,100770576,0,t
202427453,1,115617305,3,u
202427453,1,115672790,3,u
202427453,2,115711534,3,u
202430858,1,115617305,3,u
202430858,1,115672790,3,u
202430858,2,115711534,3,u
202432023,0,100612575,0,t
202432193,0,100612575,0,t
202434495,0,106153998,0,t
202436083,0,106779878,0,t
202436252,0,106779878,0,t
202441376,1,115558912,3,u
202441376,1,115617305,3,u
202441376,1,115672790,3,u
202441376,2,115711534,3,u
202441719,2,115711534,3,u
202441719,3,115558912,3,u
202441719,3,115617305,3,u
202441719,3,115672790,3,u
202450144,1,115617305,3,u
202450144,1,115672790,3,u
202450144,2,115711534,3,u
202459688,1,115617305,3,u
202459688,1,115672790,3,u
202459688,2,115711534,3,u
202461303,1,115617305,3,u
202461303,1,115672790,3,u
202461303,2,115711534,3,u
202461907,1,115617305,3,u
202461907,1,115672790,3,u
202461907,2,115711534,3,u
202462941,1,115617305,3,u
202462941,1,115672790,3,u
202462941,2,115711534,3,u
202467534,2,115617305,3,u
202467534,2,115672790,3,u
202467534,3,115711534,3,u
202467808,1,115617305,3,u
202467808,1,115672790,3,u
202467808,2,115711534,3,u
202470665,0,108427628,0,t
202471886,1,115617305,3,u
202471886,1,115672790,3,u
202471886,2,115711534,3,u
202472200,2,115617305,3,u
202472200,2,115672790,3,u
202472200,3,115711534,3,u
202473338,1,115711534,3,u
202473338,2,115558912,3,u
202473338,2,115617305,3,u
202473338,2,115672790,3,u
202473628,0,108594855,0,t
202480470,2,115711534,3,u
202480470,3,115558912,3,u
202480470,3,115617305,3,u
202480470,3,115672790,3,u
202486799,0,100934986,0,t
202488948,1,115711534,3,u
202488948,2,115558912,3,u
202488948,2,115617305,3,u
202488948,2,115672790,3,u
202491761,0,100524699,0,t
202493330,5,115711534,3,u
202493330,6,115558912,3,u
202493330,6,115617305,3,u
202493330,6,115672790,3,u
202506102,1,115617305,3,u
202506102,1,115672790,3,u
202506102,2,115711534,3,u
202506604,1,115617305,3,u
202506604,1,115672790,3,u
202506604,2,115711534,3,u
202506809,1,115617305,3,u
202506809,1,115672790,3,u
202506809,2,115711534,3,u
202507124,2,115617305,3,u
202507124,2,115672790,3,u
202507124,3,115711534,3,u
202507567,1,115617305,3,u
202507567,1,115672790,3,u
202507567,2,115711534,3,u
202507976,1,115617305,3,u
202507976,1,115672790,3,u
202507976,2,115711534,3,u
202508152,1,115617305,3,u
202508152,1,115672790,3,u
202508152,2,115711534,3,u
202508152,3,115617305,3,u
202508152,3,115672790,3,u
202508152,4,115711534,3,u
202509967,1,115617305,3,u
202509967,1,115672790,3,u
202509967,2,115711534,3,u
202510297,1,115617305,3,u
202510297,1,115672790,3,u
202510297,2,115711534,3,u
202515969,1,115617305,3,u
202515969,1,115672790,3,u
202515969,2,115711534,3,u
202516904,1,115617305,3,u
202516904,1,115672790,3,u
202516904,2,115711534,3,u
202519059,2,115558912,3,u
202519059,2,115617305,3,u
202519059,2,115672790,3,u
202519059,3,115711534,3,u
202519573,2,115617305,3,u
202519573,2,115672790,3,u
202519573,3,115711534,3,u
202520730,1,115617305,3,u
202520730,1,115672790,3,u
202520730,2,115711534,3,u
202522165,0,101105764,0,t
202522702,0,108117081,0,t
202522808,2,115617305,3,u
202522808,2,115672790,3,u
202522808,3,115711534,3,u
202526846,0,106127926,0,t
202526846,0,106174934,0,t
202529149,1,115711534,3,u
202529149,2,115558912,3,u
202529149,2,115617305,3,u
202529149,2,115672790,3,u
202530155,1,115617305,3,u
202530155,1,115672790,3,u
202530155,2,115711534,3,u
202532824,2,115711534,3,u
202532824,3,115558912,3,u
202532824,3,115617305,3,u
202532824,3,115672790,3,u
202535751,0,100928676,0,t
202539827,0,109018179,0,r
202540535,1,115711534,3,u
202540535,2,115558912,3,u
202540535,2,115617305,3,u
202540535,2,115672790,3,u
202541183,0,108594855,0,t
202541544,1,115617305,3,u
202541544,1,115672790,3,u
202541544,2,115711534,3,u
202542095,3,115617305,3,u
202542095,3,115672790,3,u
202542095,4,115711534,3,u
202542514,0,101141977,0,t
202543021,1,115617305,3,u
202543021,1,115672790,3,u
202543021,2,115711534,3,u
202543278,1,115617305,3,u
202543278,1,115672790,3,u
202543278,2,115711534,3,u
202544411,1,115617305,3,u
202544411,1,115672790,3,u
202544411,2,115711534,3,u
202545000,1,115617305,3,u
202545000,1,115672790,3,u
202545000,2,115711534,3,u
202545975,1,115617305,3,u
202545975,1,115672790,3,u
202545975,2,115711534,3,u
202550461,1,115617305,3,u
202550461,1,115672790,3,u
202550461,2,115711534,3,u
202551140,0,108233538,0,t
202551317,0,108233538,0,t
202552072,2,115617305,3,u
202552072,2,115672790,3,u
202552072,3,115711534,3,u
202552366,0,108290707,0,t
202555120,0,100612980,0,t
202555500,1,115617305,3,u
202555500,1,115672790,3,u
202555500,2,115711534,3,u
202555792,1,115617305,3,u
202555792,1,115672790,3,u
202555792,2,115711534,3,u
202557508,0,100612980,0,t
202557843,1,115617305,3,u
202557843,1,115672790,3,u
202557843,2,115711534,3,u
202557843,3,115617305,3,u
202557843,3,115672790,3,u
202557843,4,115711534,3,u
202558283,1,115617305,3,u
202558283,1,115672790,3,u
202558283,2,115711534,3,u
202558545,1,115617305,3,u
202558545,1,115672790,3,u
202558545,2,115711534,3,u
202558545,3,115617305,3,u
202558545,3,115672790,3,u
202558545,4,115711534,3,u
202558545,6,115617305,3,u
202558545,6,115672790,3,u
202558545,7,115711534,3,u
202558545,8,115617305,3,u
202558545,8,115672790,3,u
202558545,9,115711534,3,u
202559780,0,106820300,0,u
202560392,0,106820300,0,u
202567358,1,115617305,3,u
202567358,1,115672790,3,u
202567358,2,115711534,3,u
202571373,0,106347454,0,t
202571965,0,108594855,0,t
202572062,0,108594855,0,t
202572062,1,115617305,3,u
202572062,1,115672790,3,u
202572062,5,115711534,3,u
202573391,0,108594855,0,t
202577469,1,115617305,3,u
202577469,1,115672790,3,u
202577469,2,115711534,3,u
202578497,1,115617305,3,u
202578497,1,115672790,3,u
202578497,2,115711534,3,u
202581974,5,115617305,3,u
202581974,5,115672790,3,u
202581974,6,115711534,3,u
202584375,1,115617305,3,u
202584375,1,115672790,3,u
202584375,2,115711534,3,u
202586317,4,115617305,3,u
202586317,4,115672790,3,u
202586317,5,115711534,3,u
202588101,1,115617305,3,u
202588101,1,115672790,3,u
202588101,2,115711534,3,u
202589772,3,115617305,3,u
202589772,3,115672790,3,u
202589772,4,115711534,3,u
202591738,2,115711534,3,u
202591738,3,115558912,3,u
202591738,3,115617305,3,u
202591738,3,115672790,3,u
202592096,0,100697300,0,t
202592233,0,108594855,0,t
202594327,1,115617305,3,u
202594327,1,115672790,3,u
202594327,2,115711534,3,u
202597573,1,115617305,3,u
202597573,1,115672790,3,u
202597573,2,115711534,3,u
202599132,0,106089378,0,t
202603625,0,100524699,0,t
202605416,0,107211994,0,u
202609674,1,115711534,3,u
202609674,2,115558912,3,u
202609674,2,115617305,3,u
202609674,2,115672790,3,u
202611027,0,107213814,0,u
202612184,1,115617305,3,u
202612184,1,115672790,3,u
202612184,2,115711534,3,u
202612394,1,115617305,3,u
202612394,1,115672790,3,u
202612394,2,115711534,3,u
202612610,1,115617305,3,u
202612610,1,115672790,3,u
202612610,2,115711534,3,u
202615942,1,115711534,3,u
202615942,2,115558912,3,u
202615942,2,115617305,3,u
202615942,2,115672790,3,u
202625177,1,115711534,3,u
202625177,2,115558912,3,u
202625177,2,115617305,3,u
202625177,2,115672790,3,u
202625645,1,115617305,3,u
202625645,1,115672790,3,u
202625645,2,115711534,3,u
202626460,3,115711534,3,u
202626460,4,115558912,3,u
202626460,4,115617305,3,u
202626460,4,115672790,3,u
202628039,1,115711534,3,u
202628039,2,115558912,3,u
202628039,2,115617305,3,u
202628039,2,115672790,3,u
202631045,0,108233538,0,t
202633930,0,100927929,0,t
202638723,0,106820300,0,u
202644793,1,115617305,3,u
202644793,1,115672790,3,u
202644793,2,115711534,3,u
202647546,2,115711534,3,u
202647546,3,115558912,3,u
202647546,3,115617305,3,u
202647546,3,115672790,3,u
202648495,2,115617305,3,u
202648495,2,115672790,3,u
202648495,3,115711534,3,u
202648732,1,115617305,3,u
202648732,1,115672790,3,u
202648732,2,115711534,3,u
202648889,3,115558912,3,u
202648889,3,115617305,3,u
202648889,3,115672790,3,u
202648889,4,115711534,3,u
202649195,1,115617305,3,u
202649195,1,115672790,3,u
202649195,2,115711534,3,u
202651915,1,115617305,3,u
202651915,1,115672790,3,u
202651915,2,115711534,3,u
202653039,0,106820300,0,u
202654844,1,115617305,3,u
202654844,1,115672790,3,u
202654844,2,115711534,3,u
202660022,1,115617305,3,u
202660022,1,115672790,3,u
202660022,2,115711534,3,u
202660280,4,115617305,3,u
202660280,4,115672790,3,u
202660280,5,115711534,3,u
202661467,0,107265016,0,u
202661762,1,115617305,3,u
202661762,1,115672790,3,u
202661762,2,115711534,3,u
202664547,1,115711534,3,u
202664547,2,115617305,3,u
202664547,2,115672790,3,u
202668315,2,115617305,3,u
202668315,2,115672790,3,u
202668315,3,115711534,3,u
202671504,1,115617305,3,u
202671504,1,115672790,3,u
202671504,2,115711534,3,u
202671888,1,115617305,3,u
202671888,1,115672790,3,u
202671888,2,115711534,3,u
202672188,2,115617305,3,u
202672188,2,115672790,3,u
202672188,3,115711534,3,u
202681441,0,107213814,0,u
202688017,1,115711534,3,u
202688017,2,115558912,3,u
202688017,2,115617305,3,u
202688017,2,115672790,3,u
202688265,1,115711534,3,u
202688265,2,115558912,3,u
202688265,2,115617305,3,u
202688265,2,115672790,3,u
202693061,0,101047273,0,t
202694340,0,107298952,0,u
202718661,0,107211994,0,u
202734946,0,108351716,0,t
202738286,1,115711534,3,u
202738286,2,115558912,3,u
202738286,2,115617305,3,u
202738286,2,115672790,3,u
202743517,0,107232164,0,t
202744144,0,106191300,0,t
202745022,0,106108363,0,t
202750036,0,105835327,0,t
202750193,0,105835327,0,t
202750761,1,115711534,3,u
202750761,2,115617305,3,u
202750761,2,115672790,3,u
202755722,3,115617305,3,u
202755722,3,115672790,3,u
202755722,4,115711534,3,u
202757931,0,106219119,0,t
202759229,1,115711534,3,u
202759229,3,115558912,3,u
202759229,3,115617305,3,u
202759229,3,115672790,3,u
202776014,1,115617305,3,u
202776014,1,115672790,3,u
202776014,2,115711534,3,u
202776014,3,115617305,3,u
202776014,3,115672790,3,u
202776014,4,115711534,3,u
202779687,1,115617305,3,u
202779687,1,115672790,3,u
202779687,2,115711534,3,u
202780969,3,115617305,3,u
202780969,3,115672790,3,u
202780969,4,115711534,3,u
202781856,1,115617305,3,u
202781856,1,115672790,3,u
202781856,2,115711534,3,u
202782689,0,106035426,0,t
202783104,1,115617305,3,u
202783104,1,115672790,3,u
202783104,2,115711534,3,u
202784168,6,115617305,3,u
202784168,6,115672790,3,u
202784168,7,115711534,3,u
202793099,1,115587945,1,u
202793099,2,107073253,2,u
202798641,0,106206260,0,t
202811521,0,100524699,0,t
202813584,0,101105764,0,t
202813798,0,101105764,0,t
202817218,0,106090243,0,t
202817420,0,106090243,0,t
202824213,1,115617305,3,u
202824213,1,115672790,3,u
202824213,2,115711534,3,u
202824213,3,115617305,3,u
202824213,3,115672790,3,u
202824213,4,115711534,3,u
202826974,0,106266222,0,t
202830694,0,106093856,0,t
202832546,0,106093856,0,t
202833772,0,106820300,0,u
202836113,0,106090243,0,t
202837753,3,115617305,3,u
202837753,3,115672790,3,u
202837753,4,115711534,3,u
202849956,0,109404213,0,t
202858536,1,115617305,3,u
202858536,1,115672790,3,u
202858536,2,115711534,3,u
202858536,3,115617305,3,u
202858536,3,115672790,3,u
202858536,4,115711534,3,u
202860363,0,115777713,0,t
202860872,0,107075237,0,u
202861098,0,115777713,0,t
202861098,1,115711534,3,u
202861098,2,115558912,3,u
202861098,2,115617305,3,u
202861098,2,115672790,3,u
202862314,0,102998475,0,t
202863155,0,107075237,0,u
202863249,0,107075237,0,u
202864848,0,107075237,0,u
202865492,0,107075237,0,u
202865798,0,107075237,0,u
202866049,0,109252938,0,r
300002320,0,106127926,0,t
300002535,0,106127926,0,t
300002738,0,106156983,0,t
300002851,0,106156983,0,t
300002964,0,106170987,0,t
300003139,0,106170987,0,t
300004823,0,107213814,0,u
300004823,0,109018179,0,r
300005846,0,106416107,0,u
300005846,0,107213814,0,u
300015082,0,106240390,0,t
300017172,0,106240390,0,t
300019491,0,107213814,0,u
300020632,0,107213814,0,u
300022422,0,107213814,0,u
300023643,0,100472330,0,t
300025266,0,106174934,0,t
300025498,0,106174934,0,t
300025756,0,106174934,0,t
300026196,0,106174934,0,t
300026543,0,106174934,0,t
300026734,0,100011488,0,t
300027102,0,100011488,0,t
300031667,0,106156983,0,t
300031817,0,106156983,0,t
300033070,0,107213814,0,u
300034917,0,108351716,0,t
300036991,0,101110137,0,t
300037450,0,106151255,0,t
300037750,0,106151255,0,t
300038253,0,106151255,0,t
300038455,0,106151255,0,t
300038616,0,106151255,0,t
300040466,0,109636449,0,t
300041817,0,106266222,0,t
300042052,0,106266222,0,t
300042255,0,106266222,0,t
300042406,0,106266222,0,t
300043587,0,106185544,0,t
300043791,0,106185544,0,t
300044937,0,106133372,0,t
300045300,0,106133372,0,t
300045912,0,101348569,0,t
300055512,0,108594855,0,t
300055711,0,108594855,0,t
300056832,3,115711534,3,u
300056832,4,115617305,3,u
300056832,4,115672790,3,u
300058221,0,100009618,0,t
300058509,0,105887537,0,t
300059276,0,105887537,0,t
300059918,1,115711534,3,u
300059918,2,115617305,3,u
300059918,2,115672790,3,u
300068088,0,106417815,0,u
300071019,0,106248356,0,t
300072008,0,106401978,0,u
300079231,0,107298176,0,u
300084058,0,101110137,0,t
300090460,0,106820300,0,u
300093227,0,107213814,0,u
300093227,0,109018179,0,r
300094366,0,108594855,0,t
300096964,0,106706652,0,u
300101494,0,100524699,0,t
300107209,1,115711534,3,u
300107209,3,115558912,3,u
300107209,3,115617305,3,u
300107209,3,115672790,3,u
300109091,0,106206260,0,t
300109262,0,106206260,0,t
300109844,0,106206260,0,t
300109961,0,106206260,0,t
300110461,0,106209103,0,t
300110610,0,106209103,0,t
300110794,0,100706981,0,t
300111080,0,100706981,0,t
300111325,0,106189791,0,t
300111325,1,115711534,3,u
300111325,2,115558912,3,u
300111325,2,115617305,3,u
300111325,2,115672790,3,u
300111605,0,106189791,0,t
300111757,0,106255232,0,t
300112037,0,106255232,0,t
300112327,0,106264588,0,t
300112768,0,106264588,0,t
300114409,0,100011488,0,t
300114596,0,100011488,0,t
300116027,0,107213814,0,u
300116126,0,107213814,0,u
300116840,0,107213814,0,u
300121177,0,106264588,0,t
300121340,0,106264588,0,t
300124666,0,106127926,0,t
300124817,0,106127926,0,t
300125506,0,106127926,0,t
300125698,0,106127926,0,t
300126566,0,106127926,0,t
300134462,1,115617305,3,u
300134462,1,115672790,3,u
300134462,2,115711534,3,u
300134946,1,115617305,3,u
300134946,1,115672790,3,u
300134946,2,115711534,3,u
300139364,0,108594855,0,t
300141963,0,106401978,0,u
300143068,0,106214013,0,t
300143828,0,108351716,0,t
300144338,0,108351716,0,t
300145010,0,108351716,0,t
300146149,0,108351716,0,t
300147921,0,106173708,0,t
300148472,0,100009618,0,t
300148580,0,106173708,0,t
300151077,0,109018179,0,r
300154962,0,106173708,0,t
300155205,0,106173708,0,t
300160389,0,106156983,0,t
300160926,0,106127926,0,t
300161163,0,106127926,0,t
300161403,0,106127926,0,t
300161572,0,106173708,0,t
300161716,0,100009618,0,t
300161853,0,106214013,0,t
300162001,0,106214013,0,t
300168996,0,107213814,0,u
300168996,0,109018179,0,r
300170908,0,106820300,0,u
300171450,0,106181353,0,t
300171650,0,106181353,0,t
300174066,0,106266222,0,t
300174286,0,106266222,0,t
300174513,0,106266222,0,t
300185587,0,106219119,0,t
300185730,0,106240390,0,t
300189999,0,106127926,0,t
300203780,0,106264588,0,t
300204486,0,106266222,0,t
300204655,0,105887537,0,t
300205473,0,105887537,0,t
300206245,0,109048144,0,r
300208750,0,106401978,0,u
300209547,0,106401978,0,u
300210229,0,106206260,0,t
300210946,0,106206260,0,t
300212080,0,100011488,0,t
300213565,0,106127926,0,t
300214950,0,106127926,0,t
300215173,0,106156983,0,t
300215611,0,106127926,0,t
300215815,0,100011488,0,t
300216462,0,100009618,0,t
300216462,0,100011488,0,t
300216908,0,100011488,0,t
300217088,0,106127926,0,t
300218156,0,106127926,0,t
300220674,0,107213814,0,u
300220674,0,109018179,0,r
300222970,0,106820300,0,u
300227963,0,107265016,0,u
300229577,0,106796563,0,u
300230911,0,107213814,0,u
300231665,0,106796563,0,u
300232374,0,106417815,0,u
300233001,0,106417815,0,u
300233317,0,106417815,0,u
300233848,0,106417815,0,u
300235847,0,106365377,0,t
300236613,0,106365377,0,t
300238432,0,106401978,0,u
300241279,0,106127926,0,t
300242291,0,106108363,0,t
300242417,0,106108363,0,t
300242749,0,106189791,0,t
300243187,0,106189791,0,t
300243368,0,106127926,0,t
300243505,0,106127926,0,t
300243638,0,106127926,0,t
300244563,1,115711534,3,u
300244563,2,115558912,3,u
300244563,2,115617305,3,u
300244563,2,115672790,3,u
300246315,0,107211994,0,u
300246954,0,107211994,0,u
300257767,0,107211994,0,u
300260964,0,109493596,0,t
300261351,0,109018179,0,r
300263267,0,109018179,0,r
300266313,0,100850152,0,t
300266313,0,106820300,0,u
300266890,0,107213814,0,u
300272583,0,100004511,0,t
300273307,2,115711534,3,u
300273307,3,115617305,3,u
300273307,3,115672790,3,u
300276765,0,107232164,0,t
300286087,1,115711534,3,u
300286087,2,115558912,3,u
300286087,2,115617305,3,u
300286087,2,115672790,3,u
300289262,0,106035426,0,t
300291599,0,106620941,0,t
300291804,0,106620941,0,t
300292342,0,100469197,0,t
300293853,0,106170029,0,t
300294029,0,106170029,0,t
300295381,2,115711534,3,u
300295381,3,115558912,3,u
300295381,3,115617305,3,u
300295381,3,115672790,3,u
300296544,0,107213814,0,u
300298125,0,106401978,0,u
300307539,0,100850152,0,t
300314630,0,100850152,0,t
300314630,0,106820300,0,u
300315537,0,100011488,0,t
300315851,0,100009618,0,t
300316789,0,100009618,0,t
300317077,0,100011488,0,t
300317077,0,113218447,0,t
300317404,0,100009618,0,t
300317533,0,100009618,0,t
300317533,0,100011488,0,t
300318196,0,106156983,0,t
300318317,0,106156983,0,t
300318722,0,104259275,0,t
300318977,0,104259275,0,t
300319158,0,106461373,0,t
300320653,0,106156983,0,t
300320822,0,106156983,0,t
300321690,0,106173708,0,t
300323003,0,106173708,0,t
300323250,0,106156983,0,t
300324477,0,106156983,0,t
300328776,0,107211994,0,u
300329173,0,100004511,0,t
300329683,0,106147930,0,t
300330670,0,106181353,0,t
300330795,0,106181353,0,t
300332557,0,106191300,0,t
300332667,1,115711534,3,u
300332667,2,115558912,3,u
300332667,2,115617305,3,u
300332667,2,115672790,3,u
300332890,1,115711534,3,u
300332890,2,115558912,3,u
300332890,2,115617305,3,u
300332890,2,115672790,3,u
300334856,0,106156983,0,t
300335347,0,106156983,0,t
300335683,0,106170987,0,t
300336319,0,106170987,0,t
300337034,1,115617305,3,u
300337034,1,115672790,3,u
300337034,2,115711534,3,u
300337479,1,115617305,3,u
300337479,1,115672790,3,u
300337479,2,115711534,3,u
300344111,0,107213814,0,u
300349266,0,106174934,0,t
300349266,0,106181353,0,t
300351026,0,108594855,0,t
300351794,0,108594855,0,t
300354168,0,106227072,0,t
300354463,0,106227072,0,t
300356920,0,106635221,0,t
300358043,0,106090243,0,t
300358372,0,106170987,0,t
300358540,0,106170987,0,t
300360953,0,111670113,0,t
300360953,1,107073253,2,u
300360953,2,115587945,1,u
300361550,0,106181353,0,t
300364473,0,100850152,0,t
300364473,0,106820300,0,u
300367940,2,115711534,3,u
300367940,3,115558912,3,u
300367940,3,115617305,3,u
300367940,3,115672790,3,u
300368239,0,106156983,0,t
300368407,0,106156983,0,t
300368751,0,106189398,0,t
300368911,0,106189398,0,t
300373515,0,109048144,0,r
300376213,1,115711534,3,u
300376213,2,115672790,3,u
300381274,1,115711534,3,u
300381274,2,115558912,3,u
300381274,2,115617305,3,u
300381274,2,115672790,3,u
300392179,1,115711534,3,u
300392179,3,115617305,3,u
300392179,3,115672790,3,u
300397061,0,100914777,0,t
300397061,1,115711534,3,u
300397061,2,115558912,3,u
300397061,2,115617305,3,u
300397061,2,115672790,3,u
300397333,0,100914777,0,t
300397564,1,115711534,3,u
300397564,2,115711534,3,u
300397564,3,115558912,3,u
300397564,3,115617305,3,u
300397564,3,115672790,3,u
300397564,4,115558912,3,u
300397564,4,115617305,3,u
300397564,4,115672790,3,u
300399274,2,115711534,3,u
300399274,4,115558912,3,u
300399274,4,115617305,3,u
300399274,4,115672790,3,u
300402174,3,115711534,3,u
300402174,5,115558912,3,u
300402174,5,115617305,3,u
300402174,5,115672790,3,u
300402174,7,115711534,3,u
300402174,9,115558912,3,u
300402174,9,115617305,3,u
300402174,9,115672790,3,u
300405767,1,115711534,3,u
300405767,2,115558912,3,u
300405767,2,115617305,3,u
300405767,2,115672790,3,u
300408622,3,115711534,3,u
300408622,4,115558912,3,u
300408622,4,115617305,3,u
300408622,4,115672790,3,u
300409073,0,100011488,0,t
300410387,1,115711534,3,u
300410387,2,115558912,3,u
300410387,2,115617305,3,u
300410387,2,115672790,3,u
300410747,2,107078393,2,u
300411020,0,106820300,0,u
300413369,0,107157953,0,t
300413508,0,107157953,0,t
300417071,0,106234392,0,t
300417541,0,106248356,0,t
300417807,0,107157953,0,t
300417981,0,106181353,0,t
300418308,0,106248356,0,t
300418599,0,100945551,0,t
300418599,0,107157953,0,t
300428460,0,100850152,0,t
300429422,0,100850152,0,t
300429868,0,100850152,0,t
300431433,0,106035426,0,t
300431598,0,106327647,0,t
300431753,0,106325702,0,t
300431902,0,106035426,0,t
300432252,0,106325702,0,t
300433487,0,106376408,0,t
300441592,0,107213814,0,u
300444015,0,106820300,0,u
300444387,0,106820300,0,u
300444387,0,107213814,0,u
300445357,0,106820300,0,u
300445952,0,106820300,0,u
300448453,0,106417815,0,u
300453621,0,100313133,0,t
300456965,0,107213814,0,u
300457606,1,115617305,3,u
300457606,1,115672790,3,u
300457606,2,115711534,3,u
300460630,0,107211994,0,u
300461842,0,107213814,0,u
300463188,0,107213814,0,u
300464875,0,107213814,0,u
300464875,0,109018179,0,r
300465657,0,106209103,0,t
300466233,0,106209103,0,t
300472613,0,103460989,0,t
300477435,0,106090243,0,t
300480026,1,115711534,3,u
300480026,2,115617305,3,u
300480026,2,115672790,3,u
300480954,0,107211994,0,u
300481781,0,107213814,0,u
300482250,1,115617305,3,u
300482250,1,115672790,3,u
300482250,2,115711534,3,u
300483334,0,107213814,0,u
300487611,0,107211994,0,u
300496913,0,106174934,0,t
300497135,0,106174934,0,t
300497496,0,106174934,0,t
300497641,0,106174934,0,t
300499390,0,100524699,0,t
300508386,0,100850152,0,t
300508386,0,106820300,0,u
300513880,0,103133660,0,t
300514047,0,103133660,0,t
300514218,0,106181353,0,t
300514576,0,106181353,0,t
300516078,0,106820300,0,u
300517164,0,106820300,0,u
300517164,0,108594855,0,t
300527335,0,100469197,0,t
300528898,0,106189791,0,t
300530575,0,100469197,0,t
300537835,0,107213814,0,u
300543164,0,104259275,0,t
300545654,0,106209103,0,t
300557556,0,106266222,0,t
300557879,0,106266222,0,t
300558873,0,108594855,0,t
300565387,0,107213814,0,u
300566929,0,106094474,0,t
300567355,0,106094474,0,t
300569118,0,106266222,0,t
300570199,0,106266222,0,t
300571152,0,107157953,0,t
300571315,0,107157953,0,t
300571695,4,115711534,3,u
300571695,5,115558912,3,u
300571695,5,115617305,3,u
300571695,5,115672790,3,u
300572731,0,106214013,0,t
300573616,0,106147930,0,t
300577842,0,107211994,0,u
300581726,0,101141078,0,t
300589665,0,100850152,0,t
300590341,0,100850152,0,t
300591526,0,106127926,0,t
300596712,1,115711534,3,u
300596712,2,115672790,3,u
300603363,0,106090243,0,t
300603538,0,106090243,0,t
300606664,0,100524699,0,t
300613514,0,107298952,0,u
300615227,0,107213814,0,u
300619637,0,106156983,0,t
300623042,1,115711534,3,u
300623042,2,115617305,3,u
300623042,2,115672790,3,u
300630598,6,115711534,3,u
300630598,7,115672790,3,u
300630973,0,107298176,0,u
300640468,0,106191300,0,t
300640613,0,106191300,0,t
300643119,0,106820300,0,u
300653691,2,115617305,3,u
300653691,2,115672790,3,u
300653691,3,115711534,3,u
300658440,0,106174934,0,t
300658440,0,106181353,0,t
300659041,0,106174934,0,t
300659041,0,106181353,0,t
300660126,0,107213814,0,u
300660126,0,109018179,0,r
300660903,0,106156983,0,t
300661645,0,106137745,0,t
300661954,0,106137745,0,t
300664615,0,106189398,0,t
300664759,0,106090243,0,t
300674192,0,106779878,0,t
300676714,0,107265016,0,u
300677321,0,107265016,0,u
300678461,0,107211994,0,u
300683362,0,106174934,0,t
300684120,0,106174934,0,t
300684351,0,106156983,0,t
300684683,0,106156983,0,t
300684830,0,106156983,0,t
300685027,0,106156983,0,t
300685279,0,106156983,0,t
300685472,0,106127926,0,t
300685729,0,106127926,0,t
300686980,0,107213814,0,u
300687475,0,107213814,0,u
300688273,1,115711534,3,u
300688273,2,115672790,3,u
300689565,0,106820300,0,u
300690126,0,100850152,0,t
300691141,0,100850152,0,t
300696686,0,113538337,0,t
300701960,0,107213814,0,u
300706855,0,106264588,0,t
300707088,0,106264588,0,t
300710587,0,107211994,0,u
300712839,0,107211994,0,u
300713000,0,107211994,0,u
300714435,0,100011488,0,t
300726715,0,100850152,0,t
300729979,0,106255232,0,t
300731182,0,106255232,0,t
300733885,0,106127926,0,t
300734540,0,106127926,0,t
300736080,0,106090243,0,t
300736258,0,106127926,0,t
300737287,0,106266222,0,t
300737542,0,106266222,0,t
300739408,0,106264588,0,t
300739633,0,106266222,0,t
300740817,0,107213814,0,u
300742526,1,115711534,3,u
300742526,4,115617305,3,u
300742526,4,115672790,3,u
300743129,0,107213814,0,u
300743267,0,106227072,0,t
300744126,1,115711534,3,u
300744126,2,115617305,3,u
300744126,2,115672790,3,u
300746830,0,106090243,0,t
300748450,0,106156983,0,t
300748614,0,106156983,0,t
300748833,0,106156983,0,t
300749007,0,106156983,0,t
300750117,0,106127926,0,t
300750586,0,105887537,0,t
300750696,0,106156983,0,t
300751145,0,105887537,0,t
300751272,0,106156983,0,t
300751420,0,106181353,0,t
300751544,0,106181353,0,t
300755988,0,107213814,0,u
300757486,0,107213814,0,u
300758519,0,101894819,0,t
300758702,0,101894819,0,t
300761138,0,100011488,0,t
300761274,0,100011488,0,t
300764612,0,106174934,0,t
300764784,0,106174934,0,t
300771025,0,111670113,0,t
300771159,0,111670113,0,t
300772684,0,107213814,0,u
300775038,1,107211994,2,u
300776648,0,106090243,0,t
300776898,0,106090243,0,t
300777334,0,106185544,0,t
300777528,0,106185544,0,t
300784567,0,108594855,0,t
300785111,2,115672790,3,u
300785111,3,115711534,3,u
300785862,0,106147930,0,t
300786008,0,106147930,0,t
300786179,0,106147930,0,t
300786457,0,106147930,0,t
300792906,0,106090243,0,t
300793531,0,106090243,0,t
300794142,0,102906320,0,t
300794520,0,102906320,0,t
300801317,0,106165936,0,t
300801512,0,106165936,0,t
300805661,0,107298952,0,u
300806963,0,107213814,0,u
300811333,0,106133372,0,t
300813884,0,107213814,0,u
300815656,1,115711534,3,u
300815656,2,115558912,3,u
300815656,2,115617305,3,u
300815656,2,115672790,3,u
300816335,0,107298952,0,u
300816884,1,115617305,3,u
300816884,1,115672790,3,u
300816884,2,115711534,3,u
300819028,0,107213814,0,u
300821857,0,106206260,0,t
300822035,0,106206260,0,t
300822252,0,106206260,0,t
300822394,0,106417815,0,u
300823193,0,106206260,0,t
300823373,0,106401978,0,u
300826864,0,106156983,0,t
300827665,0,106264588,0,t
300828032,0,106264588,0,t
300828271,0,106264588,0,t
300828534,0,106264588,0,t
300828788,0,106264588,0,t
300829021,0,106264588,0,t
300836137,0,106147930,0,t
300837080,0,107079350,0,u
300845295,2,115711534,3,u
300845295,3,115558912,3,u
300845295,3,115617305,3,u
300845295,3,115672790,3,u
300853385,0,106181353,0,t
300858509,0,107213814,0,u
300859222,0,106820300,0,u
300860407,0,100524699,0,t
300860977,0,100524699,0,t
300862530,0,100945551,0,t
300862819,0,107201007,0,t
300862970,0,107213814,0,u
300875410,1,115617305,3,u
300875410,1,115672790,3,u
300875410,2,115711534,3,u
300878472,0,106266222,0,t
300878689,0,106266222,0,t
300878917,0,106234392,0,t
300879121,0,106234392,0,t
300879360,0,106156983,0,t
300879682,0,106156983,0,t
300879876,0,106156983,0,t
300882413,0,109018179,0,r
300890114,0,106189791,0,t
300890692,0,107157953,0,t
300894269,0,107213814,0,u
300901131,0,105746396,0,t
300909444,0,107213814,0,u
300916687,0,106146319,0,t
300918248,0,106779878,0,t
300921049,0,100011488,0,t
300921579,0,100011488,0,t
300922616,0,106090243,0,t
300923855,0,106401978,0,u
300923996,0,106090243,0,t
300925446,0,108594855,0,t
300927588,0,107213814,0,u
300929248,3,115617305,3,u
300929248,3,115672790,3,u
300929248,4,115711534,3,u
300941160,0,107213814,0,u
300946071,0,106620941,0,t
300951390,0,106090243,0,t
300953196,0,107157953,0,t
300953455,0,107157953,0,t
300954695,0,106170987,0,t
300956067,0,106147930,0,t
300956669,0,106147930,0,t
300957058,0,106147930,0,t
300963299,0,100472330,0,t
300963475,0,100472330,0,t
300963711,0,100472330,0,t
300965365,0,100446351,0,t
300967546,0,100850152,0,t
300968807,0,100850152,0,t
300969050,0,100850152,0,t
300969541,0,101141078,0,t
300970009,0,107211994,0,u
300970009,0,109048144,0,r
300976837,0,107298952,0,u
300976983,0,106461373,0,t
300978693,0,109018179,0,r
300979540,0,107213814,0,u
300980234,0,107213814,0,u
300980234,0,109018179,0,r
300980381,0,107213814,0,u
300982917,0,107213814,0,u
300983671,0,107213814,0,u
300983910,0,107213814,0,u
300985733,0,106362729,0,t
300989717,0,107157953,0,t
300990501,0,107157953,0,t
300993003,1,115587945,1,u
300993003,2,107073253,2,u
300993545,0,106168057,0,t
300993846,0,106168057,0,t
300993964,0,106820300,0,u
301006693,0,105887537,0,t
301007064,0,106127926,0,t
301008801,0,106376408,0,t
301012415,0,107094799,0,u
301016837,0,106266222,0,t
301017144,0,106266222,0,t
301020695,0,109206390,0,r
301023137,1,115711534,3,u
301023137,2,115617305,3,u
301023137,2,115672790,3,u
301024729,0,107157953,0,t
301024950,0,107157953,0,t
301025388,0,106181353,0,t
301025561,0,106181353,0,t
301028022,0,107213814,0,u
301028022,0,109018179,0,r
301030398,0,100914777,0,t
301030527,0,100914777,0,t
301035348,0,106187435,0,t
301035538,0,106187435,0,t
301035703,0,106187435,0,t
301036459,0,109018179,0,r
301037091,0,106461373,0,t
301038023,0,100011488,0,t
301038187,0,100011488,0,t
301038334,0,100011488,0,t
301038497,0,100011488,0,t
301040180,0,106173708,0,t
301041772,0,100313133,0,t
301062347,0,106820300,0,u
301063099,0,107213814,0,u
301063099,0,109018179,0,r
301065843,0,106401978,0,u
301067103,0,106174934,0,t
301067103,0,106181353,0,t
301067594,0,106174934,0,t
301067594,0,106181353,0,t
301067798,0,106174934,0,t
301067992,0,106174934,0,t
301071567,0,100313133,0,t
301076797,0,109048144,0,r
301078119,2,115711534,3,u
301078119,3,115617305,3,u
301078119,3,115672790,3,u
301080903,1,107073253,2,u
301080903,2,115587945,1,u
301084461,0,107213814,0,u
301084961,0,109048144,0,r
301085082,1,115617305,3,u
301085082,1,115672790,3,u
301085082,2,115711534,3,u
301086996,0,106401978,0,u
301087179,0,106401978,0,u
301093619,0,106401978,0,u
301095210,0,107213814,0,u
301100900,0,103133660,0,t
301101632,0,107296009,0,u
301101894,0,106151255,0,t
301102047,0,106151255,0,t
301102228,0,100313133,0,t
301102862,0,100313133,0,t
301103304,0,108351716,0,t
301105821,0,103460989,0,t
301107323,1,115711534,3,u
301107323,2,115617305,3,u
301107323,2,115672790,3,u
301114139,0,106133372,0,t
301114139,0,106151255,0,t
301114526,0,106133372,0,t
301114526,0,106151255,0,t
301115538,0,106161357,0,t
301115757,0,106161357,0,t
301116148,0,101141078,0,t
301116463,0,101141078,0,t
301118559,0,103301037,0,t
301119446,0,106461373,0,t
301119446,0,107157953,0,t
301125145,0,107213814,0,u
301127281,0,106401978,0,u
301128711,0,100947414,0,t
301129546,0,100947414,0,t
301132948,0,107213814,0,u
301136578,0,107213814,0,u
301136920,0,107213814,0,u
301136920,0,107265016,0,u
301137260,0,106820300,0,u
301137895,0,107246254,0,u
301138045,0,101115651,0,t
301138045,0,107213814,0,u
301138395,0,109018179,0,r
301138557,0,107298952,0,u
301147340,0,107213814,0,u
301147340,0,109018179,0,r
301147792,1,115711534,3,u
301147792,2,115617305,3,u
301147792,2,115672790,3,u
301149478,0,106820300,0,u
301149879,0,106820300,0,u
301150473,1,115711534,3,u
301150473,2,115558912,3,u
301150473,2,115617305,3,u
301150473,2,115672790,3,u
301156504,0,106165936,0,t
301156693,0,106165936,0,t
301156907,0,106165936,0,t
301157157,0,106165936,0,t
301160428,0,108959494,0,r
301160685,0,106170987,0,t
301173832,0,107157953,0,t
301193814,0,106127926,0,t
301195002,0,102732078,0,t
301196691,0,102732078,0,t
301200598,0,106174934,0,t
301200819,0,106174934,0,t
301205478,0,106145266,0,t
301207129,1,115617305,3,u
301207129,1,115672790,3,u
301207129,2,115711534,3,u
301210188,0,106165936,0,t
301210398,0,106165936,0,t
301210799,0,107213814,0,u
301211169,0,107298952,0,u
301218148,0,106401978,0,u
301222404,0,107157953,0,t
301223880,0,107157953,0,t
301227280,0,106401978,0,u
301227993,0,106127926,0,t
301228447,0,100524699,0,t
301228558,0,100524699,0,t
301229260,0,106127926,0,t
301229502,0,106127926,0,t
301229677,0,106127926,0,t
301229910,0,106127926,0,t
301230721,0,106401978,0,u
301233992,0,107213814,0,u
301240717,0,106174934,0,t
301240905,0,106174934,0,t
301242025,0,105887537,0,t
301243978,0,106206260,0,t
301244239,0,105887537,0,t
301245365,0,106156983,0,t
301245642,0,105887537,0,t
301245764,0,105887537,0,t
301246456,0,105887537,0,t
301247286,0,106127926,0,t
301247573,0,105887537,0,t
301247714,0,105887537,0,t
301250557,0,100469197,0,t
301250727,0,100469197,0,t
301257712,0,107211994,0,u
301259184,2,115711534,3,u
301259184,3,115617305,3,u
301259184,3,115672790,3,u
301260938,0,107211994,0,u
301261067,0,106133372,0,t
301261675,2,115587945,1,u
301262221,0,107211994,0,u
301271437,2,115573598,1,u
301271437,2,115587945,1,u
301276527,0,107213814,0,u
301278030,0,109018179,0,r
301279011,0,109018179,0,r
301283122,0,106249752,0,t
301283337,0,106249752,0,t
301283953,0,107213814,0,u
301283953,0,109018179,0,r
301286084,0,107213814,0,u
301288394,0,106401978,0,u
301288642,0,100524699,0,t
301290123,0,107213814,0,u
301291089,0,107213814,0,u
301291089,0,109018179,0,r
301301213,0,106234392,0,t
301305576,0,106255232,0,t
301306122,0,106266222,0,t
301306462,0,106255232,0,t
301316721,0,107213814,0,u
301323374,0,108594855,0,t
301324040,0,106165936,0,t
301324202,0,106165936,0,t
301326765,0,103301037,0,t
301326918,0,103301037,0,t
301330624,1,115711534,3,u
301330624,2,115672790,3,u
301331754,1,115711534,3,u
301331754,2,115672790,3,u
301337925,0,106227072,0,t
301340847,0,106206260,0,t
301341242,0,106206260,0,t
301342079,0,107213814,0,u
301345741,0,106820300,0,u
301346010,0,106820300,0,u
301357068,0,108594855,0,t
301357216,0,108594855,0,t
301360037,0,106227072,0,t
301360407,0,106227072,0,t
301360938,0,106227072,0,t
301363766,0,106127926,0,t
301363766,0,106147930,0,t
301363941,0,106206260,0,t
301364105,0,106206260,0,t
301364223,0,106206260,0,t
301364572,0,106206260,0,t
301365381,0,106133372,0,t
301365531,0,106133372,0,t
301366222,0,106133372,0,t
301366222,0,107211994,0,u
301366759,3,115617305,3,u
301366759,3,115672790,3,u
301366759,4,115711534,3,u
301367769,1,115617305,3,u
301367769,1,115672790,3,u
301367769,2,115711534,3,u
301367977,1,115617305,3,u
301367977,1,115672790,3,u
301367977,2,115711534,3,u
301368646,0,106127926,0,t
301370218,0,106181353,0,t
301370520,0,106181353,0,t
301378269,0,107796586,0,t
301389100,1,115711534,3,u
301389100,2,115617305,3,u
301389100,2,115672790,3,u
301389720,0,106156983,0,t
301392884,2,115711534,3,u
301392884,3,115672790,3,u
301397602,0,107213814,0,u
301398562,0,107213814,0,u
301400632,0,107213814,0,u
301400632,0,109018179,0,r
301402209,0,107213814,0,u
301402476,0,107213814,0,u
301402652,0,100850152,0,t
301402652,0,106820300,0,u
301413330,0,107213814,0,u
301413740,0,100524699,0,t
301417480,0,107211994,0,u
301426973,0,106090243,0,t
301427200,0,106090243,0,t
301427331,0,106090243,0,t
301428027,0,109018179,0,r
301430482,0,106262279,0,t
301432824,0,107213814,0,u
301433331,1,115711534,3,u
301433331,2,115672790,3,u
301433691,1,115711534,3,u
301433691,2,115672790,3,u
301435260,0,106133372,0,t
301435439,0,106133372,0,t
301435626,0,106133372,0,t
301435808,0,106133372,0,t
301436106,0,106133372,0,t
301436480,0,100011488,0,t
301436741,0,100009618,0,t
301440184,0,106249752,0,t
301442447,0,106401978,0,u
301442629,0,106401978,0,u
301442816,0,106401978,0,u
301445774,0,100850152,0,t
301445774,0,106820300,0,u
301446480,0,107211994,0,u
301450255,0,109018179,0,r
301453449,0,109018179,0,r
301453890,0,106268840,0,t
301454118,0,106268840,0,t
301454343,0,106241649,0,t
301454529,0,106241649,0,t
301455229,0,100313133,0,t
301458916,0,106151255,0,t
301461022,0,106318834,0,t
301461821,0,106318834,0,t
301465018,0,107297340,0,u
301469414,1,115711534,3,u
301469414,2,115672790,3,u
301471328,1,115711534,3,u
301471328,2,115672790,3,u
301471754,1,115711534,3,u
301471754,2,115672790,3,u
301472573,0,107213814,0,u
301472994,2,115711534,3,u
301472994,3,115711534,3,u
301472994,4,115558912,3,u
301472994,4,115617305,3,u
301472994,4,115672790,3,u
301472994,5,115558912,3,u
301472994,5,115617305,3,u
301472994,5,115672790,3,u
301476609,0,106820300,0,u
301479156,0,107213814,0,u
301479300,0,107157953,0,t
301479467,0,107157953,0,t
301482154,0,108594855,0,t
301482260,0,108594855,0,t
301482404,0,107157953,0,t
301482623,0,107157953,0,t
301487383,0,106127926,0,t
301487949,0,106156983,0,t
301488504,0,106127926,0,t
301489180,0,106156983,0,t
301489879,0,106127926,0,t
301499442,0,100009618,0,t
301501753,0,102513203,0,t
301513005,0,107157953,0,t
301513794,0,106174934,0,t
301519732,0,106173708,0,t
301519880,0,106173708,0,t
301521957,0,107213814,0,u
301524887,1,107265016,3,u
301529027,0,108351716,0,t
301532428,0,107265016,0,u
301532699,0,107213814,0,u
301535360,0,101348569,0,t
301535517,1,115711534,3,u
301535517,2,115672790,3,u
301536046,1,115711534,3,u
301536046,2,115672790,3,u
301536591,0,106127926,0,t
301537189,1,115711534,3,u
301537189,2,115672790,3,u
301537409,0,101348569,0,t
301538169,0,109018179,0,r
301541767,0,106127926,0,t
301542671,0,106127926,0,t
301544469,0,101141078,0,t
301544469,0,106239054,0,t
301545368,0,107213814,0,u
301547971,0,106401978,0,u
301548148,0,104578607,0,t
301548148,0,109018179,0,r
301548448,0,100945551,0,t
301549151,2,115617305,3,u
301549151,2,115672790,3,u
301549151,3,115711534,3,u
301550376,0,107213814,0,u
301550827,0,100850152,0,t
301552697,0,106266222,0,t
301553092,0,106266222,0,t
301553904,0,106227072,0,t
301554086,0,106227072,0,t
301554324,0,106156983,0,t
301554579,0,106156983,0,t
301555607,0,107157953,0,t
301556004,0,107157953,0,t
301558057,0,106174934,0,t
301558184,0,106174934,0,t
301558428,0,106165936,0,t
301558661,0,106165936,0,t
301558842,0,106165936,0,t
301559055,0,106090243,0,t
301559556,0,106090243,0,t
301559556,0,106255232,0,t
301559666,0,106141914,0,t
301559796,0,106141914,0,t
301561747,2,107094799,1,u
301562603,0,100850152,0,t
301562829,0,100850152,0,t
301566995,0,107211994,0,u
301567188,0,106417815,0,u
301567511,0,106417815,0,u
301567849,0,106796563,0,u
301568186,0,106796563,0,u
301568488,0,106417815,0,u
301568753,0,106417815,0,u
301569261,0,106796563,0,u
301569535,0,106796563,0,u
301578211,0,108590393,0,t
301578472,0,108590393,0,t
301584373,2,115711534,3,u
301584373,3,115558912,3,u
301584373,3,115617305,3,u
301584373,3,115672790,3,u
301585846,0,106174934,0,t
301590114,0,107157953,0,t
301590315,0,107157953,0,t
301590494,0,107157953,0,t
301598532,0,107213814,0,u
301600019,0,107298952,0,u
301600019,0,109018179,0,r
301606686,0,106108363,0,t
301607012,0,106108363,0,t
301607351,0,106108363,0,t
301607590,0,106127926,0,t
301609232,0,106170987,0,t
301610260,0,106108363,0,t
301610486,0,106108363,0,t
301610683,0,106133372,0,t
301610877,0,106227072,0,t
301611150,0,106227072,0,t
301611417,0,106227072,0,t
301619593,1,115711534,3,u
301619593,2,115617305,3,u
301619593,2,115672790,3,u
301629691,0,106127926,0,t
301629875,0,106127926,0,t
301637910,0,106820300,0,u
301642690,0,100456193,0,t
301642690,0,100524699,0,t
301648098,0,101047273,0,t
301648848,0,106227072,0,t
301657853,1,115711534,3,u
301657853,4,115617305,3,u
301657853,4,115672790,3,u
301659178,0,100004294,0,t
301662638,0,106219119,0,t
301662989,0,106219119,0,t
301663120,0,101120824,0,t
301663281,0,101120824,0,t
301664270,0,100524699,0,t
301664395,0,100524699,0,t
301668350,0,106779878,0,t
301668741,0,106779878,0,t
301669641,0,106156983,0,t
301669783,0,106174934,0,t
301672219,0,106090243,0,t
301672355,0,106090243,0,t
301672487,0,108351716,0,t
301672664,0,108351716,0,t
301672932,0,108351716,0,t
301673077,0,108351716,0,t
301675478,0,106156983,0,t
301675637,0,106156983,0,t
301676195,0,104388537,0,t
301677076,0,104388537,0,t
301677477,0,106147930,0,t
301677741,0,106147930,0,t
301677883,0,100004511,0,t
301684385,0,106227072,0,t
301685812,0,101222940,0,u
301688231,0,108988927,0,r
301689305,0,107213814,0,u
301689728,0,107213814,0,u
301690760,0,107213814,0,u
301690760,0,107298952,0,u
301691229,0,106174934,0,t
301691418,0,106174934,0,t
301695638,0,106401978,0,u
301697273,1,115617305,3,u
301697273,1,115672790,3,u
301697273,2,115711534,3,u
301702426,0,106035426,0,t
301706870,0,106156983,0,t
301708977,0,101370962,0,t
301711403,0,100914777,0,t
301712068,0,106401978,0,u
301713513,0,106156983,0,t
301713782,0,106156983,0,t
301715557,0,106156983,0,t
301715735,0,106156983,0,t
301716212,0,106156983,0,t
301721296,0,109018179,0,r
301721623,0,107213814,0,u
301721996,0,109018179,0,r
301723674,1,115617305,3,u
301723674,1,115672790,3,u
301723674,2,115711534,3,u
301732348,0,106094474,0,t
301732729,0,106094474,0,t
301733200,0,106273955,0,t
301733490,0,106273955,0,t
301734872,2,115711534,3,u
301734872,3,115558912,3,u
301734872,3,115617305,3,u
301734872,3,115672790,3,u
301740958,3,115617305,3,u
301740958,3,115672790,3,u
301740958,4,115711534,3,u
301744488,3,115587945,1,u
301744488,4,107073253,2,u
301751735,0,109018179,0,r
301751848,0,108988927,0,r
301759982,0,106133372,0,t
301764234,0,106376408,0,t
301770651,0,106127926,0,t
301770894,0,106127926,0,t
301779272,0,107213814,0,u
301790013,0,107213814,0,u
301800384,1,107073253,2,u
301800384,2,115711534,3,u
301800384,3,115587945,1,u
301800384,3,115617305,3,u
301800384,3,115672790,3,u
301807795,0,107213814,0,u
301812694,0,107213814,0,u
301815323,8,115711534,3,u
301815323,9,115617305,3,u
301815323,9,115672790,3,u
301815989,0,107213814,0,u
301818928,0,109018179,0,r
301829877,1,115711534,3,u
301829877,2,115558912,3,u
301829877,2,115617305,3,u
301829877,2,115672790,3,u
301830102,0,107213814,0,u
301833331,0,106090243,0,t
301833431,0,106090243,0,t
301833715,0,106090243,0,t
301834220,0,106133372,0,t
301834423,0,101370962,0,t
301834600,0,106133372,0,t
301834817,0,101370962,0,t
301837331,2,107073253,2,u
301837331,3,115587945,1,u
301839578,0,100850152,0,t
301841209,0,107211994,0,u
301841324,0,106401978,0,u
301843051,0,103007214,0,t
301843716,0,111670113,0,t
301844044,0,111670113,0,t
301849343,0,106219119,0,t
301850832,0,107213814,0,u
301851091,0,107079350,0,u
301854941,0,107211994,0,u
301856572,0,100850152,0,t
301860336,0,103799451,0,t
301860491,0,103799451,0,t
301864805,0,107213814,0,u
301865101,0,107213814,0,u
301865101,0,109018179,0,r
301875474,0,109018179,0,r
301877841,0,107213814,0,u
301880039,0,100011488,0,t
301885774,0,107213814,0,u
301892143,0,113538337,0,t
301892445,0,113538337,0,t
301894422,0,108609485,0,t
301894605,0,107213814,0,u
301895065,0,100850152,0,t
301900202,0,108594855,0,t
301905297,8,115617305,3,u
301905297,8,115672790,3,u
301905297,9,115711534,3,u
301908384,1,107073253,2,u
301908384,2,115587945,1,u
301919568,0,100009618,0,t
301921706,0,106216247,0,t
301922305,1,107213814,1,u
301923418,0,106174934,0,t
301923832,0,106248356,0,t
301927943,0,106248356,0,t
301929335,0,107213814,0,u
301931076,0,106401978,0,u
301932682,0,107213814,0,u
301934769,0,107232164,0,t
301939582,0,106108363,0,t
301939997,0,106108363,0,t
301943661,0,106174934,0,t
301943661,0,106181353,0,t
301943979,0,106181353,0,t
301944115,0,106127926,0,t
301944365,0,106127926,0,t
301944653,0,106174934,0,t
301944653,0,106181353,0,t
301944855,0,106174934,0,t
301945057,0,106174934,0,t
301954908,0,106240390,0,t
301955096,0,106240390,0,t
301961603,0,106266222,0,t
301963368,0,106891186,0,t
301968451,0,106219119,0,t
301969914,1,115711534,3,u
301969914,2,115617305,3,u
301969914,2,115672790,3,u
301974589,0,100009618,0,t
301974802,0,100009618,0,t
301976123,0,106266222,0,t
301977117,0,100850152,0,t
301977512,0,106266222,0,t
301986765,0,108351716,0,t
301987507,0,106234392,0,t
301989812,0,106264588,0,t
301993047,0,108594855,0,t
301996330,0,100945551,0,t
301996876,0,106248356,0,t
301997089,0,106248356,0,t
301997323,0,106248356,0,t
301999037,2,115711534,3,u
301999037,3,115558912,3,u
301999037,3,115617305,3,u
301999037,3,115672790,3,u
302015194,0,100850152,0,t
302015194,0,106820300,0,u
302020798,0,106266222,0,t
302021877,0,106266222,0,t
302022958,0,106156983,0,t
302036845,0,106261806,0,t
302038217,0,106147930,0,t
302043544,0,106174934,0,t
302043544,0,106216247,0,t
302048412,1,115711534,3,u
302048412,2,115558912,3,u
302048412,2,115617305,3,u
302048412,2,115672790,3,u
302052953,0,100850152,0,t
302055035,0,109048144,0,r
302056404,0,100011488,0,t
302058886,0,106127926,0,t
302061954,0,106191300,0,t
302064549,0,106156983,0,t
302070708,0,103851641,0,t
302078363,0,100472330,0,t
302078543,0,100472330,0,t
302078734,0,100472330,0,t
302078881,1,115711534,3,u
302078881,2,115672790,3,u
302079478,1,115711534,3,u
302079478,2,115672790,3,u
302080455,0,107236368,0,t
302093206,0,107213814,0,u
302094441,0,106133372,0,t
302094885,0,107213814,0,u
302098034,0,107213814,0,u
302115113,5,115573598,1,u
302115113,5,115587945,1,u
302117888,0,109018179,0,r
302118841,0,109018179,0,r
302120662,1,115617305,3,u
302120662,1,115672790,3,u
302120662,2,115711534,3,u
302121929,0,106170987,0,t
302122048,0,106151255,0,t
302125659,1,115617305,3,u
302125659,1,115672790,3,u
302125659,2,115711534,3,u
302125877,1,115617305,3,u
302125877,1,115672790,3,u
302125877,2,115711534,3,u
302128570,0,106090243,0,t
302141954,4,115672790,3,u
302141954,5,115711534,3,u
302148770,0,100850152,0,t
302149797,0,100850152,0,t
302149960,0,100850152,0,t
302150936,0,100850152,0,t
302150936,0,106820300,0,u
302151198,0,100850152,0,t
302151198,0,106820300,0,u
302151584,0,100850152,0,t
302151584,0,106820300,0,u
302152133,0,100850152,0,t
302154343,0,106127926,0,t
302155458,0,100850152,0,t
302155748,0,101894819,0,t
302156199,0,101894819,0,t
302157826,1,115711534,3,u
302157826,2,115617305,3,u
302157826,2,115672790,3,u
302160458,0,106156983,0,t
302166539,0,106147930,0,t
302175072,0,106035426,0,t
302175796,0,106144820,0,t
302179186,0,106620941,0,t
302183832,0,106108363,0,t
302184102,0,106108363,0,t
302184523,0,106156983,0,t
302189219,0,106156983,0,t
302189919,0,106156983,0,t
302194249,0,106820300,0,u
302195701,0,106173708,0,t
302211311,0,100850152,0,t
302217656,0,109206390,0,r
302217837,0,109018179,0,r
302218013,0,109206390,0,r
302218127,0,109018179,0,r
302222795,0,107213814,0,u
302232599,0,106147930,0,t
302234002,0,108315657,0,t
302234945,0,106156983,0,t
302238702,0,106156983,0,t
302238965,0,106156983,0,t
302242756,0,106401978,0,u
302245037,0,100469197,0,t
302245037,0,100472330,0,t
302245037,0,100481629,0,t
302245766,0,107213814,0,u
302258119,0,106156983,0,t
302259309,0,106156983,0,t
302259478,0,106127926,0,t
302259674,0,106156983,0,t
302260712,0,106156983,0,t
302262886,0,106156983,0,t
302263670,0,106156983,0,t
302270046,0,109018179,0,r
302270764,0,107157953,0,t
302270918,0,100009618,0,t
302271161,0,100009618,0,t
302271673,0,100011488,0,t
302271820,0,100011488,0,t
302271939,0,100011488,0,t
302272101,0,100011488,0,t
302273892,0,106401978,0,u
302275885,0,107213814,0,u
302279317,0,106189791,0,t
302282961,0,106151255,0,t
302288553,0,106416107,0,u
302296379,0,106127926,0,t
302297063,0,106127926,0,t
302298073,0,107157953,0,t
302300706,0,107211994,0,u
302302060,0,106133372,0,t
302303436,0,100616586,0,t
302304399,0,107211994,0,u
302304399,0,107232164,0,t
302310157,0,106127926,0,t
302310946,0,102906320,0,t
302312381,0,107157953,0,t
302312788,0,107157953,0,t
302316069,0,106264588,0,t
302316361,0,106264588,0,t
302316686,0,106264588,0,t
302317044,0,106264588,0,t
302317044,0,107213814,0,u
302317168,0,106264588,0,t
302326831,4,115617305,3,u
302326831,4,115672790,3,u
302326831,5,115711534,3,u
302326831,6,115617305,3,u
302326831,6,115672790,3,u
302326831,7,115711534,3,u
302327313,2,115617305,3,u
302327313,2,115672790,3,u
302327313,3,115711534,3,u
302329063,0,106127926,0,t
302329301,0,106127926,0,t
302331672,0,106127926,0,t
302333290,0,106214013,0,t
302333995,0,106214013,0,t
302336166,4,115711534,3,u
302336166,5,115617305,3,u
302336166,5,115672790,3,u
302336438,0,106156983,0,t
302336695,0,106156983,0,t
302338581,0,107157953,0,t
302338952,0,107157953,0,t
302345918,0,109018179,0,r
302346158,0,107298952,0,u
302346158,0,109018179,0,r
302351343,0,100472330,0,t
302353383,0,100472330,0,t
302356304,0,107213814,0,u
302357663,3,115617305,3,u
302357663,3,115672790,3,u
302357663,4,115711534,3,u
302360695,0,107213814,0,u
302361294,0,107213814,0,u
302361609,0,109018179,0,r
302361941,2,107213814,1,u
302361941,5,107213814,1,u
302361941,5,115587945,1,u
302363364,0,109058568,0,r
302363675,0,109018179,0,r
302363964,0,109018179,0,r
302365305,0,107213814,0,u
302367088,0,107213814,0,u
302367088,0,109018179,0,r
302367828,0,106185544,0,t
302368024,0,106185544,0,t
302368349,0,106206260,0,t
302369031,0,106779878,0,t
302369198,0,106779878,0,t
302369381,0,106779878,0,t
302370853,0,106174934,0,t
302378012,0,107213814,0,u
302378012,0,109018179,0,r
302378124,0,107213814,0,u
302378260,0,107213814,0,u
302378260,0,109018179,0,r
302390322,0,102732078,0,t
302390505,0,102732078,0,t
302392126,0,106255232,0,t
302392900,0,106189398,0,t
302393432,0,106090243,0,t
302393432,0,106255232,0,t
302393804,0,106127926,0,t
302394155,0,106127926,0,t
302395577,1,115617305,3,u
302395577,1,115672790,3,u
302395577,2,115711534,3,u
302395793,0,106473364,0,t
302395793,2,115711534,3,u
302395793,3,115672790,3,u
302396116,0,106473364,0,t
302396116,2,115711534,3,u
302396116,3,115672790,3,u
302396401,0,106127926,0,t
302396587,0,106127926,0,t
302396778,0,106376408,0,t
302397010,0,106376408,0,t
302398750,0,106219119,0,t
302399951,0,106219119,0,t
302400682,0,106266222,0,t
302400782,0,106266222,0,t
302403197,0,107213814,0,u
302403197,0,109018179,0,r
302405642,0,100011488,0,t
302407514,0,107298952,0,u
302411860,0,101110137,0,t
302412379,0,101110137,0,t
302414091,0,109018179,0,r
302414518,2,115711534,3,u
302414518,3,115558912,3,u
302414518,3,115617305,3,u
302414518,3,115672790,3,u
302420699,0,109018179,0,r
302420699,1,115711534,3,u
302420699,2,115672790,3,u
302421458,0,109018179,0,r
302424953,0,106268840,0,t
302425127,0,106268840,0,t
302425249,0,106268840,0,t
302426894,0,106170987,0,t
302427451,0,107213814,0,u
302429606,0,106127926,0,t
302429818,0,106127926,0,t
302432838,0,106189398,0,t
302433143,0,106127926,0,t
302433327,0,106127926,0,t
302434415,0,106181353,0,t
302441439,0,107213814,0,u
302444268,0,106820300,0,u
302444749,0,100850152,0,t
302444749,0,106820300,0,u
302445823,0,106820300,0,u
302446525,0,106820300,0,u
302450912,0,106401978,0,u
302452310,0,107213814,0,u
302454284,0,109018179,0,r
302454650,0,107213814,0,u
302454650,0,109018179,0,r
302457711,0,107157953,0,t
302458751,0,107157953,0,t
302461602,0,106147930,0,t
302465229,0,108594855,0,t
302465365,0,108594855,0,t
302468804,0,100850152,0,t
302468804,0,106820300,0,u
302472369,1,115711534,3,u
302472369,2,115672790,3,u
302477162,0,107211994,0,u
302481969,0,106255232,0,t
302484475,3,115617305,3,u
302484475,3,115672790,3,u
302484475,4,115711534,3,u
302491403,0,100524699,0,t
302491606,0,100524699,0,t
302491824,0,100477011,0,t
302492398,0,100933832,0,t
302495963,0,106127926,0,t
302496076,0,106127926,0,t
302498817,0,106264588,0,t
302499354,0,106173708,0,t
302500807,0,106127926,0,t
302502305,0,106173708,0,t
302502799,0,106173708,0,t
302503146,0,106156983,0,t
302503638,0,106264588,0,t
302504046,0,106156983,0,t
302504234,0,106127926,0,t
302504388,0,106127926,0,t
302504540,0,106173708,0,t
302504756,0,106173708,0,t
302505768,0,106156983,0,t
302505899,0,105887537,0,t
302509559,0,106266222,0,t
302509761,0,106266222,0,t
302511803,0,100465604,0,t
302512275,0,108590393,0,t
302512562,0,100524699,0,t
302513666,0,100524699,0,t
302517693,1,115672790,3,u
302517693,2,115711534,3,u
302518901,2,115711534,3,u
302518901,3,115672790,3,u
302521836,0,108594855,0,t
302523890,0,106820300,0,u
302524262,0,109018179,0,r
302525261,0,109018179,0,r
302526365,0,106108363,0,t
302527771,0,106090243,0,t
302531122,0,107213814,0,u
302531122,0,109018179,0,r
302531266,0,106170987,0,t
302531474,0,106173708,0,t
302531685,0,106173708,0,t
302533456,0,107213814,0,u
302534207,0,107298952,0,u
302540460,0,106173708,0,t
302540602,0,106173708,0,t
302540830,0,106173708,0,t
302540986,0,106174934,0,t
302543799,0,106170987,0,t
302543949,0,106170987,0,t
302544201,0,106170987,0,t
302544470,0,106170987,0,t
302544624,0,106170987,0,t
302545724,0,100011488,0,t
302546220,0,100011488,0,t
302550136,0,109058568,0,r
302554342,0,106173708,0,t
302554732,0,106173708,0,t
302557886,1,115617305,3,u
302557886,1,115672790,3,u
302557886,2,115711534,3,u
302558282,1,115617305,3,u
302558282,1,115672790,3,u
302558282,2,115711534,3,u
302559717,0,107157953,0,t
302559870,0,107157953,0,t
302560002,0,107157953,0,t
302560133,0,107157953,0,t
302560322,0,107157953,0,t
302560460,0,107157953,0,t
302560581,0,107157953,0,t
302560727,0,107157953,0,t
302560872,0,106240390,0,t
302561049,0,106240390,0,t
302561280,0,101894819,0,t
302575542,0,108590393,0,t
302577695,0,106174934,0,t
302577858,0,106174934,0,t
302581076,0,107849437,0,t
302584974,0,107211994,0,u
302589201,0,106127926,0,t
302590160,0,105887537,0,t
302592374,0,106820300,0,u
302593396,0,106820300,0,u
302593635,0,106820300,0,u
302593635,0,107213814,0,u
302598104,0,106156983,0,t
302598841,0,106156983,0,t
302603411,0,109018179,0,r
302608265,0,107246254,0,u
302612665,0,106163321,0,t
302612847,0,106163321,0,t
302614103,0,106227072,0,t
302614352,0,106227072,0,t
302614846,0,106255232,0,t
302615080,0,106264588,0,t
302615225,0,106255232,0,t
302615538,0,106264588,0,t
302615695,0,106227072,0,t
302615821,0,106227072,0,t
302616525,0,106151255,0,t
302616674,0,106151255,0,t
302617788,0,106141914,0,t
302618019,0,106141914,0,t
302620607,0,100850152,0,t
302620607,0,115609778,0,t
302621845,0,106227072,0,t
302625935,0,106227072,0,t
302629764,0,106090243,0,t
302634340,0,106174934,0,t
302636121,0,106174934,0,t
302637235,0,106173708,0,t
302638358,0,106173708,0,t
302641036,0,106147930,0,t
302641842,0,106262279,0,t
302642742,0,106090243,0,t
302646072,0,106173708,0,t
302648167,0,106173708,0,t
302648826,0,106156983,0,t
302650265,0,106173708,0,t
302651602,3,115711534,3,u
302651602,4,115558912,3,u
302651602,4,115617305,3,u
302651602,4,115672790,3,u
302652210,0,106209103,0,t
302653739,0,106173708,0,t
302654187,0,106266222,0,t
302655948,0,106156983,0,t
302656378,0,106156983,0,t
302657574,0,106156983,0,t
302659316,0,106173708,0,t
302659885,0,106173708,0,t
302661935,0,106156983,0,t
302662095,0,106156983,0,t
302663719,0,106156983,0,t
302663896,0,106174934,0,t
302665152,0,106173708,0,t
302665404,0,106156983,0,t
302666191,0,106173708,0,t
302667120,0,106156983,0,t
302667266,0,106156983,0,t
302667388,0,106156983,0,t
302667560,0,106227072,0,t
302668644,0,106147930,0,t
302668787,0,106169387,0,t
302669808,0,107157953,0,t
302670069,0,106147930,0,t
302670489,0,106227072,0,t
302673249,0,106170987,0,t
302675167,0,106156983,0,t
302675454,0,106156983,0,t
302676502,0,106173708,0,t
302677593,0,106156983,0,t
302677758,0,106147930,0,t
302678009,0,106172298,0,t
302678301,0,106174934,0,t
302679508,0,106127926,0,t
302681982,0,106156983,0,t
302682149,0,106156983,0,t
302682742,0,106206260,0,t
302684720,0,106174934,0,t
302686031,0,106156983,0,t
302693256,0,106147930,0,t
302695496,0,106174934,0,t
302698448,0,106156983,0,t
302699048,0,106156983,0,t
302700295,0,106173708,0,t
302701269,0,106156983,0,t
302701442,0,106147930,0,t
302701655,0,106173708,0,t
302701794,0,106174934,0,t
302701944,0,106174934,0,t
302702060,0,106174934,0,t
302702245,0,106174934,0,t
302706790,0,100706981,0,t
302707891,0,106127926,0,t
302708131,0,106127926,0,t
302708538,0,106127926,0,t
302708751,0,106127926,0,t
302709765,0,106127926,0,t
302710008,0,106127926,0,t
302713811,0,106181353,0,t
302716469,0,106147930,0,t
302723329,0,106127926,0,t
302723636,0,106156983,0,t
302725010,0,106276100,0,t
302727381,0,106147930,0,t
302727520,0,106147930,0,t
302730287,0,106147930,0,t
302730769,0,106205137,0,t
302734005,0,106090243,0,t
302736118,0,108129391,0,t
302738784,0,114757572,0,t
302739686,0,106147930,0,t
302746261,0,108594855,0,t
302748770,0,106147930,0,t
302751221,0,106173708,0,t
302752465,0,106214013,0,t
302752842,0,100945551,0,t
302752842,0,106035426,0,t
302753876,0,100488880,0,t
302754392,0,107157953,0,t
302754495,0,107157953,0,t
302756558,0,106127926,0,t
302757456,0,106127926,0,t
302763223,0,106189791,0,t
302763947,0,106156983,0,t
302765686,0,107211994,0,u
302771014,0,111670113,0,t
302777211,2,115617305,3,u
302777211,2,115672790,3,u
302777211,3,115711534,3,u
302786152,0,106174934,0,t
302786316,0,107211994,0,u
302788597,0,106127926,0,t
302791590,0,106266222,0,t
302792079,0,106266222,0,t
302796127,0,106156983,0,t
302804504,0,106127926,0,t
302806934,0,106227072,0,t
302806934,0,106249752,0,t
302807179,0,106170987,0,t
302810091,0,106219119,0,t
302814889,0,106090243,0,t
302817341,1,115617305,3,u
302817341,1,115672790,3,u
302817341,2,115711534,3,u
302817654,0,106133372,0,t
302817807,0,106156983,0,t
302819801,0,107157953,0,t
302820094,0,106332781,0,t
302826531,0,106219119,0,t
302827693,1,115711534,3,u
302827693,2,115617305,3,u
302827693,2,115672790,3,u
302839606,0,106170987,0,t
302839831,0,106133372,0,t
302841120,0,100006741,0,t
302842452,0,106156983,0,t
302842566,0,106156983,0,t
302843961,0,106127926,0,t
302844773,0,106169387,0,t
302845190,0,107211994,0,u
302845319,0,106174934,0,t
302849832,0,111670113,0,t
302851474,0,106090243,0,t
302851589,0,106127926,0,t
302858560,0,106181353,0,t
302859152,0,106264588,0,t
302870878,0,106181353,0,t
302877836,0,106127926,0,t
302878154,0,106174934,0,t
302878408,0,107157953,0,t
302878775,0,106264588,0,t
302878941,0,107232164,0,t
302879115,0,107157953,0,t
302884871,0,106266222,0,t
302885318,0,106266222,0,t
302885511,0,106181353,0,t
302885696,0,106127926,0,t
302885864,0,106127926,0,t
302889030,0,106181353,0,t
302894149,0,106174934,0,t
302901457,0,106153998,0,t
302907003,0,106133372,0,t
302907174,0,106165936,0,t
302907364,0,106165936,0,t
302911071,0,109206390,0,r
302911366,0,111670113,0,t
302916658,1,115617305,3,u
302916658,1,115672790,3,u
302916658,2,115711534,3,u
302917956,0,106209103,0,t
302919301,0,106147930,0,t
302920119,0,106261806,0,t
302925293,0,106219119,0,t
302929618,0,106127926,0,t
302932308,0,106090243,0,t
302934628,0,106108363,0,t
302944465,0,108964712,0,r
302944465,0,115507338,0,t
302949474,0,106337017,0,t
302952856,0,106090243,0,t
302953038,0,106090243,0,t
302954902,0,107157953,0,t
302957128,0,106147930,0,t
302960644,0,106156983,0,t
302961285,0,107211994,0,u
302962025,0,106206260,0,t
302967253,0,106145266,0,t
302972438,0,106206260,0,t
302975202,0,106035426,0,t
302975549,0,106035426,0,t
302975741,0,106273955,0,t
302975902,0,106035426,0,t
302976162,0,106273955,0,t
302976556,0,106035426,0,t
302976734,0,106035426,0,t
302976983,0,106401978,0,u
302977595,0,106035426,0,t
302977935,0,106035426,0,t
302978117,0,106035426,0,t
302978352,0,106035426,0,t
302978494,0,106035426,0,t
302978698,0,106035426,0,t
302978942,0,106035426,0,t
302979132,0,106035426,0,t
302996362,0,106473364,0,t
302996513,0,106473364,0,t
302996661,0,106473364,0,t
303000104,0,106181353,0,t
303002998,0,106181353,0,t
303003115,0,106181353,0,t
303003242,0,106181353,0,t
303003367,0,106181353,0,t
303004942,0,106035426,0,t
303005109,0,106273955,0,t
303008195,0,106401978,0,u
303012780,1,115617305,3,u
303012780,1,115672790,3,u
303012780,2,115711534,3,u
303015192,0,106255232,0,t
303015192,0,106266222,0,t
303015918,0,106147930,0,t
303016036,0,106266222,0,t
303016975,0,106264588,0,t
303018291,0,106181353,0,t
303031171,0,106147930,0,t
303031171,0,106170987,0,t
303031817,0,106127926,0,t
303035367,0,106090243,0,t
303041663,0,106127926,0,t
303044050,0,106127926,0,t
303044217,0,106127926,0,t
303044513,0,106156983,0,t
303045515,0,106156983,0,t
303045635,0,106156983,0,t
303049165,0,106156983,0,t
303064689,1,115617305,3,u
303064689,1,115672790,3,u
303064689,2,115711534,3,u
303064891,0,106264588,0,t
303067338,0,108594855,0,t
303068314,0,105887537,0,t
303068451,0,106264588,0,t
303071685,0,106090243,0,t
303072217,0,106174934,0,t
303072366,0,106090243,0,t
303072788,0,106156983,0,t
303077697,0,106133372,0,t
303081374,0,106209103,0,t
303082491,0,106261806,0,t
303086456,0,107211994,0,u
303093387,0,100465604,0,t
303096123,1,115711534,3,u
303096123,2,115617305,3,u
303096123,2,115672790,3,u
303110808,0,106820300,0,u
303110944,0,106234392,0,t
303112636,0,106185544,0,t
303116954,0,106219119,0,t
303117121,0,106266222,0,t
303117366,0,106266222,0,t
303117662,0,106266222,0,t
303117778,0,106266222,0,t
303117998,0,106266222,0,t
303118326,1,115617305,3,u
303118326,1,115672790,3,u
303118326,2,115711534,3,u
303119950,0,106170987,0,t
303120062,0,106133372,0,t
303120418,0,106266222,0,t
303121705,0,106174934,0,t
303125593,0,106264588,0,t
303131098,0,106090243,0,t
303131289,0,106090243,0,t
303131468,0,106090243,0,t
303133452,0,108594855,0,t
303134572,0,108594855,0,t
303137988,0,109028593,0,r
303142439,2,115617305,3,u
303142439,2,115672790,3,u
303142439,3,115711534,3,u
303143347,0,106156983,0,t
303143570,0,106261806,0,t
303144370,0,106266222,0,t
303144596,0,106266222,0,t
303147830,0,106174934,0,t
303149938,0,106174934,0,t
303150038,0,106261806,0,t
303153028,0,106264588,0,t
303153453,0,104193374,0,t
303157204,0,106156983,0,t
303157329,0,106156983,0,t
303157421,0,106156983,0,t
303158213,0,106156983,0,t
303164032,0,100924287,0,t
303164715,0,106156983,0,t
303169848,1,115711534,3,u
303169848,2,115558912,3,u
303169848,2,115617305,3,u
303169848,2,115672790,3,u
303169848,3,115711534,3,u
303169848,4,115558912,3,u
303169848,4,115617305,3,u
303169848,4,115672790,3,u
303170292,1,115711534,3,u
303170292,2,115558912,3,u
303170292,2,115617305,3,u
303170292,2,115672790,3,u
303170292,3,115711534,3,u
303170292,4,115558912,3,u
303170292,4,115617305,3,u
303170292,4,115672790,3,u
303170737,1,115711534,3,u
303170737,2,115558912,3,u
303170737,2,115617305,3,u
303170737,2,115672790,3,u
303170737,3,115711534,3,u
303170737,4,115558912,3,u
303170737,4,115617305,3,u
303170737,4,115672790,3,u
303176352,0,100456193,0,t
303179327,0,106370908,0,t
303180914,0,106219119,0,t
303180914,1,115711534,3,u
303180914,2,115672790,3,u
303182537,0,106209103,0,t
303184973,0,106219119,0,t
303185441,0,301503700,0,t
303186529,0,106219119,0,t
303186961,0,107075237,0,r
303187734,0,107075237,0,r
400004174,0,107213814,0,u
400009772,0,107298952,0,u
400009940,0,107213814,0,u
400010867,0,106401978,0,u
400011498,0,106401978,0,u
400011929,0,106401978,0,u
400015571,0,106416107,0,u
400015907,0,107213814,0,u
400017468,0,106417815,0,u
400020295,0,107157953,0,t
400025308,0,106416107,0,u
400025308,0,107265016,0,u
400025523,0,107213814,0,u
400025744,0,107213814,0,u
400025863,0,107213814,0,u
400029402,0,107157953,0,t
400032089,0,106416107,0,u
400032627,0,106416107,0,u
400032926,0,107265016,0,u
400034055,0,107213814,0,u
400037813,0,107246254,0,u
400038219,0,107296009,0,u
400038356,0,106416107,0,u
400039683,0,107213814,0,u
400043893,0,107211994,0,u
400044449,0,108594855,0,t
400047000,0,107298952,0,u
400047209,0,106416107,0,u
400055535,0,107213814,0,u
400057501,0,107213814,0,u
400057627,0,107213814,0,u
400057973,0,107213814,0,u
400058626,0,107213814,0,u
400059713,0,106416107,0,u
400059817,0,106416107,0,u
400062287,0,107157953,0,t
400065746,0,107157953,0,t
400067526,3,107073253,2,u
400067526,4,115587945,1,u
400067526,5,107073253,2,u
400067526,6,115587945,1,u
400074640,2,107073253,2,u
400074640,3,115587945,1,u
400074912,0,107297340,0,u
400086374,0,106461373,0,t
400086374,0,107232164,0,t
400089549,0,107213814,0,u
400091505,0,107213814,0,u
400095723,2,107073253,2,u
400095723,4,115587945,1,u
400096774,2,107073253,2,u
400096774,4,115587945,1,u
400097837,0,100524699,0,t
400098008,0,106416107,0,u
400098764,0,100524699,0,t
400102386,0,107213814,0,u
400105447,0,107213814,0,u
400112127,0,106416107,0,u
400114009,0,107092301,0,t
400117166,0,106127926,0,t
400119650,0,107213814,0,u
400126669,0,106174934,0,t
400126669,0,106181353,0,t
400133364,0,106416107,0,u
400145786,0,107213814,0,u
400147670,0,106416107,0,u
400148466,0,106416107,0,u
400148956,0,107213814,0,u
400149227,0,107213814,0,u
400157996,0,103301037,0,t
400161710,0,100313133,0,t
400163052,0,107213814,0,u
400163365,2,115617305,3,u
400163365,2,115672790,3,u
400163365,3,115711534,3,u
400166171,0,107213814,0,u
400169747,0,107296009,0,u
400169883,0,107213814,0,u
400170250,1,107211994,2,u
400177860,0,106147930,0,t
400183726,0,106416107,0,u
400184614,0,106416107,0,u
400202022,0,107213814,0,u
400213882,0,106416107,0,u
400234628,0,107211994,0,u
400239757,0,108594855,0,t
400242145,0,101222940,0,u
400245485,3,107073253,2,u
400245485,4,115587945,1,u
400247787,0,106416107,0,u
400251248,0,100472330,0,t
400252806,0,107092301,0,t
400252930,0,107092301,0,t
400257232,0,101222940,0,u
400265668,0,107142932,0,t
400265820,0,107142932,0,t
400266568,0,107157953,0,t
400266700,0,107157953,0,t
400269457,0,107157953,0,t
400270296,0,106266222,0,t
400272226,0,107157953,0,t
400272358,0,107157953,0,t
400276845,0,102736683,0,t
400276845,0,104259275,0,t
400278708,0,107211994,0,u
400279229,0,107213814,0,u
400290560,0,107211994,0,u
400316517,0,106416107,0,u
400325796,1,107073253,2,u
400325796,2,115587945,1,u
400325947,1,107073253,2,u
400325947,2,115587945,1,u
400350964,0,107157953,0,t
400352339,0,106416107,0,u
400352339,0,107265016,0,u
400356483,0,107213814,0,u
400357545,0,107213814,0,u
400362696,1,115617305,3,u
400362696,1,115672790,3,u
400362696,2,115711534,3,u
400389222,0,106147930,0,t
400391382,0,100850152,0,t
400405891,0,107157953,0,t
400410530,0,106417815,0,u
400410757,0,106796563,0,u
400422730,0,107211994,0,u
400426112,0,107157953,0,t
400426483,0,107157953,0,t
400426622,0,107157953,0,t
400428884,0,107213814,0,u
400429022,0,107213814,0,u
400452206,0,100850152,0,t
400456081,0,106241649,0,t
400466235,2,107073253,2,u
400466235,3,115587945,1,u
400475637,0,107213814,0,u
400475637,0,107232164,0,t
400496174,0,107211994,0,u
400514230,1,115617305,3,u
400514230,1,115672790,3,u
400514230,2,115711534,3,u
400516906,0,107157953,0,t
