n,"aardwolves","aardwolf"
n,"abaci","abacus"
n,"aboideaux","aboideau"
n,"aboiteaux","aboiteau"
n,"abscissae","abscissa"
n,"acanthi","acanthus"
n,"acari","acarus"
n,"acciaccature","acciaccatura"
n,"acetabula","acetabulum"
n,"achaemenidae","achaemenid"
n,"achaemenides","achaemenid"
n,"acicula","aciculum"
n,"aciculae","acicula"
n,"acini","acinus"
n,"acre-feet","acre-foot"
n,"acromia","acromion"
n,"actiniae","actinia"
n,"actinozoa","actinozoan"
n,"addenda","addendum"
n,"adenocarcinomata","adenocarcinoma"
n,"adenomata","adenoma"
n,"adieux","adieu"
n,"adyta","adytum"
n,"aecia","aecium"
n,"aecidia","aecidium"
n,"aerobia","aerobium"
n,"agents-general","agent-general"
n,"aggiornamenti","aggiornamento"
n,"agnomina","agnomen"
n,"agones","agon"
n,"agorae","agora"
n,"agouties","agouti"
n,"aides-de-camp","aide-de-camp"
n,"aides-memoire","aide-memoire"
n,"aids-de-camp","aid-de-camp"
n,"alae","ala"
n,"alewives","alewife"
n,"alkalies","alkali"
n,"allodia","allodium"
n,"alluvia","alluvium"
n,"alodia","alodium"
n,"alto-relievos","alto-relievo"
n,"alto-relievos","alto-rilievo"
n,"altocumuli","altocumulus"
n,"altostrati","altostratus"
n,"alulae","alula"
n,"alumnae","alumna"
n,"alumni","alumnus"
n,"alveoli","alveolus"
n,"amanuenses","amanuensis"
n,"ambulacra","ambulacrum"
n,"amebae","ameba"
n,"amici_curiae","amicus_curiae"
n,"amnia","amnion"
n,"amniocenteses","amniocentesis"
n,"amoebae","amoeba"
n,"amoebiases","amoebiasis"
n,"amoraim","amora"
n,"amoretti","amoretto"
n,"amorini","amorino"
n,"amphiarthroses","amphiarthrosis"
n,"amphicia","amphithecium"
n,"amphimixes","amphimixis"
n,"amphioxi","amphioxus"
n,"amphisbaenae","amphisbaena"
n,"amphorae","amphora"
n,"ampullae","ampulla"
n,"amygdalae","amygdala"
n,"anabases","anabasis"
n,"anacolutha","anacoluthon"
n,"anacruses","anacrusis"
n,"anaerobia","anaerobium"
n,"anagnorises","anagnorisis"
n,"analemmata","analemma"
n,"analyses","analysis"
n,"anamneses","anamnesis"
n,"anamorphoses","anamorphosis"
n,"anastomoses","anastomosis"
n,"anatyxes","anaptyxis"
n,"ancones","ancon"
n,"ancones","ancone"
n,"androclinia","androclinium"
n,"androecia","androecium"
n,"androsphinges","androsphinx"
n,"andtheridia","antheridium"
n,"angelfishes","angelfish"
n,"angiomata","angioma"
n,"animalcula","animalculum"
n,"anlagen","anlage"
n,"annattos","anatto"
n,"annattos","annatto"
n,"annuli","annulus"
n,"antae","anta"
n,"antalkalies","antalkali"
n,"antefixa","antefix"
n,"antennae","antenna"
n,"antependia","antependium"
n,"anthelia","anthelion"
n,"anthelices","anthelix"
n,"anthemia","anthemion"
n,"antheridia","antheridium"
n,"anthodia","anthodium"
n,"anthozoa","anthozoan"
n,"anthraces","anthrax"
n,"anticlinoria","anticlinorium"
n,"antihelices","antihelix"
n,"antiheroes","antihero"
n,"antisera","antiserum"
n,"antitheses","antithesis"
n,"antitragi","antitragus"
n,"antra","antrum"
n,"anus","anus"
n,"aortae","aorta"
n,"aphelia","aphelion"
n,"aphides","aphis"
n,"apices","apex"
n,"apodoses","apodosis"
n,"apomixes","apomixis"
n,"aponeuroses","aponeurosis"
n,"apophyses","apophysis"
n,"aposiopeses","aposiopesis"
n,"apothecia","apothecium"
n,"apotheoses","apotheosis"
n,"apparatus","apparatus"
n,"appendices","appendix"
n,"appoggiature","appoggiatura"
n,"apsides","apsis"
n,"aquae","aqua"
n,"aquaria","aquarium"
n,"araglis","argali"
n,"arboreta","arboretum"
n,"arcana","arcanum"
n,"archegonia","archegonium"
n,"archerfishes","archerfish"
n,"archesporia","archesporium"
n,"archipelagoes","archipelago"
n,"arcs-boutants","arc-boutant"
n,"areolae","areola"
n,"argali","argali"
n,"argumenta","argumentum"
n,"ariette","arietta"
n,"aristae","arista"
n,"armamentaria","armamentarium"
n,"arses","arsis"
n,"artal","rotl"
n,"artel","rotl"
n,"arterioscleroses","arteriosclerosis"
n,"aruspices","aruspex"
n,"asceses","ascesis"
n,"asci","ascus"
n,"ascidia","ascidium"
n,"ascogonia","ascogonium"
n,"ashes","ash"
n,"ashkenazim","ashkenazi"
n,"aspergilla","aspergillum"
n,"aspergilli","aspergillus"
n,"aspergilloses","aspergillosis"
n,"aspersoria","aspersorium"
n,"assegais","assagai"
n,"assegais","assegai"
n,"astragali","astragalus"
n,"asyndeta","asyndeton"
n,"atheromata","atheroma"
n,"atheroscleroses","atherosclerosis"
n,"atmolyses","atmolysis"
n,"atria","atrium"
n,"attorneys-at-law","attorney-at-law"
n,"auditoria","auditorium"
n,"aurae","aura"
n,"aurar","eyir"
n,"aurar","eyrir"
n,"aurei","aureus"
n,"auriculae","auricula"
n,"aurorae","aurora"
n,"auspices","auspex"
n,"auspices","auspice"
n,"autocatalyses","autocatalysis"
n,"autochthones","autochthon"
n,"automata","automaton"
n,"autos-da-fe","auto-da-fe"
n,"avitaminoses","avitaminosis"
n,"axes","ax"
n,"axes","axis"
n,"axillae","axilla"
n,"bacchantes","bacchant"
n,"bacchantes","bacchante"
n,"bacchii","bacchius"
n,"bacilli","bacillus"
n,"bacteriostases","bacteriostasis"
n,"bacula","baculum"
n,"bains-marie","bain-marie"
n,"bains_marie","bain_marie"
n,"ballistae","ballista"
n,"bambini","bambino"
n,"bandeaux","bandeau"
n,"banditti","bandit"
n,"bani","ban"
n,"banjoes","banjo"
n,"barklice","barklouse"
n,"barramundies","barramundi"
n,"bases","base"
n,"bases","basis"
n,"bases-on-balls","base_on_balls"
n,"bases_on_balls","base_on_balls"
n,"basidia","basidium"
n,"basileis","basileus"
n,"bassi","basso"
n,"bastinadoes","bastinado"
n,"bateaux","bateau"
n,"batfishes","batfish"
n,"beadsmen","beadsman"
n,"beadsmen","bedesman"
n,"beaux","beau"
n,"beches-de-mer","beche-de-mer"
n,"beeves","beef"
n,"behooves","behoof"
n,"bersaglieri","bersagliere"
n,"bhishties","bheesty"
n,"bhishties","bhishti"
n,"bibliothecae","bibliotheca"
n,"bicennaries","bicentenary"
n,"bicennaries","bicentennial"
n,"bijoux","bijou"
n,"bilboes","bilbo"
n,"billets-doux","billet-doux"
n,"billfishes","billfish"
n,"bimboes","bimbo"
n,"bisectrices","bisectrix"
n,"blackfeet","blackfoot"
n,"blackfishes","blackfish"
n,"blastemata","blastema"
n,"blastulae","blastula"
n,"blindfishes","blindfish"
n,"blowfishes","blowfish"
n,"bluefishes","bluefish"
n,"boarfishes","boarfish"
n,"bok","boschbok"
n,"boleti","boletus"
n,"bolivares","bolivar"
n,"bolsheviki","bolshevik"
n,"bonefishes","bonefish"
n,"bongoes","bongo"
n,"bonitoes","bonito"
n,"booklice","booklouse"
n,"bookshelves","bookshelf"
n,"boraces","borax"
n,"borborygmi","borborygmus"
n,"bordereaux","bordereau"
n,"botargoes","botargo"
n,"box-kodaks","box_kodak"
n,"boxfishes","boxfish"
n,"brachia","brachium"
n,"brainchildren","brainchild"
n,"branchiae","branchia"
n,"brants","brant"
n,"brants","brent"
n,"bravadoes","bravado"
n,"bravoes","bravo"
n,"bregmata","bregma"
n,"brethren","brother"
n,"broadcast_media","broadcast_medium"
n,"broadleaves","broadleaf"
n,"bronchi","bronchus"
n,"brothers-in-law","brother-in-law"
n,"bryozoa","bryozoan"
n,"buboes","bubo"
n,"buckoes","bucko"
n,"buckteeth","bucktooth"
n,"buffaloes","buffalo"
n,"bullae","bulla"
n,"bunde","bund"
n,"bureaux","bureau"
n,"bureaux_de_change","bureau_de_change"
n,"bursae","bursa"
n,"bushbok","boschbok"
n,"bushboks","boschbok"
n,"busses","bus"
n,"butterfishes","butterfish"
n,"byssi","byssus"
n,"cacti","cactus"
n,"caducei","caduceus"
n,"caeca","caecum"
n,"caesurae","caesura"
n,"calami","calamus"
n,"calathi","calathus"
n,"calcanei","calcaneum"
n,"calcanei","calcaneus"
n,"calces","calx"
n,"calculi","calculus"
n,"caldaria","caldarium"
n,"calices","calix"
n,"calicoes","calico"
n,"calli","callus"
n,"calves","calf"
n,"calyces","calyx"
n,"cambia","cambium"
n,"camerae","camera"
n,"canaliculi","canaliculus"
n,"candelabra","candelabrum"
n,"candlefishes","candlefish"
n,"canthi","canthus"
n,"canulae","canula"
n,"canzoni","canzone"
n,"capita","caput"
n,"capitula","capitulum"
n,"capricci","capriccio"
n,"carabinieri","carabiniere"
n,"carbonadoes","carbonado"
n,"carcinomata","carcinoma"
n,"cargoes","cargo"
n,"carides","caryatid"
n,"carinae","carina"
n,"caroli","carolus"
n,"carpi","carpus"
n,"carpogonia","carpogonium"
n,"carryings-on","carrying-on"
n,"caryopses","caryopsis"
n,"caryopsides","caryopsis"
n,"castrati","castrato"
n,"catabases","catabasis"
n,"cataclases","cataclasis"
n,"cataloes","catalo"
n,"catalyses","catalysis"
n,"catenae","catena"
n,"catfishes","catfish"
n,"cathari","cathar"
n,"cathexes","cathexis"
n,"cattaloes","cattalo"
n,"caudices","caudex"
n,"caules","caulis"
n,"cavatine","cavatina"
n,"cavefishes","cavefish"
n,"cavetti","cavetto"
n,"cavo-rilievi","cavo-rilievo"
n,"ceca","cecum"
n,"cellae","cella"
n,"cembali","cembalo"
n,"centesimi","centesimo"
n,"centra","centrum"
n,"cephalothoraces","cephalothorax"
n,"cercariae","cercaria"
n,"cercariiae","cercaria"
n,"cerci","cercus"
n,"cerebella","cerebellum"
n,"cerebra","cerebrum"
n,"cervices","cervix"
n,"cestuses","caestus"
n,"cesurae","cesura"
n,"chadarim","cheder"
n,"chaetae","chaeta"
n,"chaises_longues","chaise_longue"
n,"chalazae","chalaza"
n,"challoth","hallah"
n,"chalutzim","chalutz"
n,"chapaties","chapati"
n,"chapatties","chapatti"
n,"chapeaux","chapeau"
n,"chasidim","chasid"
n,"chassidim","chassid"
n,"chateaux","chateau"
n,"chazanim","chazan"
n,"chedarim","cheder"
n,"chefs-d'ouvre","chef-d'ouvre"
n,"chelae","chela"
n,"chelicerae","chelicera"
n,"cherubim","cherub"
n,"chevaux-de-frise","cheval-de-frise"
n,"chiasmata","chiasma"
n,"chiasmi","chiasmus"
n,"children","child"
n,"chillies","chilli"
n,"chinese_eddoes","chinese_eddo"
n,"chitarroni","chitarrone"
n,"chlamydes","chlamys"
n,"chlamyses","chlamys"
n,"chondromata","chondroma"
n,"choragi","choragus"
n,"choriambi","choriambus"
n,"choux","chou"
n,"chromonemata","chromonema"
n,"chrysalides","chrysalis"
n,"chuvashes","chuvash"
n,"ciboria","ciborium"
n,"cicadae","cicada"
n,"cicale","cicala"
n,"cicatrices","cicatrix"
n,"ciceroni","cicerone"
n,"cicisbei","cicisbeo"
n,"cilia","cilium"
n,"cimices","cimex"
n,"cineraria","cinerarium"
n,"cingula","cingulum"
n,"cirri","cirrus"
n,"cirrocumuli","cirrocumulus"
n,"cirrostrati","cirrostratus"
n,"ciscoes","cisco"
n,"cisternae","cisterna"
n,"clani","clarino"
n,"clanos","clarino"
n,"claroes","claro"
n,"clepsydrae","clepsydra"
n,"clinandria","clinandrium"
n,"clingfishes","clingfish"
n,"clitella","clitellum"
n,"cloacae","cloaca"
n,"clostridia","clostridium"
n,"cloverleaves","cloverleaf"
n,"clypei","clypeus"
n,"coagula","coagulum"
n,"coalfishes","coalfish"
n,"cocci","coccus"
n,"coccyges","coccyx"
n,"cochleae","cochlea"
n,"codfishes","codfish"
n,"codices","codex"
n,"coelentera","coelenteron"
n,"coenuri","coenurus"
n,"cognomina","cognomen"
n,"cognosenti","cognosente"
n,"cola","colon"
n,"coleorhizae","coleorhiza"
n,"collegia","collegium"
n,"colloquia","colloquium"
n,"colluvia","colluvium"
n,"collyria","collyrium"
n,"colones","colon"
n,"colossi","colossus"
n,"columbaria","columbarium"
n,"columellae","columella"
n,"comae","coma"
n,"comatulae","comatula"
n,"comedones","comedo"
n,"comics","comic_strip"
n,"comics","comic"
n,"commandoes","commando"
n,"concertanti","concertante"
n,"concerti","concerto"
n,"concerti_grossi","concerto_grosso"
n,"concertini","concertino"
n,"conchae","concha"
n,"condottieri","condottiere"
n,"condylomata","condyloma"
n,"confervae","conferva"
n,"congii","congius"
n,"conidia","conidium"
n,"conjunctivae","conjunctiva"
n,"conquistadores","conquistador"
n,"consortia","consortium"
n,"contagia","contagium"
n,"continua","continuum"
n,"contralti","contralto"
n,"conversazioni","conversazione"
n,"convolvuli","convolvulus"
n,"cooks-general","cook-general"
n,"copulae","copula"
n,"corbiculae","corbicula"
n,"coria","corium"
n,"corneae","cornea"
n,"cornua","cornu"
n,"coronae","corona"
n,"corpora","corpus"
n,"corpora_lutea","corpus_luteum"
n,"corpora_striata","corpus_striatum"
n,"corrigenda","corrigendum"
n,"cortices","cortex"
n,"cortinae","cortina"
n,"corybantes","corybant"
n,"coryphaei","coryphaeus"
n,"costae","costa"
n,"cothurni","cothurnus"
n,"courts_martial","court_martial"
n,"couteaux","couteau"
n,"cowfishes","cowfish"
n,"coxae","coxa"
n,"cramboes","crambo"
n,"crania","cranium"
n,"crases","crasis"
n,"crawfishes","crawfish"
n,"crayfishes","crayfish"
n,"credenda","credendum"
n,"crematoria","crematorium"
n,"crescendi","crescendo"
n,"cribella","cribellum"
n,"crises","crisis"
n,"crissa","crissum"
n,"cristae","crista"
n,"criteria","criterion"
n,"cruces","crux"
n,"crura","crus"
n,"crusadoes","crusado"
n,"cruzadoes","cruzado"
n,"crying","cry"
n,"cryings","cry"
n,"ctenidia","ctenidium"
n,"cubicula","cubiculum"
n,"culices","culex"
n,"culpae","culpa"
n,"culs-de-sac","cul-de-sac"
n,"culti","cultus"
n,"cumuli","cumulus"
n,"cumulonimbi","cumulonimbus"
n,"cumulostrati","cumulostratus"
n,"curiae","curia"
n,"curricula","curriculum"
n,"custodes","custos"
n,"cutes","cutis"
n,"cuticulae","cuticula"
n,"cuttlefishes","cuttlefish"
n,"cyclopes","cyclops"
n,"cycloses","cyclosis"
n,"cylices","cylix"
n,"cylikes","cylix"
n,"cymae","cyma"
n,"cymatia","cymatium"
n,"cypselae","cypsela"
n,"cysticerci","cysticercus"
n,"dadoes","dado"
n,"dagoes","dago"
n,"damselfishes","damselfish"
n,"data","datum"
n,"daughters-in-law","daughter-in-law"
n,"daymio","daimio"
n,"daymios","daimio"
n,"dealfishes","dealfish"
n,"decemviri","decemvir"
n,"decennia","decennium"
n,"deciduae","decidua"
n,"definienda","definiendum"
n,"definientia","definiens"
n,"delphinia","delphinium"
n,"denarii","denarius"
n,"dentalia","dentalium"
n,"dermatoses","dermatosis"
n,"desiderata","desideratum"
n,"desperadoes","desperado"
n,"devilfishes","devilfish"
n,"diaereses","diaeresis"
n,"diaerses","diaeresis"
n,"diagnoses","diagnosis"
n,"dialyses","dialysis"
n,"diaphyses","diaphysis"
n,"diapophyses","diapophysis"
n,"diarthroses","diarthrosis"
n,"diastalses","diastalsis"
n,"diastases","diastasis"
n,"diastemata","diastema"
n,"diathses","diathesis"
n,"diazoes","diazo"
n,"dibbukkim","dibbuk"
n,"dichasia","dichasium"
n,"dicta","dictum"
n,"didoes","dido"
n,"diereses","dieresis"
n,"dieses","diesis"
n,"differentiae","differentia"
n,"dilettanti","dilettante"
n,"diluvia","diluvium"
n,"dingoes","dingo"
n,"diplococci","diplococcus"
n,"directors-general","director-general"
n,"disci","discus"
n,"discoboli","discobolos"
n,"discoboli","discobolus"
n,"dive","diva"
n,"diverticula","diverticulum"
n,"divertimenti","divertimento"
n,"djinn","djinni"
n,"djinn","djinny"
n,"dodoes","dodo"
n,"dogfishes","dogfish"
n,"dogmata","dogma"
n,"dogteeth","dogtooth"
n,"dollarfishes","dollarfish"
n,"domatia","domatium"
n,"dominoes","domino"
n,"dormice","dormouse"
n,"dorsa","dorsum"
n,"drachmae","drachma"
n,"drawknives","drawknife"
n,"drosophilae","drosophila"
n,"drumfishes","drumfish"
n,"dryades","dryad"
n,"dui","duo"
n,"duona","duodenum"
n,"duonas","duodenum"
n,"dupondii","dupondius"
n,"duumviri","duumvir"
n,"dwarves","dwarf"
n,"dybbukkim","dybbuk"
n,"ecchymoses","ecchymosis"
n,"ecclesiae","ecclesia"
n,"ecdyses","ecdysis"
n,"echidnae","echidna"
n,"echini","echinus"
n,"echinococci","echinococcus"
n,"echoes","echo"
n,"ectozoa","ectozoan"
n,"eddoes","eddo"
n,"edemata","edema"
n,"effluvia","effluvium"
n,"eidola","eidolon"
n,"eisegeses","eisegesis"
n,"eisteddfodau","eisteddfod"
n,"elenchi","elenchus"
n,"ellipses","ellipsis"
n,"eluvia","eluvium"
n,"elves","elf"
n,"elytra","elytron"
n,"elytra","elytrum"
n,"embargoes","embargo"
n,"emboli","embolus"
n,"emphases","emphasis"
n,"emporia","emporium"
n,"enarthroses","enarthrosis"
n,"encephala","encephalon"
n,"encephalitides","encephalitis"
n,"encephalomata","encephaloma"
n,"enchiridia","enchiridion"
n,"enchondromata","enchondroma"
n,"encomia","encomium"
n,"endamebae","endameba"
n,"endamoebae","endamoeba"
n,"endocardia","endocardium"
n,"endocrania","endocranium"
n,"endometria","endometrium"
n,"endostea","endosteum"
n,"endostoses","endostosis"
n,"endothecia","endothecium"
n,"endothelia","endothelium"
n,"endotheliomata","endothelioma"
n,"endozoa","endozoan"
n,"enemata","enema"
n,"enneahedra","enneahedron"
n,"entamebae","entameba"
n,"entamoebae","entamoeba"
n,"entases","entasis"
n,"entera","enteron"
n,"entia","ens"
n,"entozoa","entozoan"
n,"entozoa","entozoon"
n,"epencephala","epencephalon"
n,"epentheses","epenthesis"
n,"epexegeses","epexegesis"
n,"ephemera","ephemeron"
n,"ephemerae","ephemera"
n,"ephemerides","ephemeris"
n,"ephori","ephor"
n,"epicalyces","epicalyx"
n,"epicanthi","epicanthus"
n,"epicardia","epicardium"
n,"epicedia","epicedium"
n,"epicleses","epiclesis"
n,"epididymides","epididymis"
n,"epigastria","epigastrium"
n,"epiglottides","epiglottis"
n,"epimysia","epimysium"
n,"epiphenomena","epiphenomenon"
n,"epiphyses","epiphysis"
n,"episterna","episternum"
n,"epithalamia","epithalamion"
n,"epithalamia","epithalamium"
n,"epithelia","epithelium"
n,"epitheliomata","epithelioma"
n,"epizoa","epizoan"
n,"epizoa","epizoon"
n,"epyllia","epyllion"
n,"equilibria","equilibrium"
n,"equiseta","equisetum"
n,"eringoes","eringo"
n,"errata","erratum"
n,"eryngoes","eryngo"
n,"esophagi","esophagus"
n,"etyma","etymon"
n,"eucalypti","eucalyptus"
n,"eupatridae","eupatrid"
n,"euripi","euripus"
n,"exanthemata","exanthema"
n,"executrices","executrix"
n,"exegeses","exegesis"
n,"exempla","exemplum"
n,"exordia","exordium"
n,"exostoses","exostosis"
n,"extrema","extremum"
n,"eyeteeth","eyetooth"
n,"fabliaux","fabliau"
n,"faciae","facia"
n,"faculae","facula"
n,"faeroese","faeroese"
n,"fallfishes","fallfish"
n,"famuli","famulus"
n,"farmers-general","farmer-general"
n,"faroese","faroese"
n,"farragoes","farrago"
n,"fasciae","fascia"
n,"fasciculi","fasciculus"
n,"fathers-in-law","father-in-law"
n,"fatsoes","fatso"
n,"faunae","fauna"
n,"feculae","fecula"
n,"fedayeen","fedayee"
n,"feet","foot"
n,"fellaheen","fellah"
n,"fellahin","fellah"
n,"felones_de_se","felo_de_se"
n,"felos_de_se","felo_de_se"
n,"femora","femur"
n,"fenestellae","fenestella"
n,"fenestrae","fenestra"
n,"feriae","feria"
n,"fermate","fermata"
n,"ferulae","ferula"
n,"festschriften","festschrift"
n,"fetiales","fetial"
n,"fezzes","fez"
n,"fiascoes","fiasco"
n,"fibrillae","fibrilla"
n,"fibromata","fibroma"
n,"fibulae","fibula"
n,"ficoes","fico"
n,"fideicommissa","fideicommissum"
n,"fieldmice","fieldmouse"
n,"figs.","fig."
n,"fila","filum"
n,"filariiae","filaria"
n,"filefishes","filefish"
n,"fimbriae","fimbria"
n,"fishes","fish"
n,"fishwives","fishwife"
n,"fistulae","fistula"
n,"flabella","flabellum"
n,"flagella","flagellum"
n,"flagstaves","flagstaff"
n,"flambeaux","flambeau"
n,"flamines","flamen"
n,"flamingoes","flamingo"
n,"flatfeet","flatfoot"
n,"flatfishes","flatfish"
n,"fleurs-de-lis","fleur-de-lis"
n,"fleurs-de-lys","fleur-de-lys"
n,"flights_of_stairs","flight_of_stairs"
n,"flittermice","flittermouse"
n,"flocci","floccus"
n,"flocculi","flocculus"
n,"florae","flora"
n,"floreant.","floreat"
n,"florilegia","florilegium"
n,"flowers-de-luce","flower-de-luce"
n,"flyleaves","flyleaf"
n,"foci","focus"
n,"folia","folium"
n,"fora","forum"
n,"foramina","foramen"
n,"forceps","forceps"
n,"forefeet","forefoot"
n,"foreteeth","foretooth"
n,"formicaria","formicarium"
n,"formulae","formula"
n,"fornices","fornix"
n,"fortes","fortis"
n,"fossae","fossa"
n,"foveae","fovea"
n,"foveolae","foveola"
n,"fractocumuli","fractocumulus"
n,"fractostrati","fractostratus"
n,"fraena","fraenum"
n,"frauen","frau"
n,"frena","frenum"
n,"frenula","frenulum"
n,"frescoes","fresco"
n,"fricandeaux","fricandeau"
n,"fricandoes","fricando"
n,"frijoles","frijol"
n,"frogfishes","frogfish"
n,"frontes","frons"
n,"frusta","frustum"
n,"fuci","fucus"
n,"fulcra","fulcrum"
n,"fumatoria","fumatorium"
n,"fundi","fundus"
n,"fungi","fungus"
n,"funiculi","funiculus"
n,"furcula","furculum"
n,"furculae","furcula"
n,"furfures","furfur"
n,"galeae","galea"
n,"gambadoes","gambado"
n,"gametangia","gametangium"
n,"gametoecia","gametoecium"
n,"gammadia","gammadion"
n,"ganglia","ganglion"
n,"garfishes","garfish"
n,"gas","gas"
n,"gasses","gas"
n,"gastrulae","gastrula"
n,"gateaux","gateau"
n,"gazeboes","gazebo"
n,"geckoes","gecko"
n,"geese","goose"
n,"gelsemia","gelsemium"
n,"gemboks","gemsbok"
n,"gembucks","gemsbuck"
n,"gemeinschaften","gemeinschaft"
n,"gemmae","gemma"
n,"genera","genus"
n,"generatrices","generatrix"
n,"geneses","genesis"
n,"genii","genius"
n,"gentes","gens"
n,"gentlemen-at-arms","gentleman-at-arms"
n,"gentlemen-farmers","gentleman-farmer"
n,"genua","genu"
n,"genus","genus"
n,"germina","germen"
n,"gesellschaften","gesellschaft"
n,"gestalten","gestalt"
n,"ghettoes","ghetto"
n,"gingivae","gingiva"
n,"gingkoes","gingko"
n,"ginglymi","ginglymus"
n,"ginkgoes","ginkgo"
n,"gippoes","gippo"
n,"glabellae","glabella"
n,"gladioli","gladiolus"
n,"glandes","glans"
n,"gliomata","glioma"
n,"glissandi","glissando"
n,"globefishes","globefish"
n,"globigerinae","globigerina"
n,"glochidcia","glochidium"
n,"glochidia","glochidium"
n,"glomeruli","glomerulus"
n,"glossae","glossa"
n,"glottides","glottis"
n,"glutaei","glutaeus"
n,"glutei","gluteus"
n,"gnoses","gnosis"
n,"goatfishes","goatfish"
n,"goboes","gobo"
n,"godchildren","godchild"
n,"goes","go"
n,"goings-over","going-over"
n,"goldfishes","goldfish"
n,"gomphoses","gomphosis"
n,"gonia","gonion"
n,"gonidia","gonidium"
n,"gonococci","gonococcus"
n,"goodwives","goodwife"
n,"goosefishes","goosefish"
n,"gorgoneia","gorgoneion"
n,"gospopoda","gospodin"
n,"governors_general","governor_general"
n,"goyim","goy"
n,"gps","gps"
n,"grafen","graf"
n,"graffiti","graffito"
n,"grandchildren","grandchild"
n,"grants-in-aid","grant-in-aid"
n,"granulomata","granuloma"
n,"gravamina","gravamen"
n,"grig-gris","gris-gris"
n,"groszy","grosz"
n,"grottoes","grotto"
n,"guilder","guilde"
n,"guilders","guilde"
n,"guilders","guilder"
n,"guitarfishes","guitarfish"
n,"gummata","gumma"
n,"gurnard","gurnar"
n,"gurnards","gurnar"
n,"gurnards","gurnard"
n,"guttae","gutta"
n,"gymnasia","gymnasium"
n,"gynaecea","gynaeceum"
n,"gynaecia","gynaecium"
n,"gynecea","gynecium"
n,"gynecia","gynecium"
n,"gynoecea","gynoecium"
n,"gynoecia","gynoecium"
n,"gyri","gyrus"
n,"hadarim","heder"
n,"hadjes","hadj"
n,"haematolyses","haematolysis"
n,"haematomata","haematoma"
n,"haematozoa","haematozoon"
n,"haemodialyses","haemodialysis"
n,"haemolyses","haemolysis"
n,"haemoptyses","haemoptysis"
n,"haeredes","haeres"
n,"haftaroth","haftarah"
n,"hagfishes","hagfish"
n,"haggadas","haggada"
n,"haggadas","haggadah"
n,"haggadoth","haggada"
n,"hajjes","hajj"
n,"haleru","haler"
n,"halfpence","halfpenny"
n,"hallot","hallah"
n,"halloth","hallah"
n,"halluces","hallux"
n,"haloes","halo"
n,"halteres","halter"
n,"halteres","haltere"
n,"halves","half"
n,"hamuli","hamulus"
n,"hangers-on","hanger-on"
n,"haphtaroth","haphtarah"
n,"haredim","haredi"
n,"haruspices","haruspex"
n,"hasidim","hasid"
n,"hassidim","hassid"
n,"haustella","haustellum"
n,"haustoria","haustorium"
n,"hazzanim","hazzan"
n,"hectocotyli","hectocotylus"
n,"heirs-at-law","heir-at-law"
n,"heldentenore","heldentenor"
n,"helices","helix"
n,"heliozoa","heliozoan"
n,"hematolyses","hematolysis"
n,"hematomata","hematoma"
n,"hematozoa","hematozoon"
n,"hemelytra","hemelytron"
n,"hemielytra","hemielytron"
n,"hemodialyses","hemodialysis"
n,"hemolyses","hemolysis"
n,"hemoptyses","hemoptysis"
n,"hendecahedra","hendecahedron"
n,"hens-and-chickens","hen-and-chickens"
n,"heraclidae","heraclid"
n,"heraklidae","heraklid"
n,"herbaria","herbarium"
n,"hermae","herm"
n,"hermae","herma"
n,"hermai","herma"
n,"herniae","hernia"
n,"heroes","hero"
n,"herren","herr"
n,"hetaerae","hetaera"
n,"hetairai","hetaira"
n,"hibernacula","hibernaculum"
n,"hieracosphinges","hieracosphinx"
n,"hila","hilum"
n,"hili","hilus"
n,"himatia","himation"
n,"hippocampi","hippocampus"
n,"hippopotami","hippopotamus"
n,"his","his"
n,"hoboes","hobo"
n,"hogfishes","hogfish"
n,"homunculi","homunculus"
n,"honoraria","honorarium"
n,"hooves","hoof"
n,"horologia","horologium"
n,"houses_of_cards","house_of_cards"
n,"housewives","housewife"
n,"humeri","humerus"
n,"hydrae","hydra"
n,"hydromedusae","hydromedusa"
n,"hydrozoa","hydrozoan"
n,"hymenoptera","hymenopteran"
n,"hynia","hymenium"
n,"hyniums","hymenium"
n,"hypanthia","hypanthium"
n,"hyperostoses","hyperostosis"
n,"hyphae","hypha"
n,"hypnoses","hypnosis"
n,"hypochondria","hypochondrium"
n,"hypogastria","hypogastrium"
n,"hypogea","hypogeum"
n,"hypophyses","hypophysis"
n,"hypostases","hypostasis"
n,"hypothalami","hypothalamus"
n,"hypotheses","hypothesis"
n,"hyraces","hyrax"
n,"iambi","iamb"
n,"ibices","ibex"
n,"ibo","igbo"
n,"ichthyosauri","ichthyosaurus"
n,"ichthyosauruses","ichthyosaur"
n,"ichthyosauruses","ichthyosaurus"
n,"iconostases","iconostas"
n,"iconostases","iconostasis"
n,"icosahedra","icosahedron"
n,"ideata","ideatum"
n,"igorrorote","igorrote"
n,"ilia","ilium"
n,"imagines","imago"
n,"imagoes","imago"
n,"imperia","imperium"
n,"impies","impi"
n,"incubi","incubus"
n,"incudes","incus"
n,"indices","index"
n,"indigoes","indigo"
n,"indumenta","indumentum"
n,"indusia","indusium"
n,"infundibula","infundibulum"
n,"ingushes","ingush"
n,"innuendoes","innuendo"
n,"inocula","inoculum"
n,"inquisitors-general","inquisitor-general"
n,"insectaria","insectarium"
n,"insulae","insula"
n,"intagli","intaglio"
n,"interleaves","interleaf"
n,"intermezzi","intermezzo"
n,"interreges","interrex"
n,"interregna","interregnum"
n,"intimae","intima"
n,"involucella","involucellum"
n,"involucra","involucre"
n,"involucra","involucrum"
n,"irides","iris"
n,"irs","irs"
n,"is","is"
n,"ischia","ischium"
n,"isthmi","isthmus"
n,"jackeroos","jackaroo"
n,"jackeroos","jackeroo"
n,"jackfishes","jackfish"
n,"jackknives","jackknife"
n,"jacks-in-the-box","jack-in-the-box"
n,"jambeaux","jambeau"
n,"jellyfishes","jellyfish"
n,"jewelfishes","jewelfish"
n,"jewfishes","jewfish"
n,"jingoes","jingo"
n,"jinn","jinni"
n,"joes","jo"
n,"joes","joe"
n,"judge_advocates_general","judge_advocate_general"
n,"jura","jus"
n,"kaddishim","kaddish"
n,"kalmuck","kalmuc"
n,"kalmucks","kalmuc"
n,"kalmucks","kalmuck"
n,"katabases","katabasis"
n,"keeshonden","keeshond"
n,"kibbutzim","kibbutz"
n,"killifishes","killifish"
n,"kingfishes","kingfish"
n,"kings-of-arms","king-of-arms"
n,"knights_bachelor","knight_bachelor"
n,"knights_bachelors","knight_bachelor"
n,"knights_templar","knight_templar"
n,"knights_templars","knight_templar"
n,"knives","knife"
n,"kohlrabies","kohlrabi"
n,"kronen","krone"
n,"kroner","krone"
n,"kronur","krona"
n,"krooni","kroon"
n,"kylikes","kylix"
n,"labara","labarum"
n,"labella","labellum"
n,"labia","labium"
n,"labra","labrum"
n,"lactobacilli","lactobacillus"
n,"lacunae","lacuna"
n,"lacunaria","lacunar"
n,"ladies-in-waiting","lady-in-waiting"
n,"lamellae","lamella"
n,"lamiae","lamia"
n,"laminae","lamina"
n,"lapilli","lapillus"
n,"lapithae","lapith"
n,"larvae","larva"
n,"larynges","larynx"
n,"lassoes","lasso"
n,"lati","lat"
n,"latices","latex"
n,"latifundia","latifundium"
n,"latu","lat"
n,"lavaboes","lavabo"
n,"leaves","leaf"
n,"leaves","leave"
n,"lecythi","lecythus"
n,"leges","lex"
n,"lei","leu"
n,"lemmata","lemma"
n,"lemnisci","lemniscus"
n,"lenes","lenis"
n,"lentigines","lentigo"
n,"leonides","leonid"
n,"lepidoptera","lepidopteran"
n,"leprosaria","leprosarium"
n,"lepta","lepton"
n,"leptocephali","leptocephalus"
n,"leucocytozoa","leucocytozoan"
n,"leva","lev"
n,"librae","libra"
n,"libretti","libretto"
n,"lice","louse"
n,"lieder","lied"
n,"ligulae","ligula"
n,"limbi","limbus"
n,"limina","limen"
n,"limites","limes"
n,"limuli","limulus"
n,"lingoes","lingo"
n,"linguae","lingua"
n,"linguae_francae","lingua_franca"
n,"lionfishes","lionfish"
n,"lipomata","lipoma"
n,"lire","lira"
n,"liriodendra","liriodendron"
n,"lisente","sente"
n,"listente","sente"
n,"litai","lit"
n,"litai","litas"
n,"litu","litas"
n,"lives","life"
n,"lixivia","lixivium"
n,"loaves","loaf"
n,"loci","locus"
n,"loculi","loculus"
n,"loggie","loggia"
n,"logia","logion"
n,"lomenta","lomentum"
n,"longobardi","longobard"
n,"loricae","lorica"
n,"loups-garous","loup-garou"
n,"luba","luba"
n,"lubritoria","lubritorium"
n,"lumbus","lumbi"
n,"lumina","lumen"
n,"lumpfishes","lumpfish"
n,"lungfishes","lungfish"
n,"lunulae","lunula"
n,"lures","lur"
n,"lures","lure"
n,"lustra","lustre"
n,"lyings-in","lying-in"
n,"lymphangitides","lymphangitis"
n,"lymphomata","lymphoma"
n,"lymphopoieses","lymphopoiesis"
n,"lyses","lysis"
n,"lyttae","lytta"
n,"maare","maar"
n,"macaronies","macaroni"
n,"maccaronies","maccaroni"
n,"machzorim","machzor"
n,"macronuclei","macronucleus"
n,"macrosporangia","macrosporangium"
n,"maculae","macula"
n,"madornos","madrono"
n,"maestri","maestro"
n,"mafiosi","mafioso"
n,"magi","magus"
n,"magmata","magma"
n,"magnificoes","magnifico"
n,"mahzorim","mahzor"
n,"major-axes","major_axis"
n,"major_axes","major_axis"
n,"makuta","likuta"
n,"mallei","malleus"
n,"malleoli","malleolus"
n,"maloti","loti"
n,"mamillae","mamilla"
n,"mammae","mamma"
n,"mammillae","mammilla"
n,"mandingoes","mandingo"
n,"mangoes","mango"
n,"manifestoes","manifesto"
n,"manteaux","manteau"
n,"mantes","mantis"
n,"manubria","manubrium"
n,"marchese","marchesa"
n,"marchesi","marchese"
n,"maremme","maremma"
n,"markkaa","markka"
n,"marsupia","marsupium"
n,"marvels-of-peru","marvel-of-peru"
n,"mass_media","mass_medium"
n,"masses","mass"
n,"masses","masse"
n,"masters-at-arms","master-at-arms"
n,"matrices","matrix"
n,"matzoth","matzo"
n,"mausolea","mausoleum"
n,"maxillae","maxilla"
n,"maxima","maximum"
n,"media","medium"
n,"mediae","media"
n,"mediastina","mediastinum"
n,"medullae","medulla"
n,"medullae_oblongatae","medulla_oblongata"
n,"medusae","medusa"
n,"megara","megaron"
n,"megasporangia","megasporangium"
n,"megilloth","megillah"
n,"meioses","meiosis"
n,"melanomata","melanoma"
n,"melismata","melisma"
n,"mementoes","memento"
n,"memoranda","memorandum"
n,"men","man"
n,"men-at-arms","man-at-arms"
n,"men-o'-war","man-of-war"
n,"men-of-war","man-of-war"
n,"men_of_letters","man_of_letters"
n,"menisci","meniscus"
n,"menservants","manservant"
n,"menstrua","menstruum"
n,"mesdames","madame"
n,"mesdemoiselles","mademoiselle"
n,"mesentera","mesenteron"
n,"mesothoraces","mesothorax"
n,"messeigneurs","monseigneur"
n,"messieurs","monsieur"
n,"mestizoes","mestizo"
n,"metacarpi","metacarpus"
n,"metamorphoses","metamorphosis"
n,"metanephroi","metanephros"
n,"metastases","metastasis"
n,"metatarsi","metatarsus"
n,"metatheses","metathesis"
n,"metathoraces","metathorax"
n,"metazoa","metazoan"
n,"metempsychoses","metempsychosis"
n,"metencephala","metencephalon"
n,"mezuzoth","mezuzah"
n,"miasmata","miasma"
n,"mice","mouse"
n,"microanalyses","microanalysis"
n,"micrococci","micrococcus"
n,"micronuclei","micronucleus"
n,"microsporangia","microsporangium"
n,"midrashim","midrash"
n,"midwives","midwife"
n,"milia","milium"
n,"milieux","milieu"
n,"militated_against","militate_against"
n,"milkfishes","milkfish"
n,"millennia","millennium"
n,"minae","mina"
n,"minima","minimum"
n,"ministeria","ministerium"
n,"minutiae","minutia"
n,"minyanim","minyan"
n,"mioses","miosis"
n,"miracidia","miracidium"
n,"miri","mir"
n,"mishnayoth","mishna"
n,"mishnayoth","mishnah"
n,"mitochondria","mitochondrion"
n,"mitzvoth","mitzvah"
n,"modioli","modiolus"
n,"moduli","modulus"
n,"momenta","momentum"
n,"moments_of_truth","moment_of_truth"
n,"momi","momus"
n,"monades","monad"
n,"monades","monas"
n,"monkfishes","monkfish"
n,"monochasia","monochasium"
n,"monopodia","monopodium"
n,"monoptera","monopteron"
n,"monopteroi","monopteros"
n,"monsignori","monsignor"
n,"monts-de-piete","mont-de-piete"
n,"mooncalves","mooncalf"
n,"moonfishes","moonfish"
n,"morae","mora"
n,"moratoria","moratorium"
n,"morceaux","morceau"
n,"morescoes","moresco"
n,"moriscoes","morisco"
n,"morphallaxes","morphallaxis"
n,"morphoses","morphosis"
n,"morses","morse"
n,"morses","mors"
n,"morulae","morula"
n,"mosasauri","mosasaurus"
n,"moshavim","moshav"
n,"moslim","moslem"
n,"moslims","moslem"
n,"mosquitoes","mosquito"
n,"mothers-in-law","mother-in-law"
n,"mothers_superior","mother_superior"
n,"mottoes","motto"
n,"movers_and_shakers","mover_and_shaker"
n,"mucosae","mucosa"
n,"mucrones","mucro"
n,"mudejares","mudejar"
n,"mudfishes","mudfish"
n,"mulattoes","mulatto"
n,"multiparae","multipara"
n,"murices","murex"
n,"muskallunge","muskellunge"
n,"mycelia","mycelium"
n,"mycetomata","mycetoma"
n,"mycobacteria","mycobacterium"
n,"mycorrhizae","mycorrhiza"
n,"myelencephala","myelencephalon"
n,"myiases","myiasis"
n,"myocardia","myocardium"
n,"myofibrillae","myofibrilla"
n,"myomata","myoma"
n,"myoses","myosis"
n,"myrmidones","myrmidon"
n,"mythoi","mythos"
n,"myxomata","myxoma"
n,"naevi","naevus"
n,"naiades","naiad"
n,"naoi","naos"
n,"narcissi","narcissus"
n,"nares","naris"
n,"nasopharynges","nasopharynx"
n,"natatoria","natatorium"
n,"naumachiae","naumachia"
n,"nauplii","nauplius"
n,"nautili","nautilus"
n,"navahoes","navaho"
n,"navajoes","navajo"
n,"nebulae","nebula"
n,"necropoleis","necropolis"
n,"needlefishes","needlefish"
n,"negrilloes","negrillo"
n,"negritoes","negrito"
n,"negroes","negro"
n,"nemeses","nemesis"
n,"nephridia","nephridium"
n,"nereides","nereid"
n,"neurohypophyses","neurohypophysis"
n,"neuromata","neuroma"
n,"neuroptera","neuropteron"
n,"neuroses","neurosis"
n,"nevi","nevus"
n,"nibelungen","nibelung"
n,"nidi","nidus"
n,"nielli","niello"
n,"nilgai","nilgai"
n,"nimbi","nimbus"
n,"nimbostrati","nimbostratus"
n,"noctilucae","noctiluca"
n,"nodi","nodus"
n,"noes","no"
n,"nomina","nomen"
n,"nota","notum"
n,"noumena","noumenon"
n,"novae","nova"
n,"novelle","novella"
n,"novenae","novena"
n,"nubeculae","nubecula"
n,"nucelli","nucellus"
n,"nuchae","nucha"
n,"nuclei","nucleus"
n,"nucleoli","nucleolus"
n,"nulliparae","nullipara"
n,"numbfishes","numbfish"
n,"numina","numen"
n,"nymphae","nympha"
n,"oarfishes","oarfish"
n,"oases","oasis"
n,"obeli","obelus"
n,"objets_d'art","objet_d'art"
n,"obligati","obligato"
n,"oboli","obolus"
n,"occipita","occiput"
n,"oceanaria","oceanarium"
n,"oceanides","oceanid"
n,"ocelli","ocellus"
n,"ochreae","ochrea"
n,"ocreae","ochrea"
n,"ocreae","ocrea"
n,"octahedra","octahedron"
n,"octopi","octopus"
n,"oculi","oculus"
n,"odea","odeum"
n,"oedemata","edema"
n,"oedemata","oedema"
n,"oesophagi","esophagus"
n,"oesophagi","oesophagus"
n,"oldwives","oldwife"
n,"olea","oleum"
n,"omasa","omasum"
n,"omayyades","omayyad"
n,"omenta","omentum"
n,"ommatidia","ommatidium"
n,"ommiades","ommiad"
n,"onagri","onager"
n,"oogonia","oogonium"
n,"oothecae","ootheca"
n,"operas_seria","opera_seria"
n,"opercula","operculum"
n,"optic_axes","optic_axis"
n,"optima","optimum"
n,"ora","os"
n,"organa","organon"
n,"organa","organum"
n,"organums","organa"
n,"organums","organum"
n,"orthoptera","orthopteron"
n,"osar","os"
n,"oscula","osculum"
n,"ossa","os"
n,"osteomata","osteoma"
n,"ostia","ostium"
n,"ottomans","othman"
n,"ottomans","ottoman"
n,"ova","ovum"
n,"ovoli","ovolo"
n,"ovotestes","ovotestis"
n,"oxen","ox"
n,"oxymora","oxymoron"
n,"paddlefishes","paddlefish"
n,"paise","paisa"
n,"paleae","palea"
n,"palestrae","palestra"
n,"palingeneses","palingenesis"
n,"pallia","pallium"
n,"palmettoes","palmetto"
n,"palpi","palpus"
n,"pancratia","pancratium"
n,"panettoni","panettone"
n,"paparazzi","paparazzo"
n,"paperknives","paperknife"
n,"papillae","papilla"
n,"papillomata","papilloma"
n,"pappi","pappus"
n,"papulae","papula"
n,"papyri","papyrus"
n,"parabases","parabasis"
n,"paraleipses","paraleipsis"
n,"paraleipses","paralipsis"
n,"paralyses","paralysis"
n,"paramecia","paramecium"
n,"paramenta","parament"
n,"paraphyses","paraphysis"
n,"parapodia","parapodium"
n,"parapraxes","parapraxis"
n,"paraselenae","paraselene"
n,"parashoth","parashah"
n,"parasyntheta","parasyntheton"
n,"parazoa","parazoan"
n,"parentheses","parenthesis"
n,"parerga","parergon"
n,"parhelia","parhelion"
n,"parietes","paries"
n,"paris-mutuels","pari-mutuel"
n,"parrotfishes","parrotfish"
n,"parulides","parulis"
n,"pasos_dobles","paso_doble"
n,"passers-by","passer-by"
n,"pastorali","pastorale"
n,"patagia","patagium"
n,"patellae","patella"
n,"patinae","patina"
n,"patresfamilias","paterfamilias"
n,"pease","pea"
n,"peccadilloes","peccadillo"
n,"pectines","pecten"
n,"pedaloes","pedalo"
n,"pedes","pes"
n,"pekingese","pekinese"
n,"pelves","pelvis"
n,"pence","penny"
n,"penes","penis"
n,"penetralium","penetralia"
n,"penicillia","penicillium"
n,"penknives","penknife"
n,"pennae","penna"
n,"pennia","penni"
n,"pentahedra","pentahedron"
n,"pentimenti","pentimento"
n,"penumbrae","penumbra"
n,"pepla","peplum"
n,"pericardia","pericardium"
n,"perichondria","perichondrium"
n,"pericrania","pericranium"
n,"peridia","peridium"
n,"perigonia","perigonium"
n,"perihelia","perihelion"
n,"perinea","perineum"
n,"perinephria","perinephrium"
n,"perionychia","perionychium"
n,"periostea","periosteum"
n,"periphrases","periphrasis"
n,"peristalses","peristalsis"
n,"perithecia","perithecium"
n,"peritonea","peritoneum"
n,"personae","persona"
n,"petechiae","petechia"
n,"pfennige","pfennig"
n,"phalanges","phalange"
n,"phalanges","phalanx"
n,"phalli","phallus"
n,"pharynges","pharynx"
n,"phenomena","phenomenon"
n,"phi-phenomena","phi-phenomenon"
n,"philodendra","philodendron"
n,"phlyctenae","phlyctaena"
n,"phlyctenae","phlyctena"
n,"phyla","phylum"
n,"phylae","phyle"
n,"phyllotaxes","phyllotaxis"
n,"phylloxerae","phylloxera"
n,"phylogeneses","phylogenesis"
n,"pieds-a-terre","pied-a-terre"
n,"pigfishes","pigfish"
n,"pilea","pileum"
n,"pilei","pileus"
n,"pineta","pinetum"
n,"pinfishes","pinfish"
n,"pinkoes","pinko"
n,"pinnae","pinna"
n,"pinnulae","pinnula"
n,"pipefishes","pipefish"
n,"pirogi","pirog"
n,"piscinae","piscina"
n,"pithecanthropi","pithecanthropus"
n,"pithoi","pithos"
n,"placeboes","placebo"
n,"placentae","placenta"
n,"planetaria","planetarium"
n,"planulae","planula"
n,"plasmodesmata","plasmodesma"
n,"plasmodia","plasmodium"
n,"plateaux","plateau"
n,"plectra","plectron"
n,"plectra","plectrum"
n,"plena","plenum"
n,"pleura","pleuron"
n,"pleurae","pleura"
n,"plicae","plica"
n,"ploughmen","ploughman"
n,"ploughmen","plowman"
n,"pneumobacilli","pneumobacillus"
n,"pneumococci","pneumococcus"
n,"pocketknives","pocketknife"
n,"podetia","podetium"
n,"podia","podium"
n,"poleis","polis"
n,"pollices","pollex"
n,"pollinia","pollinium"
n,"polychasia","polychasium"
n,"polyhedra","polyhedron"
n,"polyparia","polyparium"
n,"polypi","polypus"
n,"polyzoa","polyzoan"
n,"polyzoaria","polyzoarium"
n,"pontes","pons"
n,"pontifices","pontifex"
n,"portamenti","portamento"
n,"porticoes","portico"
n,"portmanteaux","portmanteau"
n,"postliminia","postliminium"
n,"potatoes","potato"
n,"praenomina","praenomen"
n,"praxes","praxis"
n,"predelle","predella"
n,"premaxillae","premaxilla"
n,"prenomina","prenomen"
n,"prese","presa"
n,"primi","primo"
n,"primigravidae","primigravida"
n,"primiparae","primipara"
n,"primordia","primordium"
n,"principia","principium"
n,"proboscides","proboscis"
n,"proces-verbaux","proces-verbal"
n,"proglottides","proglottid"
n,"proglottides","proglottis"
n,"prognoses","prognosis"
n,"prolegomena","prolegomenon"
n,"prolepses","prolepsis"
n,"promycelia","promycelium"
n,"pronephra","pronephros"
n,"pronephroi","pronephros"
n,"pronuclei","pronucleus"
n,"propositi","propositus"
n,"proptoses","proptosis"
n,"propyla","propylon"
n,"propylaea","propylaeum"
n,"proscenia","proscenium"
n,"prosencephala","prosencephalon"
n,"prostheses","prosthesis"
n,"prostomia","prostomium"
n,"protases","protasis"
n,"prothalamia","prothalamion"
n,"prothalamia","prothalamium"
n,"prothalli","prothallus"
n,"prothallia","prothallium"
n,"prothoraces","prothorax"
n,"protonemata","protonema"
n,"protozoa","protozoan"
n,"proventriculi","proventriculus"
n,"provisoes","proviso"
n,"prytanea","prytaneum"
n,"psalteria","psalterium"
n,"pseudopodia","pseudopodium"
n,"psychoneuroses","psychoneurosis"
n,"psychoses","psychosis"
n,"pterygia","pterygium"
n,"pterylae","pteryla"
n,"ptoses","ptosis"
n,"pubes","pubis"
n,"pudenda","pudendum"
n,"puli","pul"
n,"pulvilli","pulvillus"
n,"pulvini","pulvinus"
n,"punchinelloes","punchinello"
n,"pupae","pupa"
n,"puparia","puparium"
n,"putamina","putamen"
n,"putti","putto"
n,"pycnidia","pycnidium"
n,"pygidia","pygidium"
n,"pylori","pylorus"
n,"pyxides","pyxis"
n,"pyxidia","pyxidium"
n,"qaddishim","qaddish"
n,"quadrennia","quadrennium"
n,"quadrigae","quadriga"
n,"qualia","quale"
n,"quanta","quantum"
n,"quarterstaves","quarterstaff"
n,"quezales","quezal"
n,"quinquennia","quinquennium"
n,"quizzes","quiz"
n,"rabatos","rabato"
n,"rabatos","rebato"
n,"rabbitfishes","rabbitfish"
n,"rachides","rhachis"
n,"radices","radix"
n,"radii","radius"
n,"radulae","radula"
n,"ramenta","ramentum"
n,"rami","ramus"
n,"ranulae","ranula"
n,"ranunculi","ranunculus"
n,"raphae","raphe"
n,"raphides","raphide"
n,"raphides","raphis"
n,"ratfishes","ratfish"
n,"reales","real"
n,"rearmice","rearmouse"
n,"recta","rectum"
n,"recti","rectus"
n,"rectrices","rectrix"
n,"redfishes","redfish"
n,"rediae","redia"
n,"referenda","referendum"
n,"refugia","refugium"
n,"reguli","regulus"
n,"reis","real"
n,"relata","relatum"
n,"remiges","remex"
n,"reremice","rearmouse"
n,"reremice","reremouse"
n,"reseaux","reseau"
n,"residua","residuum"
n,"responsa","responsum"
n,"retia","rete"
n,"retiarii","retiarius"
n,"reticula","reticulum"
n,"retinacula","retinaculum"
n,"retinae","retina"
n,"rhabdomyomata","rhabdomyoma"
n,"rhachides","rhachis"
n,"rhachises","rachis"
n,"rhachises","rhachis"
n,"rhinencephala","rhinencephalon"
n,"rhizobia","rhizobium"
n,"rhombi","rhombus"
n,"rhonchi","rhonchus"
n,"rhyta","rhyton"
n,"ribbonfishes","ribbonfish"
n,"ricercacari","ricercare"
n,"ricercari","ricercare"
n,"rickettsiae","rickettsia"
n,"rilievi","rilievo"
n,"rimae","rima"
n,"robes-de-chambre","robe-de-chambre"
n,"rockfishes","rockfish"
n,"roma","rom"
n,"romans-fleuves","roman-fleuve"
n,"rondeaux","rondeau"
n,"rosaria","rosarium"
n,"rosefishes","rosefish"
n,"rostella","rostellum"
n,"rostra","rostrum"
n,"rouleaux","rouleau"
n,"rugae","ruga"
n,"rumina","rumen"
n,"runners-up","runner-up"
n,"sacra","sacrum"
n,"sacraria","sacrarium"
n,"saguaros","saguaro"
n,"saguaros","sahuaro"
n,"sailfishes","sailfish"
n,"salespeople","salesperson"
n,"salmonellae","salmonella"
n,"salpae","salpa"
n,"salpinges","salpinx"
n,"saltarelli","saltarello"
n,"salvoes","salvo"
n,"sancta","sanctum"
n,"sanitaria","sanitarium"
n,"santimi","santims"
n,"saphenae","saphena"
n,"sarcophagi","sarcophagus"
n,"sartorii","sartorius"
n,"sassanidae","sassanid"
n,"sawfishes","sawfish"
n,"scaldfishes","scaldfish"
n,"scaleni","scalenus"
n,"scapulae","scapula"
n,"scarabaei","scarabaeus"
n,"scarves","scarf"
n,"schatchonim","schatchen"
n,"schatchonim","shadchan"
n,"schemata","schema"
n,"scherzandi","scherzando"
n,"scherzi","scherzo"
n,"schmoes","schmo"
n,"scholia","scholium"
n,"schuln","schul"
n,"schutzstaffeln","schutzstaffel"
n,"scirrhi","scirrhus"
n,"scleromata","scleroma"
n,"scleroses","sclerosis"
n,"sclerotia","sclerotium"
n,"scoleces","scolex"
n,"scolices","scolex"
n,"scopulae","scopula"
n,"scoriae","scoria"
n,"scotomata","scotoma"
n,"scriptoria","scriptorium"
n,"scrota","scrotum"
n,"scudi","scudo"
n,"scuta","scutum"
n,"scutella","scutellum"
n,"scyphi","scyphus"
n,"scyphistomae","scyphistoma"
n,"scyphozoa","scyphozoan"
n,"secondi","secondo"
n,"secretaries-general","secretary-general"
n,"segni","segno"
n,"seleucidae","seleucid"
n,"selves","self"
n,"senores","senor"
n,"sensilla","sensillum"
n,"senti","sent"
n,"senussis","senusi"
n,"senussis","senussi"
n,"separatrices","separatrix"
n,"sephardim","sephardi"
n,"septa","septum"
n,"septaria","septarium"
n,"septennia","septennium"
n,"sequelae","sequela"
n,"sequestra","sequestrum"
n,"sera","serum"
n,"seraphim","seraph"
n,"sestertia","sestertium"
n,"setae","seta"
n,"sgraffiti","sgraffito"
n,"shabbasim","shabbas"
n,"shabbatim","shabbat"
n,"shackoes","shacko"
n,"shadchanim","shadchan"
n,"shadchans","schatchen"
n,"shadchans","shadchan"
n,"shakoes","shako"
n,"shammosim","shammas"
n,"shammosim","shammes"
n,"sheatfishes","sheatfish"
n,"sheaves","sheaf"
n,"shellfishes","shellfish"
n,"shelves","shelf"
n,"shinleaves","shinleaf"
n,"shittim","shittah"
n,"shmoes","shmo"
n,"shofroth","shofar"
n,"shofroth","shophar"
n,"shophroth","shophar"
n,"shrewmice","shrewmouse"
n,"shuln","shul"
n,"siddurim","siddur"
n,"sigloi","siglos"
n,"signore","signora"
n,"signori","signior"
n,"signori","signore"
n,"signorine","signorina"
n,"siliquae","siliqua"
n,"silvae","silva"
n,"silverfishes","silverfish"
n,"simulacra","simulacrum"
n,"sincipita","sinciput"
n,"sinfonie","sinfonia"
n,"sisters-in-law","sister-in-law"
n,"sistra","sistrum"
n,"situlae","situla"
n,"smalti","smalto"
n,"snaggleteeth","snaggletooth"
n,"snailfishes","snailfish"
n,"snipefishes","snipefish"
n,"socmen","socman"
n,"socmen","sokeman"
n,"sola","solum"
n,"solaria","solarium"
n,"solatia","solatium"
n,"soldi","soldo"
n,"soles","sol"
n,"soles","sole"
n,"solfeggi","solfeggio"
n,"soli","solo"
n,"solidi","solidus"
n,"somata","soma"
n,"sons-in-law","son-in-law"
n,"soprani","soprano"
n,"sordini","sordino"
n,"sori","sorus"
n,"soroses","sorosis"
n,"sovkhozy","sovkhoz"
n,"spadefishes","spadefish"
n,"spadices","spadix"
n,"spearfishes","spearfish"
n,"spectra","spectrum"
n,"specula","speculum"
n,"spermatia","spermatium"
n,"spermatogonia","spermatogonium"
n,"spermatozoa","spermatozoon"
n,"spermogonia","spermogonium"
n,"sphinges","sphinx"
n,"spicae","spica"
n,"spicula","spiculum"
n,"spirilla","spirillum"
n,"splayfeet","splayfoot"
n,"splenii","splenius"
n,"sporangia","sporangium"
n,"sporogonia","sporogonium"
n,"sporozoa","sporozoan"
n,"springhase","springhaas"
n,"spumoni","spumone"
n,"sputa","sputum"
n,"squamae","squama"
n,"squashes","squash"
n,"squillae","squilla"
n,"squirrelfishes","squirrelfish"
n,"squizzes","squiz"
n,"stadia","stadium"
n,"stamina","stamen"
n,"staminodia","staminodium"
n,"stapedes","stapes"
n,"staphylococci","staphylococcus"
n,"staretsy","starets"
n,"starfishes","starfish"
n,"startsy","starets"
n,"stelae","stele"
n,"stemmata","stemma"
n,"stenoses","stenosis"
n,"stepchildren","stepchild"
n,"sterna","sternum"
n,"stigmata","stigma"
n,"stimuli","stimulus"
n,"stipites","stipes"
n,"stirpes","stirps"
n,"stoae","stoa"
n,"stockfishes","stockfish"
n,"stomata","stoma"
n,"stomodaea","stomodaeum"
n,"stomodea","stomodeum"
n,"stonefishes","stonefish"
n,"stotinki","stotinka"
n,"stotkini","stotinka"
n,"strappadoes","strappado"
n,"strata","stratum"
n,"strati","stratus"
n,"stratocumuli","stratocumulus"
n,"street_children","street_child"
n,"streptococci","streptococcus"
n,"stretti","stretto"
n,"striae","stria"
n,"strobili","strobilus"
n,"stromata","stroma"
n,"strumae","struma"
n,"stuccoes","stucco"
n,"styli","stylus"
n,"stylopes","stylops"
n,"stylopodia","stylopodium"
n,"subcortices","subcortex"
n,"subdeliria","subdelirium"
n,"subgenera","subgenus"
n,"subindices","subindex"
n,"submucosae","submucosa"
n,"subphyla","subphylum"
n,"substrasta","substratum"
n,"succedanea","succedaneum"
n,"succubi","succubus"
n,"suckerfishes","suckerfish"
n,"suckfishes","suckfish"
n,"sudaria","sudarium"
n,"sudatoria","sudatorium"
n,"sulci","sulcus"
n,"summae","summa"
n,"sunfishes","sunfish"
n,"supercargoes","supercargo"
n,"superheroes","superhero"
n,"supernovae","supernova"
n,"superstrata","superstratum"
n,"surgeonfishes","surgeonfish"
n,"swamies","swami"
n,"sweetiewives","sweetiewife"
n,"swellfishes","swellfish"
n,"swordfishes","swordfish"
n,"syconia","syconium"
n,"syllabi","syllabus"
n,"syllepses","syllepsis"
n,"symphyses","symphysis"
n,"sympodia","sympodium"
n,"symposia","symposium"
n,"synapses","synapsis"
n,"synarthroses","synarthrosis"
n,"synclinoria","synclinorium"
n,"syncytia","syncytium"
n,"syndesmoses","syndesmosis"
n,"synopses","synopsis"
n,"syntagmata","syntagma"
n,"syntheses","synthesis"
n,"syphilomata","syphiloma"
n,"syringes","syrinx"
n,"syssarcoses","syssarcosis"
n,"tableaux","tableau"
n,"taeniae","taenia"
n,"taeniae","tenia"
n,"tali","talus"
n,"tallaisim","tallith"
n,"tallithes","tallith"
n,"tallitoth","tallith"
n,"tapeta","tapetum"
n,"tarantulae","tarantula"
n,"tarsi","tarsus"
n,"tarsometatarsi","tarsometatarsus"
n,"taxa","taxon"
n,"taxes","tax"
n,"taxes","taxis"
n,"taxies","taxi"
n,"tectrices","tectrix"
n,"teeth","tooth"
n,"tegmina","tegmen"
n,"telae","tela"
n,"telamones","telamon"
n,"telangiectases","telangiectasia"
n,"telangiectases","telangiectasis"
n,"telia","telium"
n,"tempi","tempo"
n,"tenacula","tenaculum"
n,"tenderfeet","tenderfoot"
n,"teniae","tenia"
n,"tenues","tenuis"
n,"teraphim","teraph"
n,"terata","teras"
n,"teredines","teredo"
n,"terga","tergum"
n,"termini","terminus"
n,"terraria","terrarium"
n,"terzetti","terzetto"
n,"tesserae","tessera"
n,"testae","testa"
n,"testes","testis"
n,"testudines","testudo"
n,"tetrahedra","tetrahedron"
n,"tetraskelia","tetraskelion"
n,"thalamencephala","thalamencephalon"
n,"thalami","thalamus"
n,"thalli","thallus"
n,"theatres-in-the-round","theatre-in-the-round"
n,"thecae","theca"
n,"therses","thyrse"
n,"thesauri","thesaurus"
n,"theses","thesis"
n,"thickleaves","thickleaf"
n,"thieves","thief"
n,"tholoi","tholos"
n,"thoraces","thorax"
n,"thrombi","thrombus"
n,"thymi","thymus"
n,"thyrsi","thyrsus"
n,"tibiae","tibia"
n,"tilefishes","tilefish"
n,"tintinnabula","tintinnabulum"
n,"titmice","titmouse"
n,"toadfishes","toadfish"
n,"tobaccoes","tobacco"
n,"tomatoes","tomato"
n,"tomenta","tomentum"
n,"tondi","tondo"
n,"tonneaux","tonneau"
n,"tophi","tophus"
n,"topoi","topos"
n,"tori","torus"
n,"tornadoes","tornado"
n,"torpedoes","torpedo"
n,"torsi","torso"
n,"touracos","touraco"
n,"touracos","turaco"
n,"trabeculae","trabecula"
n,"tracheae","trachea"
n,"traditores","traditor"
n,"tragi","tragus"
n,"trapezia","trapezium"
n,"trapezohedra","trapezohedron"
n,"traumata","trauma"
n,"treponemata","treponema"
n,"trichinae","trichina"
n,"triclinia","triclinium"
n,"triennia","triennium"
n,"triforia","triforium"
n,"triggerfishes","triggerfish"
n,"trihedra","trihedron"
n,"triskelia","triskelion"
n,"trisoctahedra","trisoctahedron"
n,"triumviri","triumvir"
n,"trivia","trivium"
n,"trochleae","trochlea"
n,"tropaeola","tropaeolum"
n,"trous-de-loup","trou-de-loup"
n,"trousseaux","trousseau"
n,"trunkfishes","trunkfish"
n,"trymata","tryma"
n,"tubae","tuba"
n,"turves","turf"
n,"tympana","tympanum"
n,"tyros","tiro"
n,"tyros","tyro"
n,"ubermenschen","ubermensch"
n,"uglies","ugli"
n,"uigurs","uighur"
n,"ulnae","ulna"
n,"ultimata","ultimatum"
n,"umbilici","umbilicus"
n,"umbones","umbo"
n,"umbrae","umbra"
n,"unci","uncus"
n,"uncidia","uredium"
n,"uredines","uredo"
n,"uredinia","uredinium"
n,"uredosori","uredosorus"
n,"urethrae","urethra"
n,"urinalyses","urinalysis"
n,"uteri","uterus"
n,"utriculi","utriculus"
n,"uvulae","uvula"
n,"vacua","vacuum"
n,"vagi","vagus"
n,"vaginae","vagina"
n,"valleculae","vallecula"
n,"vaporetti","vaporetto"
n,"varices","varix"
n,"vasa","vas"
n,"vascula","vasculum"
n,"vela","velum"
n,"velamina","velamen"
n,"velaria","velarium"
n,"venae","vena"
n,"venae_cavae","vena_cava"
n,"ventriculi","ventriculus"
n,"vermes","vermis"
n,"verrucae","verruca"
n,"vertebrae","vertebra"
n,"vertices","vertex"
n,"vertigines","vertigo"
n,"vertigoes","vertigo"
n,"vesicae","vesica"
n,"vetoes","veto"
n,"vexilla","vexillum"
n,"viatica","viaticum"
n,"viatores","viator"
n,"vibracula","vibraculum"
n,"vibrissae","vibrissa"
n,"vice-chairman","vice-chairman"
n,"villi","villus"
n,"vimina","vimen"
n,"vincula","vinculum"
n,"viragoes","virago"
n,"vires","vis"
n,"virtuosi","virtuoso"
n,"vitae","vita"
n,"vitelli","vitellus"
n,"vittae","vitta"
n,"vivaria","vivarium"
n,"voces","vox"
n,"volcanoes","volcano"
n,"volkslieder","volkslied"
n,"volte","volta"
n,"volvae","volva"
n,"vorticellae","vorticella"
n,"vortices","vortex"
n,"vulvae","vulva"
n,"wagons-lits","wagon-lit"
n,"wahhabis","wahabi"
n,"wahhabis","wahhabi"
n,"wanderjahre","wanderjahr"
n,"weakfishes","weakfish"
n,"werewolves","werewolf"
n,"wharves","wharf"
n,"whippers-in","whipper-in"
n,"whitefishes","whitefish"
n,"wives","wife"
n,"wolffishes","wolffish"
n,"wolves","wolf"
n,"woodlice","woodlouse"
n,"wreckfishes","wreckfish"
n,"wunderkinder","wunderkind"
n,"xiphisterna","xiphisternum"
n,"yeshivahs","yeshiva"
n,"yeshivoth","yeshiva"
n,"yogin","yogi"
n,"yourselves","yourself"
n,"zamindaris","zamindari"
n,"zamindaris","zemindari"
n,"zecchini","zecchino"
n,"zeroes","zero"
n,"zoa","zoon"
n,"zoaeae","zoaea"
n,"zoaeae","zoea"
n,"zoeae","zoea"
n,"zoeas","zoaea"
n,"zoonoses","zoonosis"
n,"zoosporangia","zoosporangium"
v,"abetted","abet"
v,"abetting","abet"
v,"abhorred","abhor"
v,"abhorring","abhor"
v,"abode","abide"
v,"abought","aby"
v,"about-shipped","about-ship"
v,"about-shipping","about-ship"
v,"abutted","abut"
v,"abutting","abut"
v,"abye","aby"
v,"accompanied","accompany"
v,"acetified","acetify"
v,"acidified","acidify"
v,"acquitted","acquit"
v,"acquitting","acquit"
v,"ad-libbed","ad-lib"
v,"ad-libbing","ad-lib"
v,"addrest","address"
v,"admitted","admit"
v,"admitting","admit"
v,"aerified","aerify"
v,"air-dried","air-dry"
v,"airdropped","airdrop"
v,"airdropping","airdrop"
v,"alkalified","alkalify"
v,"allied","ally"
v,"allotted","allot"
v,"allotting","allot"
v,"allowed_for","allow_for"
v,"allowing_for","allow_for"
v,"allows_for","allow_for"
v,"am","be"
v,"ammonified","ammonify"
v,"amnestied","amnesty"
v,"amplified","amplify"
v,"anglified","anglify"
v,"annulled","annul"
v,"annulling","annul"
v,"appalled","appal"
v,"appalled","appall"
v,"appalling","appal"
v,"appalling","appall"
v,"applied","apply"
v,"arcked","arc"
v,"arcking","arc"
v,"are","be"
v,"argufied","argufy"
v,"arisen","arise"
v,"arose","arise"
v,"ate","eat"
v,"atrophied","atrophy"
v,"averred","aver"
v,"averring","aver"
v,"awoke","awake"
v,"awoken","awake"
v,"babied","baby"
v,"baby-sat","baby-sit"
v,"baby-sitting","baby-sit"
v,"back-pedalled","back-pedal"
v,"back-pedalling","back-pedal"
v,"backbit","backbite"
v,"backbitten","backbite"
v,"backslid","backslide"
v,"backslidden","backslide"
v,"bade","bid"
v,"bagged","bag"
v,"bagging","bag"
v,"ballyragged","ballyrag"
v,"ballyragging","ballyrag"
v,"bandied","bandy"
v,"banned","ban"
v,"banning","ban"
v,"barred","bar"
v,"barrelled","barrel"
v,"barrelling","barrel"
v,"barring","bar"
v,"basified","basify"
v,"batted","bat"
v,"batting","bat"
v,"bayonetted","bayonet"
v,"bayonetting","bayonet"
v,"beaten","beat"
v,"beatified","beatify"
v,"beautified","beautify"
v,"became","become"
v,"became_known","become_known"
v,"becomes_known","become_known"
v,"bed","bed"
v,"bedded","bed"
v,"bedding","bed"
v,"bedevilled","bedevil"
v,"bedevilling","bedevil"
v,"bedimmed","bedim"
v,"bedimming","bedim"
v,"been","be"
v,"befallen","befall"
v,"befell","befall"
v,"befitted","befit"
v,"befitting","befit"
v,"befogged","befog"
v,"befogging","befog"
v,"began","begin"
v,"begat","beget"
v,"begetting","beget"
v,"begged","beg"
v,"begging","beg"
v,"beginning","begin"
v,"begirt","begird"
v,"begot","beget"
v,"begotten","beget"
v,"begun","begin"
v,"beheld","behold"
v,"beholden","behold"
v,"bejewelled","bejewel"
v,"bejewelling","bejewel"
v,"bellied","belly"
v,"belly-flopped","belly-flop"
v,"belly-flopping","belly-flop"
v,"belying","belie"
v,"benefitted","benefit"
v,"benefitting","benefit"
v,"benempt","bename"
v,"bent","bend"
v,"berried","berry"
v,"besetting","beset"
v,"besought","beseech"
v,"bespoke","bespeak"
v,"bespoken","bespeak"
v,"bestirred","bestir"
v,"bestirring","bestir"
v,"bestrewn","bestrew"
v,"bestrid","bestride"
v,"bestridden","bestride"
v,"bestrode","bestride"
v,"betaken","betake"
v,"bethought","bethink"
v,"betook","betake"
v,"betted","bet"
v,"betting","bet"
v,"bevelled","bevel"
v,"bevelling","bevel"
v,"biassed","bias"
v,"biassing","bias"
v,"bidden","bid"
v,"bidding","bid"
v,"bing","bing"
v,"binned","bin"
v,"binning","bin"
v,"bird-dogged","bird-dog"
v,"bird-dogging","bird-dog"
v,"bit","bite"
v,"bitted","bit"
v,"bitten","bite"
v,"bitting","bit"
v,"bivouacked","bivouac"
v,"bivouacking","bivouac"
v,"blabbed","blab"
v,"blabbing","blab"
v,"blackberried","blackberry"
v,"blacklegged","blackleg"
v,"blacklegging","blackleg"
v,"blatted","blat"
v,"blatting","blat"
v,"bled","bleed"
v,"blest","bless"
v,"blew","blow"
v,"blew_one's_nose","blow_one's_nose"
v,"blipped","blip"
v,"blipping","blip"
v,"blobbed","blob"
v,"blobbing","blob"
v,"bloodied","bloody"
v,"blotted","blot"
v,"blotting","blot"
v,"blowing_one's_nose","blow_one's_nose"
v,"blown","blow"
v,"blows_one's_nose","blow_one's_nose"
v,"blubbed","blub"
v,"blubbing","blub"
v,"blue-pencilled","blue-pencil"
v,"blue-pencilling","blue-pencil"
v,"blurred","blur"
v,"blurring","blur"
v,"bobbed","bob"
v,"bobbing","bob"
v,"bodied","body"
v,"bogged-down","bog-down"
v,"bogged_down","bog_down"
v,"bogging-down","bog-down"
v,"bogging_down","bog_down"
v,"bogs-down","bog-down"
v,"bogs_down","bog_down"
v,"booby-trapped","booby-trap"
v,"booby-trapping","booby-trap"
v,"bootlegged","bootleg"
v,"bootlegging","bootleg"
v,"bopped","bop"
v,"bopping","bop"
v,"bore","bear"
v,"born","bear"
v,"borne","bear"
v,"bottle-fed","bottle-feed"
v,"bought","buy"
v,"bound","bind"
v,"bragged","brag"
v,"bragging","brag"
v,"breast-fed","breast-feed"
v,"bred","breed"
v,"brevetted","brevet"
v,"brevetting","brevet"
v,"brimmed","brim"
v,"brimming","brim"
v,"broke","break"
v,"broken","break"
v,"brought","bring"
v,"browbeaten","browbeat"
v,"brutified","brutify"
v,"budded","bud"
v,"budding","bud"
v,"bugged","bug"
v,"bugging","bug"
v,"built","build"
v,"bulldogging","bulldog"
v,"bullied","bully"
v,"bullshitted","bullshit"
v,"bullshitting","bullshit"
v,"bullwhipped","bullwhip"
v,"bullwhipping","bullwhip"
v,"bullyragged","bullyrag"
v,"bullyragging","bullyrag"
v,"bummed","bum"
v,"bumming","bum"
v,"buried","bury"
v,"burnt","burn"
v,"burred","bur"
v,"burring","bur"
v,"bushelled","bushel"
v,"bushelling","bushel"
v,"busied","busy"
v,"bypast","bypass"
v,"caballed","cabal"
v,"caballing","cabal"
v,"caddied","caddie"
v,"caddied","caddy"
v,"caddies","caddie"
v,"caddies","caddy"
v,"caddying","caddie"
v,"caddying","caddy"
v,"calcified","calcify"
v,"came","come"
v,"canalled","canal"
v,"canalling","canal"
v,"cancelled","cancel"
v,"cancelling","cancel"
v,"candied","candy"
v,"canned","can"
v,"canning","can"
v,"canopied","canopy"
v,"capped","cap"
v,"capping","cap"
v,"carburetted","carburet"
v,"carburetting","carburet"
v,"carillonned","carillon"
v,"carillonning","carillon"
v,"carnied","carny"
v,"carnified","carnify"
v,"carolled","carol"
v,"carolling","carol"
v,"carried","carry"
v,"casefied","casefy"
v,"catnapped","catnap"
v,"catnapping","catnap"
v,"catted","cat"
v,"catting","cat"
v,"caught","catch"
v,"cavilled","cavil"
v,"cavilling","cavil"
v,"certified","certify"
v,"channelled","channel"
v,"channelling","channel"
v,"chapped","chap"
v,"chapping","chap"
v,"charred","char"
v,"charring","char"
v,"chatted","chat"
v,"chatting","chat"
v,"chevied","chivy"
v,"chevies","chivy"
v,"chevying","chivy"
v,"chid","chide"
v,"chidden","chide"
v,"chinned","chin"
v,"chinning","chin"
v,"chipped","chip"
v,"chipping","chip"
v,"chiselled","chisel"
v,"chiselling","chisel"
v,"chitchatted","chitchat"
v,"chitchatting","chitchat"
v,"chivied","chivy"
v,"chivved","chiv"
v,"chivvied","chivy"
v,"chivvies","chivy"
v,"chivving","chiv"
v,"chivvying","chivy"
v,"chondrified","chondrify"
v,"chopped","chop"
v,"chopping","chop"
v,"chose","choose"
v,"chosen","choose"
v,"chugged","chug"
v,"chugging","chug"
v,"chummed","chum"
v,"chumming","chum"
v,"citified","citify"
v,"clad","clothe"
v,"cladding","clad"
v,"clammed","clam"
v,"clamming","clam"
v,"clapped","clap"
v,"clapping","clap"
v,"clarified","clarify"
v,"classified","classify"
v,"cleft","cleave"
v,"clemmed","clem"
v,"clemming","clem"
v,"clept","clepe"
v,"clipped","clip"
v,"clipping","clip"
v,"clogged","clog"
v,"clogging","clog"
v,"clopped","clop"
v,"clopping","clop"
v,"clotted","clot"
v,"clotting","clot"
v,"clove","cleave"
v,"cloven","cleave"
v,"clubbed","club"
v,"clubbing","club"
v,"clung","cling"
v,"co-opted","coopt"
v,"co-opting","coopt"
v,"co-opts","coopts"
v,"co-ordinate","coordinate"
v,"co-ordinated","coordinate"
v,"co-ordinates","coordinate"
v,"co-ordinating","coordinate"
v,"co-starred","co-star"
v,"co-starring","co-star"
v,"cockneyfied","cockneyfy"
v,"codded","cod"
v,"codding","cod"
v,"codified","codify"
v,"cogged","cog"
v,"cogging","cog"
v,"coiffed","coif"
v,"coiffing","coif"
v,"collied","colly"
v,"combatted","combat"
v,"combatting","combat"
v,"committed","commit"
v,"committing","commit"
v,"compelled","compel"
v,"compelling","compel"
v,"complied","comply"
v,"complotted","complot"
v,"complotting","complot"
v,"concurred","concur"
v,"concurring","concur"
v,"confabbed","confab"
v,"confabbing","confab"
v,"conferred","confer"
v,"conferring","confer"
v,"conned","con"
v,"conning","con"
v,"controlled","control"
v,"controlling","control"
v,"copied","copy"
v,"copped","cop"
v,"copping","cop"
v,"coquetted","coquet"
v,"coquetting","coquet"
v,"corralled","corral"
v,"corralling","corral"
v,"counselled","counsel"
v,"counselling","counsel"
v,"counterplotted","counterplot"
v,"counterplotting","counterplot"
v,"countersank","countersink"
v,"countersunk","countersink"
v,"court-martialled","court-martial"
v,"court-martialling","court-martial"
v,"crabbed","crab"
v,"crabbing","crab"
v,"crammed","cram"
v,"cramming","cram"
v,"crapped","crap"
v,"crapping","crap"
v,"crept","creep"
v,"cribbed","crib"
v,"cribbing","crib"
v,"cried","cry"
v,"cropped","crop"
v,"cropping","crop"
v,"crossbred","crossbreed"
v,"crosscutting","crosscut"
v,"crucified","crucify"
v,"cubbed","cub"
v,"cubbing","cub"
v,"cudgelled","cudgel"
v,"cudgelling","cudgel"
v,"cupelled","cupel"
v,"cupelling","cupel"
v,"cupped","cup"
v,"cupping","cup"
v,"curetted","curet"
v,"curettes","curet"
v,"curetting","curet"
v,"curried","curry"
v,"curst","curse"
v,"curtsied","curtsy"
v,"curvetted","curvet"
v,"curvetting","curvet"
v,"cutting","cut"
v,"dabbed","dab"
v,"dabbing","dab"
v,"dagged","dag"
v,"dagging","dag"
v,"dallied","dally"
v,"dammed","dam"
v,"damming","dam"
v,"damnified","damnify"
v,"dandified","dandify"
v,"dapped","dap"
v,"dapping","dap"
v,"dealt","deal"
v,"debarred","debar"
v,"debarring","debar"
v,"debugged","debug"
v,"debugging","debug"
v,"debussed","debus"
v,"debusses","debus"
v,"debussing","debus"
v,"decalcified","decalcify"
v,"declassified","declassify"
v,"decontrolled","decontrol"
v,"decontrolling","decontrol"
v,"decried","decry"
v,"deep-freeze","deepfreeze"
v,"deep-freezed","deepfreeze"
v,"deep-freezes","deepfreeze"
v,"deep-fried","deep-fry"
v,"deferred","defer"
v,"deferring","defer"
v,"defied","defy"
v,"degassed","degas"
v,"degasses","degas"
v,"degassing","degas"
v,"dehumidified","dehumidify"
v,"deified","deify"
v,"demitted","demit"
v,"demitting","demit"
v,"demobbed","demob"
v,"demobbing","demob"
v,"demulsified","demulsify"
v,"demurred","demur"
v,"demurring","demur"
v,"demystified","demystify"
v,"denazified","denazify"
v,"denied","deny"
v,"denitrified","denitrify"
v,"denned","den"
v,"denning","den"
v,"descried","descry"
v,"deterred","deter"
v,"deterring","deter"
v,"detoxified","detoxify"
v,"devilled","devil"
v,"devilling","devil"
v,"devitrified","devitrify"
v,"diagrammed","diagram"
v,"diagramming","diagram"
v,"dialled","dial"
v,"dialling","dial"
v,"dibbed","dib"
v,"dibbing","dib"
v,"did","do"
v,"digging","dig"
v,"dignified","dignify"
v,"dilly-dallied","dilly-dally"
v,"dimmed","dim"
v,"dimming","dim"
v,"dinned","din"
v,"dinning","din"
v,"dipped","dip"
v,"dipping","dip"
v,"dirtied","dirty"
v,"disannulled","disannul"
v,"disannulling","disannul"
v,"disbarred","disbar"
v,"disbarring","disbar"
v,"disbudded","disbud"
v,"disbudding","disbud"
v,"disembodied","disembody"
v,"disembowelled","disembowel"
v,"disembowelling","disembowel"
v,"disenthralled","disenthral"
v,"disenthralled","disenthrall"
v,"disenthralling","disenthral"
v,"disenthralling","disenthrall"
v,"disenthralls","disenthral"
v,"disenthrals","disenthrall"
v,"dishevelled","dishevel"
v,"dishevelling","dishevel"
v,"disinterred","disinter"
v,"disinterring","disinter"
v,"dispelled","dispel"
v,"dispelling","dispel"
v,"disqualified","disqualify"
v,"dissatisfied","dissatisfy"
v,"distilled","distil"
v,"distilled","distill"
v,"distilling","distil"
v,"distilling","distill"
v,"diversified","diversify"
v,"divvied","divvy"
v,"dizzied","dizzy"
v,"dogged","dog"
v,"dogging","dog"
v,"doglegged","dogleg"
v,"doglegging","dogleg"
v,"dollied","dolly"
v,"done","do"
v,"donned","don"
v,"donning","don"
v,"dotted","dot"
v,"dotting","dot"
v,"dought","dow"
v,"dove","dive"
v,"drabbed","drab"
v,"drabbing","drab"
v,"dragged","drag"
v,"dragging","drag"
v,"drank","drink"
v,"drawn","draw"
v,"dreamt","dream"
v,"drew","draw"
v,"dried","dry"
v,"dripped","drip"
v,"dripping","drip"
v,"drivelled","drivel"
v,"drivelling","drivel"
v,"driven","drive"
v,"dropped","drop"
v,"dropping","drop"
v,"drove","drive"
v,"drubbed","drub"
v,"drubbing","drub"
v,"drugged","drug"
v,"drugging","drug"
v,"drummed","drum"
v,"drumming","drum"
v,"drunk","drink"
v,"dubbed","dub"
v,"dubbing","dub"
v,"duelled","duel"
v,"duelling","duel"
v,"dug","dig"
v,"dulcified","dulcify"
v,"dummied","dummy"
v,"dunned","dun"
v,"dunning","dun"
v,"dwelt","dwell"
v,"dying","die"
v,"easied","easy"
v,"eaten","eat"
v,"eavesdropped","eavesdrop"
v,"eavesdropping","eavesdrop"
v,"eddied","eddy"
v,"edified","edify"
v,"ego-tripped","ego-trip"
v,"ego-tripping","ego-trip"
v,"electrified","electrify"
v,"embedded","embed"
v,"embedding","embed"
v,"embodied","embody"
v,"embussed","embus"
v,"embusses","embus"
v,"embussing","embus"
v,"emitted","emit"
v,"emitting","emit"
v,"empanelled","empanel"
v,"empanelling","empanel"
v,"emptied","empty"
v,"emulsified","emulsify"
v,"enamelled","enamel"
v,"enamelling","enamel"
v,"englutted","englut"
v,"englutting","englut"
v,"enrolled","enrol"
v,"enrolled","enroll"
v,"enrolling","enrol"
v,"enrolling","enroll"
v,"enthralled","enthral"
v,"enthralled","enthrall"
v,"enthralling","enthral"
v,"enthralling","enthrall"
v,"entrammelled","entrammel"
v,"entrammelling","entrammel"
v,"entrapped","entrap"
v,"entrapping","entrap"
v,"envied","envy"
v,"enwound","enwind"
v,"enwrapped","enwrap"
v,"enwrapping","enwrap"
v,"equalled","equal"
v,"equalling","equal"
v,"equipped","equip"
v,"equipping","equip"
v,"espied","espy"
v,"esterified","esterify"
v,"estopped","estop"
v,"estopping","estop"
v,"etherified","etherify"
v,"excelled","excel"
v,"excelling","excel"
v,"exemplified","exemplify"
v,"expelled","expel"
v,"expelling","expel"
v,"extolled","extol"
v,"extolled","extoll"
v,"extolling","extol"
v,"extolling","extoll"
v,"facetted","facet"
v,"facetting","facet"
v,"fagged","fag"
v,"fagging","fag"
v,"fallen","fall"
v,"falsified","falsify"
v,"fancied","fancy"
v,"fanned","fan"
v,"fanning","fan"
v,"fantasied","fantasy"
v,"fatted","fat"
v,"fatting","fat"
v,"featherbedded","featherbed"
v,"featherbedding","featherbed"
v,"fed","feed"
v,"feed","feed"
v,"feed","fee"
v,"fell","fall"
v,"felt","feel"
v,"ferried","ferry"
v,"fibbed","fib"
v,"fibbing","fib"
v,"figged","fig"
v,"figging","fig"
v,"filled_up","fill_up"
v,"fine-drawn","fine-draw"
v,"fine-drew","fine-draw"
v,"finned","fin"
v,"finning","fin"
v,"fitted","fit"
v,"fitting","fit"
v,"flagged","flag"
v,"flagging","flag"
v,"flammed","flam"
v,"flamming","flam"
v,"flannelled","flannel"
v,"flannelling","flannel"
v,"flapped","flap"
v,"flapping","flap"
v,"flatted","flat"
v,"flatting","flat"
v,"fled","flee"
v,"flew","fly"
v,"flimflammed","flimflam"
v,"flimflamming","flimflam"
v,"flip-flopped","flip-flop"
v,"flip-flopping","flip-flop"
v,"flipped","flip"
v,"flipping","flip"
v,"flitted","flit"
v,"flitting","flit"
v,"flogged","flog"
v,"flogging","flog"
v,"floodlit","floodlight"
v,"flopped","flop"
v,"flopping","flop"
v,"flown","fly"
v,"flubbed","flub"
v,"flubbing","flub"
v,"flung","fling"
v,"flurried","flurry"
v,"flyblew","flyblow"
v,"flyblown","flyblow"
v,"fobbed","fob"
v,"fobbing","fob"
v,"fogged","fog"
v,"fogging","fog"
v,"footslogged","footslog"
v,"footslogging","footslog"
v,"forbad","forbid"
v,"forbade","forbid"
v,"forbidden","forbid"
v,"forbidding","forbid"
v,"forbore","forbear"
v,"forborne","forbear"
v,"force-fed","force-feed"
v,"fordid","fordo"
v,"fordone","fordo"
v,"foredid","foredo"
v,"foredone","foredo"
v,"foregone","forego"
v,"foreknew","foreknow"
v,"foreknown","foreknow"
v,"foreran","forerun"
v,"forerunning","forerun"
v,"foresaw","foresee"
v,"foreseen","foresee"
v,"foreshown","foreshow"
v,"forespoke","forespeak"
v,"forespoken","forespeak"
v,"foretold","foretell"
v,"forewent","forego"
v,"forgave","forgive"
v,"forgetting","forget"
v,"forgiven","forgive"
v,"forgone","forgo"
v,"forgot","forget"
v,"forgotten","forget"
v,"formatted","format"
v,"formatting","format"
v,"forsaken","forsake"
v,"forsook","forsake"
v,"forspoke","forspeak"
v,"forspoken","forspeak"
v,"forswore","forswear"
v,"forsworn","forswear"
v,"fortified","fortify"
v,"forwent","forgo"
v,"fought","fight"
v,"found","find"
v,"foxtrotted","foxtrot"
v,"foxtrotting","foxtrot"
v,"frapped","frap"
v,"frapping","frap"
v,"freeze-dried","freeze-dry"
v,"frenchified","frenchify"
v,"frenzied","frenzy"
v,"fretted","fret"
v,"fretting","fret"
v,"fried","fry"
v,"frigged","frig"
v,"frigging","frig"
v,"fritted","frit"
v,"fritted","fritt"
v,"fritting","frit"
v,"fritting","fritt"
v,"frivolled","frivol"
v,"frivolling","frivol"
v,"frogged","frog"
v,"frogging","frog"
v,"frolicked","frolic"
v,"frolicking","frolic"
v,"froze","freeze"
v,"frozen","freeze"
v,"fructified","fructify"
v,"fuelled","fuel"
v,"fuelling","fuel"
v,"fulfilled","fulfil"
v,"fulfilled","fulfill"
v,"fulfilling","fulfil"
v,"fulfilling","fulfill"
v,"funned","fun"
v,"funnelled","funnel"
v,"funnelling","funnel"
v,"funning","fun"
v,"furred","fur"
v,"furring","fur"
v,"gadded","gad"
v,"gadding","gad"
v,"gagged","gag"
v,"gagging","gag"
v,"gainsaid","gainsay"
v,"gambolled","gambol"
v,"gambolling","gambol"
v,"gammed","gam"
v,"gamming","gam"
v,"gan","gin"
v,"ganned","gan"
v,"ganning","gan"
v,"gapped","gap"
v,"gapping","gap"
v,"gasified","gasify"
v,"gassed","gas"
v,"gasses","gas"
v,"gassing","gas"
v,"gave","give"
v,"gelled","gel"
v,"gelling","gel"
v,"gelt","geld"
v,"gemmed","gem"
v,"gemming","gem"
v,"genned-up","gen-up"
v,"genning-up","gen-up"
v,"gens-up","gen-up"
v,"gets_lost","get_lost"
v,"gets_started","get_started"
v,"getting","get"
v,"getting_lost","get_lost"
v,"getting_started","get_started"
v,"ghostwritten","ghostwrite"
v,"ghostwrote","ghostwrite"
v,"gibbed","gib"
v,"gibbing","gib"
v,"giddied","giddy"
v,"giftwrapped","giftwrap"
v,"giftwrapping","giftwrap"
v,"gigged","gig"
v,"gigging","gig"
v,"gilt","gild"
v,"ginned","gin"
v,"ginning","gin"
v,"gipped","gip"
v,"gipping","gip"
v,"girt","gird"
v,"given","give"
v,"glommed","glom"
v,"glomming","glom"
v,"gloried","glory"
v,"glorified","glorify"
v,"glutted","glut"
v,"glutting","glut"
v,"gnawn","gnaw"
v,"goes_deep","go_deep"
v,"going_deep","go_deep"
v,"gollied","golly"
v,"gone","go"
v,"gone_deep","go_deep"
v,"goose-stepped","goose-step"
v,"goose-stepping","goose-step"
v,"got","get"
v,"got_lost","get_lost"
v,"got_started","get_started"
v,"gotten","get"
v,"gotten_lost","get_lost"
v,"grabbed","grab"
v,"grabbing","grab"
v,"gratified","gratify"
v,"gravelled","gravel"
v,"gravelling","gravel"
v,"graven","grave"
v,"grew","grow"
v,"grinned","grin"
v,"grinning","grin"
v,"gripped","grip"
v,"gripping","grip"
v,"gript","grip"
v,"gritted","grit"
v,"gritting","grit"
v,"ground","grind"
v,"grovelled","grovel"
v,"grovelling","grovel"
v,"grown","grow"
v,"grubbed","grub"
v,"grubbing","grub"
v,"guarantied","guaranty"
v,"gullied","gully"
v,"gummed","gum"
v,"gumming","gum"
v,"gunned","gun"
v,"gunning","gun"
v,"gypped","gyp"
v,"gypping","gyp"
v,"hacksawn","hacksaw"
v,"had","have"
v,"had_a_feeling","have_a_feeling"
v,"had_left","have_left"
v,"had_the_feeling","have_the_feeling"
v,"hammed","ham"
v,"hamming","ham"
v,"hamstrung","hamstring"
v,"hand-knitted","hand-knit"
v,"hand-knitting","hand-knit"
v,"handfed","handfeed"
v,"handicapped","handicap"
v,"handicapping","handicap"
v,"handselled","handsel"
v,"handselling","handsel"
v,"harried","harry"
v,"has","have"
v,"has_a_feeling","have_a_feeling"
v,"has_left","have_left"
v,"has_the_feeling","have_the_feeling"
v,"hatchelled","hatchel"
v,"hatchelling","hatchel"
v,"hatted","hat"
v,"hatting","hat"
v,"having_a_feeling","have_a_feeling"
v,"having_left","have_left"
v,"having_the_feeling","have_the_feeling"
v,"heard","hear"
v,"hedgehopped","hedgehop"
v,"hedgehopping","hedgehop"
v,"held","hold"
v,"hemmed","hem"
v,"hemming","hem"
v,"hewn","hew"
v,"hiccupped","hiccup"
v,"hiccupping","hiccup"
v,"hid","hide"
v,"hidden","hide"
v,"high-hatted","high-hat"
v,"high-hatting","high-hat"
v,"hinnied","hinny"
v,"hitting","hit"
v,"hobbed","hob"
v,"hobbing","hob"
v,"hobnobbed","hobnob"
v,"hobnobbing","hobnob"
v,"hocus-pocussed","hocus-pocus"
v,"hocus-pocussing","hocus-pocus"
v,"hocussed","hocus"
v,"hocussing","hocus"
v,"hogged","hog"
v,"hogging","hog"
v,"hogtying","hogtie"
v,"honied","honey"
v,"hopped","hop"
v,"hopping","hop"
v,"horrified","horrify"
v,"horsewhipped","horsewhip"
v,"horsewhipping","horsewhip"
v,"houselled","housel"
v,"houselling","housel"
v,"hove","heave"
v,"hovelled","hovel"
v,"hovelling","hovel"
v,"hugged","hug"
v,"hugging","hug"
v,"humbugged","humbug"
v,"humbugging","humbug"
v,"humidified","humidify"
v,"hummed","hum"
v,"humming","hum"
v,"hung","hang"
v,"hurried","hurry"
v,"hypertrophied","hypertrophy"
v,"identified","identify"
v,"imbedded","imbed"
v,"imbedding","imbed"
v,"impanelled","impanel"
v,"impanelling","impanel"
v,"impelled","impel"
v,"impelling","impel"
v,"implied","imply"
v,"inbred","inbreed"
v,"incurred","incur"
v,"incurring","incur"
v,"indemnified","indemnify"
v,"indwelt","indwell"
v,"inferred","infer"
v,"inferring","infer"
v,"initialled","initial"
v,"initialling","initial"
v,"inlaid","inlay"
v,"insetting","inset"
v,"inspanned","inspan"
v,"inspanning","inspan"
v,"installed","instal"
v,"installed","install"
v,"installing","instal"
v,"installing","install"
v,"intensified","intensify"
v,"interbred","interbreed"
v,"intercropped","intercrop"
v,"intercropping","intercrop"
v,"intercutting","intercut"
v,"interlaid","interlay"
v,"interlapped","interlap"
v,"interlapping","interlap"
v,"intermarried","intermarry"
v,"intermitted","intermit"
v,"intermitting","intermit"
v,"interpled","interplead"
v,"interred","inter"
v,"interring","inter"
v,"interstratified","interstratify"
v,"interwove","interweave"
v,"interwoven","interweave"
v,"intromitted","intromit"
v,"intromitting","intromit"
v,"inwove","inweave"
v,"inwoven","inweave"
v,"inwrapped","inwrap"
v,"inwrapping","inwrap"
v,"is","be"
v,"jabbed","jab"
v,"jabbing","jab"
v,"jagged","jag"
v,"jagging","jag"
v,"jammed","jam"
v,"jamming","jam"
v,"japanned","japan"
v,"japanning","japan"
v,"jarred","jar"
v,"jarring","jar"
v,"jellied","jelly"
v,"jellified","jellify"
v,"jemmied","jemmy"
v,"jerry-built","jerry-build"
v,"jetted","jet"
v,"jetting","jet"
v,"jewelled","jewel"
v,"jewelling","jewel"
v,"jibbed","jib"
v,"jibbing","jib"
v,"jigged","jig"
v,"jigging","jig"
v,"jimmied","jimmy"
v,"jitterbugged","jitterbug"
v,"jitterbugging","jitterbug"
v,"jobbed","job"
v,"jobbing","job"
v,"jog-trotted","jog-trot"
v,"jog-trotting","jog-trot"
v,"jogged","jog"
v,"jogging","jog"
v,"joined_battle","join_battle"
v,"joined_forces","join_forces"
v,"joining_battle","join_battle"
v,"joining_forces","join_forces"
v,"joins_battle","join_battle"
v,"joins_forces","join_forces"
v,"jollied","jolly"
v,"jollified","jollify"
v,"jotted","jot"
v,"jotting","jot"
v,"joy-ridden","joy-ride"
v,"joy-rode","joy-ride"
v,"joypopped","joypop"
v,"joypopping","joypop"
v,"jugged","jug"
v,"jugging","jug"
v,"jumped_off","jump_off"
v,"jumping_off","jump_off"
v,"jumps_off","jump_off"
v,"justified","justify"
v,"jutted","jut"
v,"jutting","jut"
v,"kenned","ken"
v,"kennelled","kennel"
v,"kennelling","kennel"
v,"kenning","ken"
v,"kent","ken"
v,"kept","keep"
v,"kernelled","kernel"
v,"kernelling","kernel"
v,"kidded","kid"
v,"kidding","kid"
v,"kidnapped","kidnap"
v,"kidnapping","kidnap"
v,"kipped","kip"
v,"kipping","kip"
v,"knapped","knap"
v,"knapping","knap"
v,"kneecapped","kneecap"
v,"kneecapping","kneecap"
v,"knelt","kneel"
v,"knew","know"
v,"knitted","knit"
v,"knitting","knit"
v,"knobbed","knob"
v,"knobbing","knob"
v,"knotted","knot"
v,"knotting","knot"
v,"known","know"
v,"ko'd","ko"
v,"ko'ing","ko"
v,"ko's","ko"
v,"labelled","label"
v,"labelling","label"
v,"laden","lade"
v,"ladyfied","ladify"
v,"ladyfies","ladify"
v,"ladyfying","ladify"
v,"lagged","lag"
v,"lagging","lag"
v,"laid","lay"
v,"lain","lie"
v,"lallygagged","lallygag"
v,"lallygagging","lallygag"
v,"lammed","lam"
v,"lamming","lam"
v,"lapidified","lapidify"
v,"lapped","lap"
v,"lapping","lap"
v,"laurelled","laurel"
v,"laurelling","laurel"
v,"lay","lie"
v,"layed_for","lie_for"
v,"laying_for","lie_for"
v,"lays_for","lie_for"
v,"leant","lean"
v,"leapfrogged","leapfrog"
v,"leapfrogging","leapfrog"
v,"leapt","leap"
v,"learnt","learn"
v,"leaves_undone","leave_undone"
v,"leaving_undone","leave_undone"
v,"led","lead"
v,"left","leave"
v,"left_undone","leave_undone"
v,"lent","lend"
v,"letting","let"
v,"levelled","level"
v,"levelling","level"
v,"levied","levy"
v,"libelled","libel"
v,"libelling","libel"
v,"lignified","lignify"
v,"lipped","lip"
v,"lipping","lip"
v,"liquefied","liquefy"
v,"liquified","liquify"
v,"lit","light"
v,"lobbed","lob"
v,"lobbied","lobby"
v,"lobbing","lob"
v,"logged","log"
v,"logging","log"
v,"looked_towards","look_towards"
v,"looking_towards","look_towards"
v,"looks_towards","look_towards"
v,"lopped","lop"
v,"lopping","lop"
v,"lost","lose"
v,"lotted","lot"
v,"lotting","lot"
v,"lugged","lug"
v,"lugging","lug"
v,"lullabied","lullaby"
v,"lying","lie"
v,"machine-gunned","machine-gun"
v,"machine-gunning","machine-gun"
v,"madded","mad"
v,"madding","mad"
v,"made","make"
v,"magnified","magnify"
v,"manned","man"
v,"manning","man"
v,"manumitted","manumit"
v,"manumitting","manumit"
v,"mapped","map"
v,"mapping","map"
v,"marcelled","marcel"
v,"marcelling","marcel"
v,"marred","mar"
v,"married","marry"
v,"marring","mar"
v,"marshalled","marshal"
v,"marshalling","marshal"
v,"marvelled","marvel"
v,"marvelling","marvel"
v,"matted","mat"
v,"matting","mat"
v,"meant","mean"
v,"medalled","medal"
v,"medalling","medal"
v,"met","meet"
v,"metalled","metal"
v,"metalling","metal"
v,"metrified","metrify"
v,"might","may"
v,"militated_against","militate_against"
v,"militates_against","militate_against"
v,"militating_against","militate_against"
v,"mimicked","mimic"
v,"mimicking","mimic"
v,"minified","minify"
v,"misapplied","misapply"
v,"misbecame","misbecome"
v,"miscarried","miscarry"
v,"misdealt","misdeal"
v,"misfitted","misfit"
v,"misfitting","misfit"
v,"misgave","misgive"
v,"misgiven","misgive"
v,"mishitting","mishit"
v,"mislaid","mislay"
v,"misled","mislead"
v,"mispled","misplead"
v,"misspelt","misspell"
v,"misspent","misspend"
v,"mistaken","mistake"
v,"mistook","mistake"
v,"misunderstood","misunderstand"
v,"mobbed","mob"
v,"mobbing","mob"
v,"modelled","model"
v,"modelling","model"
v,"modified","modify"
v,"mollified","mollify"
v,"molten","melt"
v,"mopped","mop"
v,"mopping","mop"
v,"mortified","mortify"
v,"mown","mow"
v,"mudded","mud"
v,"muddied","muddy"
v,"mudding","mud"
v,"mugged","mug"
v,"mugging","mug"
v,"multiplied","multiply"
v,"mummed","mum"
v,"mummified","mummify"
v,"mumming","mum"
v,"mutinied","mutiny"
v,"mystified","mystify"
v,"nabbed","nab"
v,"nabbing","nab"
v,"nagged","nag"
v,"nagging","nag"
v,"napped","nap"
v,"napping","nap"
v,"netted","net"
v,"netting","net"
v,"nibbed","nib"
v,"nibbing","nib"
v,"nickelled","nickel"
v,"nickelling","nickel"
v,"nid-nodded","nid-nod"
v,"nid-nodding","nid-nod"
v,"nidified","nidify"
v,"nigrified","nigrify"
v,"nipped","nip"
v,"nipping","nip"
v,"nitrified","nitrify"
v,"nodded","nod"
v,"nodding","nod"
v,"non-prossed","non-pros"
v,"non-prosses","non-pros"
v,"non-prossing","non-pros"
v,"nonplussed","nonplus"
v,"nonplusses","nonplus"
v,"nonplussing","nonplus"
v,"notified","notify"
v,"nullified","nullify"
v,"nutted","nut"
v,"nutting","nut"
v,"objectified","objectify"
v,"occupied","occupy"
v,"occurred","occur"
v,"occurring","occur"
v,"offsetting","offset"
v,"omitted","omit"
v,"omitting","omit"
v,"ossified","ossify"
v,"outbidden","outbid"
v,"outbidding","outbid"
v,"outbred","outbreed"
v,"outcried","outcry"
v,"outcropped","outcrop"
v,"outcropping","outcrop"
v,"outdid","outdo"
v,"outdone","outdo"
v,"outdrawn","outdraw"
v,"outdrew","outdraw"
v,"outfitted","outfit"
v,"outfitting","outfit"
v,"outfought","outfight"
v,"outgassed","outgas"
v,"outgasses","outgas"
v,"outgassing","outgas"
v,"outgeneralled","outgeneral"
v,"outgeneralling","outgeneral"
v,"outgone","outgo"
v,"outgrew","outgrow"
v,"outgrown","outgrow"
v,"outlaid","outlay"
v,"outmanned","outman"
v,"outmanning","outman"
v,"outputted","output"
v,"outputting","output"
v,"outran","outrun"
v,"outridden","outride"
v,"outrode","outride"
v,"outrunning","outrun"
v,"outshone","outshine"
v,"outshot","outshoot"
v,"outsold","outsell"
v,"outspanned","outspan"
v,"outspanning","outspan"
v,"outstood","outstand"
v,"outstripped","outstrip"
v,"outstripping","outstrip"
v,"outthought","outthink"
v,"outwent","outgo"
v,"outwitted","outwit"
v,"outwitting","outwit"
v,"outwore","outwear"
v,"outworn","outwear"
v,"overbidden","overbid"
v,"overbidding","overbid"
v,"overblew","overblow"
v,"overblown","overblow"
v,"overbore","overbear"
v,"overborne","overbear"
v,"overbuilt","overbuild"
v,"overcame","overcome"
v,"overcropped","overcrop"
v,"overcropping","overcrop"
v,"overdid","overdo"
v,"overdone","overdo"
v,"overdrawn","overdraw"
v,"overdrew","overdraw"
v,"overdriven","overdrive"
v,"overdrove","overdrive"
v,"overflew","overfly"
v,"overflown","overflow"
v,"overflown","overfly"
v,"overgrew","overgrow"
v,"overgrown","overgrow"
v,"overheard","overhear"
v,"overhung","overhang"
v,"overlaid","overlay"
v,"overlain","overlie"
v,"overlapped","overlap"
v,"overlapping","overlap"
v,"overlay","overlie"
v,"overlying","overlie"
v,"overmanned","overman"
v,"overmanning","overman"
v,"overpaid","overpay"
v,"overpast","overpass"
v,"overran","overrun"
v,"overridden","override"
v,"overrode","override"
v,"overrunning","overrun"
v,"oversaw","oversee"
v,"overseen","oversee"
v,"oversetting","overset"
v,"oversewn","oversew"
v,"overshot","overshoot"
v,"oversimplified","oversimplify"
v,"overslept","oversleep"
v,"oversold","oversell"
v,"overspent","overspend"
v,"overspilt","overspill"
v,"overstepped","overstep"
v,"overstepping","overstep"
v,"overtaken","overtake"
v,"overthrew","overthrow"
v,"overthrown","overthrow"
v,"overtook","overtake"
v,"overtopped","overtop"
v,"overtopping","overtop"
v,"overwound","overwind"
v,"overwritten","overwrite"
v,"overwrote","overwrite"
v,"pacified","pacify"
v,"padded","pad"
v,"padding","pad"
v,"paid","pay"
v,"palled","pal"
v,"palling","pal"
v,"palsied","palsy"
v,"pandied","pandy"
v,"panelled","panel"
v,"panelling","panel"
v,"panicked","panic"
v,"panicking","panic"
v,"panned","pan"
v,"panning","pan"
v,"parallelled","parallel"
v,"parallelling","parallel"
v,"parcelled","parcel"
v,"parcelling","parcel"
v,"parodied","parody"
v,"parried","parry"
v,"partaken","partake"
v,"partook","partake"
v,"pasquil","pasquinade"
v,"pasquilled","pasquinade"
v,"pasquilling","pasquinade"
v,"pasquils","pasquinade"
v,"patrolled","patrol"
v,"patrolling","patrol"
v,"patted","pat"
v,"patting","pat"
v,"pedalled","pedal"
v,"pedalling","pedal"
v,"pegged","peg"
v,"pegging","peg"
v,"pencilled","pencil"
v,"pencilling","pencil"
v,"penned","pen"
v,"penning","pen"
v,"pent","pen"
v,"pepped","pep"
v,"pepping","pep"
v,"permitted","permit"
v,"permitting","permit"
v,"personified","personify"
v,"petrified","petrify"
v,"petted","pet"
v,"pettifogged","pettifog"
v,"pettifogging","pettifog"
v,"petting","pet"
v,"phantasied","phantasy"
v,"photocopied","photocopy"
v,"photomapped","photomap"
v,"photomapping","photomap"
v,"photosetting","photoset"
v,"physicked","physic"
v,"physicking","physic"
v,"picnicked","picnic"
v,"picnicking","picnic"
v,"pigged","pig"
v,"pigging","pig"
v,"pilloried","pillory"
v,"pinch-hitting","pinch-hit"
v,"pinned","pin"
v,"pinning","pin"
v,"pipped","pip"
v,"pipping","pip"
v,"pistol-whipped","pistol-whip"
v,"pistol-whipping","pistol-whip"
v,"pistolled","pistol"
v,"pistolling","pistol"
v,"pitapatted","pitapat"
v,"pitapatting","pitapat"
v,"pitied","pity"
v,"pitted","pit"
v,"pitting","pit"
v,"planned","plan"
v,"planning","plan"
v,"platted","plat"
v,"platting","plat"
v,"played_a_part","play_a_part"
v,"playing_a_part","play_a_part"
v,"plays_a_part","play_a_part"
v,"pled","plead"
v,"plied","ply"
v,"plodded","plod"
v,"plodding","plod"
v,"plopped","plop"
v,"plopping","plop"
v,"plotted","plot"
v,"plotting","plot"
v,"plugged","plug"
v,"plugging","plug"
v,"podded","pod"
v,"podding","pod"
v,"pommelled","pommel"
v,"pommelling","pommel"
v,"popes","popes"
v,"popped","pop"
v,"popping","pop"
v,"potted","pot"
v,"potting","pot"
v,"preachified","preachify"
v,"precancelled","precancel"
v,"precancelling","precancel"
v,"preferred","prefer"
v,"preferring","prefer"
v,"preoccupied","preoccupy"
v,"prepaid","prepay"
v,"presignified","presignify"
v,"pretermitted","pretermit"
v,"pretermitting","pretermit"
v,"prettied","pretty"
v,"prettified","prettify"
v,"pried","pry"
v,"prigged","prig"
v,"prigging","prig"
v,"primmed","prim"
v,"primming","prim"
v,"prodded","prod"
v,"prodding","prod"
v,"programmed","program"
v,"programmes","program"
v,"programming","program"
v,"prologed","prologue"
v,"prologing","prologue"
v,"prologs","prologue"
v,"propelled","propel"
v,"propelling","propel"
v,"prophesied","prophesy"
v,"propped","prop"
v,"propping","prop"
v,"proven","prove"
v,"pubbed","pub"
v,"pubbing","pub"
v,"pugged","pug"
v,"pugging","pug"
v,"pummelled","pummel"
v,"pummelling","pummel"
v,"punned","pun"
v,"punning","pun"
v,"pupped","pup"
v,"pupping","pup"
v,"purified","purify"
v,"put-putted","put-put"
v,"put-putting","put-put"
v,"putrefied","putrefy"
v,"puttied","putty"
v,"putting","put"
v,"qualified","qualify"
v,"quantified","quantify"
v,"quarrelled","quarrel"
v,"quarrelling","quarrel"
v,"quarried","quarry"
v,"quartersawn","quartersaw"
v,"queried","query"
v,"quick-froze","quick-freeze"
v,"quick-frozen","quick-freeze"
v,"quickstepped","quickstep"
v,"quickstepping","quickstep"
v,"quipped","quip"
v,"quipping","quip"
v,"quitted","quit"
v,"quitting","quit"
v,"quizzed","quiz"
v,"quizzes","quiz"
v,"quizzing","quiz"
v,"ragged","rag"
v,"ragging","rag"
v,"rallied","rally"
v,"ramified","ramify"
v,"rammed","ram"
v,"ramming","ram"
v,"ran","run"
v,"rang","ring"
v,"rapped","rap"
v,"rappelled","rappel"
v,"rappelling","rappel"
v,"rapping","rap"
v,"rarefied","rarefy"
v,"ratified","ratify"
v,"ratted","rat"
v,"ratting","rat"
v,"ravelled","ravel"
v,"ravelling","ravel"
v,"razor-cutting","razor-cut"
v,"re-trod","re-tread"
v,"re-trodden","re-tread"
v,"rebelled","rebel"
v,"rebelling","rebel"
v,"rebuilt","rebuild"
v,"rebutted","rebut"
v,"rebutting","rebut"
v,"recapped","recap"
v,"recapping","recap"
v,"reclassified","reclassify"
v,"recommitted","recommit"
v,"recommitting","recommit"
v,"recopied","recopy"
v,"rectified","rectify"
v,"recurred","recur"
v,"recurring","recur"
v,"red","red"
v,"red-pencilled","red-pencil"
v,"red-pencilling","red-pencil"
v,"redded","red"
v,"redded","redd"
v,"redding","red"
v,"redding","redd"
v,"redid","redo"
v,"redone","redo"
v,"referred","refer"
v,"referring","refer"
v,"refitted","refit"
v,"refitting","refit"
v,"reft","reave"
v,"refuelled","refuel"
v,"refuelling","refuel"
v,"regretted","regret"
v,"regretting","regret"
v,"reheard","rehear"
v,"reified","reify"
v,"relied","rely"
v,"remade","remake"
v,"remarried","remarry"
v,"remitted","remit"
v,"remitting","remit"
v,"rent","rend"
v,"repaid","repay"
v,"repelled","repel"
v,"repelling","repel"
v,"replevied","replevy"
v,"replied","reply"
v,"repotted","repot"
v,"repotting","repot"
v,"reran","rerun"
v,"rerunning","rerun"
v,"resat","resit"
v,"resetting","reset"
v,"resewn","resew"
v,"resitting","resit"
v,"retaken","retake"
v,"rethought","rethink"
v,"retold","retell"
v,"retook","retake"
v,"retransmitted","retransmit"
v,"retransmitting","retransmit"
v,"retried","retry"
v,"retrofitted","retrofit"
v,"retrofitting","retrofit"
v,"retted","ret"
v,"retting","ret"
v,"reunified","reunify"
v,"revelled","revel"
v,"revelling","revel"
v,"revetted","revet"
v,"revetting","revet"
v,"revivified","revivify"
v,"revved","rev"
v,"revving","rev"
v,"rewound","rewind"
v,"rewritten","rewrite"
v,"rewrote","rewrite"
v,"ribbed","rib"
v,"ribbing","rib"
v,"ricochetted","ricochet"
v,"ricochetting","ricochet"
v,"ridded","rid"
v,"ridden","ride"
v,"ridding","rid"
v,"rigged","rig"
v,"rigging","rig"
v,"rigidified","rigidify"
v,"rimmed","rim"
v,"rimming","rim"
v,"ripped","rip"
v,"ripping","rip"
v,"risen","rise"
v,"rivalled","rival"
v,"rivalling","rival"
v,"riven","rive"
v,"robbed","rob"
v,"robbing","rob"
v,"rode","ride"
v,"rose","rise"
v,"rotted","rot"
v,"rotting","rot"
v,"rough-dried","rough-dry"
v,"rough-hewn","rough-hew"
v,"rove","reeve"
v,"rowelled","rowel"
v,"rowelling","rowel"
v,"rubbed","rub"
v,"rubbing","rub"
v,"rung","ring"
v,"running","run"
v,"rutted","rut"
v,"rutting","rut"
v,"saccharified","saccharify"
v,"sagged","sag"
v,"sagging","sag"
v,"said","say"
v,"salaried","salary"
v,"salified","salify"
v,"sallied","sally"
v,"sanctified","sanctify"
v,"sandbagged","sandbag"
v,"sandbagging","sandbag"
v,"sang","sing"
v,"sank","sink"
v,"saponified","saponify"
v,"sapped","sap"
v,"sapping","sap"
v,"sat","sit"
v,"satisfied","satisfy"
v,"savvied","savvy"
v,"saw","see"
v,"sawn","saw"
v,"scagged","scag"
v,"scagging","scag"
v,"scanned","scan"
v,"scanning","scan"
v,"scarified","scarify"
v,"scarred","scar"
v,"scarring","scar"
v,"scatted","scat"
v,"scatting","scat"
v,"scorified","scorify"
v,"scragged","scrag"
v,"scragging","scrag"
v,"scrammed","scram"
v,"scramming","scram"
v,"scrapped","scrap"
v,"scrapping","scrap"
v,"scried","scry"
v,"scrubbed","scrub"
v,"scrubbing","scrub"
v,"scrummed","scrum"
v,"scrumming","scrum"
v,"scudded","scud"
v,"scudding","scud"
v,"scummed","scum"
v,"scumming","scum"
v,"scurried","scurry"
v,"seed","seed"
v,"seen","see"
v,"sent","send"
v,"setting","set"
v,"sewn","sew"
v,"shagged","shag"
v,"shagging","shag"
v,"shaken","shake"
v,"shaken_hands","shake_hands"
v,"shakes_hands","shake_hands"
v,"shaking_hands","shake_hands"
v,"shammed","sham"
v,"shamming","sham"
v,"sharecropped","sharecrop"
v,"sharecropping","sharecrop"
v,"shat","shit"
v,"shaven","shave"
v,"shed","shed"
v,"shedding","shed"
v,"shellacked","shellac"
v,"shellacking","shellac"
v,"shent","shend"
v,"shewn","shew"
v,"shied","shy"
v,"shikarred","shikar"
v,"shikarring","shikar"
v,"shillyshallied","shillyshally"
v,"shimmed","shim"
v,"shimmied","shimmy"
v,"shimming","shim"
v,"shinned","shin"
v,"shinning","shin"
v,"shipped","ship"
v,"shipping","ship"
v,"shitted","shit"
v,"shitting","shit"
v,"shod","shoe"
v,"shone","shine"
v,"shook","shake"
v,"shook_hands","shake_hands"
v,"shopped","shop"
v,"shopping","shop"
v,"shot","shoot"
v,"shotgunned","shotgun"
v,"shotgunning","shotgun"
v,"shotted","shot"
v,"shotting","shot"
v,"shovelled","shovel"
v,"shovelling","shovel"
v,"shown","show"
v,"shrank","shrink"
v,"shredded","shred"
v,"shredding","shred"
v,"shrink-wrapped","shrink-wrap"
v,"shrink-wrapping","shrink-wrap"
v,"shrivelled","shrivel"
v,"shrivelling","shrivel"
v,"shriven","shrive"
v,"shrove","shrive"
v,"shrugged","shrug"
v,"shrugging","shrug"
v,"shrunk","shrink"
v,"shrunken","shrink"
v,"shunned","shun"
v,"shunning","shun"
v,"shutting","shut"
v,"sicked","sic"
v,"sicking","sic"
v,"sideslipped","sideslip"
v,"sideslipping","sideslip"
v,"sidestepped","sidestep"
v,"sidestepping","sidestep"
v,"sightsaw","sightsee"
v,"sightseen","sightsee"
v,"signalled","signal"
v,"signalling","signal"
v,"signified","signify"
v,"silicified","silicify"
v,"simplified","simplify"
v,"singing","sing"
v,"singing","singe"
v,"single-stepped","single-step"
v,"single-stepping","single-step"
v,"sinned","sin"
v,"sinning","sin"
v,"sipped","sip"
v,"sipping","sip"
v,"sitting","sit"
v,"skellied","skelly"
v,"skenned","sken"
v,"skenning","sken"
v,"sketted","sket"
v,"sketting","sket"
v,"ski'd","ski"
v,"skidded","skid"
v,"skidding","skid"
v,"skimmed","skim"
v,"skimming","skim"
v,"skin-popped","skin-pop"
v,"skin-popping","skin-pop"
v,"skinned","skin"
v,"skinning","skin"
v,"skinny-dipped","skinny-dip"
v,"skinny-dipping","skinny-dip"
v,"skipped","skip"
v,"skipping","skip"
v,"skivvied","skivvy"
v,"skydove","skydive"
v,"slabbed","slab"
v,"slabbing","slab"
v,"slagged","slag"
v,"slagging","slag"
v,"slain","slay"
v,"slammed","slam"
v,"slamming","slam"
v,"slapped","slap"
v,"slapping","slap"
v,"slatted","slat"
v,"slatting","slat"
v,"sledding","sled"
v,"slept","sleep"
v,"slew","slay"
v,"slid","slide"
v,"slidden","slide"
v,"slipped","slip"
v,"slipping","slip"
v,"slitting","slit"
v,"slogged","slog"
v,"slogging","slog"
v,"slopped","slop"
v,"slopping","slop"
v,"slotted","slot"
v,"slotting","slot"
v,"slugged","slug"
v,"slugging","slug"
v,"slummed","slum"
v,"slumming","slum"
v,"slung","sling"
v,"slunk","slink"
v,"slurred","slur"
v,"slurring","slur"
v,"smelt","smell"
v,"smit","smite"
v,"smitten","smite"
v,"smote","smite"
v,"smutted","smut"
v,"smutting","smut"
v,"snagged","snag"
v,"snagging","snag"
v,"snapped","snap"
v,"snapping","snap"
v,"snedded","sned"
v,"snedding","sned"
v,"snipped","snip"
v,"snipping","snip"
v,"snivelled","snivel"
v,"snivelling","snivel"
v,"snogged","snog"
v,"snogging","snog"
v,"snubbed","snub"
v,"snubbing","snub"
v,"snuck","sneak"
v,"snugged","snug"
v,"snugging","snug"
v,"sobbed","sob"
v,"sobbing","sob"
v,"sodded","sod"
v,"sodding","sod"
v,"soft-pedalled","soft-pedal"
v,"soft-pedalling","soft-pedal"
v,"sold","sell"
v,"solemnified","solemnify"
v,"solidified","solidify"
v,"soothsaid","soothsay"
v,"sopped","sop"
v,"sopping","sop"
v,"sought","seek"
v,"sown","sow"
v,"spagged","spag"
v,"spagging","spag"
v,"spancelled","spancel"
v,"spancelling","spancel"
v,"spanned","span"
v,"spanning","span"
v,"sparred","spar"
v,"sparring","spar"
v,"spat","spit"
v,"spatted","spat"
v,"spatting","spat"
v,"specified","specify"
v,"sped","speed"
v,"speechified","speechify"
v,"spellbound","spellbind"
v,"spelt","spell"
v,"spent","spend"
v,"spied","spy"
v,"spilt","spill"
v,"spin-dried","spin-dry"
v,"spinning","spin"
v,"spiralled","spiral"
v,"spiralling","spiral"
v,"spitted","spit"
v,"spitting","spit"
v,"splitting","split"
v,"spoilt","spoil"
v,"spoke","speak"
v,"spoken","speak"
v,"spoon-fed","spoon-feed"
v,"spotlit","spotlight"
v,"spotted","spot"
v,"spotting","spot"
v,"sprang","spring"
v,"sprigged","sprig"
v,"sprigging","sprig"
v,"sprung","spring"
v,"spudded","spud"
v,"spudding","spud"
v,"spun","spin"
v,"spurred","spur"
v,"spurring","spur"
v,"squatted","squat"
v,"squatting","squat"
v,"squibbed","squib"
v,"squibbing","squib"
v,"squidded","squid"
v,"squidding","squid"
v,"squilgee","squeegee"
v,"stabbed","stab"
v,"stabbing","stab"
v,"stall-fed","stall-feed"
v,"stank","stink"
v,"starred","star"
v,"starring","star"
v,"steadied","steady"
v,"stellified","stellify"
v,"stemmed","stem"
v,"stemming","stem"
v,"stems_from","stem_from"
v,"stencilled","stencil"
v,"stencilling","stencil"
v,"stepped","step"
v,"stepping","step"
v,"stetted","stet"
v,"stetting","stet"
v,"stied","sty"
v,"stilettoeing","stiletto"
v,"stirred","stir"
v,"stirring","stir"
v,"stole","steal"
v,"stolen","steal"
v,"stood","stand"
v,"stopped","stop"
v,"stopping","stop"
v,"storied","story"
v,"stotted","stot"
v,"stotting","stot"
v,"stove","stave"
v,"strapped","strap"
v,"strapping","strap"
v,"stratified","stratify"
v,"strewn","strew"
v,"stridden","stride"
v,"stripped","strip"
v,"stripping","strip"
v,"striven","strive"
v,"strode","stride"
v,"stropped","strop"
v,"stropping","strop"
v,"strove","strive"
v,"strown","strow"
v,"struck","strike"
v,"strummed","strum"
v,"strumming","strum"
v,"strung","string"
v,"strutted","strut"
v,"strutting","strut"
v,"stubbed","stub"
v,"stubbing","stub"
v,"stuck","stick"
v,"studded","stud"
v,"studding","stud"
v,"studied","study"
v,"stultified","stultify"
v,"stummed","stum"
v,"stumming","stum"
v,"stung","sting"
v,"stunk","stink"
v,"stunned","stun"
v,"stunning","stun"
v,"stupefied","stupefy"
v,"stymying","stymie"
v,"subbed","sub"
v,"subbing","sub"
v,"subjectified","subjectify"
v,"subletting","sublet"
v,"submitted","submit"
v,"submitting","submit"
v,"subtotalled","subtotal"
v,"subtotalling","subtotal"
v,"sullied","sully"
v,"sulphuretted","sulphuret"
v,"sulphuretting","sulphuret"
v,"summed","sum"
v,"summing","sum"
v,"sung","sing"
v,"sunk","sink"
v,"sunken","sink"
v,"sunned","sun"
v,"sunning","sun"
v,"supped","sup"
v,"supping","sup"
v,"supplied","supply"
v,"swabbed","swab"
v,"swabbing","swab"
v,"swagged","swag"
v,"swagging","swag"
v,"swam","swim"
v,"swapped","swap"
v,"swapping","swap"
v,"swatted","swat"
v,"swatting","swat"
v,"swept","sweep"
v,"swigged","swig"
v,"swigging","swig"
v,"swimming","swim"
v,"swivelled","swivel"
v,"swivelling","swivel"
v,"swollen","swell"
v,"swopped","swap"
v,"swopping","swap"
v,"swops","swap"
v,"swore","swear"
v,"sworn","swear"
v,"swotted","swot"
v,"swotting","swot"
v,"swum","swim"
v,"swung","swing"
v,"syllabified","syllabify"
v,"symbolled","symbol"
v,"symbolling","symbol"
v,"tabbed","tab"
v,"tabbing","tab"
v,"tagged","tag"
v,"tagging","tag"
v,"taken","take"
v,"taken_a_side","take_a_side"
v,"taken_pains","take_pains"
v,"taken_steps","take_steps"
v,"takes_a_side","take_a_side"
v,"takes_pains","take_pains"
v,"takes_steps","take_steps"
v,"taking_a_side","take_a_side"
v,"taking_pains","take_pains"
v,"taking_steps","take_steps"
v,"talcked","talc"
v,"talcking","talc"
v,"tallied","tally"
v,"tally-ho'd","tally-ho"
v,"tammied","tammy"
v,"tanned","tan"
v,"tanning","tan"
v,"tapped","tap"
v,"tapping","tap"
v,"tarred","tar"
v,"tarried","tarry"
v,"tarring","tar"
v,"tasselled","tassel"
v,"tasselling","tassel"
v,"tatted","tat"
v,"tatting","tat"
v,"taught","teach"
v,"taxis","taxis"
v,"taxying","taxi"
v,"teaselled","teasel"
v,"teaselling","teasel"
v,"tedded","ted"
v,"tedding","ted"
v,"tepefied","tepefy"
v,"terrified","terrify"
v,"testes","testes"
v,"testified","testify"
v,"thinking_the_world_of","think_the_world_of"
v,"thinks_the_world_of","think_the_world_of"
v,"thinned","thin"
v,"thinning","thin"
v,"thought","think"
v,"thought_the_world_of","think_the_world_of"
v,"threw","throw"
v,"threw_out","throw_out"
v,"thriven","thrive"
v,"throbbed","throb"
v,"throbbing","throb"
v,"throve","thrive"
v,"throwing_out","throw_out"
v,"thrown","throw"
v,"thrown_out","throw_out"
v,"throws_out","throw_out"
v,"thrummed","thrum"
v,"thrumming","thrum"
v,"thudded","thud"
v,"thudding","thud"
v,"tidied","tidy"
v,"tinned","tin"
v,"tinning","tin"
v,"tinselled","tinsel"
v,"tinselling","tinsel"
v,"tipped","tip"
v,"tipping","tip"
v,"tittupped","tittup"
v,"tittupping","tittup"
v,"toadied","toady"
v,"togged","tog"
v,"togging","tog"
v,"told","tell"
v,"took","take"
v,"took_a_side","take_a_side"
v,"took_pains","take_pains"
v,"took_steps","take_steps"
v,"topped","top"
v,"topping","top"
v,"tore","tear"
v,"torn","tear"
v,"torrefied","torrefy"
v,"torrify","torrefy"
v,"totalled","total"
v,"totalling","total"
v,"totted","tot"
v,"totting","tot"
v,"towelled","towel"
v,"towelling","towel"
v,"trafficked","traffic"
v,"trafficking","traffic"
v,"trameled","trammel"
v,"trameling","trammel"
v,"tramelled","trammel"
v,"tramelling","trammel"
v,"tramels","trammel"
v,"trammed","tram"
v,"tramming","tram"
v,"transferred","transfer"
v,"transferring","transfer"
v,"transfixt","transfix"
v,"tranship","transship"
v,"transhipped","tranship"
v,"transhipping","tranship"
v,"transmitted","transmit"
v,"transmitting","transmit"
v,"transmogrified","transmogrify"
v,"transshipped","transship"
v,"transshipping","transship"
v,"trapanned","trapan"
v,"trapanning","trapan"
v,"trapped","trap"
v,"trapping","trap"
v,"travelled","travel"
v,"travelling","travel"
v,"travestied","travesty"
v,"trekked","trek"
v,"trekking","trek"
v,"trepanned","trepan"
v,"trepanning","trepan"
v,"tried","try"
v,"trigged","trig"
v,"trigging","trig"
v,"trimmed","trim"
v,"trimming","trim"
v,"tripped","trip"
v,"tripping","trip"
v,"trod","tread"
v,"trodden","tread"
v,"trogged","trog"
v,"trogging","trog"
v,"trotted","trot"
v,"trotting","trot"
v,"trowelled","trowel"
v,"trowelling","trowel"
v,"tugged","tug"
v,"tugging","tug"
v,"tumefied","tumefy"
v,"tunned","tun"
v,"tunnelled","tunnel"
v,"tunnelling","tunnel"
v,"tunning","tun"
v,"tupped","tup"
v,"tupping","tup"
v,"tut-tutted","tut-tut"
v,"tut-tutting","tut-tut"
v,"twigged","twig"
v,"twigging","twig"
v,"twinned","twin"
v,"twinning","twin"
v,"twitted","twit"
v,"twitting","twit"
v,"tying","tie"
v,"typesetting","typeset"
v,"typewritten","typewrite"
v,"typewrote","typewrite"
v,"typified","typify"
v,"uglified","uglify"
v,"unbarred","unbar"
v,"unbarring","unbar"
v,"unbent","unbend"
v,"unbound","unbind"
v,"uncapped","uncap"
v,"uncapping","uncap"
v,"unclad","unclothe"
v,"unclogged","unclog"
v,"unclogging","unclog"
v,"underbidding","underbid"
v,"underbought","underbuy"
v,"undercutting","undercut"
v,"underfed","underfeed"
v,"undergirt","undergird"
v,"undergone","undergo"
v,"underlaid","underlay"
v,"underlain","underlie"
v,"underlay","underlie"
v,"underletting","underlet"
v,"underlying","underlie"
v,"underpaid","underpay"
v,"underpinned","underpin"
v,"underpinning","underpin"
v,"underpropped","underprop"
v,"underpropping","underprop"
v,"undersetting","underset"
v,"undershot","undershoot"
v,"undersold","undersell"
v,"understood","understand"
v,"understudied","understudy"
v,"undertaken","undertake"
v,"undertook","undertake"
v,"underwent","undergo"
v,"underwritten","underwrite"
v,"underwrote","underwrite"
v,"undid","undo"
v,"undone","undo"
v,"unfitted","unfit"
v,"unfitting","unfit"
v,"unfroze","unfreeze"
v,"unfrozen","unfreeze"
v,"unified","unify"
v,"unkennelled","unkennel"
v,"unkennelling","unkennel"
v,"unknitted","unknit"
v,"unknitting","unknit"
v,"unlaid","unlay"
v,"unlearnt","unlearn"
v,"unmade","unmake"
v,"unmanned","unman"
v,"unmanning","unman"
v,"unpegged","unpeg"
v,"unpegging","unpeg"
v,"unpinned","unpin"
v,"unpinning","unpin"
v,"unplugged","unplug"
v,"unplugging","unplug"
v,"unravelled","unravel"
v,"unravelling","unravel"
v,"unrigged","unrig"
v,"unrigging","unrig"
v,"unripped","unrip"
v,"unripping","unrip"
v,"unrove","unreeve"
v,"unsaid","unsay"
v,"unshipped","unship"
v,"unshipping","unship"
v,"unslung","unsling"
v,"unsnapped","unsnap"
v,"unsnapping","unsnap"
v,"unspoke","unspeak"
v,"unspoken","unspeak"
v,"unsteadied","unsteady"
v,"unstepped","unstep"
v,"unstepping","unstep"
v,"unstopped","unstop"
v,"unstopping","unstop"
v,"unstrung","unstring"
v,"unstuck","unstick"
v,"unswore","unswear"
v,"unsworn","unswear"
v,"untaught","unteach"
v,"unthought","unthink"
v,"untidied","untidy"
v,"untrod","untread"
v,"untrodden","untread"
v,"untying","untie"
v,"unwound","unwind"
v,"unwrapped","unwrap"
v,"unwrapping","unwrap"
v,"unzipped","unzip"
v,"unzipping","unzip"
v,"upbuilt","upbuild"
v,"upheld","uphold"
v,"uphove","upheave"
v,"upped","up"
v,"uppercutting","uppercut"
v,"upping","up"
v,"uprisen","uprise"
v,"uprose","uprise"
v,"upsetting","upset"
v,"upsprang","upspring"
v,"upsprung","upspring"
v,"upswept","upsweep"
v,"upswollen","upswell"
v,"upswung","upswing"
v,"vagged","vag"
v,"vagging","vag"
v,"varied","vary"
v,"vatted","vat"
v,"vatting","vat"
v,"verbified","verbify"
v,"verified","verify"
v,"versified","versify"
v,"vetted","vet"
v,"vetting","vet"
v,"victualled","victual"
v,"victualling","victual"
v,"vilified","vilify"
v,"vitrified","vitrify"
v,"vitriolled","vitriol"
v,"vitriolling","vitriol"
v,"vivified","vivify"
v,"vying","vie"
v,"wadded","wad"
v,"waddied","waddy"
v,"wadding","wad"
v,"wadsetted","wadset"
v,"wadsetting","wadset"
v,"wagged","wag"
v,"wagging","wag"
v,"wanned","wan"
v,"wanning","wan"
v,"warred","war"
v,"warring","war"
v,"was","be"
v,"water-ski'd","water-ski"
v,"waylaid","waylay"
v,"wearied","weary"
v,"weatherstripped","weatherstrip"
v,"weatherstripping","weatherstrip"
v,"webbed","web"
v,"webbing","web"
v,"wedded","wed"
v,"wedding","wed"
v,"weed","weed"
v,"went","go"
v,"went_deep","go_deep"
v,"wept","weep"
v,"were","be"
v,"wetted","wet"
v,"wetting","wet"
v,"whammed","wham"
v,"whamming","wham"
v,"whapped","whap"
v,"whapping","whap"
v,"whetted","whet"
v,"whetting","whet"
v,"whinnied","whinny"
v,"whipped","whip"
v,"whipping","whip"
v,"whipsawn","whipsaw"
v,"whirred","whir"
v,"whirring","whir"
v,"whistle-stopped","whistle-stop"
v,"whistle-stopping","whistle-stop"
v,"whizzed","whiz"
v,"whizzes","whiz"
v,"whizzing","whiz"
v,"whopped","whop"
v,"whopping","whop"
v,"wigged","wig"
v,"wigging","wig"
v,"wigwagged","wigwag"
v,"wigwagging","wigwag"
v,"wildcatted","wildcat"
v,"wildcatting","wildcat"
v,"window-shopped","window-shop"
v,"window-shopping","window-shop"
v,"winning","win"
v,"winterfed","winterfeed"
v,"wiredrawn","wiredraw"
v,"wiredrew","wiredraw"
v,"withdrawn","withdraw"
v,"withdrew","withdraw"
v,"withheld","withhold"
v,"withstood","withstand"
v,"woke","wake"
v,"woken","wake"
v,"won","win"
v,"wonned","won"
v,"wonning","won"
v,"wore","wear"
v,"worn","wear"
v,"worried","worry"
v,"worshipped","worship"
v,"worshipping","worship"
v,"wound","wind"
v,"wove","weave"
v,"woven","weave"
v,"wrapped","wrap"
v,"wrapping","wrap"
v,"wried","wry"
v,"written","write"
v,"wrote","write"
v,"wrought","work"
v,"wrung","wring"
v,"yakked","yak"
v,"yakking","yak"
v,"yapped","yap"
v,"yapping","yap"
v,"ycleped","clepe"
v,"yclept","clepe"
v,"yenned","yen"
v,"yenning","yen"
v,"yodelled","yodel"
v,"yodelling","yodel"
v,"zapped","zap"
v,"zapping","zap"
v,"zigzagged","zigzag"
v,"zigzagging","zigzag"
v,"zipped","zip"
v,"zipping","zip"
a,"acer","acer"
a,"after","after"
a,"airier","airy"
a,"airiest","airy"
a,"all-arounder","all-arounder"
a,"angrier","angry"
a,"angriest","angry"
a,"archer","archer"
a,"artier","arty"
a,"artiest","arty"
a,"ashier","ashy"
a,"ashiest","ashy"
a,"assaulter","assaulter"
a,"attacker","attacker"
a,"backer","backer"
a,"baggier","baggy"
a,"baggiest","baggy"
a,"balkier","balky"
a,"balkiest","balky"
a,"balmier","balmy"
a,"balmiest","balmy"
a,"bandier","bandy"
a,"bandiest","bandy"
a,"bargainer","bargainer"
a,"barmier","barmy"
a,"barmiest","barmy"
a,"battier","batty"
a,"battiest","batty"
a,"baulkier","baulky"
a,"baulkiest","baulky"
a,"bawdier","bawdy"
a,"bawdiest","bawdy"
a,"bayer","bayer"
a,"beadier","beady"
a,"beadiest","beady"
a,"beastlier","beastly"
a,"beastliest","beastly"
a,"beater","beater"
a,"beefier","beefy"
a,"beefiest","beefy"
a,"beerier","beery"
a,"beeriest","beery"
a,"bendier","bendy"
a,"bendiest","bendy"
a,"best","good"
a,"better","good"
a,"better","well"
a,"bigger","big"
a,"biggest","big"
a,"bitchier","bitchy"
a,"bitchiest","bitchy"
a,"biter","biter"
a,"bittier","bitty"
a,"bittiest","bitty"
a,"blearier","bleary"
a,"bleariest","bleary"
a,"bloodier","bloody"
a,"bloodiest","bloody"
a,"bloodthirstier","bloodthirsty"
a,"bloodthirstiest","bloodthirsty"
a,"blowier","blowy"
a,"blowiest","blowy"
a,"blowsier","blowsy"
a,"blowsiest","blowsy"
a,"blowzier","blowzy"
a,"blowziest","blowzy"
a,"bluer","blue"
a,"bluest","blue"
a,"boner","boner"
a,"bonier","bony"
a,"boniest","bony"
a,"bonnier","bonny"
a,"bonniest","bonny"
a,"boozier","boozy"
a,"booziest","boozy"
a,"boskier","bosky"
a,"boskiest","bosky"
a,"bossier","bossy"
a,"bossiest","bossy"
a,"botchier","botchy"
a,"botchiest","botchy"
a,"bother","bother"
a,"bouncier","bouncy"
a,"bounciest","bouncy"
a,"bounder","bounder"
a,"bower","bower"
a,"brainier","brainy"
a,"brainiest","brainy"
a,"brashier","brashy"
a,"brashiest","brashy"
a,"brassier","brassy"
a,"brassiest","brassy"
a,"brawnier","brawny"
a,"brawniest","brawny"
a,"breathier","breathy"
a,"breathiest","breathy"
a,"breezier","breezy"
a,"breeziest","breezy"
a,"brinier","briny"
a,"briniest","briny"
a,"britisher","britisher"
a,"broadcaster","broadcaster"
a,"brooder","brooder"
a,"broodier","broody"
a,"broodiest","broody"
a,"bubblier","bubbly"
a,"bubbliest","bubbly"
a,"buggier","buggy"
a,"buggiest","buggy"
a,"bulkier","bulky"
a,"bulkiest","bulky"
a,"bumpier","bumpy"
a,"bumpiest","bumpy"
a,"bunchier","bunchy"
a,"bunchiest","bunchy"
a,"burlier","burly"
a,"burliest","burly"
a,"burrier","burry"
a,"burriest","burry"
a,"burster","burster"
a,"bushier","bushy"
a,"bushiest","bushy"
a,"busier","busy"
a,"busiest","busy"
a,"buster","buster"
a,"bustier","busty"
a,"bustiest","busty"
a,"cagier","cagey"
a,"cagiest","cagey"
a,"camper","camper"
a,"cannier","canny"
a,"canniest","canny"
a,"canter","canter"
a,"cantier","canty"
a,"cantiest","canty"
a,"caster","caster"
a,"catchier","catchy"
a,"catchiest","catchy"
a,"cattier","catty"
a,"cattiest","catty"
a,"cer","cer"
a,"chancier","chancy"
a,"chanciest","chancy"
a,"charier","chary"
a,"chariest","chary"
a,"chattier","chatty"
a,"chattiest","chatty"
a,"cheekier","cheeky"
a,"cheekiest","cheeky"
a,"cheerier","cheery"
a,"cheeriest","cheery"
a,"cheesier","cheesy"
a,"cheesiest","cheesy"
a,"chestier","chesty"
a,"chestiest","chesty"
a,"chewier","chewy"
a,"chewiest","chewy"
a,"chillier","chilly"
a,"chilliest","chilly"
a,"chintzier","chintzy"
a,"chintziest","chintzy"
a,"chippier","chippy"
a,"chippiest","chippy"
a,"choosier","choosy"
a,"choosiest","choosy"
a,"choppier","choppy"
a,"choppiest","choppy"
a,"chubbier","chubby"
a,"chubbiest","chubby"
a,"chuffier","chuffy"
a,"chuffiest","chuffy"
a,"chummier","chummy"
a,"chummiest","chummy"
a,"chunkier","chunky"
a,"chunkiest","chunky"
a,"churchier","churchy"
a,"churchiest","churchy"
a,"clammier","clammy"
a,"clammiest","clammy"
a,"classier","classy"
a,"classiest","classy"
a,"cleanlier","cleanly"
a,"cleanliest","cleanly"
a,"clerklier","clerkly"
a,"clerkliest","clerkly"
a,"cloudier","cloudy"
a,"cloudiest","cloudy"
a,"clubbier","clubby"
a,"clubbiest","clubby"
a,"clumsier","clumsy"
a,"clumsiest","clumsy"
a,"cockier","cocky"
a,"cockiest","cocky"
a,"coder","coder"
a,"collier","colly"
a,"colliest","colly"
a,"comelier","comely"
a,"comeliest","comely"
a,"comfier","comfy"
a,"comfiest","comfy"
a,"cornier","corny"
a,"corniest","corny"
a,"cosier","cosy"
a,"cosiest","cosy"
a,"costlier","costly"
a,"costliest","costly"
a,"costumer","costumer"
a,"counterfeiter","counterfeiter"
a,"courtlier","courtly"
a,"courtliest","courtly"
a,"cozier","cozy"
a,"coziest","cozy"
a,"crabbier","crabby"
a,"crabbiest","crabby"
a,"cracker","cracker"
a,"craftier","crafty"
a,"craftiest","crafty"
a,"craggier","craggy"
a,"craggiest","craggy"
a,"crankier","cranky"
a,"crankiest","cranky"
a,"crasher","crasher"
a,"crawlier","crawly"
a,"crawliest","crawly"
a,"crazier","crazy"
a,"craziest","crazy"
a,"creamer","creamer"
a,"creamier","creamy"
a,"creamiest","creamy"
a,"creepier","creepy"
a,"creepiest","creepy"
a,"crispier","crispy"
a,"crispiest","crispy"
a,"crumbier","crumby"
a,"crumbiest","crumby"
a,"crumblier","crumbly"
a,"crumbliest","crumbly"
a,"crummier","crummy"
a,"crummiest","crummy"
a,"crustier","crusty"
a,"crustiest","crusty"
a,"curlier","curly"
a,"curliest","curly"
a,"customer","customer"
a,"cuter","cute"
a,"daffier","daffy"
a,"daffiest","daffy"
a,"daintier","dainty"
a,"daintiest","dainty"
a,"dandier","dandy"
a,"dandiest","dandy"
a,"deadlier","deadly"
a,"deadliest","deadly"
a,"dealer","dealer"
a,"deserter","deserter"
a,"dewier","dewy"
a,"dewiest","dewy"
a,"dicier","dicey"
a,"diciest","dicey"
a,"dimer","dimer"
a,"dimmer","dim"
a,"dimmest","dim"
a,"dingier","dingy"
a,"dingiest","dingy"
a,"dinkier","dinky"
a,"dinkiest","dinky"
a,"dippier","dippy"
a,"dippiest","dippy"
a,"dirtier","dirty"
a,"dirtiest","dirty"
a,"dishier","dishy"
a,"dishiest","dishy"
a,"dizzier","dizzy"
a,"dizziest","dizzy"
a,"dodgier","dodgy"
a,"dodgiest","dodgy"
a,"dopier","dopey"
a,"dopiest","dopey"
a,"dottier","dotty"
a,"dottiest","dotty"
a,"doughier","doughy"
a,"doughiest","doughy"
a,"doughtier","doughty"
a,"doughtiest","doughty"
a,"dowdier","dowdy"
a,"dowdiest","dowdy"
a,"dowier","dowie"
a,"dowier","dowy"
a,"dowiest","dowie"
a,"dowiest","dowy"
a,"downer","downer"
a,"downier","downy"
a,"downiest","downy"
a,"dozier","dozy"
a,"doziest","dozy"
a,"drabber","drab"
a,"drabbest","drab"
a,"draftier","drafty"
a,"draftiest","drafty"
a,"draggier","draggy"
a,"draggiest","draggy"
a,"draughtier","draughty"
a,"draughtiest","draughty"
a,"dreamier","dreamy"
a,"dreamiest","dreamy"
a,"drearier","dreary"
a,"dreariest","dreary"
a,"dreggier","dreggy"
a,"dreggiest","dreggy"
a,"dresser","dresser"
a,"dressier","dressy"
a,"dressiest","dressy"
a,"drier","dry"
a,"driest","dry"
a,"drippier","drippy"
a,"drippiest","drippy"
a,"drowsier","drowsy"
a,"drowsiest","drowsy"
a,"dryer","dry"
a,"dryest","dry"
a,"dumpier","dumpy"
a,"dumpiest","dumpy"
a,"dunner","dun"
a,"dunnest","dun"
a,"duskier","dusky"
a,"duskiest","dusky"
a,"dustier","dusty"
a,"dustiest","dusty"
a,"earlier","early"
a,"earliest","early"
a,"earthier","earthy"
a,"earthiest","earthy"
a,"earthlier","earthly"
a,"earthliest","earthly"
a,"easier","easy"
a,"easiest","easy"
a,"easter","easter"
a,"eastsider","eastsider"
a,"edger","edger"
a,"edgier","edgy"
a,"edgiest","edgy"
a,"eerier","eerie"
a,"eeriest","eerie"
a,"emptier","empty"
a,"emptiest","empty"
a,"faker","faker"
a,"fancier","fancy"
a,"fanciest","fancy"
a,"fatter","fat"
a,"fattest","fat"
a,"fattier","fatty"
a,"fattiest","fatty"
a,"faultier","faulty"
a,"faultiest","faulty"
a,"feistier","feisty"
a,"feistiest","feisty"
a,"feller","feller"
a,"fiddlier","fiddly"
a,"fiddliest","fiddly"
a,"filmier","filmy"
a,"filmiest","filmy"
a,"filthier","filthy"
a,"filthiest","filthy"
a,"finnier","finny"
a,"finniest","finny"
a,"first-rater","first-rater"
a,"first-stringer","first-stringer"
a,"fishier","fishy"
a,"fishiest","fishy"
a,"fitter","fit"
a,"fittest","fit"
a,"flabbier","flabby"
a,"flabbiest","flabby"
a,"flaggier","flaggy"
a,"flaggiest","flaggy"
a,"flakier","flaky"
a,"flakiest","flaky"
a,"flasher","flasher"
a,"flashier","flashy"
a,"flashiest","flashy"
a,"flatter","flat"
a,"flattest","flat"
a,"flauntier","flaunty"
a,"flauntiest","flaunty"
a,"fledgier","fledgy"
a,"fledgiest","fledgy"
a,"fleecier","fleecy"
a,"fleeciest","fleecy"
a,"fleshier","fleshy"
a,"fleshiest","fleshy"
a,"fleshlier","fleshly"
a,"fleshliest","fleshly"
a,"flightier","flighty"
a,"flightiest","flighty"
a,"flimsier","flimsy"
a,"flimsiest","flimsy"
a,"flintier","flinty"
a,"flintiest","flinty"
a,"floatier","floaty"
a,"floatiest","floaty"
a,"floppier","floppy"
a,"floppiest","floppy"
a,"flossier","flossy"
a,"flossiest","flossy"
a,"fluffier","fluffy"
a,"fluffiest","fluffy"
a,"flukier","fluky"
a,"flukiest","fluky"
a,"foamier","foamy"
a,"foamiest","foamy"
a,"foggier","foggy"
a,"foggiest","foggy"
a,"folder","folder"
a,"folksier","folksy"
a,"folksiest","folksy"
a,"foolhardier","foolhardy"
a,"foolhardiest","foolhardy"
a,"fore-and-after","fore-and-after"
a,"foreigner","foreigner"
a,"forest","forest"
a,"founder","founder"
a,"foxier","foxy"
a,"foxiest","foxy"
a,"fratchier","fratchy"
a,"fratchiest","fratchy"
a,"freakier","freaky"
a,"freakiest","freaky"
a,"freer","free"
a,"freest","free"
a,"frenchier","frenchy"
a,"frenchiest","frenchy"
a,"friendlier","friendly"
a,"friendliest","friendly"
a,"friskier","frisky"
a,"friskiest","frisky"
a,"frizzier","frizzy"
a,"frizziest","frizzy"
a,"frizzlier","frizzly"
a,"frizzliest","frizzly"
a,"frostier","frosty"
a,"frostiest","frosty"
a,"frouzier","frouzy"
a,"frouziest","frouzy"
a,"frowsier","frowsy"
a,"frowsiest","frowsy"
a,"frowzier","frowzy"
a,"frowziest","frowzy"
a,"fruitier","fruity"
a,"fruitiest","fruity"
a,"funkier","funky"
a,"funkiest","funky"
a,"funnier","funny"
a,"funniest","funny"
a,"furrier","furry"
a,"furriest","furry"
a,"fussier","fussy"
a,"fussiest","fussy"
a,"fustier","fusty"
a,"fustiest","fusty"
a,"fuzzier","fuzzy"
a,"fuzziest","fuzzy"
a,"gabbier","gabby"
a,"gabbiest","gabby"
a,"gamier","gamy"
a,"gamiest","gamy"
a,"gammier","gammy"
a,"gammiest","gammy"
a,"gassier","gassy"
a,"gassiest","gassy"
a,"gaudier","gaudy"
a,"gaudiest","gaudy"
a,"gauzier","gauzy"
a,"gauziest","gauzy"
a,"gawkier","gawky"
a,"gawkiest","gawky"
a,"ghastlier","ghastly"
a,"ghastliest","ghastly"
a,"ghostlier","ghostly"
a,"ghostliest","ghostly"
a,"giddier","giddy"
a,"giddiest","giddy"
a,"gladder","glad"
a,"gladdest","glad"
a,"glassier","glassy"
a,"glassiest","glassy"
a,"glibber","glib"
a,"glibbest","glib"
a,"gloomier","gloomy"
a,"gloomiest","gloomy"
a,"glossier","glossy"
a,"glossiest","glossy"
a,"glummer","glum"
a,"glummest","glum"
a,"godlier","godly"
a,"godliest","godly"
a,"goer","goer"
a,"goner","goner"
a,"goodlier","goodly"
a,"goodliest","goodly"
a,"goofier","goofy"
a,"goofiest","goofy"
a,"gooier","gooey"
a,"gooiest","gooey"
a,"goosier","goosy"
a,"goosiest","goosy"
a,"gorier","gory"
a,"goriest","gory"
a,"gradelier","gradely"
a,"gradeliest","gradely"
a,"grader","grader"
a,"grainier","grainy"
a,"grainiest","grainy"
a,"grassier","grassy"
a,"grassiest","grassy"
a,"greasier","greasy"
a,"greasiest","greasy"
a,"greedier","greedy"
a,"greediest","greedy"
a,"grimmer","grim"
a,"grimmest","grim"
a,"grislier","grisly"
a,"grisliest","grisly"
a,"grittier","gritty"
a,"grittiest","gritty"
a,"grizzlier","grizzly"
a,"grizzliest","grizzly"
a,"groggier","groggy"
a,"groggiest","groggy"
a,"groovier","groovy"
a,"grooviest","groovy"
a,"grottier","grotty"
a,"grottiest","grotty"
a,"grounder","grounder"
a,"grouper","grouper"
a,"groutier","grouty"
a,"groutiest","grouty"
a,"grubbier","grubby"
a,"grubbiest","grubby"
a,"grumpier","grumpy"
a,"grumpiest","grumpy"
a,"guest","guest"
a,"guiltier","guilty"
a,"guiltiest","guilty"
a,"gummier","gummy"
a,"gummiest","gummy"
a,"gushier","gushy"
a,"gushiest","gushy"
a,"gustier","gusty"
a,"gustiest","gusty"
a,"gutsier","gutsy"
a,"gutsiest","gutsy"
a,"hairier","hairy"
a,"hairiest","hairy"
a,"halfways","halfway"
a,"halter","halter"
a,"hammier","hammy"
a,"hammiest","hammy"
a,"handier","handy"
a,"handiest","handy"
a,"happier","happy"
a,"happiest","happy"
a,"hardier","hardy"
a,"hardiest","hardy"
a,"hastier","hasty"
a,"hastiest","hasty"
a,"haughtier","haughty"
a,"haughtiest","haughty"
a,"hazier","hazy"
a,"haziest","hazy"
a,"header","header"
a,"headier","heady"
a,"headiest","heady"
a,"healthier","healthy"
a,"healthiest","healthy"
a,"heartier","hearty"
a,"heartiest","hearty"
a,"heavier","heavy"
a,"heaviest","heavy"
a,"heftier","hefty"
a,"heftiest","hefty"
a,"hepper","hep"
a,"heppest","hep"
a,"herbier","herby"
a,"herbiest","herby"
a,"hinder","hind"
a,"hipper","hip"
a,"hippest","hip"
a,"hippier","hippy"
a,"hippiest","hippy"
a,"hoarier","hoary"
a,"hoariest","hoary"
a,"holier","holy"
a,"holiest","holy"
a,"homelier","homely"
a,"homeliest","homely"
a,"homer","homer"
a,"homier","homey"
a,"homiest","homey"
a,"hornier","horny"
a,"horniest","horny"
a,"horsier","horsy"
a,"horsiest","horsy"
a,"hotter","hot"
a,"hottest","hot"
a,"humpier","humpy"
a,"humpiest","humpy"
a,"hunger","hunger"
a,"hungrier","hungry"
a,"hungriest","hungry"
a,"huskier","husky"
a,"huskiest","husky"
a,"icier","icy"
a,"iciest","icy"
a,"inkier","inky"
a,"inkiest","inky"
a,"insider","insider"
a,"interest","interest"
a,"jaggier","jaggy"
a,"jaggiest","jaggy"
a,"jammier","jammy"
a,"jammiest","jammy"
a,"jauntier","jaunty"
a,"jauntiest","jaunty"
a,"jazzier","jazzy"
a,"jazziest","jazzy"
a,"jerkier","jerky"
a,"jerkiest","jerky"
a,"jointer","jointer"
a,"jollier","jolly"
a,"jolliest","jolly"
a,"juicier","juicy"
a,"juiciest","juicy"
a,"jumpier","jumpy"
a,"jumpiest","jumpy"
a,"kindlier","kindly"
a,"kindliest","kindly"
a,"kinkier","kinky"
a,"kinkiest","kinky"
a,"knottier","knotty"
a,"knottiest","knotty"
a,"knurlier","knurly"
a,"knurliest","knurly"
a,"kookier","kooky"
a,"kookiest","kooky"
a,"lacier","lacy"
a,"laciest","lacy"
a,"lairier","lairy"
a,"lairiest","lairy"
a,"lakier","laky"
a,"lakiest","laky"
a,"lander","lander"
a,"lankier","lanky"
a,"lankiest","lanky"
a,"lathier","lathy"
a,"lathiest","lathy"
a,"layer","layer"
a,"lazier","lazy"
a,"laziest","lazy"
a,"leafier","leafy"
a,"leafiest","leafy"
a,"leakier","leaky"
a,"leakiest","leaky"
a,"learier","leary"
a,"leariest","leary"
a,"leer","leer"
a,"leerier","leery"
a,"leeriest","leery"
a,"left-hander","left-hander"
a,"left-winger","left-winger"
a,"leggier","leggy"
a,"leggiest","leggy"
a,"lengthier","lengthy"
a,"lengthiest","lengthy"
a,"ler","ler"
a,"leveler","leveler"
a,"limier","limy"
a,"limiest","limy"
a,"lippier","lippy"
a,"lippiest","lippy"
a,"liter","liter"
a,"livelier","lively"
a,"liveliest","lively"
a,"liver","liver"
a,"loather","loather"
a,"loftier","lofty"
a,"loftiest","lofty"
a,"logier","logy"
a,"logiest","logy"
a,"lonelier","lonely"
a,"loneliest","lonely"
a,"loner","loner"
a,"loonier","loony"
a,"looniest","loony"
a,"loopier","loopy"
a,"loopiest","loopy"
a,"lordlier","lordly"
a,"lordliest","lordly"
a,"lousier","lousy"
a,"lousiest","lousy"
a,"lovelier","lovely"
a,"loveliest","lovely"
a,"lowlander","lowlander"
a,"lowlier","lowly"
a,"lowliest","lowly"
a,"luckier","lucky"
a,"luckiest","lucky"
a,"lumpier","lumpy"
a,"lumpiest","lumpy"
a,"lunier","luny"
a,"luniest","luny"
a,"lustier","lusty"
a,"lustiest","lusty"
a,"madder","mad"
a,"maddest","mad"
a,"mainer","mainer"
a,"maligner","maligner"
a,"maltier","malty"
a,"maltiest","malty"
a,"mangier","mangy"
a,"mangiest","mangy"
a,"mankier","manky"
a,"mankiest","manky"
a,"manlier","manly"
a,"manliest","manly"
a,"mariner","mariner"
a,"marshier","marshy"
a,"marshiest","marshy"
a,"massier","massy"
a,"massiest","massy"
a,"matter","matter"
a,"maungier","maungy"
a,"maungiest","maungy"
a,"mazier","mazy"
a,"maziest","mazy"
a,"mealier","mealy"
a,"mealiest","mealy"
a,"measlier","measly"
a,"measliest","measly"
a,"meatier","meaty"
a,"meatiest","meaty"
a,"meeter","meeter"
a,"merrier","merry"
a,"merriest","merry"
a,"messier","messy"
a,"messiest","messy"
a,"miffier","miffy"
a,"miffiest","miffy"
a,"mightier","mighty"
a,"mightiest","mighty"
a,"milcher","milcher"
a,"milker","milker"
a,"milkier","milky"
a,"milkiest","milky"
a,"mingier","mingy"
a,"mingiest","mingy"
a,"minter","minter"
a,"mirkier","mirky"
a,"mirkiest","mirky"
a,"miser","miser"
a,"mistier","misty"
a,"mistiest","misty"
a,"mocker","mocker"
a,"modeler","modeler"
a,"modest","modest"
a,"moldier","moldy"
a,"moldiest","moldy"
a,"moodier","moody"
a,"moodiest","moody"
a,"moonier","moony"
a,"mooniest","moony"
a,"mothier","mothy"
a,"mothiest","mothy"
a,"mouldier","mouldy"
a,"mouldiest","mouldy"
a,"mousier","mousy"
a,"mousiest","mousy"
a,"mouthier","mouthy"
a,"mouthiest","mouthy"
a,"muckier","mucky"
a,"muckiest","mucky"
a,"muddier","muddy"
a,"muddiest","muddy"
a,"muggier","muggy"
a,"muggiest","muggy"
a,"multiplexer","multiplexer"
a,"murkier","murky"
a,"murkiest","murky"
a,"mushier","mushy"
a,"mushiest","mushy"
a,"muskier","musky"
a,"muskiest","musky"
a,"muster","muster"
a,"mustier","musty"
a,"mustiest","musty"
a,"muzzier","muzzy"
a,"muzziest","muzzy"
a,"nappier","nappy"
a,"nappiest","nappy"
a,"nastier","nasty"
a,"nastiest","nasty"
a,"nattier","natty"
a,"nattiest","natty"
a,"naughtier","naughty"
a,"naughtiest","naughty"
a,"needier","needy"
a,"neediest","needy"
a,"nervier","nervy"
a,"nerviest","nervy"
a,"newsier","newsy"
a,"newsiest","newsy"
a,"niftier","nifty"
a,"niftiest","nifty"
a,"nippier","nippy"
a,"nippiest","nippy"
a,"nittier","nitty"
a,"nittiest","nitty"
a,"noisier","noisy"
a,"noisiest","noisy"
a,"northeasterner","northeasterner"
a,"norther","norther"
a,"northerner","northerner"
a,"nosier","nosy"
a,"nosiest","nosy"
a,"number","number"
a,"nuttier","nutty"
a,"nuttiest","nutty"
a,"offer","off"
a,"offer","offer"
a,"oilier","oily"
a,"oiliest","oily"
a,"old-timer","old-timer"
a,"oliver","oliver"
a,"oozier","oozy"
a,"ooziest","oozy"
a,"opener","opener"
a,"outsider","outsider"
a,"overcomer","overcomer"
a,"overnighter","overnighter"
a,"owner","owner"
a,"pallier","pally"
a,"palliest","pally"
a,"palmier","palmy"
a,"palmiest","palmy"
a,"paltrier","paltry"
a,"paltriest","paltry"
a,"pappier","pappy"
a,"pappiest","pappy"
a,"parkier","parky"
a,"parkiest","parky"
a,"part-timer","part-timer"
a,"passer","passer"
a,"paster","paster"
a,"pastier","pasty"
a,"pastiest","pasty"
a,"patchier","patchy"
a,"patchiest","patchy"
a,"pater","pater"
a,"pawkier","pawky"
a,"pawkiest","pawky"
a,"peachier","peachy"
a,"peachiest","peachy"
a,"pearler","pearler"
a,"pearlier","pearly"
a,"pearliest","pearly"
a,"pedaler","pedaler"
a,"peppier","peppy"
a,"peppiest","peppy"
a,"perkier","perky"
a,"perkiest","perky"
a,"peskier","pesky"
a,"peskiest","pesky"
a,"peter","peter"
a,"pettier","petty"
a,"pettiest","petty"
a,"phonier","phony"
a,"phoniest","phony"
a,"pickier","picky"
a,"pickiest","picky"
a,"piggier","piggy"
a,"piggiest","piggy"
a,"pinier","piny"
a,"piniest","piny"
a,"pitchier","pitchy"
a,"pitchiest","pitchy"
a,"pithier","pithy"
a,"pithiest","pithy"
a,"planer","planer"
a,"plashier","plashy"
a,"plashiest","plashy"
a,"platier","platy"
a,"platiest","platy"
a,"player","player"
a,"pluckier","plucky"
a,"pluckiest","plucky"
a,"plumber","plumber"
a,"plumier","plumy"
a,"plumiest","plumy"
a,"plummier","plummy"
a,"plummiest","plummy"
a,"podgier","podgy"
a,"podgiest","podgy"
a,"pokier","poky"
a,"pokiest","poky"
a,"polisher","polisher"
a,"porkier","porky"
a,"porkiest","porky"
a,"porter","porter"
a,"portlier","portly"
a,"portliest","portly"
a,"poster","poster"
a,"pottier","potty"
a,"pottiest","potty"
a,"preachier","preachy"
a,"preachiest","preachy"
a,"presenter","presenter"
a,"pretender","pretender"
a,"prettier","pretty"
a,"prettiest","pretty"
a,"pricier","pricy"
a,"priciest","pricy"
a,"pricklier","prickly"
a,"prickliest","prickly"
a,"priestlier","priestly"
a,"priestliest","priestly"
a,"primer","primer"
a,"primmer","prim"
a,"primmest","prim"
a,"princelier","princely"
a,"princeliest","princely"
a,"printer","printer"
a,"prissier","prissy"
a,"prissiest","prissy"
a,"privateer","privateer"
a,"privier","privy"
a,"priviest","privy"
a,"prompter","prompter"
a,"prosier","prosy"
a,"prosiest","prosy"
a,"pudgier","pudgy"
a,"pudgiest","pudgy"
a,"puffer","puffer"
a,"puffier","puffy"
a,"puffiest","puffy"
a,"pulpier","pulpy"
a,"pulpiest","pulpy"
a,"punchier","punchy"
a,"punchiest","punchy"
a,"punier","puny"
a,"puniest","puny"
a,"pushier","pushy"
a,"pushiest","pushy"
a,"pussier","pussy"
a,"pussiest","pussy"
a,"quaggier","quaggy"
a,"quaggiest","quaggy"
a,"quakier","quaky"
a,"quakiest","quaky"
a,"queasier","queasy"
a,"queasiest","queasy"
a,"queenlier","queenly"
a,"queenliest","queenly"
a,"racier","racy"
a,"raciest","racy"
a,"rainier","rainy"
a,"rainiest","rainy"
a,"randier","randy"
a,"randiest","randy"
a,"rangier","rangy"
a,"rangiest","rangy"
a,"ranker","ranker"
a,"rattier","ratty"
a,"rattiest","ratty"
a,"rattlier","rattly"
a,"rattliest","rattly"
a,"raunchier","raunchy"
a,"raunchiest","raunchy"
a,"readier","ready"
a,"readiest","ready"
a,"recorder","recorder"
a,"redder","red"
a,"reddest","red"
a,"reedier","reedy"
a,"reediest","reedy"
a,"renter","renter"
a,"retailer","retailer"
a,"right-hander","right-hander"
a,"right-winger","right-winger"
a,"rimier","rimy"
a,"rimiest","rimy"
a,"riskier","risky"
a,"riskiest","risky"
a,"ritzier","ritzy"
a,"ritziest","ritzy"
a,"roaster","roaster"
a,"rockier","rocky"
a,"rockiest","rocky"
a,"roilier","roily"
a,"roiliest","roily"
a,"rookier","rooky"
a,"rookiest","rooky"
a,"roomier","roomy"
a,"roomiest","roomy"
a,"ropier","ropy"
a,"ropiest","ropy"
a,"rosier","rosy"
a,"rosiest","rosy"
a,"rowdier","rowdy"
a,"rowdiest","rowdy"
a,"ruddier","ruddy"
a,"ruddiest","ruddy"
a,"runnier","runny"
a,"runniest","runny"
a,"rusher","rusher"
a,"rushier","rushy"
a,"rushiest","rushy"
a,"rustier","rusty"
a,"rustiest","rusty"
a,"ruttier","rutty"
a,"ruttiest","rutty"
a,"sadder","sad"
a,"saddest","sad"
a,"salter","salter"
a,"saltier","salty"
a,"saltiest","salty"
a,"sampler","sampler"
a,"sandier","sandy"
a,"sandiest","sandy"
a,"sappier","sappy"
a,"sappiest","sappy"
a,"sassier","sassy"
a,"sassiest","sassy"
a,"saucier","saucy"
a,"sauciest","saucy"
a,"savvier","savvy"
a,"savviest","savvy"
a,"scabbier","scabby"
a,"scabbiest","scabby"
a,"scalier","scaly"
a,"scaliest","scaly"
a,"scantier","scanty"
a,"scantiest","scanty"
a,"scarier","scary"
a,"scariest","scary"
a,"scraggier","scraggy"
a,"scraggiest","scraggy"
a,"scragglier","scraggly"
a,"scraggliest","scraggly"
a,"scraper","scraper"
a,"scrappier","scrappy"
a,"scrappiest","scrappy"
a,"scrawnier","scrawny"
a,"scrawniest","scrawny"
a,"screwier","screwy"
a,"screwiest","screwy"
a,"scrubbier","scrubby"
a,"scrubbiest","scrubby"
a,"scruffier","scruffy"
a,"scruffiest","scruffy"
a,"scungier","scungy"
a,"scungiest","scungy"
a,"scurvier","scurvy"
a,"scurviest","scurvy"
a,"seamier","seamy"
a,"seamiest","seamy"
a,"second-rater","second-rater"
a,"seconder","seconder"
a,"seedier","seedy"
a,"seediest","seedy"
a,"seemlier","seemly"
a,"seemliest","seemly"
a,"serer","serer"
a,"sexier","sexy"
a,"sexiest","sexy"
a,"shabbier","shabby"
a,"shabbiest","shabby"
a,"shadier","shady"
a,"shadiest","shady"
a,"shaggier","shaggy"
a,"shaggiest","shaggy"
a,"shakier","shaky"
a,"shakiest","shaky"
a,"shapelier","shapely"
a,"shapeliest","shapely"
a,"shier","shy"
a,"shiest","shy"
a,"shiftier","shifty"
a,"shiftiest","shifty"
a,"shinier","shiny"
a,"shiniest","shiny"
a,"shirtier","shirty"
a,"shirtiest","shirty"
a,"shoddier","shoddy"
a,"shoddiest","shoddy"
a,"showier","showy"
a,"showiest","showy"
a,"shrubbier","shrubby"
a,"shrubbiest","shrubby"
a,"shyer","shy"
a,"shyest","shy"
a,"sicklier","sickly"
a,"sickliest","sickly"
a,"sightlier","sightly"
a,"sightliest","sightly"
a,"signaler","signaler"
a,"signer","signer"
a,"silkier","silky"
a,"silkiest","silky"
a,"sillier","silly"
a,"silliest","silly"
a,"sketchier","sketchy"
a,"sketchiest","sketchy"
a,"skewer","skewer"
a,"skimpier","skimpy"
a,"skimpiest","skimpy"
a,"skinnier","skinny"
a,"skinniest","skinny"
a,"slaphappier","slaphappy"
a,"slaphappiest","slaphappy"
a,"slatier","slaty"
a,"slatiest","slaty"
a,"slaver","slaver"
a,"sleazier","sleazy"
a,"sleaziest","sleazy"
a,"sleepier","sleepy"
a,"sleepiest","sleepy"
a,"slier","sly"
a,"sliest","sly"
a,"slimier","slimy"
a,"slimiest","slimy"
a,"slimmer","slim"
a,"slimmest","slim"
a,"slimsier","slimsy"
a,"slimsiest","slimsy"
a,"slinkier","slinky"
a,"slinkiest","slinky"
a,"slippier","slippy"
a,"slippiest","slippy"
a,"sloppier","sloppy"
a,"sloppiest","sloppy"
a,"slyer","sly"
a,"slyest","sly"
a,"smarmier","smarmy"
a,"smarmiest","smarmy"
a,"smellier","smelly"
a,"smelliest","smelly"
a,"smokier","smoky"
a,"smokiest","smoky"
a,"smugger","smug"
a,"smuggest","smug"
a,"snakier","snaky"
a,"snakiest","snaky"
a,"snappier","snappy"
a,"snappiest","snappy"
a,"snatchier","snatchy"
a,"snatchiest","snatchy"
a,"snazzier","snazzy"
a,"snazziest","snazzy"
a,"sneaker","sneaker"
a,"sniffier","sniffy"
a,"sniffiest","sniffy"
a,"snootier","snooty"
a,"snootiest","snooty"
a,"snottier","snotty"
a,"snottiest","snotty"
a,"snowier","snowy"
a,"snowiest","snowy"
a,"snuffer","snuffer"
a,"snuffier","snuffy"
a,"snuffiest","snuffy"
a,"snugger","snug"
a,"snuggest","snug"
a,"soapier","soapy"
a,"soapiest","soapy"
a,"soggier","soggy"
a,"soggiest","soggy"
a,"solder","solder"
a,"sonsier","sonsy"
a,"sonsiest","sonsy"
a,"sootier","sooty"
a,"sootiest","sooty"
a,"soppier","soppy"
a,"soppiest","soppy"
a,"sorrier","sorry"
a,"sorriest","sorry"
a,"soupier","soupy"
a,"soupiest","soupy"
a,"souther","souther"
a,"southerner","southerner"
a,"speedier","speedy"
a,"speediest","speedy"
a,"spicier","spicy"
a,"spiciest","spicy"
a,"spiffier","spiffy"
a,"spiffiest","spiffy"
a,"spikier","spiky"
a,"spikiest","spiky"
a,"spindlier","spindly"
a,"spindliest","spindly"
a,"spinier","spiny"
a,"spiniest","spiny"
a,"splashier","splashy"
a,"splashiest","splashy"
a,"spongier","spongy"
a,"spongiest","spongy"
a,"spookier","spooky"
a,"spookiest","spooky"
a,"spoonier","spoony"
a,"spooniest","spoony"
a,"sportier","sporty"
a,"sportiest","sporty"
a,"spottier","spotty"
a,"spottiest","spotty"
a,"spreader","spreader"
a,"sprier","spry"
a,"spriest","spry"
a,"sprightlier","sprightly"
a,"sprightliest","sprightly"
a,"springer","springer"
a,"springier","springy"
a,"springiest","springy"
a,"squashier","squashy"
a,"squashiest","squashy"
a,"squatter","squat"
a,"squattest","squat"
a,"squattier","squatty"
a,"squattiest","squatty"
a,"squiffier","squiffy"
a,"squiffiest","squiffy"
a,"stagier","stagy"
a,"stagiest","stagy"
a,"stalkier","stalky"
a,"stalkiest","stalky"
a,"stapler","stapler"
a,"starchier","starchy"
a,"starchiest","starchy"
a,"starer","starer"
a,"starest","starest"
a,"starrier","starry"
a,"starriest","starry"
a,"statelier","stately"
a,"stateliest","stately"
a,"steadier","steady"
a,"steadiest","steady"
a,"stealthier","stealthy"
a,"stealthiest","stealthy"
a,"steamier","steamy"
a,"steamiest","steamy"
a,"stingier","stingy"
a,"stingiest","stingy"
a,"stiper","striper"
a,"stocker","stocker"
a,"stockier","stocky"
a,"stockiest","stocky"
a,"stodgier","stodgy"
a,"stodgiest","stodgy"
a,"stonier","stony"
a,"stoniest","stony"
a,"stormier","stormy"
a,"stormiest","stormy"
a,"streakier","streaky"
a,"streakiest","streaky"
a,"streamier","streamy"
a,"streamiest","streamy"
a,"stretcher","stretcher"
a,"stretchier","stretchy"
a,"stretchiest","stretchy"
a,"stringier","stringy"
a,"stringiest","stringy"
a,"stripier","stripy"
a,"stripiest","stripy"
a,"stronger","strong"
a,"strongest","strong"
a,"stroppier","stroppy"
a,"stroppiest","stroppy"
a,"stuffier","stuffy"
a,"stuffiest","stuffy"
a,"stumpier","stumpy"
a,"stumpiest","stumpy"
a,"sturdier","sturdy"
a,"sturdiest","sturdy"
a,"submariner","submariner"
a,"sulkier","sulky"
a,"sulkiest","sulky"
a,"sultrier","sultry"
a,"sultriest","sultry"
a,"sunnier","sunny"
a,"sunniest","sunny"
a,"surlier","surly"
a,"surliest","surly"
a,"swagger","swagger"
a,"swankier","swanky"
a,"swankiest","swanky"
a,"swarthier","swarthy"
a,"swarthiest","swarthy"
a,"sweatier","sweaty"
a,"sweatiest","sweaty"
a,"tackier","tacky"
a,"tackiest","tacky"
a,"talkier","talky"
a,"talkiest","talky"
a,"tangier","tangy"
a,"tangiest","tangy"
a,"tanner","tan"
a,"tannest","tan"
a,"tardier","tardy"
a,"tardiest","tardy"
a,"tastier","tasty"
a,"tastiest","tasty"
a,"tattier","tatty"
a,"tattiest","tatty"
a,"tawdrier","tawdry"
a,"tawdriest","tawdry"
a,"techier","techy"
a,"techiest","techy"
a,"teenager","teenager"
a,"teenier","teeny"
a,"teeniest","teeny"
a,"teetotaler","teetotaler"
a,"tester","tester"
a,"testier","testy"
a,"testiest","testy"
a,"tetchier","tetchy"
a,"tetchiest","tetchy"
a,"thinner","thin"
a,"thinnest","thin"
a,"third-rater","third-rater"
a,"thirstier","thirsty"
a,"thirstiest","thirsty"
a,"thornier","thorny"
a,"thorniest","thorny"
a,"threadier","thready"
a,"threadiest","thready"
a,"thriftier","thrifty"
a,"thriftiest","thrifty"
a,"throatier","throaty"
a,"throatiest","throaty"
a,"tidier","tidy"
a,"tidiest","tidy"
a,"timelier","timely"
a,"timeliest","timely"
a,"tinier","tiny"
a,"tiniest","tiny"
a,"tinnier","tinny"
a,"tinniest","tinny"
a,"tipsier","tipsy"
a,"tipsiest","tipsy"
a,"tonier","tony"
a,"toniest","tony"
a,"toothier","toothy"
a,"toothiest","toothy"
a,"toper","toper"
a,"touchier","touchy"
a,"touchiest","touchy"
a,"trader","trader"
a,"trashier","trashy"
a,"trashiest","trashy"
a,"trendier","trendy"
a,"trendiest","trendy"
a,"trickier","tricky"
a,"trickiest","tricky"
a,"tricksier","tricksy"
a,"tricksiest","tricksy"
a,"trimer","trimer"
a,"trimmer","trim"
a,"trimmest","trim"
a,"truer","true"
a,"truest","true"
a,"trustier","trusty"
a,"trustiest","trusty"
a,"tubbier","tubby"
a,"tubbiest","tubby"
a,"turfier","turfy"
a,"turfiest","turfy"
a,"tweedier","tweedy"
a,"tweediest","tweedy"
a,"twiggier","twiggy"
a,"twiggiest","twiggy"
a,"uglier","ugly"
a,"ugliest","ugly"
a,"unfriendlier","unfriendly"
a,"unfriendliest","unfriendly"
a,"ungainlier","ungainly"
a,"ungainliest","ungainly"
a,"ungodlier","ungodly"
a,"ungodliest","ungodly"
a,"unhappier","unhappy"
a,"unhappiest","unhappy"
a,"unhealthier","unhealthy"
a,"unhealthiest","unhealthy"
a,"unholier","unholy"
a,"unholiest","unholy"
a,"unrulier","unruly"
a,"unruliest","unruly"
a,"untidier","untidy"
a,"untidiest","untidy"
a,"vastier","vasty"
a,"vastiest","vasty"
a,"vest","vest"
a,"viewier","viewy"
a,"viewiest","viewy"
a,"wackier","wacky"
a,"wackiest","wacky"
a,"wanner","wan"
a,"wannest","wan"
a,"warier","wary"
a,"wariest","wary"
a,"washier","washy"
a,"washiest","washy"
a,"waster","waster"
a,"wavier","wavy"
a,"waviest","wavy"
a,"waxier","waxy"
a,"waxiest","waxy"
a,"weaklier","weakly"
a,"weakliest","weakly"
a,"wealthier","wealthy"
a,"wealthiest","wealthy"
a,"wearier","weary"
a,"weariest","weary"
a,"webbier","webby"
a,"webbiest","webby"
a,"weedier","weedy"
a,"weediest","weedy"
a,"weenier","weeny"
a,"weeniest","weeny"
a,"weensier","weensy"
a,"weensiest","weensy"
a,"weepier","weepy"
a,"weepiest","weepy"
a,"weightier","weighty"
a,"weightiest","weighty"
a,"welsher","welsher"
a,"wetter","wet"
a,"wettest","wet"
a,"whackier","whacky"
a,"whackiest","whacky"
a,"whimsier","whimsy"
a,"whimsiest","whimsy"
a,"wholesaler","wholesaler"
a,"wieldier","wieldy"
a,"wieldiest","wieldy"
a,"wilier","wily"
a,"wiliest","wily"
a,"windier","windy"
a,"windiest","windy"
a,"winier","winy"
a,"winiest","winy"
a,"winterier","wintery"
a,"winteriest","wintery"
a,"wintrier","wintry"
a,"wintriest","wintry"
a,"wirier","wiry"
a,"wiriest","wiry"
a,"wispier","wispy"
a,"wispiest","wispy"
a,"wittier","witty"
a,"wittiest","witty"
a,"wonkier","wonky"
a,"wonkiest","wonky"
a,"woodier","woody"
a,"woodiest","woody"
a,"woodsier","woodsy"
a,"woodsiest","woodsy"
a,"woollier","woolly"
a,"woolliest","woolly"
a,"woozier","woozy"
a,"wooziest","woozy"
a,"wordier","wordy"
a,"wordiest","wordy"
a,"worldlier","worldly"
a,"worldliest","worldly"
a,"wormier","wormy"
a,"wormiest","wormy"
a,"worse","bad"
a,"worst","bad"
a,"worthier","worthy"
a,"worthiest","worthy"
a,"wrier","wry"
a,"wriest","wry"
a,"wryer","wry"
a,"wryest","wry"
a,"yarer","yare"
a,"yarest","yare"
a,"yeastier","yeasty"
a,"yeastiest","yeasty"
a,"younger","young"
a,"youngest","young"
a,"yummier","yummy"
a,"yummiest","yummy"
a,"zanier","zany"
a,"zaniest","zany"
a,"zippier","zippy"
a,"zippiest","zippy"
r,"best","well"
r,"better","well"
r,"deeper","deeply"
r,"farther","far"
r,"further","far"
r,"harder","hard"
r,"hardest","hard"
