200001740,0,2
200001740,0,8
200002343,0,2
200002591,0,2
200002742,0,2
200002960,0,2
200003151,0,9
200003334,0,8
200003461,0,2
200003680,0,8
200003680,0,11
200003844,0,2
200004050,0,2
200004245,0,2
200004245,0,8
200004528,0,8
200004641,0,8
200004641,0,11
200004855,0,2
200005077,0,2
200005077,0,8
200005580,0,2
200005869,0,2
200005869,0,8
200006154,0,2
200006292,0,2
200006631,0,2
200006805,0,2
200006910,0,2
200007120,0,2
200007301,0,8
200007436,0,2
200007657,0,2
200007847,0,2
200008163,0,2
200008303,0,8
200008407,0,22
200008543,0,8
200008703,0,2
200008900,0,2
200009096,0,2
200009266,0,1
200009687,0,1
200009826,0,2
200009826,0,23
200010079,0,1
200010249,0,2
200010249,0,23
200010436,0,2
200010630,0,2
200010630,0,7
200010630,1,2
200010630,1,7
200010630,2,2
200010630,2,7
200010630,3,9
200010630,4,9
200010630,5,9
200010630,6,9
200010630,7,9
200010630,8,9
200011996,0,2
200012186,0,2
200012333,0,2
200012544,0,2
200012731,0,2
200012886,0,2
200013016,0,9
200013183,0,2
200013362,0,2
200013502,0,2
200013603,0,2
200013693,0,2
200014035,0,2
200014191,0,8
200014478,0,9
200014721,0,2
200014897,0,1
200014897,0,2
200015064,0,1
200015064,0,2
200015271,0,2
200015415,0,2
200015626,0,2
200016065,0,2
200016205,0,2
200016400,0,2
200016615,0,2
200016726,0,2
200016902,0,1
200017139,0,1
200017336,0,2
200017529,0,1
200017529,0,2
200017658,0,1
200017658,0,2
200017829,0,2
200018005,0,2
200018256,0,2
200018559,0,2
200018559,0,22
200018702,0,2
200018702,0,22
200018893,0,2
200019204,0,2
200019469,0,9
200019469,0,10
200019590,0,2
200019877,0,9
200019877,0,10
200020246,0,9
200020246,0,10
200020337,0,9
200020337,0,10
200020512,0,8
200020512,0,9
200020512,0,10
200020512,0,11
200020856,0,11
200021046,0,11
200021197,0,2
200021341,0,2
200021534,0,9
200021534,0,10
200021774,0,9
200021774,0,10
200022143,0,9
200022143,0,10
200022282,0,8
200022282,0,9
200022282,0,10
200022903,0,9
200022903,0,10
200023085,0,9
200023085,0,10
200023289,0,9
200023460,0,9
200023562,0,9
200023562,0,10
200023562,1,9
200023562,1,10
200023562,2,9
200023562,2,10
200023562,3,11
200023562,4,11
200023562,5,2
200023562,5,11
200023939,0,9
200024366,0,2
200024366,0,8
200024366,0,9
200024366,0,10
200024366,0,11
200024981,0,10
200025174,0,10
200025267,0,2
200025440,0,2
200025662,0,2
200025841,0,2
200026073,0,9
200026073,0,10
200026443,0,9
200026443,0,10
200026608,0,1
200026608,0,2
200026846,0,2
200027058,0,8
200027058,0,10
200027365,0,8
200027509,0,8
200027509,0,9
200027509,0,10
200027840,0,8
200028008,0,1
200028008,0,2
200028008,0,23
200028240,0,2
200028240,0,23
200028607,0,2
200028813,0,2
200028936,0,2
200029140,0,2
200029140,0,8
200029442,0,9
200029577,0,8
200029882,0,8
200030039,0,8
200030234,0,10
200030437,0,2
200030437,0,22
200030748,0,2
200030897,0,2
200031086,0,2
200031208,0,2
200031208,0,22
200031390,0,2
200031390,0,22
200031502,0,2
200031502,0,22
200031614,0,2
200031708,0,2
200031882,0,2
200031882,0,22
200032071,0,2
200032295,0,2
200032392,0,10
200032576,0,2
200032782,0,1
200032782,0,2
200032997,0,2
200033110,0,10
200033206,0,2
200033347,0,2
200033469,0,2
200033469,0,22
200033592,0,2
200033749,0,2
200033749,0,22
200034226,0,2
200034226,0,22
200034343,0,2
200034468,0,2
200034468,0,22
200034707,0,2
200034707,0,22
200034910,0,2
200034910,0,22
200035132,0,2
200035132,0,22
200035335,0,2
200035528,0,6
200035528,0,7
200035803,0,2
200035906,0,2
200036066,0,2
200036239,0,2
200036585,0,8
200036709,0,2
200036899,0,2
200037040,0,2
200037210,0,2
200037399,0,8
200037554,0,2
200037727,0,2
200037727,0,8
200037727,0,9
200038129,0,1
200038313,0,2
200038313,0,8
200038313,0,9
200038636,0,2
200038636,0,9
200038731,0,2
200038883,0,8
200038883,0,9
200039089,0,2
200039249,0,2
200039249,0,8
200039249,0,9
200039465,0,8
200039631,0,8
200039730,0,9
200039870,0,2
200039870,0,9
200040036,0,8
200040358,0,8
200040520,0,8
200040792,0,8
200040938,0,8
200041056,0,2
200041056,0,8
200041159,0,8
200041351,0,8
200041495,0,8
200041621,0,8
200041773,0,8
200041877,0,8
200042042,0,2
200042042,0,9
200042455,0,2
200042617,0,2
200042617,0,9
200042895,0,8
200043106,0,2
200043106,0,8
200043243,0,8
200043376,0,8
200043555,0,2
200043555,0,8
200043706,0,2
200043706,0,8
200043706,0,9
200043862,0,8
200044053,0,8
200044168,0,8
200044330,0,8
200044481,0,1
200044625,0,8
200044767,0,9
200044967,0,2
200044967,0,9
200045169,0,8
200045169,0,9
200045372,0,2
200045372,0,9
200045601,0,9
200045726,0,2
200045726,0,9
200045838,0,2
200045838,0,9
200045838,1,2
200046486,0,22
200046753,0,8
200046834,0,2
200046929,0,9
200047035,0,2
200047239,0,2
200047346,0,8
200047524,0,2
200047524,1,8
200047715,0,8
200047862,0,2
200047862,0,8
200048093,0,2
200048245,0,2
200048743,0,9
200048883,0,2
200049028,0,8
200049222,0,9
200049321,0,5
200049321,0,8
200049456,0,8
200049656,0,8
200049656,0,9
200050344,0,8
200050501,0,9
200050623,0,9
200050718,0,9
200050813,0,9
200050908,0,9
200051020,0,9
200051197,0,9
200051383,0,9
200051484,0,9
200051614,0,2
200051614,0,8
200051614,0,9
200052028,0,8
200052167,0,8
200052377,0,8
200052785,0,8
200052895,0,8
200053095,0,8
200053236,0,9
200053362,0,2
200053486,0,2
200053486,0,9
200053685,0,2
200053786,0,9
200053996,0,2
200054117,0,8
200054309,0,9
200054663,0,11
200054853,0,2
200054977,0,9
200055159,0,8
200055335,0,8
200055474,0,8
200055764,0,1
200055991,0,8
200055991,0,11
200056218,0,2
200056218,0,8
200056468,0,1
200056561,0,9
200056940,0,2
200057090,0,2
200057515,0,1
200057685,0,1
200057847,0,8
200058069,0,8
200058164,0,1
200058313,0,1
200058540,0,1
200058634,0,1
200058780,0,1
200058881,0,2
200058881,0,9
200059361,0,2
200059475,0,2
200059710,0,2
200059809,0,11
200059940,0,1
200060059,0,1
200060180,0,1
200060319,0,1
200060455,0,1
200060570,0,1
200060717,0,1
200060879,0,1
200060982,0,1
200061121,0,9
200061479,0,2
200061662,0,2
200061662,0,9
200061890,0,2
200061890,0,9
200062020,0,2
200062184,0,1
200062306,0,2
200062598,0,9
200062822,0,8
200063011,0,8
200063011,0,9
200063314,0,8
200063511,0,8
200063511,0,9
200063693,0,9
200063944,0,9
200064397,0,8
200064531,0,8
200064531,0,9
200064667,0,2
200064861,0,2
200065046,0,8
200065295,0,8
200065295,0,9
200065295,0,10
200065295,0,11
200065494,0,8
200065616,0,2
200065812,0,10
200065812,0,11
200066078,0,1
200066245,0,10
200066245,0,11
200066437,0,8
200066437,0,9
200066437,0,10
200066437,0,11
200066616,0,11
200067008,0,8
200067008,0,9
200067164,0,9
200067164,0,10
200067164,0,11
200067410,0,10
200067591,0,1
200067591,0,2
200067591,1,1
200068109,0,8
200068234,0,8
200068638,0,2
200068804,0,2
200069298,0,20
200069475,0,2
200069590,0,1
200069742,0,2
200069887,0,2
200070161,0,2
200070466,0,1
200070466,0,2
200070615,0,1
200070615,0,8
200070615,0,11
200071083,0,11
200071300,0,1
200071413,0,2
200071531,0,1
200071531,0,11
200071676,0,8
200071676,0,11
200071676,0,22
200071830,0,1
200071959,0,8
200071959,0,11
200072234,0,1
200072411,0,2
200072411,0,22
200072543,0,8
200072543,0,9
200072543,0,10
200072543,0,11
200073103,0,10
200073103,0,11
200073297,0,8
200073400,0,8
200073480,0,10
200073701,0,10
200073842,0,9
200074193,0,9
200074292,0,9
200074506,0,8
200074715,0,1
200074715,0,2
200075289,0,8
200075433,0,8
200075600,0,1
200075692,0,8
200076046,0,8
200076287,0,8
200076516,0,2
200076516,0,9
200076741,0,1
200076741,0,2
200077174,0,1
200077279,0,10
200077451,0,10
200077555,0,2
200077742,0,9
200077742,0,10
200078142,0,9
200078142,0,10
200078429,0,10
200078596,0,8
200078719,0,9
200078719,0,10
200078835,0,2
200079121,0,2
200079121,1,8
200079121,9,8
200079121,17,8
200079121,18,8
200079792,0,8
200079792,0,11
200080090,0,8
200080197,0,2
200080363,0,10
200080455,0,2
200080455,0,13
200080455,0,22
200080707,0,9
200080707,0,10
200080895,0,2
200080895,0,23
200081073,0,2
200081158,0,8
200081245,0,2
200081340,0,8
200081340,0,9
200082068,0,4
200082068,0,11
200082227,0,8
200082386,0,9
200082549,0,8
200082767,0,8
200082959,0,8
200082959,0,9
200083111,0,8
200083111,0,9
200083244,0,9
200083360,0,8
200083584,0,8
200083727,0,8
200083727,0,15
200084022,0,9
200084164,0,9
200084380,0,8
200084380,0,9
200084736,0,9
200084736,0,10
200084963,0,8
200084963,0,9
200085217,0,8
200085368,0,8
200085583,0,8
200085778,0,8
200085988,0,8
200086177,0,8
200086315,0,8
200086463,0,8
200086463,0,9
200086761,0,2
200086884,0,9
200087216,0,8
200087392,0,9
200087700,0,9
200087901,0,8
200087901,0,9
200088008,0,2
200088161,0,9
200088338,0,8
200088338,0,9
200088338,0,17
200088618,0,8
200088788,0,9
200089088,0,9
200089088,0,17
200089366,0,8
200089603,0,2
200089603,0,9
200090115,0,9
200090279,0,2
200090478,0,2
200090561,0,8
200090813,0,8
200090951,0,2
200091040,0,10
200091170,0,9
200091170,0,10
200091363,0,10
200091544,0,9
200091803,0,8
200091803,0,11
200091985,0,11
200092155,0,8
200092155,0,9
200092155,0,10
200092433,0,8
200092581,0,9
200092581,0,17
200092804,0,11
200092906,0,1
200093017,0,10
200093274,0,9
200093401,0,8
200093653,0,9
200093653,0,10
200093833,0,9
200093833,0,10
200094069,0,8
200094458,0,8
200094592,0,9
200094592,0,10
200094796,0,9
200094913,0,9
200094913,0,10
200095149,0,8
200095238,0,1
200095238,0,2
200095649,0,2
200095979,0,2
200096122,0,9
200096122,0,10
200096286,0,2
200096552,0,22
200096736,0,1
200096940,0,1
200096940,0,2
200096940,0,23
200097114,0,1
200097273,0,1
200097421,0,8
200097421,0,11
200097973,0,11
200098232,0,11
200098338,0,1
200098556,0,1
200098708,0,1
200098831,0,1
200098951,0,2
200099097,0,1
200099225,0,1
200099357,0,8
200099481,0,1
200099609,0,8
200099727,0,23
200099990,0,1
200100140,0,8
200100355,0,23
200100582,0,10
200100582,0,11
200100742,0,2
200100902,0,1
200101044,0,9
200101044,0,10
200101307,0,8
200101478,0,9
200101478,0,10
200101731,0,1
200101731,0,2
200101924,0,23
200102050,0,23
200102145,0,1
200102145,0,23
200102335,0,23
200102478,0,2
200102682,0,2
200102682,0,8
200103023,0,2
200103214,0,2
200103389,0,2
200103530,0,8
200103530,0,9
200103866,0,9
200104080,0,8
200104220,0,8
200104377,0,2
200104575,0,2
200104725,0,2
200104902,0,2
200104902,0,8
200105306,0,8
200105423,0,8
200105589,0,1
200105589,0,2
200105589,0,9
200105589,0,10
200105589,0,12
200105794,0,2
200105977,0,2
200106320,0,2
200106622,0,2
200106744,0,11
200106878,0,2
200107029,0,2
200107150,0,2
200107150,0,9
200107150,0,22
200107302,0,2
200107432,0,1
200107432,0,4
200107691,0,1
200107691,0,4
200107949,0,8
200107949,0,11
200108432,0,8
200108432,0,11
200108653,0,2
200108877,0,2
200109057,0,7
200109319,0,2
200109514,0,8
200109694,0,9
200109825,0,10
200109945,0,2
200110062,0,8
200110062,0,9
200110062,0,10
200110062,0,11
200110262,0,8
200110383,0,9
200110521,0,7
200110623,0,28
200110759,0,1
200110894,0,8
200111142,0,8
200111324,0,1
200111496,0,8
200111625,0,15
200111768,0,15
200111930,0,11
200112284,0,8
200112414,0,1
200112414,0,2
200112565,0,1
200112685,0,1
200112685,0,2
200116535,0,4
200116720,0,8
200116720,0,11
200116843,0,1
200116968,0,2
200117281,0,9
200117281,0,10
200117634,0,8
200117881,0,8
200118015,0,1
200118294,0,1
200118294,0,4
200118614,0,8
200119536,0,8
200119536,0,11
200119660,0,8
200119879,0,1
200120010,0,11
200120133,0,8
200120516,0,8
200120713,0,11
200120915,0,8
200120915,0,11
200121088,0,8
200121240,0,8
200121240,0,11
200121366,0,8
200121499,0,8
200121620,0,1
200121727,0,4
200121727,0,6
200121727,0,7
200122195,0,1
200122195,0,2
200122283,0,1
200122524,0,2
200122524,0,22
200122700,0,2
200122855,0,1
200123047,0,1
200123047,0,2
200123362,0,1
200123563,0,1
200123711,0,1
200123933,0,11
200124112,0,1
200124211,0,5
200124211,0,25
200124570,0,5
200124570,0,25
200124691,0,20
200124691,0,21
200124691,0,24
200124941,0,11
200125109,0,2
200125282,0,2
200125401,0,4
200125401,0,22
200125573,0,1
200125573,0,8
200125821,0,8
200125992,0,11
200126241,0,8
200126437,0,1
200126600,0,1
200126600,0,3
200126600,0,8
200126600,0,11
200126805,0,8
200126805,0,11
200127027,0,1
200127236,0,1
200127236,0,2
200128122,0,8
200128122,0,11
200128302,0,8
200128511,0,8
200128784,0,1
200128784,0,4
200129001,0,21
200129196,0,22
200129420,0,7
200129631,0,1
200129631,0,4
200129631,0,7
200129789,0,1
200129975,0,8
200129975,0,11
200130240,0,4
200130240,0,5
200130240,0,6
200130542,0,2
200130663,0,8
200130663,0,9
200130663,0,10
200130663,0,11
200138971,0,9
200139243,0,8
200139243,0,11
200139435,0,9
200139435,0,10
200139728,0,2
200139958,0,8
200139958,0,11
200140188,0,1
200140360,0,8
200140746,0,8
200140746,0,11
200141096,0,8
200141432,0,8
200141432,0,9
200141432,0,10
200141432,0,11
200141619,0,8
200141619,0,11
200141886,0,8
200142132,0,8
200142132,0,11
200142256,0,8
200142419,0,8
200142546,0,8
200142546,0,11
200142737,0,8
200142737,0,9
200142737,0,10
200142737,0,11
200142737,0,20
200142737,0,21
200143071,0,8
200143071,0,9
200143071,0,10
200143071,0,11
200143585,0,22
200143734,0,1
200143863,0,10
200143863,0,11
200144011,0,4
200144154,0,8
200144359,0,1
200144359,0,2
200144359,0,8
200144359,0,10
200144359,0,11
200145011,0,1
200145011,0,2
200145218,0,8
200145437,0,8
200145637,0,8
200145637,0,11
200145873,0,8
200145873,0,11
200146145,0,1
200146145,0,2
200146145,0,8
200146145,0,11
200146773,0,2
200146773,0,21
200146773,0,22
200146989,0,1
200147384,0,11
200147546,0,1
200147654,0,8
200147771,0,8
200147936,0,8
200148077,0,1
200148213,0,8
200148989,0,8
200149087,0,8
200149226,0,8
200149360,0,8
200149360,0,11
200149562,0,11
200149726,0,8
200150050,0,8
200150176,0,4
200150305,0,8
200150450,0,8
200150582,0,8
200150680,0,11
200150830,0,1
200150986,0,1
200151301,0,8
200151453,0,8
200151602,0,8
200151777,0,8
200151926,0,8
200152056,0,8
200152177,0,8
200152292,0,1
200152292,0,2
200153969,0,4
200153969,0,6
200153969,0,7
200153969,0,8
200153969,0,11
200153969,0,22
200154495,0,2
200154626,0,1
200154751,0,2
200154751,0,22
200154917,0,8
200155121,0,8
200155272,0,2
200155450,0,2
200155623,0,10
200155623,0,11
200155737,0,4
200155737,0,6
200155737,0,7
200155737,0,22
200156250,0,6
200156441,0,1
200156441,0,2
200156441,0,22
200156930,0,8
200156930,0,9
200156930,0,10
200156930,0,11
200157131,0,8
200157131,0,11
200157268,0,2
200157268,0,22
200157433,0,8
200157433,0,21
200157602,0,9
200157728,0,2
200157728,0,9
200157728,0,22
200157843,0,1
200158712,0,1
200158916,0,1
200159039,0,1
200159213,0,1
200159415,0,8
200159415,0,11
200160098,0,8
200160098,0,11
200160263,0,8
200160263,0,11
200160510,0,8
200160510,0,11
200160730,0,8
200160730,0,11
200160900,0,8
200160900,0,11
200161088,0,8
200161168,0,1
200161265,0,1
200161528,0,1
200161669,0,1
200161669,0,4
200161849,0,1
200161991,0,1
200162149,0,1
200162261,0,1
200162398,0,8
200162398,0,9
200162398,0,10
200162398,0,11
200162607,0,1
200162741,0,1
200163359,0,1
200163487,0,11
200163602,0,8
200163602,0,11
200163763,0,1
200163984,0,1
200164090,0,1
200164234,0,1
200164362,0,1
200164362,0,11
200164524,0,1
200164643,0,8
200164827,0,8
200164827,1,11
200164827,2,11
200164827,3,11
200165046,0,1
200165046,0,4
200165524,0,1
200165656,0,11
200165841,0,8
200165930,0,2
200165930,0,12
200165930,0,22
200166168,0,2
200166168,0,22
200166374,0,9
200166606,0,21
200166792,0,1
200166792,0,4
200166998,0,1
200167225,0,21
200167357,0,1
200167357,0,4
200167570,0,8
200167570,0,9
200168076,0,8
200168217,0,8
200168332,0,8
200168512,0,8
200168752,0,2
200169008,0,11
200169147,0,8
200169147,0,9
200169147,0,20
200169147,0,31
200169710,0,8
200169900,0,8
200169900,1,2
200170162,0,8
200170374,0,8
200170531,0,8
200170660,0,8
200170903,0,8
200170903,0,10
200170903,0,11
200171117,0,8
200171117,0,10
200171117,0,11
200171332,0,8
200171332,0,9
200171332,0,10
200171332,0,11
200171676,0,8
200171676,0,11
200171874,0,11
200172137,0,8
200172305,0,8
200172305,0,11
200172476,0,1
200172476,0,4
200172658,0,8
200172907,0,8
200173018,0,8
200173144,0,8
200173280,0,8
200173435,0,8
200173435,0,11
200173532,0,8
200173532,0,11
200173639,0,8
200173639,0,9
200173639,0,10
200173639,0,11
200173935,0,8
200173935,0,11
200174129,0,11
200174279,0,8
200174279,0,11
200174396,0,11
200174568,0,1
200174678,0,1
200174678,0,2
200174961,0,2
200175137,0,8
200175137,0,11
200175332,0,1
200175332,0,2
200175332,0,8
200175332,0,11
200175681,0,8
200175681,0,11
200175947,0,8
200176069,0,1
200176229,0,2
200176229,0,9
200176229,0,22
200176422,0,1
200176577,0,1
200176577,0,2
200176577,0,8
200176577,0,10
200176577,0,11
200177152,0,8
200177152,0,11
200177271,0,8
200177466,0,8
200177466,0,11
200177664,0,8
200177973,0,8
200178103,0,8
200178103,0,11
200178103,0,31
200178315,0,8
200178434,0,8
200178434,0,11
200178562,0,8
200178562,0,10
200178562,0,11
200178828,0,8
200179234,0,8
200179357,0,8
200179357,0,11
200179481,0,8
200179481,0,11
200179765,0,18
200179946,0,1
200180046,0,8
200180198,0,8
200180198,0,11
200180377,0,8
200180377,0,11
200180377,0,16
200180377,0,20
200180377,1,11
200180377,1,16
200180377,1,20
200180377,2,11
200180377,2,16
200180377,2,20
200180377,3,11
200180377,3,16
200180377,3,20
200183086,0,8
200183300,0,8
200183416,0,8
200183606,0,8
200183738,0,8
200183897,0,8
200184035,0,8
200184153,0,8
200184290,0,8
200184415,0,8
200184522,0,8
200184522,0,9
200184857,0,8
200184993,0,8
200185140,0,8
200185263,0,8
200185485,0,8
200185485,0,21
200185618,0,8
200185618,0,11
200185763,0,22
200185885,0,8
200186035,0,8
200186035,0,11
200186156,0,8
200186281,0,8
200186281,0,11
200186474,0,9
200186558,0,8
200186814,0,8
200186965,0,8
200187099,0,8
200187206,0,8
200187323,0,8
200187444,0,8
200187562,0,8
200187562,0,11
200187681,0,8
200187788,0,8
200187914,0,8
200188023,0,8
200188023,0,11
200188191,0,9
200188423,0,8
200188501,0,8
200188677,0,8
200188802,0,8
200188802,0,21
200188943,0,8
200188943,0,11
200189154,0,8
200189154,0,11
200189154,0,31
200189316,0,8
200189316,0,11
200189548,0,8
200189685,0,8
200189685,0,11
200189685,0,20
200189685,0,21
200190520,0,2
200190662,0,8
200190785,0,8
200191036,0,8
200191158,0,8
200191158,0,11
200191396,0,8
200191656,0,8
200191790,0,8
200191790,0,21
200191912,0,8
200192065,0,8
200192186,0,8
200192439,0,8
200192684,0,8
200192801,0,8
200193091,0,8
200193307,0,8
200193451,0,8
200193611,0,8
200193953,0,8
200194074,0,8
200194247,0,8
200194419,0,8
200194523,0,8
200194654,0,8
200194775,0,21
200194922,0,8
200195033,0,8
200195033,0,11
200195033,0,21
200195568,0,21
200195705,0,8
200195820,0,8
200195946,0,8
200195946,0,21
200196069,0,8
200196160,0,21
200196274,0,8
200196415,0,8
200196718,0,8
200196831,0,8
200196958,0,21
200197133,0,8
200197133,0,21
200197280,0,21
200197280,0,31
200197438,0,21
200197592,0,21
200197696,0,8
200197792,0,8
200197949,0,8
200198158,0,8
200198355,0,21
200198451,0,8
200198451,0,10
200198451,0,11
200198655,0,11
200198768,0,8
200198768,0,11
200198989,0,1
200199154,0,8
200199154,0,11
200199286,0,8
200199286,0,10
200199286,0,11
200199497,0,8
200199497,0,9
200199497,0,10
200199497,0,11
200199709,0,8
200199709,0,10
200199709,0,11
200199820,0,8
200199820,0,11
200200125,0,11
200200240,0,11
200200440,0,8
200200440,0,11
200200617,0,8
200200617,0,10
200200617,0,11
200200911,0,9
200200911,0,10
200201109,0,1
200201267,0,8
200201267,0,11
200201571,0,8
200201571,0,11
200201792,0,8
200201792,0,11
200201917,0,8
200202008,0,8
200202211,0,8
200202372,0,8
200202534,0,8
200202650,0,8
200202650,0,11
200202750,0,8
200202750,0,11
200202929,0,8
200203059,0,8
200203180,0,8
200203467,0,8
200203663,0,8
200203874,0,8
200203874,0,11
200204102,0,8
200204214,0,9
200204214,0,10
200204476,0,11
200204639,0,8
200204639,0,9
200204639,0,10
200204639,0,11
200204871,0,8
200204972,0,8
200205087,0,8
200205199,0,8
200205304,0,8
200205471,0,8
200205471,0,9
200205625,0,8
200205837,0,8
200205938,0,8
200206094,0,8
200206248,0,8
200206358,0,9
200206504,0,8
200206591,0,8
200206591,0,11
200206731,0,8
200206731,0,11
200206932,0,8
200206932,0,11
200207174,0,8
200207174,0,11
200207344,0,8
200207513,0,8
200207513,0,11
200207766,0,8
200207766,0,11
200208096,0,8
200208251,0,8
200208717,0,8
200208888,0,8
200209318,0,8
200209529,0,8
200209633,0,8
200209817,0,8
200210000,0,8
200210148,0,8
200210148,0,11
200210357,0,9
200210357,0,10
200210481,0,8
200210481,0,9
200210696,0,2
200210846,0,9
200210991,0,8
200211123,0,8
200211466,0,8
200211649,0,8
200211776,0,1
200211776,0,2
200212191,0,1
200212301,0,1
200212301,0,2
200212528,0,1
200212693,0,1
200212693,0,4
200212826,0,1
200212826,0,2
200212826,0,4
200213046,0,1
200213046,0,2
200213598,0,1
200213598,0,2
200213784,0,1
200213903,0,8
200213903,0,10
200213903,0,11
200214815,0,8
200214815,0,10
200214815,0,11
200215016,0,11
200215202,0,8
200215436,0,8
200215606,0,8
200215746,0,8
200215746,0,11
200215929,0,8
200216073,0,8
200216228,0,8
200216228,0,10
200216228,0,11
200216515,0,1
200216709,0,1
200216858,0,1
200216858,0,2
200217196,0,9
200217196,0,11
200217478,0,8
200217478,0,11
200217655,0,1
200217894,0,1
200217894,0,11
200218167,0,1
200218167,0,11
200218316,0,1
200218538,0,1
200218704,0,1
200218795,0,1
200218795,0,11
200218795,1,1
200218795,1,11
200219158,0,1
200219158,0,11
200219265,0,1
200219265,0,2
200219553,0,8
200219553,0,11
200219799,0,8
200220009,0,8
200220206,0,8
200220393,0,8
200220628,0,8
200221004,0,8
200221248,0,8
200221437,0,8
200221567,0,8
200221758,0,8
200221926,0,8
200222008,0,8
200222252,0,8
200222252,0,11
200222500,0,1
200222639,0,8
200222639,0,9
200222639,0,10
200222639,0,11
200222856,0,8
200223026,0,8
200223183,0,8
200223183,0,11
200223486,0,8
200223486,0,11
200223595,0,8
200223723,0,8
200223893,0,8
200224032,0,11
200224346,0,11
200224505,0,8
200224505,0,10
200224505,0,11
200224850,0,8
200224981,0,10
200225090,0,8
200225280,0,8
200225441,0,11
200225716,0,8
200225716,0,11
200225865,0,11
200225989,0,11
200226245,0,8
200226245,0,11
200226503,0,8
200226503,0,11
200226619,0,11
200226764,0,8
200226764,0,11
200227177,0,8
200227301,0,8
200227301,0,11
200227513,0,1
200227605,0,8
200227692,0,1
200227886,0,1
200227886,0,4
200228064,0,1
200228252,0,1
200228404,0,1
200228565,0,1
200228750,0,1
200228750,0,2
200228990,0,1
200229158,0,8
200229158,0,9
200229158,0,10
200229158,0,11
200229702,0,8
200229702,0,11
200229896,0,8
200229896,0,9
200229896,0,10
200229896,0,11
200230007,0,11
200230129,0,8
200230129,0,11
200230253,0,8
200230424,0,8
200230424,0,11
200230617,0,8
200230617,0,11
200230761,0,8
200230761,0,11
200231017,0,8
200231017,0,10
200231017,0,11
200231150,0,8
200231282,0,8
200231398,0,8
200231398,0,11
200231539,0,8
200231663,0,8
200231663,0,11
200231789,0,1
200231789,0,2
200232217,0,1
200232217,0,4
200232457,0,1
200232457,0,2
200232602,0,2
200232788,0,1
200232979,0,1
200233229,0,8
200233229,0,9
200233229,0,10
200233229,0,11
200233766,0,11
200233908,0,8
200233908,0,10
200233908,0,11
200234018,0,10
200234018,0,11
200234160,0,8
200234160,0,10
200234160,0,11
200234399,0,1
200234399,0,8
200234399,0,11
200234707,0,8
200234707,0,11
200234894,0,1
200235210,0,1
200235370,0,1
200235493,0,8
200235493,0,11
200235995,0,8
200235995,0,11
200236133,0,8
200236133,0,11
200236241,0,8
200236241,0,11
200236347,0,8
200236347,0,11
200236455,0,8
200236455,0,11
200236564,0,8
200236564,0,11
200236849,0,8
200236849,0,9
200236983,0,8
200236983,0,11
200237186,0,2
200237354,0,1
200237665,0,8
200238047,0,8
200238047,0,11
200238292,0,11
200238524,0,8
200238524,0,11
200238767,0,8
200239053,0,8
200239237,0,1
200239237,0,2
200239797,0,1
200239954,0,1
200240066,0,1
200240066,0,4
200240485,0,11
200240610,0,1
200240734,0,1
200240879,0,1
200241015,0,8
200241169,0,11
200241298,0,1
200241411,0,1
200241544,0,8
200241544,0,11
200241658,0,8
200241658,0,11
200241790,0,8
200241790,0,21
200242210,0,8
200242210,0,11
200242210,0,20
200242210,0,21
200242895,0,8
200243055,0,20
200243055,0,21
200243228,0,9
200243374,0,2
200243563,0,8
200243731,0,11
200243862,0,8
200244000,0,4
200244258,0,8
200244258,0,11
200244786,0,8
200244941,0,8
200244941,0,11
200245145,0,8
200245145,0,11
200245330,0,10
200245330,0,11
200245633,0,8
200245633,0,10
200245633,0,11
200245938,0,8
200245938,0,11
200246094,0,8
200246354,0,1
200246606,0,8
200246799,0,4
200246972,0,8
200246972,0,11
200247407,0,8
200247524,0,1
200247694,0,8
200247694,0,11
200247872,0,8
200247872,0,11
200248076,0,8
200248076,0,11
200248569,0,1
200248919,0,1
200249059,0,1
200249278,0,8
200249436,0,8
200249598,0,8
200249876,0,1
200250115,0,1
200250115,0,2
200250115,0,8
200250115,0,11
200250343,0,8
200250343,0,11
200250722,0,2
200250819,0,8
200251069,0,1
200251304,0,1
200251406,0,1
200251603,0,1
200251794,0,8
200251794,0,11
200251978,0,1
200252145,0,8
200252145,0,11
200252374,0,8
200252374,0,9
200252374,0,10
200252374,0,11
200252522,0,8
200252522,0,11
200252777,0,8
200252777,0,11
200252970,0,1
200253147,0,8
200253306,0,8
200253306,0,11
200253690,0,8
200253822,0,21
200254088,0,1
200254088,0,8
200254088,0,11
200254386,0,8
200254522,0,1
200254752,0,8
200254752,0,11
200254920,0,8
200255243,0,8
200255389,0,8
200255601,0,1
200255693,0,1
200255693,0,8
200255693,0,11
200255951,0,1
200256064,0,8
200256222,0,1
200256222,0,8
200256222,0,11
200256406,0,1
200256524,0,1
200256524,0,8
200256524,0,11
200256710,0,1
200256710,0,8
200256710,0,11
200256866,0,1
200256866,0,8
200256866,0,11
200257178,0,8
200257317,0,1
200257513,0,1
200257513,0,2
200257877,0,2
200258002,0,1
200258002,0,2
200258149,0,1
200258149,0,2
200258543,0,2
200258543,0,8
200258714,0,1
200258714,0,2
200258839,0,1
200258839,0,2
200258839,0,22
200259082,0,2
200259262,0,10
200259435,0,1
200259552,0,11
200259764,0,1
200259764,0,2
200260122,0,2
200260274,0,2
200260460,0,10
200260647,0,1
200260853,0,8
200261046,0,8
200261198,0,8
200261374,0,11
200261624,0,1
200261624,0,2
200261624,0,4
200261624,0,22
200262315,0,2
200262595,0,1
200262882,0,8
200262882,0,11
200263106,0,8
200263269,0,8
200263366,0,8
200263366,0,11
200263755,0,1
200263903,0,1
200263903,0,11
200264091,0,1
200264277,0,10
200264277,0,11
200264472,0,1
200264684,0,1
200264877,0,1
200264994,0,8
200264994,0,10
200264994,0,11
200265259,0,8
200265357,0,1
200265485,0,11
200265632,0,8
200265722,0,1
200265722,0,4
200265888,0,1
200265974,0,11
200266112,0,1
200266467,0,1
200266692,0,11
200266874,0,1
200267140,0,1
200267255,0,11
200267442,0,11
200267552,0,1
200267714,0,1
200267989,0,1
200268154,0,8
200268154,0,11
200268291,0,8
200268291,0,11
200268483,0,8
200268483,0,11
200269008,0,8
200269186,0,8
200269186,0,11
200269381,0,8
200269381,0,11
200269553,0,8
200269553,0,11
200269768,0,8
200269768,0,10
200269768,0,11
200269937,0,10
200270096,0,8
200270096,0,11
200270274,0,8
200270940,0,22
200271162,0,8
200271334,0,8
200271474,0,8
200271586,0,8
200271705,0,8
200272034,0,2
200272235,0,2
200272235,0,8
200272389,0,8
200272389,0,31
200272567,0,8
200272567,0,11
200272730,0,8
200272730,0,11
200272917,0,1
200273157,0,8
200273250,0,1
200273250,0,4
200273368,0,1
200273368,0,2
200273368,0,8
200273368,0,11
200273590,0,8
200273590,0,11
200273720,0,8
200273720,0,11
200273970,0,8
200274071,0,8
200274071,0,11
200274263,0,8
200274263,0,11
200274390,0,1
200274560,0,1
200274560,0,8
200274560,0,11
200274779,0,1
200274779,0,8
200274779,0,11
200275128,0,8
200275415,0,8
200275683,0,8
200275823,0,8
200275939,0,1
200276190,0,1
200276442,0,8
200276442,0,11
200276711,0,8
200276711,0,11
200277011,0,1
200277276,0,1
200277392,0,8
200277392,0,11
200277546,0,8
200277546,0,11
200277765,0,1
200277939,0,8
200278095,0,2
200278095,1,8
200278249,0,2
200278398,0,1
200278561,0,8
200278561,0,9
200278561,0,10
200278561,0,11
200278821,0,10
200278937,0,8
200278937,0,11
200279166,0,8
200279166,0,9
200279166,0,10
200279166,0,11
200279338,0,8
200279338,0,9
200279338,0,10
200279338,0,11
200279678,0,8
200279994,0,8
200280201,0,8
200280374,0,8
200280374,0,11
200280554,0,8
200280554,0,9
200280836,0,11
200280957,0,1
200280957,0,2
200281095,0,1
200281222,0,8
200281222,0,11
200281654,0,8
200281856,0,8
200281856,0,11
200281973,0,8
200282164,0,8
200282164,0,11
200282456,0,1
200282456,0,2
200282744,0,1
200282744,0,2
200283015,0,8
200283015,0,9
200283015,0,10
200283015,0,11
200283015,0,20
200283421,0,8
200283421,0,9
200283421,0,10
200283421,0,11
200283421,0,20
200283705,0,9
200283705,0,20
200283909,0,10
200284109,0,8
200284298,0,20
200284587,0,8
200284587,0,9
200284587,0,11
200284587,0,24
200284816,0,1
200285136,0,11
200285486,0,11
200285577,0,11
200285795,0,11
200285941,0,1
200285941,0,11
200286106,0,1
200286319,0,11
200286460,0,8
200286460,0,11
200286753,0,8
200286978,0,8
200287124,0,8
200287124,0,11
200287283,0,8
200287283,0,11
200287529,0,8
200287529,0,11
200287782,0,8
200287782,0,9
200287985,0,8
200288153,0,9
200288298,0,1
200288615,0,8
200288615,0,11
200288891,0,8
200288891,0,11
200289073,0,8
200289073,0,11
200289236,0,8
200289236,0,11
200289470,0,8
200289666,0,8
200289666,0,9
200289855,0,8
200290088,0,8
200290088,0,11
200290309,0,8
200290592,0,1
200290592,0,8
200290592,0,11
200290788,0,8
200290949,0,8
200290949,0,11
200291510,0,1
200291699,0,1
200291699,0,8
200291699,0,11
200291930,0,1
200291930,0,8
200291930,0,11
200292232,0,8
200292232,0,11
200292432,0,1
200292603,0,1
200292603,0,2
200293281,0,8
200293368,0,11
200293491,0,8
200293491,0,11
200293654,0,8
200293654,0,11
200293921,0,11
200294101,0,1
200294230,0,1
200294368,0,1
200294511,0,1
200294668,0,8
200294668,0,11
200294993,0,8
200295168,0,8
200295248,0,8
200295389,0,8
200295495,0,8
200295495,0,11
200296443,0,8
200296443,0,11
200296587,0,8
200296587,0,11
200296789,0,8
200296789,0,11
200296919,0,8
200296919,0,11
200297062,0,8
200297062,0,11
200297145,0,8
200297245,0,8
200297337,0,8
200297424,0,8
200297536,0,8
200297687,0,8
200297915,0,8
200297915,0,11
200298240,0,8
200298447,0,8
200298569,0,1
200298762,0,8
200298762,0,11
200298892,0,8
200298892,0,11
200299222,0,8
200299356,0,1
200299356,0,2
200299524,0,8
200299701,0,8
200299701,0,11
200299814,0,11
200299983,0,1
200300158,0,8
200300280,0,8
200300357,0,8
200300529,0,8
200300639,0,8
200300780,0,8
200300913,0,8
200300997,0,1
200300997,0,2
200301125,0,1
200301125,0,2
200301263,0,1
200301358,0,1
200301555,0,8
200301555,0,11
200301702,0,8
200301702,0,11
200301920,0,1
200302054,0,8
200302054,0,11
200302212,0,8
200302212,0,11
200302382,0,2
200302382,0,8
200302382,0,11
200302661,0,8
200302820,0,8
200302820,0,11
200303063,0,1
200303243,0,2
200303403,0,8
200303403,0,11
200303561,0,8
200303561,0,9
200303561,0,11
200303741,0,8
200303874,0,8
200303874,0,11
200303990,0,8
200303990,0,11
200304360,0,8
200304360,0,11
200304481,0,8
200304481,0,11
200304620,0,8
200304620,0,11
200304785,0,8
200304785,0,11
200304989,0,8
200304989,0,11
200305253,0,8
200305253,0,11
200305541,0,8
200305541,0,11
200305640,0,8
200305872,0,1
200305872,0,2
200306089,0,8
200306089,0,10
200306089,0,11
200306357,0,1
200306634,0,1
200306830,0,1
200306996,0,8
200306996,0,11
200307251,0,10
200307389,0,8
200307481,0,8
200307698,0,8
200307832,0,8
200308101,0,8
200308313,0,8
200308313,0,11
200308313,0,21
200309108,0,8
200309328,0,8
200309468,0,8
200309642,0,8
200309804,0,8
200309915,0,8
200309915,0,11
200309915,0,21
200310041,0,8
200310202,0,8
200310202,0,15
200310379,0,15
200310555,0,8
200310691,0,8
200310908,0,8
200311031,0,5
200311031,0,21
200311323,0,11
200311476,0,8
200311476,0,11
200311715,0,8
200311715,0,11
200312248,0,20
200312248,0,21
200312452,0,8
200312729,0,21
200312953,0,10
200312953,0,11
200312953,0,24
200313181,0,2
200313371,0,10
200313530,0,10
200313530,0,11
200313736,0,8
200313854,0,8
200314048,0,8
200314322,0,8
200314322,0,9
200314713,0,8
200315069,0,8
200315181,0,8
200315362,0,8
200315615,0,8
200315615,0,10
200315615,0,11
200315771,0,1
200315967,0,8
200316112,0,8
200316246,0,8
200316409,0,8
200316564,0,1
200316734,0,1
200316734,0,8
200316974,0,1
200317140,0,1
200317258,0,1
200317421,0,1
200317421,0,8
200317421,0,11
200317729,0,1
200317867,0,1
200317867,0,8
200317867,0,11
200318176,0,1
200318176,0,8
200318347,0,1
200318347,0,8
200318347,0,11
200318646,0,1
200318906,0,1
200318906,0,2
200319090,0,8
200319427,0,8
200319558,0,1
200319662,0,1
200319786,0,8
200319935,0,1
200320152,0,1
200320152,0,2
200320472,0,1
200320636,0,8
200320636,0,11
200320823,0,8
200320823,0,11
200320958,0,8
200320958,0,11
200321199,0,8
200321199,0,11
200321555,0,1
200321555,0,2
200321791,0,1
200321791,0,8
200321791,0,11
200322063,0,1
200322273,0,8
200322273,0,11
200322471,0,1
200322636,0,1
200322636,0,8
200322755,0,8
200322867,0,1
200323116,0,1
200323293,0,1
200323418,0,8
200323418,0,11
200323418,0,20
200323418,0,21
200323594,0,1
200323819,0,8
200324040,0,8
200324040,0,11
200324346,0,1
200324461,0,8
200324541,0,8
200324646,0,8
200324759,0,11
200324861,0,1
200325056,0,1
200325129,0,1
200325296,0,8
200325296,0,11
200325490,0,8
200325490,0,11
200325671,0,2
200325671,0,8
200325671,0,22
200325854,0,8
200325964,0,8
200325964,0,11
200326085,0,1
200326212,0,8
200326212,0,11
200326367,0,8
200326367,0,11
200326494,0,8
200326494,0,11
200326779,0,8
200326779,0,11
200326779,0,21
200327169,0,8
200327169,0,11
200327346,0,1
200327346,0,22
200327641,0,1
200327951,0,8
200327951,0,11
200328226,0,8
200328226,0,11
200328488,0,8
200328488,0,11
200328634,0,8
200328873,0,1
200329125,0,8
200329125,0,11
200329229,0,1
200329366,0,1
200329503,0,8
200329503,0,11
200329821,0,8
200329976,0,8
200329976,0,11
200330203,0,1
200330304,0,8
200330304,0,10
200330304,0,11
200330435,0,8
200330435,0,11
200330623,0,8
200330623,0,11
200331061,0,8
200331219,0,2
200331498,0,2
200331608,0,8
200331608,0,11
200331903,0,8
200332006,0,8
200332198,0,8
200332421,0,8
200332553,0,8
200332678,0,1
200332678,0,8
200332678,0,11
200332913,0,8
200333038,0,8
200333202,0,8
200333328,0,8
200333473,0,8
200333473,0,21
200333473,0,31
200333703,0,8
200333703,0,9
200333812,0,8
200333940,0,8
200333940,0,21
200333940,0,31
200334133,0,8
200334278,0,8
200334278,0,21
200334278,0,31
200334444,0,8
200334593,0,8
200334728,0,8
200334943,0,8
200334943,0,11
200335187,0,8
200335351,0,8
200335511,0,8
200335639,0,1
200335639,0,8
200336169,0,8
200336169,0,11
200336363,0,1
200336363,0,8
200336495,0,8
200336648,0,1
200336648,0,8
200336863,0,8
200337023,0,1
200337023,0,8
200337219,0,1
200337352,0,1
200337352,0,2
200337352,0,8
200337598,0,2
200337598,0,8
200337877,0,8
200338000,0,1
200338000,0,8
200338120,0,1
200338120,0,8
200338412,0,8
200338542,0,8
200338681,0,8
200338802,0,8
200338999,0,8
200339163,0,1
200339163,0,8
200339323,0,1
200339323,0,8
200339477,0,1
200339477,0,8
200339723,0,2
200339723,0,8
200339858,0,1
200339858,0,8
200340075,0,8
200340367,0,1
200340526,0,1
200340526,0,8
200340695,0,1
200340695,0,8
200340841,0,1
200340841,0,8
200341083,0,1
200341083,0,8
200341292,0,8
200341392,0,2
200341392,0,8
200341515,0,1
200341957,0,1
200342208,0,1
200342424,0,1
200342587,0,1
200342773,0,1
200342914,0,8
200342914,0,11
200343253,0,8
200343253,0,11
200343449,0,1
200343449,0,8
200343449,0,11
200343635,0,1
200343793,0,11
200344023,0,8
200344023,0,11
200344455,0,8
200344455,0,11
200344654,0,8
200344654,0,11
200344783,0,8
200344958,0,8
200344958,0,11
200345095,0,8
200345095,0,11
200345500,0,1
200345841,0,1
200346004,0,8
200346004,0,11
200346235,0,8
200346446,0,1
200346595,0,8
200346763,0,1
200346763,0,8
200346763,0,11
200346927,0,1
200346927,0,8
200346927,0,11
200347076,0,8
200347076,0,11
200347219,0,11
200347355,0,1
200347854,0,1
200348007,0,1
200348200,0,8
200348200,0,11
200348570,0,8
200348570,0,11
200348759,0,8
200348759,0,11
200348901,0,8
200348901,0,11
200349018,0,8
200349018,0,11
200349127,0,8
200349127,0,11
200349362,0,8
200349464,0,1
200349743,0,11
200349922,0,8
200349922,0,11
200350126,0,8
200350126,0,11
200350269,0,1
200350269,0,8
200350269,0,11
200350438,0,1
200350632,0,1
200350772,0,1
200350904,0,1
200351107,0,1
200351275,0,18
200351820,0,8
200351997,0,8
200351997,0,11
200352127,0,8
200352225,0,1
200352346,0,1
200352346,0,8
200352346,0,11
200352529,0,8
200352529,0,11
200352725,0,1
200352999,0,1
200353195,0,1
200353195,0,4
200353195,0,34
200353978,0,1
200354120,0,1
200354120,0,4
200354314,0,4
200354458,0,1
200354559,0,1
200354697,0,1
200354697,0,6
200354894,0,1
200355054,0,1
200355355,0,1
200355505,0,4
200355634,0,4
200355831,0,8
200356003,0,4
200356003,0,6
200356003,0,7
200356227,0,34
200356426,0,34
200356580,0,1
200356846,0,1
200357017,0,1
200357144,0,7
200357288,0,1
200357420,0,1
200357795,0,1
200358003,0,1
200358246,0,1
200358360,0,10
200358544,0,11
200358672,0,1
200358868,0,1
200359030,0,1
200359139,0,1
200359139,0,2
200359139,0,8
200359139,0,28
200359139,0,33
200359987,0,1
200359987,0,2
200359987,0,8
200359987,0,28
200359987,0,33
200360164,0,2
200360289,0,22
200360408,0,1
200360408,0,2
200360408,0,33
200360554,0,1
200360554,0,2
200360726,0,32
200360870,0,8
200361060,0,8
200361254,0,2
200361368,0,22
200361553,0,1
200361702,0,22
200361872,0,8
200361991,0,1
200361991,0,2
200362196,0,8
200362196,0,11
200362709,0,8
200362709,0,11
200362902,0,8
200362902,0,11
200363078,0,11
200363271,0,8
200363271,0,9
200363271,0,10
200363271,0,11
200363437,0,1
200363590,0,1
200363590,0,2
200363590,0,8
200363590,0,28
200363769,0,11
200363947,0,1
200363947,0,2
200363947,0,4
200363947,1,28
200364393,0,2
200364552,0,2
200364770,0,1
200364910,0,8
200364910,0,33
200365098,0,1
200365241,0,8
200365350,0,1
200365489,0,10
200365663,0,2
200365836,0,1
200365945,0,1
200366084,0,33
200366352,0,8
200366352,0,11
200367165,0,14
200367365,0,8
200367556,0,8
200367556,0,10
200367721,0,8
200367721,0,11
200367855,0,8
200368024,0,8
200368024,0,11
200368206,0,8
200368206,0,11
200368417,0,1
200368610,0,8
200368610,0,11
200368749,0,8
200368749,0,11
200368937,0,8
200369115,0,10
200369280,0,1
200369413,0,1
200369578,0,8
200369578,0,11
200369881,0,1
200369881,0,8
200369881,0,11
200370272,0,1
200370412,0,1
200370577,0,1
200370821,0,8
200370955,0,1
200371290,0,8
200371477,0,1
200371597,0,1
200371734,0,1
200371734,0,4
200371913,0,8
200372030,0,2
200373004,0,2
200373110,0,2
200373424,0,2
200373533,0,1
200373709,0,9
200373972,0,9
200374136,0,2
200374313,0,1
200374440,0,9
200374567,0,1
200374567,0,2
200374843,0,1
200374843,0,2
200375023,0,1
200375130,0,1
200375276,0,8
200375276,0,11
200375432,0,1
200375587,0,11
200375763,0,1
200375983,0,2
200376178,0,8
200376178,0,11
200376376,0,2
200376376,0,22
200376483,0,8
200376483,1,2
200376641,0,8
200376641,0,9
200376866,0,8
200376866,0,11
200377115,0,1
200377115,0,2
200377289,0,10
200377289,0,11
200377437,0,8
200377437,0,11
200377677,0,2
200377677,0,8
200377858,0,8
200377858,0,11
200378009,0,8
200378305,0,1
200378682,0,8
200378682,0,11
200378940,0,1
200379141,0,1
200379304,0,1
200379514,0,1
200379514,0,11
200379769,0,8
200380041,0,8
200380252,0,1
200380369,0,1
200380369,0,8
200380369,0,11
200380809,0,8
200380809,0,11
200380984,0,1
200381131,0,1
200381253,0,1
200381253,0,2
200381677,0,8
200381992,0,1
200381992,0,2
200382147,0,8
200382344,0,1
200382529,0,1
200382529,0,4
200382746,0,1
200382746,0,2
200382876,0,8
200383181,0,1
200383424,0,1
200383717,0,1
200383717,0,2
200383979,0,1
200384116,0,1
200384265,0,8
200384265,0,11
200384626,0,8
200384626,0,11
200384774,0,8
200384904,0,8
200385117,0,8
200385117,0,10
200385117,0,11
200385570,0,8
200385676,0,8
200385808,0,8
200386010,0,8
200386104,0,8
200386253,0,8
200386354,0,11
200386518,0,1
200386811,0,8
200386811,0,11
200386965,0,2
200387103,0,1
200387250,0,8
200387250,0,11
200387373,0,1
200387373,0,8
200387373,0,11
200387733,0,8
200388177,0,1
200388177,0,2
200388177,0,8
200388177,0,11
200388417,0,1
200388576,0,8
200388710,0,8
200388710,0,11
200388935,0,8
200389063,0,1
200389063,0,2
200389063,0,8
200389310,0,1
200389459,0,8
200389459,0,11
200389621,0,8
200389732,0,8
200389907,0,8
200389907,0,11
200390148,0,1
200390148,0,8
200390148,0,11
200390667,0,1
200390849,0,1
200390849,0,8
200390849,0,11
200391044,0,1
200391393,0,1
200391611,0,1
200391757,0,8
200391757,0,11
200391948,0,8
200391948,0,11
200392084,0,1
200392084,0,8
200392084,0,10
200392084,0,11
200392403,0,1
200392563,0,8
200392706,0,8
200392706,0,9
200392706,0,10
200392706,0,11
200393065,0,2
200393196,0,8
200393196,0,9
200393322,0,8
200393482,0,8
200393482,0,11
200393816,0,1
200394038,0,8
200394201,0,1
200394201,0,2
200394201,0,8
200394201,0,11
200394484,0,1
200394484,0,8
200394484,0,11
200394758,0,4
200394758,0,21
200394932,0,8
200395073,0,1
200395073,0,8
200395073,0,11
200395391,0,8
200395613,0,8
200395718,0,1
200395967,0,8
200396127,0,8
200396373,0,8
200396527,0,8
200396610,0,8
200396610,0,11
200396752,0,8
200396752,0,9
200396752,0,10
200396752,0,11
200397210,0,8
200397392,0,8
200397392,0,9
200397611,0,8
200397611,0,11
200397716,0,8
200397716,0,21
200397938,0,8
200398102,0,8
200398286,0,1
200398642,0,2
200398642,0,22
200398851,0,8
200398851,0,9
200398851,0,10
200398851,0,11
200399278,0,9
200399278,0,10
200399477,0,8
200399673,0,9
200399973,0,9
200400209,0,9
200400486,0,8
200400486,0,11
200400653,0,8
200400847,0,9
200401083,0,9
200401083,1,9
200401083,2,9
200401083,3,9
200401392,0,8
200401392,0,11
200401642,0,8
200401830,0,8
200401987,0,1
200401987,0,2
200401987,0,4
200401987,0,22
200402357,0,1
200402596,0,8
200402799,0,8
200402799,0,11
200403144,0,8
200403144,0,11
200403540,0,8
200403540,0,11
200404007,0,8
200404162,0,2
200404330,0,10
200404562,0,10
200404780,0,9
200404780,0,10
200404916,0,1
200404916,0,2
200405139,0,1
200405139,0,8
200405139,0,11
200405383,0,8
200405383,0,11
200405484,0,8
200405484,0,11
200405665,0,9
200405770,0,8
200405770,0,11
200405980,0,10
200405980,0,11
200406162,0,2
200406379,0,8
200406379,0,11
200406515,0,8
200406515,0,11
200406634,0,8
200406634,0,11
200406795,0,11
200406933,0,1
200407104,0,1
200407276,0,1
200407388,0,8
200407388,0,11
200407550,0,8
200407550,0,11
200407720,0,8
200407879,0,8
200407979,0,8
200408246,0,8
200408246,0,11
200408417,0,8
200408553,0,8
200408696,0,2
200408696,0,22
200409029,0,8
200409029,0,9
200409233,0,8
200409233,0,11
200409718,0,8
200409900,0,8
200409900,0,11
200410207,0,1
200410207,0,2
200410207,0,4
200410207,0,22
200410977,0,8
200410977,0,11
200411092,0,11
200411235,0,1
200411235,0,2
200411235,0,4
200411235,0,22
200411429,0,8
200411628,0,8
200411719,0,1
200411719,1,2
200411931,0,8
200412121,0,8
200412299,0,8
200412416,0,8
200412416,0,11
200412611,0,1
200412824,0,1
200412824,0,4
200413013,0,1
200413013,0,11
200413424,0,1
200413575,0,8
200413575,0,21
200413786,0,8
200413786,0,11
200413921,0,11
200414178,0,1
200414390,0,11
200414511,0,1
200414805,0,11
200414990,0,1
200414990,0,4
200415225,0,8
200415225,0,11
200415595,0,8
200415595,0,11
200415978,0,8
200415978,0,11
200416274,0,8
200416274,0,11
200416593,0,8
200416593,0,10
200416764,0,1
200416929,0,8
200416929,0,11
200417079,0,8
200417079,0,11
200417297,0,8
200417297,0,11
200417522,0,8
200417781,0,8
200417781,0,11
200417931,0,8
200417931,0,11
200418223,0,8
200418223,0,11
200418408,0,8
200418408,0,11
200418541,0,8
200418850,0,8
200419115,0,8
200419361,0,8
200419361,0,11
200419530,0,8
200419842,0,8
200419842,0,11
200420021,0,8
200420021,0,11
200420262,0,8
200420262,0,11
200420792,0,8
200420949,0,1
200420949,0,8
200421328,0,1
200421328,0,8
200421716,0,8
200421973,0,9
200421973,0,10
200422220,0,8
200422220,0,9
200422220,0,10
200422220,0,11
200422220,0,20
200422220,0,21
200422220,0,28
200422220,1,2
200422220,4,2
200422976,0,22
200423159,0,9
200423341,0,11
200423471,0,8
200423646,0,8
200423861,0,8
200424116,0,8
200424303,0,8
200424536,0,8
200424769,0,8
200424769,0,9
200424769,0,10
200424769,0,11
200424769,0,21
200424997,0,8
200425321,0,8
200425540,0,8
200425540,0,11
200426016,0,1
200426016,0,2
200426299,0,10
200426299,0,11
200426542,0,8
200426788,0,10
200426788,0,11
200427007,0,8
200427007,0,9
200427307,0,1
200427307,0,2
200427475,0,8
200427475,0,9
200427475,0,10
200427475,0,11
200427678,0,9
200428027,0,9
200428027,0,10
200428319,0,8
200428621,0,8
200428934,0,8
200429235,0,9
200429511,0,9
200429753,0,8
200429974,0,8
200430164,0,8
200430423,0,9
200430423,0,20
200430660,0,2
200430660,0,22
200430932,0,9
200430932,0,20
200431104,0,22
200431420,0,8
200431712,0,8
200431930,0,2
200432126,0,9
200432126,0,10
200432347,0,22
200432552,0,8
200432719,0,2
200432719,0,22
200432956,0,2
200432956,0,22
200433064,0,1
200433167,0,22
200433306,0,1
200433306,0,4
200433474,0,2
200433474,0,22
200433738,0,2
200433910,0,8
200433910,0,9
200433910,0,10
200433910,0,11
200434044,0,8
200434044,0,11
200434219,0,1
200434340,0,8
200434340,0,11
200434878,0,8
200435049,0,8
200435049,0,11
200435309,0,8
200435428,0,8
200435563,0,11
200435861,0,1
200436016,0,1
200436016,0,2
200436218,0,8
200436402,0,8
200436618,0,1
200436618,0,2
200436856,0,8
200436856,0,9
200436856,0,10
200436856,0,11
200437166,0,8
200437166,0,11
200437347,0,8
200437431,0,1
200437613,0,8
200437818,0,8
200437915,0,8
200437915,0,11
200438030,0,1
200438197,0,8
200438197,0,11
200438451,0,8
200438451,0,11
200438781,0,8
200438781,0,11
200438962,0,8
200438962,0,11
200439064,0,1
200439191,0,9
200439191,0,20
200439349,0,1
200439349,0,4
200439575,0,1
200439575,0,2
200439748,0,1
200439748,0,2
200439748,0,4
200439748,0,22
200440440,0,4
200440575,0,1
200440575,0,4
200440751,0,1
200440751,0,2
200440933,0,1
200440933,0,4
200441106,0,1
200441251,0,1
200441251,0,4
200441398,0,1
200441398,0,2
200441398,0,4
200441398,0,22
200441667,0,4
200441667,0,22
200441920,0,4
200441920,0,22
200442033,0,1
200442033,0,2
200442033,0,4
200442033,0,22
200442195,0,1
200442195,0,4
200442387,0,4
200442387,0,22
200442565,0,1
200442785,0,1
200442785,0,2
200443149,0,1
200443290,0,1
200443290,0,2
200443459,0,1
200443459,0,2
200443459,0,4
200443459,0,22
200443635,0,4
200443757,0,1
200443757,0,4
200443982,0,1
200443982,0,2
200443982,0,4
200443982,0,22
200444262,0,34
200444466,0,1
200444693,0,1
200444693,0,2
200444693,0,4
200444693,0,22
200445150,0,1
200445347,0,2
200445472,0,1
200445472,0,2
200445627,0,8
200445627,0,11
200445949,0,8
200446129,0,8
200446300,0,8
200446465,0,8
200446465,0,11
200446809,0,8
200447056,0,8
200447056,0,11
200447674,0,8
200447795,0,8
200448000,0,4
200448131,0,1
200448131,0,2
200448293,0,8
200448293,0,11
200448402,0,8
200448526,0,1
200448657,0,8
200448657,0,11
200448840,0,8
200448840,0,11
200449031,0,1
200449149,0,1
200449359,0,8
200449359,0,11
200449642,0,8
200449642,0,11
200449858,0,1
200450093,0,1
200450208,0,1
200450313,0,8
200450313,0,11
200450468,0,1
200450604,0,1
200450733,0,1
200450889,0,1
200451119,0,1
200451282,0,1
200451575,0,1
200451718,0,8
200451828,0,1
200451983,0,1
200452127,0,1
200452127,0,8
200452127,0,11
200452424,0,1
200452969,0,1
200453153,0,1
200453153,0,2
200453153,0,22
200453344,0,1
200453531,0,1
200453531,0,8
200453738,0,1
200453738,0,8
200453939,0,1
200453939,0,8
200454179,0,8
200454271,0,8
200454390,0,1
200454490,0,1
200454490,0,2
200454490,0,8
200454772,0,1
200454983,0,8
200455229,0,8
200455229,0,11
200455426,0,8
200455553,0,1
200455553,0,2
200455553,0,4
200455553,0,22
200455913,0,8
200456214,0,1
200456214,0,2
200456214,0,4
200456214,0,22
200456473,0,1
200456473,0,2
200456473,0,8
200456473,0,11
200456826,0,8
200456826,0,9
200456826,0,10
200456826,0,11
200457083,0,8
200457083,0,10
200457285,0,8
200457285,0,11
200457418,0,11
200457530,0,8
200457674,0,8
200457674,0,9
200457674,0,10
200457674,0,11
200458029,0,8
200458180,0,8
200458289,0,1
200458289,0,2
200458289,0,8
200458289,0,11
200458617,0,8
200458617,0,11
200458911,0,1
200458911,0,2
200459117,0,8
200459117,0,9
200459117,0,10
200459117,0,11
200459338,0,10
200459338,0,11
200459543,0,8
200459543,0,11
200459776,0,8
200459776,0,11
200460219,0,8
200460219,0,9
200460219,0,10
200460219,0,11
200460401,0,8
200460401,0,10
200460401,0,11
200460605,0,1
200460605,0,8
200460605,0,11
200461064,0,1
200461242,0,1
200461242,0,8
200461242,0,11
200461395,0,1
200461511,0,1
200461511,0,2
200461779,0,8
200461779,0,10
200461779,0,11
200462065,0,1
200462436,0,1
200462761,0,8
200462761,0,11
200463138,0,1
200463138,0,8
200463138,0,11
200463484,0,8
200463678,0,1
200463976,0,8
200463976,0,11
200464220,0,8
200464449,0,8
200464449,0,11
200464952,0,1
200465137,0,1
200465318,0,11
200465508,0,1
200465781,0,11
200465932,0,8
200465932,0,11
200466277,0,11
200466394,0,1
200466610,0,8
200466610,0,11
200466770,0,11
200466950,0,8
200466950,0,11
200467100,0,8
200467100,0,11
200467340,0,1
200467524,0,8
200467671,0,1
200467813,0,8
200467955,0,8
200467955,0,11
200468089,0,8
200468230,0,8
200468230,0,11
200468355,0,8
200468355,0,11
200468831,0,8
200468966,0,8
200469228,0,8
200469354,0,9
200469526,0,8
200469660,0,8
200469660,0,11
200469816,0,8
200469942,0,8
200470124,0,9
200470124,0,10
200470311,0,8
200470311,0,11
200470501,0,1
200470761,0,1
200470883,0,1
200471057,0,8
200471175,0,8
200471175,0,11
200471175,0,31
200471957,0,8
200472087,0,8
200472217,0,8
200472217,0,11
200472217,0,31
200472343,0,8
200472466,0,8
200472466,0,11
200472466,0,31
200472681,0,8
200472681,0,11
200472798,0,8
200472798,0,11
200472798,0,21
200472914,0,11
200472914,0,21
200473138,0,8
200473138,0,11
200473314,0,1
200473314,0,4
200473531,0,8
200473531,0,11
200473742,0,1
200473742,0,4
200473875,0,1
200473875,0,4
200474051,0,8
200474212,0,8
200474212,0,21
200474433,0,8
200474433,0,11
200474602,0,8
200474602,0,11
200474834,0,8
200474834,0,11
200474834,0,21
200475040,0,8
200475040,0,11
200475279,0,1
200475423,0,8
200475423,0,11
200475620,0,8
200475783,0,8
200475783,0,11
200476067,0,1
200476366,0,8
200476624,0,1
200476624,0,11
200476852,0,1
200476852,0,11
200477130,0,8
200477130,0,11
200477325,0,1
200477611,0,8
200477611,0,11
200477971,0,8
200478153,0,8
200478153,0,9
200478355,0,2
200478628,0,8
200478628,0,10
200478628,0,11
200479002,0,2
200479227,0,10
200479425,0,2
200479425,0,8
200479629,0,1
200479629,0,2
200479770,0,8
200479927,0,8
200480104,0,8
200480231,0,1
200480231,0,2
200480370,0,9
200480370,0,10
200480833,0,9
200480833,0,10
200480833,0,11
200480969,0,8
200480969,0,9
200480969,0,10
200480969,0,11
200481485,0,8
200481485,0,11
200481729,0,8
200481842,0,8
200481842,0,9
200481842,0,10
200481842,0,11
200482069,0,8
200482304,0,1
200482468,0,1
200482468,0,4
200482613,0,8
200482613,0,11
200482841,0,8
200482841,0,11
200483008,0,8
200483156,0,8
200483522,0,8
200483663,0,8
200483888,0,1
200484094,0,8
200484240,0,8
200484410,0,8
200484583,0,8
200484711,0,8
200485002,0,8
200485276,0,8
200485433,0,1
200485433,0,8
200485433,0,11
200485600,0,8
200485600,0,21
200485964,0,11
200486100,0,8
200486100,0,21
200486295,0,8
200486295,0,11
200486400,0,1
200486400,0,2
200486666,0,8
200487122,0,8
200487242,0,8
200487242,0,11
200487703,0,1
200487968,0,1
200487968,0,2
200487968,0,8
200487968,0,11
200488209,0,1
200488366,0,8
200488366,0,9
200488366,0,10
200488366,0,11
200488561,0,1
200488561,0,8
200488561,0,11
200488816,0,1
200488991,0,1
200488991,0,2
200489101,0,8
200489101,0,11
200489338,0,8
200489338,0,11
200489697,0,8
200490069,0,9
200490069,0,10
200490426,0,9
200490564,0,11
200490799,0,8
200490952,0,8
200491087,0,8
200491087,0,9
200491087,0,10
200491087,0,11
200491606,0,8
200491606,0,11
200491802,0,8
200491802,0,11
200491908,0,8
200491908,0,21
200492047,0,8
200492047,0,9
200492047,0,10
200492047,0,11
200492265,0,8
200492397,0,1
200492397,0,2
200492716,0,8
200493023,0,8
200493023,0,11
200493250,0,8
200493250,0,11
200493468,0,8
200493468,0,9
200493468,0,10
200493759,0,8
200493759,0,11
200493943,0,8
200493943,0,11
200494213,0,8
200494213,0,11
200494445,0,1
200494634,0,8
200494634,0,11
200494634,1,8
200494634,1,11
200494634,2,8
200494634,2,11
200494634,3,8
200494634,3,11
200495212,0,8
200495384,0,8
200495698,0,2
200495878,0,8
200496160,0,9
200496366,0,8
200496366,0,11
200496587,0,1
200496727,0,11
200496867,0,8
200497002,0,8
200497148,0,8
200497285,0,1
200497448,0,8
200497561,0,8
200497561,0,11
200497837,0,8
200497837,0,9
200497837,0,10
200497837,0,11
200498108,0,8
200498108,0,9
200498108,0,10
200498108,0,11
200498302,0,8
200498302,0,11
200498551,0,9
200498667,0,9
200498882,0,8
200498882,0,9
200498882,0,10
200498882,0,11
200499089,0,8
200499089,0,11
200499365,0,8
200499365,0,11
200499537,0,8
200499537,0,11
200499883,0,8
200500115,0,8
200500115,0,11
200500345,0,8
200500345,0,11
200500584,0,8
200500916,0,8
200500916,0,11
200501452,0,8
200501616,0,1
200501800,0,8
200502002,0,8
200502298,0,8
200502298,0,11
200502648,0,8
200502999,0,20
200503143,0,21
200503431,0,8
200503773,0,8
200503773,0,11
200503989,0,21
200504134,0,8
200504556,0,2
200504556,0,8
200504556,0,11
200504556,0,33
200505120,0,8
200505120,0,11
200505300,0,8
200505300,0,11
200505555,0,8
200505682,0,8
200505682,0,11
200505843,0,8
200505843,0,31
200506017,0,4
200506299,0,11
200506426,0,8
200506426,0,22
200506426,6,22
200506988,0,22
200507134,0,1
200507134,0,4
200507299,0,8
200507299,0,11
200507299,0,22
200507447,0,8
200507447,0,11
200507631,0,1
200507856,0,8
200507856,0,9
200507856,0,10
200507856,0,11
200508117,0,11
200508368,0,8
200508368,0,11
200508795,0,8
200508921,0,8
200508921,0,11
200509050,0,8
200509237,0,11
200509390,0,8
200509649,0,8
200509765,0,8
200509976,0,8
200509976,0,11
200510173,0,8
200510173,0,11
200510376,0,8
200510514,0,8
200510514,0,11
200510962,0,8
200511105,0,8
200511105,0,11
200511263,0,8
200511263,0,11
200511399,0,8
200511645,0,8
200511645,0,9
200511990,0,8
200511990,0,9
200512133,0,1
200512228,0,8
200512366,0,8
200512587,0,8
200512772,0,8
200512772,0,11
200512902,0,1
200512987,0,8
200512987,0,11
200513087,0,8
200513087,0,9
200513087,0,10
200513087,0,11
200513383,0,8
200513383,0,11
200513729,0,8
200513936,0,8
200513936,0,11
200514197,0,8
200514197,0,11
200514383,0,8
200514383,0,11
200514609,0,8
200514783,0,8
200515006,0,8
200515006,0,9
200515006,0,10
200515006,0,11
200515350,0,8
200515350,0,11
200515617,0,9
200515832,0,8
200516130,0,8
200516299,0,8
200516430,0,9
200516602,0,8
200516810,0,9
200517096,0,2
200517096,0,9
200517223,0,8
200517223,0,9
200517446,0,9
200517630,0,8
200517630,0,9
200517727,0,8
200517913,0,8
200518018,0,8
200518190,0,8
200518354,0,8
200518504,0,8
200518504,0,21
200518815,0,8
200518815,0,11
200518962,0,17
200519098,0,8
200519098,0,9
200519098,0,10
200519098,0,11
200519329,0,11
200519461,0,1
200519635,0,1
200519787,0,1
200519961,0,8
200519961,0,11
200520103,0,1
200520221,0,1
200520311,0,1
200520441,0,8
200520441,0,9
200520611,0,8
200520611,0,11
200520911,0,8
200520911,0,9
200520911,0,10
200520911,0,11
200521269,0,1
200521608,0,1
200521804,0,8
200521804,0,11
200522018,0,1
200522129,0,8
200522129,0,11
200522258,0,8
200522258,0,9
200522504,0,8
200522504,0,11
200522688,0,1
200522866,0,9
200522866,0,10
200523055,0,8
200523055,0,9
200523302,0,8
200523448,0,8
200523593,0,8
200523727,0,8
200524085,0,8
200524191,0,1
200524191,0,8
200524191,0,9
200524191,0,10
200524191,0,11
200524615,0,8
200524615,0,11
200524761,0,11
200525065,0,1
200525065,0,11
200525316,0,8
200525567,0,8
200525836,0,8
200526118,0,8
200526368,0,8
200526566,0,8
200526566,0,11
200526729,0,8
200526837,0,8
200526934,0,1
200527019,0,8
200527257,0,8
200527257,0,11
200527442,0,1
200527442,0,8
200527442,0,11
200527594,0,1
200527594,0,8
200527594,0,11
200527756,0,8
200527756,0,11
200527889,0,1
200528044,0,11
200528169,0,1
200528169,0,11
200528360,0,8
200528360,0,11
200528548,0,1
200528702,0,11
200528881,0,1
200528881,0,11
200529187,0,8
200529187,0,11
200529305,0,8
200529305,0,11
200529918,0,8
200529918,0,9
200530174,0,8
200530263,0,11
200530430,0,8
200530430,0,11
200530558,0,8
200530679,0,8
200530779,0,8
200530779,0,11
200530937,0,8
200530937,0,11
200531187,0,10
200531288,0,1
200531446,0,2
200531564,0,1
200531694,0,8
200531694,0,11
200531906,0,11
200532043,0,8
200532199,0,8
200532370,0,8
200532508,0,8
200532508,0,11
200532648,0,8
200532760,0,8
200532966,0,8
200533093,0,8
200533185,0,1
200533463,0,1
200533606,0,8
200533606,0,9
200533606,0,10
200533902,0,10
200533902,0,11
200534060,0,8
200534169,0,8
200534297,0,8
200534297,0,9
200534297,0,10
200534597,0,8
200534597,0,9
200534597,0,10
200534597,0,11
200534764,0,8
200534912,0,8
200534912,0,11
200535177,0,11
200535356,0,8
200535489,0,8
200535489,0,11
200535883,0,8
200535883,0,11
200536150,0,8
200536150,0,11
200536348,0,8
200536348,0,11
200536688,0,8
200536688,0,11
200537675,0,8
200537827,0,8
200537958,0,8
200538117,0,8
200538280,0,8
200538522,0,8
200538775,0,8
200538887,0,8
200538887,0,11
200539069,0,8
200539290,0,8
200539290,0,9
200539445,0,8
200539445,0,9
200539611,0,8
200539611,0,11
200539879,0,8
200540052,0,8
200540052,0,11
200540159,0,8
200540159,0,11
200540417,0,8
200540417,0,11
200540616,0,8
200540616,0,11
200540820,0,1
200540993,0,11
200541127,0,1
200541515,0,1
200541618,0,8
200541783,0,8
200541783,0,9
200541783,0,10
200541783,0,11
200541976,0,2
200542139,0,8
200542139,0,9
200542384,0,9
200542384,0,10
200542542,0,1
200542661,0,8
200542813,0,8
200542965,0,8
200543076,0,8
200543076,0,11
200543258,0,1
200543421,0,1
200543528,0,1
200543654,0,8
200543905,0,8
200544176,0,1
200544335,0,8
200544507,0,8
200544645,0,1
200545007,0,8
200545007,0,11
200545215,0,8
200545404,0,8
200545670,0,9
200545670,0,10
200546034,0,8
200546034,0,9
200546034,0,10
200546279,0,8
200546552,0,1
200546840,0,8
200546840,0,11
200547049,0,11
200547394,0,8
200547531,0,1
200547531,0,2
200547648,0,8
200547648,0,11
200547813,0,1
200547813,0,8
200547813,0,11
200548098,0,1
200548229,0,8
200548356,0,11
200548505,0,8
200548653,0,1
200548763,0,1
200548865,0,2
200548865,0,8
200549067,0,8
200549230,0,1
200549376,0,8
200549515,0,8
200549713,0,1
200549713,0,8
200549848,0,8
200549848,0,11
200550110,0,8
200550339,0,1
200550473,0,8
200550473,0,11
200550653,0,8
200550763,0,8
200550896,0,1
200550896,0,2
200550896,0,4
200551165,0,1
200551165,0,2
200551393,0,1
200551547,0,4
200551547,0,22
200551986,0,1
200551986,0,4
200552157,0,4
200552157,0,22
200552334,0,1
200552334,0,4
200552592,0,1
200552592,0,4
200552752,0,4
200552866,0,1
200553017,0,8
200553281,0,8
200553281,0,11
200553575,0,11
200553871,0,2
200553966,0,9
200554105,0,8
200554105,0,11
200554292,0,8
200554447,0,8
200554572,0,8
200554706,0,8
200554974,0,11
200555187,0,10
200555288,0,8
200555466,0,8
200555859,0,8
200556272,0,8
200556272,0,11
200556547,0,8
200556671,0,8
200556815,0,8
200556917,0,11
200557041,0,8
200557041,0,10
200557041,0,11
200557238,0,8
200557423,0,8
200557423,0,11
200557627,0,9
200557627,0,10
200557803,0,8
200557938,0,8
200558152,0,8
200558152,0,11
200558376,0,8
200558376,0,11
200558463,0,8
200558463,0,11
200558571,0,8
200558571,0,11
200558675,0,8
200558675,0,11
200558796,0,8
200558885,0,8
200558984,0,8
200558984,0,10
200559159,0,8
200559303,0,1
200559458,0,8
200559458,0,11
200559619,0,8
200559619,0,11
200559850,0,8
200559850,0,11
200559993,0,11
200560122,0,1
200560236,0,9
200560365,0,1
200560468,0,1
200560631,0,8
200560809,0,8
200560947,0,9
200561074,0,1
200561207,0,8
200561207,0,11
200561358,0,1
200561571,0,1
200561695,0,1
200561826,0,11
200561943,0,8
200561943,0,11
200562224,0,1
200562482,0,4
200562482,0,22
200562710,0,8
200562918,0,8
200562918,0,11
200563142,0,11
200563308,0,8
200563308,0,11
200563473,0,1
200563607,0,8
200563607,0,11
200563996,0,8
200564168,0,8
200564168,0,11
200564432,0,8
200564649,0,8
200564649,0,11
200564903,0,8
200565037,0,8
200565232,0,8
200565232,0,11
200565439,0,8
200565439,0,11
200565606,0,28
200566037,0,10
200566037,0,11
200566172,0,8
200566172,0,11
200566313,0,8
200566520,0,8
200566520,0,11
200566665,0,11
200566791,0,1
200566791,0,4
200566914,0,1
200566914,0,2
200567249,0,8
200567249,0,11
200567422,0,11
200567515,0,8
200567640,0,10
200567640,0,11
200567784,0,8
200567784,0,10
200567908,0,8
200568053,0,8
200568053,0,9
200568053,0,10
200568294,0,8
200568440,0,20
200568440,0,21
200568644,0,8
200568644,0,9
200568796,0,22
200568926,0,8
200568926,0,11
200569061,0,8
200569061,0,11
200569475,0,10
200569602,0,4
200569714,0,4
200569920,0,8
200570050,0,8
200570050,0,11
200570131,0,8
200570251,0,1
200570395,0,1
200570544,0,1
200570743,0,1
200570822,0,10
200571072,0,19
200571399,0,11
200571495,0,11
200571802,0,10
200571802,0,11
200572017,0,1
200572130,0,1
200572343,0,4
200572343,0,22
200572480,0,4
200572480,0,22
200572614,0,8
200572777,0,8
200572927,0,6
200572927,0,7
200572927,0,8
200572927,0,11
200573081,0,8
200573081,0,11
200573260,0,4
200573260,0,22
200573416,0,11
200573416,0,14
200573635,0,8
200573635,0,11
200573770,0,2
200573770,0,8
200573770,0,9
200574217,0,12
200574217,0,22
200574494,0,1
200574494,0,2
200574736,0,2
200574880,0,1
200575082,0,1
200575281,0,2
200575388,0,8
200575567,0,8
200575567,0,10
200575567,0,11
200575790,0,1
200575979,0,8
200576094,0,8
200576094,0,11
200576356,0,8
200576356,0,10
200576356,0,11
200576574,0,8
200576574,0,11
200576827,0,1
200577065,0,2
200577220,0,8
200577220,0,10
200577590,0,1
200577590,0,4
200577799,0,1
200577967,0,8
200578114,0,8
200578350,0,8
200578538,0,8
200578538,0,9
200578538,0,10
200578538,0,11
200578726,0,8
200579044,0,8
200579213,0,2
200579403,0,1
200579403,0,4
200579559,0,8
200579559,0,9
200579766,0,8
200579973,0,1
200579973,0,4
200580099,0,8
200580320,0,11
200580512,0,8
200580708,0,11
200580912,0,11
200580912,0,20
200580912,0,21
200581174,0,21
200581341,0,8
200581535,0,1
200581723,0,7
200581856,0,8
200581856,0,11
200582005,0,8
200582380,0,1
200582538,0,8
200582538,0,9
200582690,0,8
200582690,0,11
200582855,0,1
200582992,0,1
200582992,0,2
200582992,0,4
200582992,0,22
200583282,0,8
200583282,0,11
200583421,0,8
200583421,0,11
200583785,0,1
200583785,0,4
200583951,0,9
200583951,0,10
200584149,0,8
200584149,0,11
200584314,0,8
200584314,0,11
200584517,0,8
200584641,0,1
200584803,0,4
200584803,0,22
200585040,0,1
200585176,0,1
200585305,0,8
200585502,0,8
200585678,0,1
200585787,0,1
200585983,0,1
200586126,0,22
200586299,0,9
200586479,0,10
200586594,0,8
200586594,0,11
200586715,0,8
200586715,0,10
200586935,0,8
200586935,0,10
200587132,0,11
200587294,0,11
200587494,0,8
200587494,0,11
200587725,0,1
200587906,0,1
200588235,0,8
200588235,0,11
200588676,0,1
200588882,0,8
200588882,0,11
200589153,0,8
200589153,0,11
200589334,0,1
200589496,0,1
200589720,0,8
200589720,0,11
200589975,0,1
200590234,0,8
200590234,0,11
200590345,0,1
200590611,0,8
200590777,0,1
200590934,0,8
200591075,0,8
200591075,0,9
200591436,0,9
200591436,0,10
200591876,0,9
200591876,0,10
200592080,0,2
200592329,0,11
200592540,0,1
200592660,0,8
200592831,0,1
200593027,0,8
200593027,0,9
200593027,0,10
200593347,0,8
200593347,0,11
200593653,0,8
200593653,0,11
200593831,0,8
200594106,0,8
200594371,0,8
200594659,0,8
200594954,0,8
200595196,0,1
200595382,0,8
200595515,0,8
200595515,0,9
200595717,0,1
200595895,0,11
200596036,0,8
200596036,0,11
200596206,0,1
200596419,0,1
200596573,0,8
200596573,0,11
200596875,0,8
200596875,0,11
200597009,0,1
200597215,0,8
200597215,0,11
200597435,0,2
200597555,0,1
200597720,0,8
200597720,0,11
200597896,0,2
200598036,0,1
200598195,0,8
200598327,0,1
200598479,0,1
200598624,0,8
200598624,0,10
200598786,0,8
200598996,0,1
200598996,0,8
200599110,0,8
200599210,0,8
200599528,0,9
200599528,0,10
200599871,0,1
200599994,0,8
200599994,0,11
200600224,0,8
200600224,0,11
200600502,0,8
200600502,0,11
200600763,0,1
200600993,0,8
200600993,0,11
200601240,0,9
200601442,0,8
200601601,0,1
200601851,0,8
200601851,0,11
200602109,0,11
200602265,0,1
200602379,0,1
200602565,0,1
200602798,0,11
200602974,0,8
200603222,0,8
200603382,0,8
200603552,0,1
200603741,0,8
200603741,0,11
200603890,0,11
200604049,0,1
200604167,0,8
200604167,0,11
200604403,0,8
200604403,0,11
200604673,0,8
200604955,0,11
200605084,0,1
200605215,0,1
200605346,0,10
200605346,0,11
200605665,0,1
200605863,0,10
200605863,0,11
200606067,0,8
200606067,0,9
200606067,0,10
200606067,0,11
200606307,0,8
200606554,0,1
200606757,0,8
200606757,0,11
200606924,0,9
200607132,0,8
200607132,0,11
200607277,0,11
200607450,0,1
200607617,0,8
200607617,0,11
200607824,0,1
200607978,0,8
200607978,0,11
200608140,0,1
200608417,0,8
200608671,0,8
200608671,0,11
200608844,0,8
200608844,0,11
200609110,0,8
200609110,0,11
200609326,0,1
200609500,0,8
200609500,0,11
200609647,0,1
200609825,0,8
200610163,0,1
200610456,0,8
200610456,0,11
200610602,0,8
200610602,0,9
200610688,0,8
200610688,0,9
200610688,0,10
200610688,0,11
200610917,0,2
200611107,0,1
200611107,0,4
200611301,0,1
200611301,0,2
200611301,0,4
200611301,0,22
200611507,0,2
200611651,0,8
200611651,0,11
200611845,0,1
200611995,0,8
200612102,0,8
200612196,0,8
200612303,0,8
200612402,0,8
200612502,0,8
200612661,0,8
200612740,0,8
200612827,0,8
200612911,0,8
200612995,0,8
200613141,0,1
200613215,0,8
200613352,0,8
200613484,0,8
200613646,0,8
200613820,0,8
200613971,0,1
200614115,0,8
200614237,0,8
200614369,0,8
200614522,0,8
200614696,0,2
200614809,0,11
200614931,0,1
200615068,0,8
200615194,0,1
200615328,0,8
200615328,0,26
200615328,1,2
200615810,0,2
200615995,0,2
200615995,0,8
200615995,0,9
200615995,0,26
200616434,0,8
200616434,0,26
200616591,0,8
200616591,0,26
200616860,0,2
200616860,0,8
200616860,0,9
200617026,0,1
200617363,0,8
200617363,0,9
200617488,0,2
200617488,0,22
200617488,2,8
200617764,0,8
200617883,0,8
200617883,0,26
200618046,0,8
200618237,0,2
200618237,0,8
200618237,0,26
200618752,0,8
200618752,0,26
200618988,0,1
200619288,0,1
200619288,0,7
200619455,0,2
200619455,0,4
200619610,0,8
200619610,0,26
200619610,1,22
200619813,0,8
200619813,0,9
200619813,0,12
200619971,0,8
200620152,0,8
200620152,0,9
200620528,0,2
200620691,0,8
200620691,0,9
200620850,0,26
200620997,0,8
200620997,0,26
200621180,0,8
200621180,0,9
200621180,0,26
200621386,0,8
200621386,0,9
200621800,0,8
200621800,0,9
200622138,0,2
200622138,0,8
200622138,0,26
200622744,0,2
200622744,0,22
200622915,0,2
200622915,0,22
200623113,0,28
200623328,0,8
200623556,0,8
200623698,0,2
200623858,0,8
200624275,0,8
200624429,0,8
200624598,0,8
200624847,0,8
200624847,1,2
200624847,1,8
200624847,1,22
200625154,0,2
200625154,0,8
200625154,0,22
200625154,0,28
200625535,0,8
200625759,0,8
200625759,0,28
200625886,0,8
200625886,0,28
200626010,0,2
200626211,0,8
200626211,0,26
200626211,1,26
200626211,2,2
200626211,3,22
200626211,6,22
200626211,7,26
200626211,8,26
200626745,0,22
200626924,0,2
200626924,0,22
200627031,0,9
200627031,0,20
200627146,0,9
200627303,0,8
200627564,0,2
200627564,0,8
200627699,0,9
200627699,0,10
200628053,0,10
200628232,0,10
200628232,0,11
200628372,0,9
200628372,0,20
200628372,5,8
200628372,6,8
200628707,0,9
200628928,0,22
200629024,0,8
200629024,0,26
200629187,0,8
200629477,0,8
200629477,0,22
200629620,0,8
200629875,0,8
200630000,0,2
200630000,0,8
200630000,0,22
200630170,0,27
200630544,0,2
200630663,0,9
200631187,0,9
200631346,0,9
200631459,0,2
200631590,0,8
200631712,0,2
200631814,0,9
200631941,0,8
200632352,0,2
200632508,0,9
200632732,0,9
200632732,0,10
200632977,0,9
200632977,0,10
200633150,0,9
200633262,0,2
200633262,0,21
200633572,0,2
200633572,0,8
200633890,0,9
200634026,0,8
200634173,0,8
200634173,0,21
200634423,0,8
200634573,0,8
200634573,0,22
200634687,0,2
200634687,0,8
200634978,0,2
200634978,0,8
200635218,0,22
200635389,0,22
200635531,0,8
200635531,0,26
200635531,0,33
200636141,0,8
200636141,0,9
200636271,0,8
200636439,0,8
200636439,0,9
200636577,0,2
200636765,0,1
200636887,0,2
200636887,1,8
200636887,1,9
200636887,1,26
200637157,0,1
200637311,0,8
200637311,0,9
200637311,0,26
200637488,0,8
200637488,0,26
200637833,0,8
200637990,0,8
200637990,0,9
200637990,0,26
200638233,0,8
200638233,0,9
200638454,0,9
200638454,0,10
200638454,0,18
200638454,0,24
200638704,0,10
200638704,0,20
200638862,0,9
200638862,0,24
200638989,0,2
200638989,0,22
200639190,0,2
200639190,0,8
200639451,0,8
200639451,0,9
200639790,0,2
200640030,0,8
200640030,0,9
200640030,0,10
200640030,0,11
200640529,0,8
200640529,0,9
200640529,0,10
200640529,0,11
200640744,0,8
200640978,0,8
200640978,0,9
200640978,0,26
200641156,0,8
200641156,0,9
200641156,0,21
200641386,0,9
200641531,0,8
200641857,0,2
200642016,0,8
200642016,0,9
200642016,0,10
200642444,0,8
200642444,0,9
200642444,0,10
200642831,0,9
200642831,0,10
200643051,0,22
200643216,0,28
200643386,0,8
200643386,0,9
200643386,0,28
200643826,0,8
200644020,0,8
200644178,0,8
200644178,0,10
200644557,0,8
200644557,0,9
200644783,0,8
200644920,0,8
200645128,0,8
200645128,0,9
200645315,0,8
200645315,0,9
200645571,0,8
200645571,0,9
200645769,0,8
200645889,0,8
200645889,0,9
200646081,0,8
200646081,0,9
200646224,0,2
200646551,0,2
200646797,0,8
200646797,0,9
200646981,0,8
200646981,0,9
200647212,0,8
200647212,0,9
200647408,0,8
200647408,0,9
200647717,0,8
200648019,0,8
200648126,0,8
200648126,0,9
200648126,0,21
200648350,0,8
200648720,0,8
200648720,0,9
200648860,0,10
200649031,0,8
200649172,0,8
200649172,0,11
200649425,0,11
200649557,0,8
200650135,0,2
200650135,0,8
200650135,0,26
200650284,0,8
200650383,0,9
200650383,0,10
200650383,0,11
200650853,0,9
200650853,0,10
200651033,0,10
200651658,0,1
200651658,0,10
200651803,0,8
200652308,0,8
200652521,0,8
200652713,0,8
200652963,0,8
200653086,0,8
200653356,0,21
200653646,0,8
200653812,0,2
200654021,0,2
200654021,0,8
200654021,0,26
200654420,0,2
200654682,0,8
200654800,0,8
200654922,0,9
200655089,0,8
200655259,0,8
200655408,0,2
200655408,0,8
200655408,0,14
200655408,0,15
200655408,0,27
200655748,0,8
200655870,0,8
200656071,0,8
200656400,0,2
200656400,0,8
200656500,0,8
200656500,0,11
200656698,0,8
200656829,0,8
200656975,0,2
200656975,0,8
200657130,0,2
200657130,0,8
200657307,0,2
200657307,0,8
200657496,0,2
200658496,0,2
200658788,0,8
200659037,0,8
200659188,0,8
200659343,0,2
200659597,0,2
200659754,0,8
200659754,0,22
200659754,1,8
200660636,0,2
200660790,0,2
200661040,0,2
200661186,0,24
200661186,0,26
200661703,0,8
200661703,0,11
200661703,0,26
200662094,0,2
200662094,0,26
200662398,0,2
200662561,0,8
200662732,0,2
200662910,0,26
200663671,0,8
200663671,0,26
200663867,0,2
200664110,0,26
200664544,0,8
200665211,0,8
200665211,0,11
200665402,0,8
200665482,0,8
200665592,0,8
200665749,0,8
200665749,0,26
200665967,0,8
200666129,0,26
200666262,0,26
200666576,0,21
200666821,0,8
200666965,0,8
200666965,0,26
200667975,0,8
200668423,0,1
200668561,0,8
200668675,0,8
200668986,0,8
200669169,0,2
200669316,0,2
200669531,0,8
200669687,0,8
200669854,0,8
200669992,0,8
200670118,0,8
200670241,0,8
200670506,0,8
200670684,0,2
200670684,0,8
200670994,0,8
200671108,0,2
200671108,0,8
200671406,0,8
200671546,0,8
200671803,0,8
200671972,0,2
200671972,0,8
200672249,0,8
200672249,0,11
200672390,0,8
200672390,0,11
200672536,0,8
200672727,0,2
200672727,0,8
200672904,0,2
200672904,0,8
200673121,0,8
200673121,0,9
200673511,0,8
200674041,0,8
200674197,0,8
200674618,0,1
200674771,0,8
200675495,0,8
200675669,0,2
200675863,0,8
200676082,0,9
200676250,0,8
200676446,0,1
200676446,0,2
200676582,0,8
200676769,0,8
200676869,0,8
200677065,0,8
200677239,0,8
200677421,0,8
200677835,0,8
200677956,0,8
200678097,0,8
200678256,0,8
200678398,0,2
200678551,0,8
200679091,0,2
200679091,0,8
200679091,0,9
200679360,0,8
200679572,0,8
200679689,0,2
200679689,0,22
200679808,0,8
200680084,0,8
200680214,0,2
200680343,0,8
200680343,0,21
200680560,0,8
200680680,0,8
200680680,0,9
200680680,0,16
200681334,0,8
200681547,0,21
200681700,0,22
200681882,0,8
200682032,0,8
200682161,0,8
200682450,0,10
200682450,0,11
200682805,0,8
200682805,0,9
200682805,0,11
200683099,0,8
200683453,0,8
200683453,0,9
200683453,0,11
200683453,0,21
200683836,0,2
200684059,0,2
200684287,0,20
200684287,0,21
200684682,0,8
200684682,0,33
200684925,0,8
200685113,0,2
200685113,0,22
200685292,0,8
200685292,0,9
200686048,0,8
200686225,0,21
200686462,0,8
200686657,0,8
200686777,0,8
200686777,0,11
200687019,0,8
200687019,0,9
200687019,0,20
200687019,0,21
200687303,0,8
200687303,0,9
200687570,0,8
200687661,0,31
200687761,0,8
200687761,0,9
200688005,0,8
200688005,0,9
200688352,0,8
200688530,0,2
200688530,0,8
200688854,0,8
200688854,0,9
200689421,0,8
200689421,0,9
200689421,0,10
200689421,0,11
200689600,0,8
200689600,0,9
200689715,0,9
200689914,0,8
200689914,0,9
200690062,0,2
200690175,0,8
200690175,0,9
200690337,0,8
200690578,0,6
200690578,0,7
200690786,0,4
200690786,0,22
200690904,0,8
200690904,0,11
200691183,0,8
200691430,0,8
200691589,0,8
200691710,0,8
200691830,0,8
200692072,0,8
200692339,0,8
200692586,0,8
200692747,0,8
200692876,0,8
200692987,0,8
200693363,0,8
200693666,0,8
200693770,0,26
200693770,0,28
200694379,0,8
200694572,0,8
200694768,0,2
200694768,0,8
200694901,0,8
200694901,0,26
200695038,0,8
200695113,0,9
200695330,0,2
200695330,0,8
200695495,0,8
200695495,0,11
200695702,0,8
200695702,0,11
200695702,0,26
200696025,0,8
200696025,0,11
200696025,0,26
200696490,0,2
200696590,0,8
200696590,0,11
200696731,0,8
200696731,0,26
200696885,0,8
200697026,0,8
200697141,0,8
200697141,0,11
200697141,0,26
200697783,0,8
200697783,0,11
200697995,0,8
200698159,0,8
200698159,0,11
200698159,0,26
200698375,0,8
200698375,0,11
200698497,0,8
200698497,0,11
200698697,0,8
200698697,0,11
200698697,0,26
200699020,0,8
200699020,0,11
200699215,0,8
200699215,0,11
200699372,0,8
200699372,0,9
200699372,11,22
200700078,0,8
200700372,0,8
200700516,0,2
200700639,0,8
200700801,0,2
200700903,0,2
200701035,0,8
200701035,1,22
200701261,0,7
200701470,0,8
200701570,0,5
200701570,0,8
200701570,0,9
200701570,0,24
200701570,0,26
200702319,0,22
200702518,0,8
200702518,0,9
200702663,0,8
200702663,0,9
200702981,0,8
200702981,0,9
200703190,0,8
200703190,0,11
200703405,0,8
200703405,0,9
200703683,0,8
200703839,0,8
200703839,0,22
200703839,0,26
200704501,0,8
200704804,0,8
200704911,0,8
200705034,0,14
200705229,0,8
200705464,0,2
200705464,0,8
200705464,0,9
200705718,0,8
200705821,0,2
200705821,0,8
200705821,0,9
200705998,0,8
200706088,0,2
200706088,0,8
200706088,0,9
200706929,0,9
200706929,0,10
200707109,0,9
200707285,0,9
200707418,0,20
200707418,0,21
200707652,0,8
200707784,0,8
200707784,0,9
200707967,0,8
200707967,0,9
200707967,0,22
200708231,0,8
200708231,0,9
200708381,0,8
200708381,0,9
200708381,0,28
200708538,0,8
200708538,0,21
200708720,0,11
200708980,0,8
200708980,0,9
200709115,0,8
200709290,0,20
200709290,0,21
200709591,0,8
200709730,0,21
200709907,0,8
200709907,0,9
200709907,0,20
200709907,0,21
200710172,0,8
200710172,0,9
200710172,0,20
200710172,0,21
200710402,0,8
200710402,0,9
200710402,0,20
200710402,0,21
200710606,0,8
200710606,0,9
200710737,0,8
200710864,0,8
200710864,0,9
200711014,0,8
200711014,0,26
200711376,0,2
200711376,0,22
200711598,0,26
200711598,0,28
200711806,0,9
200711806,0,10
200712007,0,9
200712007,0,10
200712146,0,8
200712146,0,9
200712353,0,10
200712502,0,10
200712502,0,24
200712786,0,10
200712786,0,24
200712942,0,8
200712942,0,9
200713090,0,8
200713891,0,8
200714097,0,8
200714310,0,8
200714499,0,8
200714646,0,8
200714845,0,8
200714845,0,29
200714998,0,8
200714998,0,9
200714998,0,26
200715388,0,8
200715489,0,26
200715648,0,8
200715648,0,9
200715786,0,8
200715786,0,9
200715991,0,2
200715991,0,22
200716225,0,2
200716363,0,8
200716363,0,9
200716538,0,8
200716781,0,20
200716781,0,21
200716924,0,8
200716924,0,21
200717119,0,8
200717119,0,9
200717401,0,8
200717401,0,9
200717401,0,26
200717781,0,8
200717781,0,11
200717991,0,9
200717991,0,10
200718189,0,8
200718189,0,26
200718621,0,8
200718621,0,9
200718775,0,8
200718923,0,8
200719037,0,8
200719037,0,9
200719037,0,26
200719244,0,8
200719244,0,9
200719376,0,8
200719564,0,8
200719564,0,9
200719961,0,9
200719961,0,10
200720077,0,22
200720327,0,2
200720327,0,8
200720519,0,2
200720627,0,2
200720764,0,8
200720764,0,26
200720903,0,5
200720903,0,9
200721368,0,2
200721509,0,8
200721509,0,9
200721888,0,5
200721888,0,20
200721888,0,21
200721888,0,24
200722197,0,5
200722197,0,8
200722197,0,20
200722197,0,21
200722931,0,5
200722931,0,20
200722931,0,21
200723135,0,8
200723135,0,9
200723284,0,8
200723453,0,8
200723620,0,2
200723620,0,17
200723620,0,22
200723819,0,8
200723819,0,9
200723819,0,10
200723819,0,11
200724081,0,8
200724332,0,8
200724470,0,8
200724716,0,8
200724716,0,9
200725038,0,8
200725038,0,9
200725324,0,8
200725324,0,9
200725556,0,9
200725760,0,5
200725760,0,14
200725760,0,26
200726048,0,8
200726048,0,9
200726545,0,9
200726678,0,8
200726678,0,9
200726903,0,8
200726903,0,9
200727011,0,8
200727157,0,8
200727263,0,21
200727512,0,8
200727798,0,8
200728079,0,8
200728226,0,8
200728226,1,8
200728472,0,8
200728776,0,8
200728776,0,9
200728928,0,8
200728928,1,22
200729138,0,8
200729552,0,8
200729552,0,9
200729722,0,2
200729722,0,8
200729722,0,26
200729722,0,29
200729722,1,2
200729722,2,26
200729722,2,29
200730255,0,5
200730407,0,5
200730549,0,8
200730723,0,28
200730883,0,8
200730883,0,26
200731006,0,8
200731006,0,11
200731485,0,8
200731636,0,10
200731777,0,26
200731777,0,28
200731966,0,8
200731966,0,11
200731966,0,26
200731966,0,27
200732349,0,8
200732523,0,8
200732704,0,8
200732895,0,11
200733083,0,8
200733284,0,11
200733284,0,29
200733284,1,11
200733284,1,29
200733284,2,11
200733284,2,29
200733284,3,11
200733284,3,29
200733284,4,11
200733284,4,29
200733968,0,8
200733968,0,11
200734116,0,1
200734116,0,2
200734269,0,11
200734457,0,8
200734618,0,8
200734618,0,11
200734826,0,8
200734993,0,8
200734993,0,9
200735165,0,11
200735165,0,26
200735165,0,29
200735361,0,11
200735361,0,26
200735361,0,29
200735576,0,10
200735702,0,9
200735702,0,10
200735702,0,26
200735904,0,8
200735904,0,29
200736100,0,29
200736270,0,8
200736270,0,33
200736468,0,8
200736644,0,2
200736644,0,22
200736783,0,2
200737085,0,8
200737085,0,33
200737490,0,8
200737622,0,8
200737622,0,28
200737622,0,33
200737912,0,8
200737912,0,28
200737912,3,8
200738173,0,8
200738319,0,1
200738319,0,11
200738442,0,8
200738442,0,33
200738638,0,8
200738638,0,28
200738638,0,33
200739015,0,8
200739151,0,8
200739262,0,8
200739451,0,2
200739451,0,22
200739798,0,2
200739966,0,2
200739966,0,8
200740100,0,1
200740100,0,2
200740100,0,28
200740432,0,2
200740432,0,22
200740604,0,2
200740604,0,8
200740852,0,8
200740852,0,33
200741014,0,8
200741014,0,28
200741334,0,21
200741474,0,28
200741699,0,9
200741873,0,24
200742119,0,8
200742119,0,21
200742338,0,9
200742338,0,24
200742499,0,8
200742966,0,8
200743157,0,8
200743354,0,8
200743473,0,8
200743591,0,8
200743787,0,8
200743971,0,2
200744101,0,8
200744266,0,8
200744266,0,33
200744501,0,22
200744704,0,8
200744704,0,26
200744958,0,2
200744958,0,8
200745125,0,22
200745277,0,8
200745277,0,9
200745678,0,8
200745830,0,17
200745830,0,31
200746481,0,8
200746659,0,8
200746659,0,11
200746936,0,8
200747194,0,17
200747194,0,31
200747381,0,17
200747381,0,31
200747547,0,2
200747547,0,9
200747737,0,8
200747737,0,11
200747902,0,26
200748204,0,8
200748204,0,21
200748468,0,8
200748468,0,11
200748567,0,26
200748829,0,8
200748829,0,11
200749044,0,11
200749230,0,26
200749457,0,8
200749457,0,11
200749457,0,26
200749744,0,8
200749926,0,8
200750076,0,2
200750076,0,12
200750076,0,22
200750639,0,2
200750835,0,2
200750835,0,12
200750835,0,22
200751029,0,1
200751029,0,4
200751210,0,11
200751366,0,1
200751458,0,1
200751458,0,2
200751628,0,5
200751628,0,17
200751628,0,20
200751628,0,21
200751783,0,2
200751952,0,8
200751952,0,9
200752311,0,8
200752455,0,8
200752455,0,26
200752455,0,28
200752784,0,8
200752784,0,9
200752784,0,33
200752784,1,28
200752784,3,28
200753272,0,22
200753403,0,8
200753403,0,9
200753403,0,11
200753594,0,26
200753747,0,2
200753747,0,8
200753747,0,26
200753884,0,26
200754088,0,26
200754223,0,8
200754223,0,26
200754357,0,8
200754533,0,8
200754533,0,26
200754700,0,2
200754700,0,13
200755219,0,10
200755219,0,11
200755392,0,2
200755392,0,9
200755392,0,10
200755600,0,7
200755766,0,8
200755893,0,4
200756107,0,8
200756107,0,24
200756413,0,8
200756413,0,9
200756591,0,2
200756591,0,22
200756712,0,8
200756712,0,15
200757071,0,8
200757071,0,9
200757243,0,2
200757243,0,8
200757411,0,9
200757411,0,10
200757625,0,9
200757625,0,10
200757853,0,9
200757853,0,10
200758142,0,9
200758142,0,10
200758327,0,9
200758588,0,8
200758588,0,9
200758732,0,9
200758732,0,10
200758879,0,15
200758879,0,21
200759363,0,15
200759363,0,21
200759591,0,8
200759722,0,15
200759722,0,17
200759884,0,8
200759884,0,15
200759988,0,15
200760209,0,8
200760427,0,9
200760427,0,10
200760427,1,22
200760627,0,8
200760878,0,1
200761047,0,21
200761271,0,8
200761271,0,26
200761651,0,8
200761651,0,26
200761779,0,8
200761779,0,9
200761779,0,26
200761934,0,8
200762226,0,29
200762528,0,8
200762528,0,21
200762724,0,8
200762724,0,21
200763109,0,8
200763109,0,9
200763358,0,8
200763358,0,11
200763556,0,8
200763556,0,11
200763704,0,8
200763815,0,8
200764057,0,8
200764273,0,8
200764571,0,8
200764802,0,9
200765017,0,8
200765452,0,8
200765585,0,15
200765585,0,21
200765755,0,20
200765913,0,8
200766216,0,8
200766423,0,8
200766423,1,22
200766629,0,8
200766890,0,10
200767068,0,9
200767240,0,22
200767331,0,8
200767331,0,33
200767490,0,8
200767490,2,22
200767784,0,8
200767784,0,9
200768023,0,22
200768226,0,21
200768363,0,8
200768642,0,8
200768807,0,8
200768989,0,8
200769284,0,8
200769627,0,9
200769627,0,10
200769748,0,8
200770036,0,8
200770250,0,9
200770250,0,11
200770463,0,8
200770680,0,8
200770868,0,22
200771027,0,8
200771151,0,10
200771151,0,11
200771349,0,10
200771577,0,8
200771577,0,22
200771852,0,2
200772007,0,8
200772133,0,8
200772133,0,11
200772276,0,9
200772440,0,8
200772644,0,10
200772775,0,8
200772775,0,29
200773033,0,8
200773247,0,8
200773373,0,21
200773764,0,21
200774019,0,8
200774178,0,8
200774306,0,2
200774306,0,8
200774306,0,15
200775266,0,2
200775395,0,2
200775604,0,2
200775801,0,2
200775899,0,8
200776088,0,8
200776088,0,15
200776722,0,1
200776722,0,2
200776939,0,8
200776939,0,15
200777080,0,2
200777080,0,8
200777201,0,9
200777201,0,10
200777201,1,2
200777549,0,8
200777549,0,9
200777549,0,11
200777768,0,9
200777929,0,8
200777929,0,9
200778096,0,1
200778355,0,1
200778488,0,2
200778488,0,22
200778710,0,9
200778841,0,8
200779015,0,8
200779124,0,2
200779377,0,2
200779377,0,8
200779493,0,8
200779493,0,16
200779804,0,8
200779964,0,8
200780078,0,8
200780078,0,26
200780236,0,8
200780236,0,26
200780360,0,8
200780360,0,26
200780473,0,24
200780712,0,24
200780712,0,26
200781147,0,8
200781147,2,27
200781430,0,19
200781430,0,24
200781430,0,30
200781652,0,2
200781775,0,4
200781775,0,22
200781950,0,19
200782102,0,17
200782300,0,19
200782652,0,15
200782839,0,9
200783008,0,15
200783128,0,19
200783241,0,24
200783430,0,9
200783430,0,20
200783638,0,9
200783638,0,10
200783848,0,1
200783848,0,2
200783848,0,4
200783848,0,22
200784017,0,24
200784226,0,24
200784399,0,8
200784399,0,9
200784586,0,17
200784586,0,24
200784896,0,9
200784896,0,17
200785033,0,4
200785185,0,9
200785185,0,17
200785351,0,9
200785351,0,15
200785461,0,8
200785639,0,24
200785847,0,1
200785847,0,2
200785959,0,8
200785959,0,9
200786265,0,9
200786407,0,8
200786407,0,9
200786565,0,16
200786565,0,24
200786565,0,26
200786565,0,28
200786836,0,8
200786836,0,9
200787539,0,24
200787539,0,25
200787539,0,26
200787809,0,2
200787956,0,9
200788231,0,8
200788231,0,11
200788388,0,9
200788505,0,24
200788635,0,9
200788806,0,9
200788806,0,24
200788806,0,26
200789017,0,8
200789017,0,26
200789017,0,28
200789406,0,24
200789522,0,12
200789820,0,16
200789820,0,24
200790151,0,8
200790151,0,9
200790151,0,10
200790151,0,11
200790413,0,8
200790413,0,26
200790724,0,8
200790724,0,26
200790973,0,26
200791131,0,34
200791267,0,28
200791450,0,8
200791450,0,11
200791619,0,8
200791619,0,9
200791931,0,8
200792174,0,8
200792174,0,9
200792329,0,8
200792465,0,8
200792465,0,9
200792465,0,11
200792670,0,8
200792759,0,9
200793019,0,8
200793019,0,33
200793219,0,2
200793401,0,22
200793401,0,24
200793633,0,22
200793789,0,9
200793789,0,24
200794076,0,2
200794076,0,26
200794076,0,27
200794319,0,9
200794534,0,2
200794708,0,7
200794867,0,8
200794867,0,26
200795088,0,2
200795088,0,22
200795586,0,8
200795732,0,8
200795845,0,8
200796175,0,8
200796461,0,2
200796610,0,2
200796852,0,22
200797021,0,2
200797141,0,2
200797268,0,2
200797392,0,2
200797531,0,8
200797845,0,8
200797963,0,2
200797963,0,8
200798164,0,2
200798164,0,22
200798354,0,2
200798354,0,28
200798658,0,2
200798914,0,2
200799034,0,2
200799363,0,9
200799546,0,2
200799546,0,22
200799546,0,27
200799799,0,24
200800127,0,2
200800127,0,8
200800127,0,9
200800127,0,10
200800127,0,11
200800127,0,24
200800439,0,24
200800568,0,9
200800568,0,24
200800568,0,30
200801169,0,2
200801272,0,9
200801272,0,10
200801484,0,9
200801484,0,10
200801680,0,9
200801680,0,24
200801785,0,11
200801785,0,14
200801785,0,15
200801957,0,9
200802069,0,22
200802213,0,8
200802213,0,9
200802473,0,8
200802597,0,30
200802720,0,30
200802838,0,9
200802838,0,24
200803004,0,30
200803406,0,2
200803406,0,8
200803581,0,9
200803679,0,9
200803779,0,9
200804060,0,2
200804272,0,9
200804424,0,9
200804720,0,24
200804720,0,25
200804720,1,24
200804720,2,24
200804720,4,24
200805812,0,9
200806020,0,9
200806020,0,10
200806020,0,24
200806169,0,25
200806311,0,24
200806485,0,24
200806640,0,24
200806868,0,26
200807167,0,8
200807319,0,8
200807319,0,11
200807646,0,8
200807646,0,15
200807982,0,2
200807982,0,26
200808129,0,2
200808129,0,8
200808129,0,22
200808483,0,2
200808619,0,2
200808619,0,22
200808753,0,2
200808753,0,22
200809041,0,2
200809041,0,22
200809338,0,2
200809338,0,22
200809590,0,2
200809705,0,2
200810043,0,2
200810043,0,22
200810579,0,2
200810579,0,22
200810718,0,8
200810718,0,9
200810946,0,8
200811155,0,18
200811155,0,24
200811410,0,9
200811410,0,30
200811752,0,2
200811752,0,8
200811894,0,8
200811894,0,9
200812297,0,9
200812428,0,9
200812428,0,10
200812813,0,22
200812951,0,9
200813142,0,9
200813295,0,2
200813295,0,8
200813295,0,9
200813295,0,10
200813295,0,11
200813783,0,8
200813783,0,11
200813923,0,8
200814099,0,2
200814398,0,2
200814657,0,8
200814878,0,8
200814982,0,2
200815136,0,2
200815275,0,2
200815564,0,8
200815695,0,2
200815695,0,22
200816120,0,2
200816120,0,28
200816120,0,33
200816454,0,1
200816454,0,2
200816642,0,1
200816642,0,2
200816642,0,22
200816803,0,2
200816803,0,9
200817054,0,22
200817207,0,16
200817578,0,2
200817677,0,9
200817677,0,30
200818211,0,9
200818211,0,10
200818415,0,9
200818415,0,10
200818692,0,8
200818858,0,20
200819028,0,8
200819125,0,9
200819125,0,10
200819249,0,9
200819249,0,30
200819353,0,9
200819511,0,8
200819658,0,2
200819658,0,22
200819792,0,8
200819792,0,9
200819792,0,29
200820113,0,9
200820254,0,2
200820254,0,22
200820474,0,2
200820474,0,22
200820746,0,2
200820746,0,8
200820746,0,9
200821242,0,9
200821242,0,20
200821600,0,9
200821600,0,20
200821833,0,9
200821833,0,20
200822143,0,9
200822356,0,9
200822558,0,8
200822774,0,9
200822774,0,14
200822774,0,15
200822955,0,9
200823082,0,9
200823462,0,2
200823462,0,8
200823462,0,22
200823719,0,9
200823869,0,9
200824036,0,8
200824036,0,9
200824036,0,29
200824346,0,2
200824346,0,9
200824832,0,2
200824832,0,8
200824832,0,9
200825033,0,2
200825033,0,7
200825206,0,2
200825407,0,2
200825601,0,2
200825863,0,8
200825863,0,14
200825863,0,15
200826032,0,8
200826032,0,9
200826032,0,20
200826270,0,9
200826404,0,9
200826662,0,2
200826662,0,8
200826662,0,9
200826912,0,9
200827066,0,9
200827205,0,9
200827205,0,10
200827372,0,9
200827372,0,20
200827822,0,8
200827938,0,9
200827938,0,20
200828172,0,9
200828319,0,9
200828481,0,25
200828686,0,9
200828686,0,10
200828686,0,24
200828980,0,9
200828980,0,10
200828980,0,24
200829303,0,11
200829453,0,8
200829453,0,10
200829560,0,9
200829560,0,24
200829800,0,8
200829901,0,8
200829901,0,9
200829901,0,24
200830184,0,8
200830452,0,8
200830609,0,8
200830609,0,14
200830840,0,8
200830840,0,24
200831369,0,8
200831369,0,33
200831565,0,8
200831565,0,9
200831565,0,20
200831565,0,21
200831816,0,20
200831953,0,8
200831953,0,9
200832298,0,2
200832425,0,8
200832425,0,9
200832425,0,28
200832692,0,8
200833104,0,22
200833262,0,2
200833415,0,2
200833552,0,8
200833552,0,9
200833730,0,2
200833730,0,8
200834089,0,8
200834256,0,8
200834396,0,2
200834829,0,8
200834829,0,11
200835273,0,2
200835273,0,8
200835488,0,8
200835614,0,8
200835778,0,8
200835958,0,8
200835958,0,9
200836401,0,8
200836568,0,8
200836672,0,8
200836846,0,8
200837041,0,2
200837041,0,22
200837200,0,8
200837418,0,8
200837418,0,24
200838072,0,8
200838072,0,9
200838451,0,8
200838451,0,24
200838998,0,8
200839185,0,8
200839185,0,26
200839322,0,2
200839322,0,22
200839659,0,2
200839659,0,27
200839854,0,2
200840003,0,1
200840003,0,2
200840003,0,13
200840447,0,2
200840447,0,13
200840595,0,2
200840595,0,13
200840595,0,26
200840595,0,28
200841147,0,2
200841147,0,22
200841286,0,2
200841286,0,8
200841286,0,14
200841286,0,15
200841286,0,26
200841286,0,27
200841286,1,2
200841551,0,22
200841739,0,8
200841739,0,22
200842146,0,8
200842146,0,11
200842325,0,8
200842444,0,2
200842444,0,22
200842727,0,2
200842727,0,12
200842727,0,22
200842727,0,26
200843207,0,2
200843207,0,22
200843420,0,22
200843601,0,9
200843786,0,8
200843786,0,11
200843929,0,2
200843929,0,22
200844113,0,9
200844329,0,9
200844506,0,9
200844711,0,2
200844711,0,22
200844912,0,8
200845484,0,8
200845643,0,2
200845815,0,8
200845815,0,9
200845987,0,2
200845987,0,22
200846297,0,2
200846429,0,8
200846429,0,9
200846633,0,8
200846633,0,9
200846996,0,9
200847175,0,8
200847175,0,9
200847289,0,8
200847289,0,33
200847443,0,8
200847443,0,9
200847610,0,8
200847610,0,9
200847610,1,22
200847892,0,2
200847892,0,8
200848194,0,8
200848356,0,2
200848356,0,21
200848356,0,26
200848356,0,29
200848356,3,8
200848807,0,22
200848963,0,8
200849102,0,2
200849102,0,8
200849290,0,2
200849290,0,8
200849290,0,9
200849770,0,9
200849933,0,13
200850162,0,8
200850162,0,9
200850162,0,11
200850483,0,8
200850691,0,2
200850691,0,26
200850851,0,8
200850998,0,2
200850998,0,9
200850998,0,26
200850998,0,27
200851473,0,2
200851682,0,2
200851682,0,26
200851885,0,8
200851885,0,26
200852157,0,8
200852332,0,8
200852332,0,26
200852496,0,8
200852496,0,9
200852640,0,8
200852640,0,26
200853099,0,22
200853256,0,2
200853482,0,8
200853482,0,9
200853600,0,9
200853826,0,8
200853957,0,8
200853957,0,26
200854209,0,2
200854378,0,2
200854378,0,13
200854585,0,2
200854585,0,13
200854757,0,2
200854930,0,2
200854930,0,22
200855178,0,8
200855345,0,8
200855497,0,8
200855774,0,8
200855774,0,22
200855774,0,26
200856033,0,11
200856223,0,8
200856223,0,26
200856398,0,8
200856398,0,11
200857002,0,4
200857187,0,4
200857366,0,11
200857523,0,8
200857741,0,9
200857846,0,5
200857846,0,14
200858225,0,14
200858391,0,9
200858608,0,9
200858972,0,8
200859223,0,9
200859381,0,8
200859381,0,9
200859620,0,9
200859874,0,9
200860175,0,9
200860349,0,9
200860349,7,22
200860349,14,22
200860349,17,22
200861001,0,8
200861202,0,9
200861348,0,2
200861547,0,9
200861773,0,9
200861898,0,8
200862075,0,8
200862075,0,9
200862784,0,2
200862928,0,9
200863160,0,22
200863303,0,8
200863303,0,9
200863432,0,24
200863432,0,26
200863432,0,27
200863705,0,2
200863705,0,12
200863705,0,13
200863929,0,2
200863929,0,9
200864133,0,2
200864627,0,2
200864774,0,2
200864887,0,2
200864980,0,2
200864980,0,9
200864980,0,10
200864980,0,14
200864980,0,15
200864980,0,24
200864980,0,26
200865634,0,9
200865820,0,2
200865820,0,9
200866061,0,9
200866221,0,14
200866371,0,24
200866512,0,9
200866625,0,2
200866625,0,12
200866625,0,13
200866938,0,9
200866938,0,24
200867194,0,9
200867397,0,9
200867573,0,22
200868575,0,9
200868736,0,20
200868865,0,9
200869029,0,20
200869157,0,2
200869157,0,22
200869368,0,9
200869522,0,9
200869522,0,10
200869696,0,9
200869696,0,24
200870003,0,9
200870003,0,10
200870253,0,2
200870253,0,27
200870551,0,2
200870739,0,9
200870937,0,9
200871152,0,8
200871288,0,2
200871500,0,2
200871500,0,22
200871897,0,8
200872230,0,11
200872774,0,8
200872774,0,11
200872995,0,11
200873278,0,8
200873509,0,9
200873509,0,22
200873838,0,22
200874093,0,2
200874093,0,30
200874264,0,8
200874264,0,26
200874264,0,28
200874745,0,22
200874745,0,26
200875007,0,2
200875219,0,2
200875309,0,2
200875418,0,9
200875750,0,2
200875750,0,13
200876058,0,8
200876549,0,8
200876549,0,11
200876698,0,8
200876951,0,8
200876951,0,26
200877208,0,8
200877208,0,26
200877436,0,22
200877581,0,8
200877907,0,9
200878093,0,8
200878093,0,9
200878093,0,10
200878093,0,11
200878280,0,22
200878499,0,9
200878499,4,22
200878499,5,22
200878499,6,22
200878499,7,22
200878499,8,22
200878499,9,22
200878942,0,8
200879051,0,8
200879051,0,9
200879051,0,10
200879051,0,11
200879051,0,17
200879285,0,8
200879285,0,9
200879285,1,22
200879285,2,22
200879502,0,9
200879502,0,18
200879981,0,9
200879981,0,17
200880383,0,9
200880383,0,10
200880490,0,26
200880692,0,17
200880829,0,26
200881084,0,9
200881275,0,9
200881472,0,2
200881472,0,9
200881675,0,9
200881830,0,9
200881830,3,22
200882189,0,9
200882296,0,8
200882296,0,9
200882296,0,10
200882296,0,11
200882440,0,8
200882440,0,9
200882749,0,2
200882875,0,8
200882875,0,9
200883058,0,9
200883058,0,10
200883708,0,8
200883708,0,9
200883708,0,10
200883708,0,11
200883915,0,9
200883915,0,10
200884028,0,8
200884028,0,9
200884028,0,10
200884233,0,9
200884233,0,10
200884420,0,8
200884420,0,9
200884420,2,2
200884420,3,2
200884719,0,8
200884719,0,9
200884970,0,9
200884970,0,10
200885257,0,2
200885257,0,8
200885257,0,26
200885444,0,8
200885444,2,2
200885444,3,2
200885630,0,8
200885630,0,9
200885630,0,10
200885882,0,8
200885882,0,9
200885882,0,10
200885882,0,11
200886142,0,8
200886142,0,9
200886142,0,10
200886142,0,11
200886338,0,9
200886489,0,8
200886489,0,9
200886742,0,22
200887051,0,9
200887707,0,9
200887846,0,8
200887846,0,9
200887846,0,24
200888250,0,8
200888250,0,11
200888358,0,9
200888358,0,10
200888560,0,8
200888560,0,9
200888560,1,8
200888560,1,9
200888560,2,8
200888560,2,9
200888560,3,8
200888560,3,9
200888560,4,8
200888560,4,9
200888560,5,8
200888560,5,9
200888560,6,8
200888560,6,9
200888560,7,8
200888560,7,9
200888560,7,21
200888560,7,22
200889268,0,2
200889268,0,9
200889447,0,8
200889447,0,9
200889741,0,8
200889741,0,9
200890014,0,8
200890264,0,8
200890264,0,11
200890452,0,2
200890777,0,2
200890777,0,26
200890969,0,2
200891242,0,9
200891628,0,9
200891744,0,9
200891744,8,22
200892135,0,2
200892135,0,9
200892135,1,9
200892352,0,8
200892634,0,8
200892773,0,8
200893074,0,8
200893269,0,8
200893269,0,9
200893418,0,8
200893664,0,8
200893664,0,9
200893664,0,10
200893664,0,11
200894110,0,8
200894110,0,9
200894110,0,10
200894110,0,11
200894247,0,8
200894247,0,9
200894247,0,10
200894247,0,11
200894357,0,22
200894357,0,26
200894493,0,1
200894624,0,1
200894763,0,2
200894763,0,22
200895180,0,2
200895276,0,2
200895276,0,9
200895407,0,9
200895620,0,9
200895974,0,2
200896146,0,9
200896146,0,10
200896443,0,9
200896443,0,10
200896673,0,9
200896673,0,10
200896852,0,9
200896852,0,10
200897051,0,2
200897207,0,8
200897207,0,9
200897420,0,2
200897420,0,8
200897420,0,9
200897566,0,8
200897566,0,9
200898023,0,9
200898203,0,8
200898203,0,9
200898336,0,8
200898336,0,9
200898426,0,8
200898563,0,8
200898728,0,8
200898728,0,9
200898932,0,2
200898932,0,8
200898932,0,9
200899228,0,2
200899228,0,9
200899228,0,22
200899470,0,9
200899594,0,1
200899686,0,8
200899686,0,9
200899686,0,10
200899686,0,11
200899686,1,22
200899686,3,22
200899686,4,22
200900177,0,9
200900177,0,10
200900280,0,22
200900436,0,8
200900436,0,9
200900582,0,9
200900891,0,9
200901153,0,8
200901153,0,9
200901153,0,11
200901469,0,8
200901469,0,11
200901808,0,8
200901808,0,9
200901904,0,8
200901904,0,9
200902388,0,8
200902513,0,2
200902790,0,2
200902902,0,2
200903092,0,8
200903092,0,9
200903505,0,8
200903505,0,9
200903696,0,8
200903696,0,9
200903893,0,8
200903893,0,9
200904144,0,8
200904253,0,8
200904253,0,9
200904422,0,9
200904600,0,8
200904600,0,9
200904600,0,10
200904600,0,26
200904835,0,8
200905034,0,9
200905200,0,8
200905288,0,9
200905288,0,24
200905461,0,2
200905662,0,8
200905662,0,9
200905782,0,8
200905782,0,9
200906170,0,9
200906317,0,8
200906317,0,9
200906584,0,9
200906787,0,8
200906787,0,26
200907122,0,9
200907122,0,17
200907122,0,26
200907386,0,2
200907386,0,9
200907386,0,10
200907386,0,18
200907386,0,26
200907750,0,9
200907750,0,22
200908113,0,9
200908113,0,10
200908113,0,18
200908366,0,9
200908366,0,10
200908576,0,9
200908576,0,10
200908576,0,11
200908576,0,17
200908576,0,24
200908795,0,27
200908953,0,1
200908953,0,11
200909115,0,11
200909605,0,9
200909605,0,10
200909938,0,9
200909938,0,10
200910093,0,9
200910093,0,24
200910676,0,9
200910676,0,10
200910676,0,24
200910889,0,9
200910889,0,10
200910889,0,18
200910889,0,26
200911266,0,8
200911419,0,17
200911820,0,9
200911997,0,17
200912150,0,8
200912150,0,33
200912291,0,8
200912291,0,11
200912291,0,26
200912544,0,8
200912974,0,8
200913119,0,9
200913272,0,9
200913368,0,15
200913500,0,8
200913610,0,2
200913610,0,9
200913833,0,2
200914162,0,2
200914162,0,22
200914251,0,8
200914251,1,22
200914513,0,8
200914745,0,2
200914745,0,8
200914745,0,9
200915034,0,9
200915034,0,10
200915322,0,8
200915322,0,15
200915534,0,27
200915822,0,8
200915822,0,15
200916052,0,8
200916052,0,15
200916204,0,8
200916204,0,11
200916204,0,15
200916448,0,8
200916448,0,11
200916592,0,13
200916592,0,26
200916592,0,28
200916776,0,9
200916776,0,22
200917000,0,2
200917000,0,27
200917338,0,8
200917338,0,26
200917463,0,9
200917463,0,10
200917754,0,8
200917754,0,9
200917894,0,9
200918016,0,9
200918016,0,10
200918271,0,2
200918271,0,22
200918622,0,2
200918979,0,9
200919106,0,9
200919106,0,20
200919346,0,9
200919443,0,9
200919443,0,20
200919665,0,2
200919665,0,22
200919840,0,9
200919840,0,22
200919971,0,20
200920130,0,2
200920250,0,9
200920396,0,9
200920396,0,26
200920560,0,15
200920674,0,2
200920674,0,22
200920674,0,26
200920674,0,27
200921083,0,2
200921083,0,22
200921083,0,26
200921295,0,2
200921459,0,8
200921459,0,24
200921459,0,26
200921459,0,28
200921765,0,14
200921765,0,15
200921988,0,8
200921988,0,26
200922262,0,8
200922412,0,20
200922548,0,9
200922683,0,9
200922683,0,10
200922683,0,24
200923035,0,9
200923234,0,9
200923234,0,10
200923234,0,24
200923391,0,9
200923639,0,9
200923747,0,8
200923923,0,8
200924067,0,9
200924067,0,20
200924224,0,26
200924224,0,28
200924443,0,8
200924443,0,15
200924607,0,15
200924790,0,15
200924928,0,14
200924928,0,15
200924928,0,24
200925474,0,8
200925615,0,14
200925615,0,15
200925615,0,24
200925791,0,2
200925791,0,9
200925984,0,2
200926122,0,9
200926251,0,28
200926491,0,2
200926694,0,28
200927020,0,8
200927020,0,28
200927205,0,8
200927205,0,11
200927412,0,2
200927412,0,15
200927412,0,26
200927412,0,28
200927565,0,8
200927565,0,11
200927565,0,26
200927565,1,22
200927868,0,9
200928055,0,11
200928338,0,8
200928338,0,11
200928521,0,8
200928521,0,9
200928521,0,10
200928521,0,11
200928699,0,8
200928699,0,9
200928699,0,10
200928699,0,11
200929024,0,8
200929024,0,9
200929024,0,10
200929024,0,11
200929217,0,8
200929217,0,9
200929217,0,10
200929217,0,11
200929419,0,8
200929798,0,9
200929798,0,20
200929798,1,22
200929950,0,8
200930256,0,8
200930256,0,15
200930481,0,2
200930481,0,26
200930481,0,27
200930799,0,8
200931067,0,11
200931391,0,9
200931391,0,11
200931528,0,9
200931528,0,20
200931730,0,9
200931871,0,9
200932033,0,7
200932033,0,8
200932033,0,26
200932167,0,2
200932406,0,8
200932950,0,8
200932950,0,9
200932950,0,10
200932950,0,11
200933305,0,2
200933498,0,22
200933712,0,9
200933874,0,8
200933998,0,8
200933998,0,11
200934408,0,8
200934588,0,8
200934714,0,11
200934899,0,9
200935015,0,9
200935395,0,9
200935577,0,2
200935577,0,9
200935577,0,14
200935577,0,20
200935577,0,22
200935577,0,29
200936118,0,2
200936118,0,21
200936309,0,2
200936309,0,27
200936533,0,8
200936667,0,2
200936790,0,8
200936790,0,22
200936790,0,27
200937017,0,2
200937017,0,22
200937140,0,2
200937140,0,22
200937140,0,27
200937303,0,2
200937451,0,2
200937696,0,8
200937696,0,9
200937946,0,2
200937946,0,9
200938055,0,2
200938313,0,9
200938475,0,9
200938598,0,8
200938682,0,9
200938827,0,9
200939060,0,2
200939060,0,27
200939202,0,9
200939202,0,28
200939563,0,9
200939563,0,28
200939750,0,9
200939898,0,8
200940243,0,2
200940388,0,2
200940580,0,18
200940800,0,18
200941001,0,22
200941154,0,8
200941279,0,14
200941279,0,15
200941445,0,8
200941559,0,26
200941732,0,8
200941732,0,9
200941732,0,14
200942058,0,9
200942293,0,8
200942392,0,9
200942392,0,18
200942840,0,9
200942840,0,10
200943036,0,8
200943224,0,9
200943224,0,10
200943405,0,9
200943647,0,9
200943763,0,9
200943763,0,14
200944041,0,9
200944216,0,8
200944216,0,9
200944216,0,10
200944216,0,11
200944401,0,11
200944731,0,9
200944731,0,18
200945001,0,9
200945099,0,9
200945099,0,24
200945430,0,9
200945511,0,2
200945511,0,26
200946039,0,2
200946182,0,2
200946182,0,9
200946312,0,2
200946312,0,26
200946481,0,9
200946481,0,10
200946481,0,11
200946733,0,8
200946733,0,9
200946733,0,10
200946733,0,11
200947003,0,8
200947003,0,9
200947416,0,9
200947416,2,22
200947630,0,22
200947733,0,2
200947733,0,22
200947733,0,26
200948087,0,2
200948087,0,22
200948410,0,1
200948514,0,2
200948649,0,2
200948649,0,22
200948649,0,26
200948878,0,20
200949069,0,22
200949168,0,2
200949406,0,2
200949488,0,2
200949488,0,22
200949488,0,26
200949776,0,22
200949865,0,8
200950077,0,28
200950276,0,26
200950276,0,28
200950432,0,8
200950563,0,8
200950563,0,26
200951018,0,2
200951018,0,8
200951018,0,26
200951381,0,2
200951616,0,1
200951616,0,2
200952346,0,2
200952442,0,9
200952545,0,2
200952628,0,2
200952628,0,15
200952786,0,2
200952786,0,8
200952991,0,2
200952991,0,8
200952991,0,26
200953205,0,1
200953340,0,8
200953340,0,26
200953340,1,2
200953612,0,2
200953612,0,8
200953912,0,8
200954070,0,8
200954070,0,26
200954070,0,28
200954252,0,2
200954252,0,22
200954252,0,26
200954481,0,2
200954481,0,8
200954481,0,26
200954662,0,2
200954774,0,2
200954943,0,2
200954943,0,22
200954943,0,26
200955189,0,2
200955348,0,26
200955452,0,8
200955452,0,26
200955653,0,8
200955653,0,26
200956044,0,8
200956044,0,26
200956284,0,8
200956284,0,9
200956398,0,8
200956398,0,9
200956519,0,8
200956519,0,26
200957059,0,8
200957218,0,8
200957218,0,26
200957327,0,26
200957493,0,8
200957493,0,26
200957619,0,8
200957619,0,29
200958207,0,8
200958391,0,1
200958391,0,8
200958612,0,8
200958737,0,8
200958902,0,8
200959113,0,29
200959573,0,8
200959724,0,8
200959867,0,8
200959867,0,26
200960095,0,11
200960095,3,4
200960569,0,8
200960569,0,11
200960856,0,8
200960973,0,8
200960973,0,11
200961151,0,8
200961269,0,8
200961269,0,11
200961529,0,8
200961529,0,9
200961529,0,10
200961529,0,11
200961716,0,8
200961812,0,11
200962146,0,11
200962256,0,11
200962430,0,11
200962571,0,11
200962742,0,8
200962742,0,11
200962742,0,14
200962742,0,15
200962742,0,26
200963222,0,4
200963222,0,11
200963398,0,8
200963579,0,8
200963579,0,11
200963801,0,11
200963897,0,9
200964134,0,2
200964134,0,29
200964396,0,8
200964514,0,8
200964759,0,22
200964759,0,26
200964897,0,8
200965180,0,8
200965334,0,8
200965496,0,8
200965496,0,26
200965726,0,8
200965726,0,11
200965726,0,26
200965956,0,8
200966073,0,2
200966073,0,26
200966454,0,2
200966454,0,22
200966454,0,26
200966735,0,26
200966924,0,9
200967039,0,8
200967039,0,11
200967039,0,26
200967256,0,11
200967490,0,11
200967644,0,8
200967644,0,11
200967644,0,15
200967974,0,8
200967974,0,11
200968175,0,26
200968377,0,8
200968377,0,15
200968524,0,8
200968524,0,11
200968718,0,8
200968718,0,11
200968718,0,15
200968854,0,8
200968854,0,11
200968854,0,26
200969024,0,2
200969024,0,33
200969213,0,8
200969213,0,22
200969387,0,11
200969594,0,11
200969873,0,8
200969873,0,9
200969873,0,10
200969873,0,11
200970020,0,11
200970255,0,11
200970255,1,4
200970255,1,22
200970647,0,11
200970982,0,11
200971145,0,11
200971145,0,15
200971145,0,21
200971422,0,11
200971584,0,8
200971584,0,11
200971893,0,2
200972082,0,2
200972246,0,8
200972246,0,11
200972409,0,8
200972409,0,11
200972664,0,8
200972664,0,11
200972664,0,15
200972664,0,26
200973675,0,1
200973896,0,8
200974072,0,1
200974072,0,2
200974213,0,9
200974213,0,10
200974405,0,2
200974580,0,8
200974580,0,9
200974580,0,10
200974580,0,11
200974776,0,19
200974934,0,1
200975134,0,1
200975295,0,11
200975430,0,15
200975430,0,22
200975613,0,9
200975728,0,2
200975728,0,9
200975728,0,22
200975876,0,2
200975986,0,8
200975986,0,14
200975986,0,15
200976170,0,2
200976170,8,8
200976170,9,8
200976584,0,2
200976865,0,8
200977133,0,8
200977234,0,8
200977234,0,11
200977608,0,8
200977792,0,8
200977943,0,8
200978079,0,2
200978226,0,8
200978226,0,11
200978321,0,8
200978321,0,9
200978321,0,11
200978321,0,26
200978683,0,8
200978683,0,11
200978819,0,8
200978919,0,8
200978919,0,11
200979276,0,8
200979276,0,11
200979446,0,8
200980228,0,8
200980354,0,8
200980534,0,8
200980634,0,8
200980754,0,8
200980908,0,1
200980908,0,2
200981044,0,8
200981179,0,2
200981179,0,22
200982563,0,2
200982775,0,8
200982902,0,8
200982902,0,11
200983072,0,8
200983072,0,26
200983177,0,8
200983177,0,11
200983659,0,8
200983827,0,8
200983960,0,8
200983960,2,22
200984200,0,2
200984336,0,8
200984336,0,26
200984537,0,26
200984667,0,8
200984911,0,8
200985064,0,8
200985309,0,8
200985309,0,11
200985561,0,8
200985561,0,11
200986101,0,8
200986325,0,8
200986325,0,9
200986325,0,10
200986325,0,11
200986647,0,8
200987009,0,8
200987161,0,8
200987287,0,2
200987445,0,2
200987659,0,8
200987659,0,9
200987659,0,11
200988190,0,2
200988190,0,8
200988295,0,8
200988295,0,9
200988441,0,8
200988441,0,9
200988681,0,8
200988876,0,8
200988876,0,11
200989429,0,2
200989562,0,8
200989562,0,15
200989812,0,2
200989943,0,2
200990055,0,8
200990055,0,26
200990312,0,8
200990424,0,8
200990582,0,2
200990582,0,26
200990715,0,8
200990909,0,8
200991159,0,2
200991418,0,8
200991586,0,2
200991728,0,2
200991868,0,8
200992011,0,8
200992410,0,26
200992727,0,2
200992727,0,8
200992944,0,8
200992944,0,11
200992944,0,15
200992944,0,26
200993111,0,8
200993111,0,11
200993111,0,14
200993111,0,15
200993595,0,8
200993595,0,11
200993818,0,8
200993933,0,2
200994032,0,2
200994223,0,2
200994223,0,8
200994374,0,2
200994560,0,8
200994560,0,11
200994560,0,26
200994917,0,8
200994917,0,11
200995042,0,8
200995042,0,26
200995157,0,8
200995157,0,9
200995481,0,8
200995610,0,2
200995610,0,8
200995610,0,11
200995610,0,22
200996259,0,8
200996414,0,8
200996414,0,31
200996810,0,8
200996810,0,9
200996810,0,10
200996810,0,11
200997358,0,8
200997358,0,11
200997558,0,8
200997558,0,11
200997733,0,8
200997863,0,8
200997863,0,11
200997863,0,26
200998129,0,8
200998262,0,8
200998262,0,11
200998358,0,8
200998358,0,11
200998358,0,26
200998518,0,8
200998518,0,11
200998518,0,26
200999007,0,2
200999199,0,8
200999350,0,8
200999539,0,22
200999696,0,22
200999886,0,22
200999999,0,2
200999999,0,8
200999999,0,9
201000541,0,8
201000625,0,8
201000734,0,8
201000906,0,8
201001190,0,8
201001343,0,8
201001472,0,8
201001558,0,8
201001815,0,2
201001815,0,22
201001965,0,8
201001965,0,9
201002176,0,8
201002419,0,8
201002737,0,1
201002737,0,2
201002737,0,4
201002737,0,22
201002737,0,27
201003305,0,12
201003445,0,2
201003445,0,22
201003573,0,2
201003799,0,9
201003917,0,2
201003917,0,8
201004219,0,2
201004308,0,8
201004457,0,2
201004584,0,22
201004712,0,2
201004825,0,2
201005155,0,2
201005155,0,22
201005390,0,8
201005514,0,2
201005514,0,9
201005514,0,11
201005514,0,15
201005514,0,22
201005514,0,26
201005869,0,9
201005869,0,15
201006021,0,9
201006021,0,15
201006166,0,2
201006350,0,8
201006631,0,2
201006631,0,9
201006631,0,22
201006827,0,2
201006827,0,22
201006989,0,2
201006989,0,22
201007137,0,2
201007137,0,22
201007306,0,8
201007306,0,26
201007595,0,8
201007595,0,9
201007595,0,22
201007952,0,8
201008122,0,8
201008122,0,11
201008553,0,8
201008726,0,8
201009552,0,2
201009552,0,8
201009745,0,8
201009868,0,2
201009978,0,8
201010114,0,8
201010377,0,8
201010481,0,1
201010733,0,8
201010841,0,8
201011529,0,8
201011727,0,9
201011926,0,5
201011926,0,14
201012235,0,9
201012371,0,5
201012561,0,5
201012561,0,14
201012910,0,5
201012910,0,22
201013102,0,9
201013102,0,24
201013367,0,9
201013367,0,10
201013518,0,9
201013518,0,24
201013777,0,9
201013966,0,8
201013966,0,11
201013966,0,21
201014440,0,8
201014440,0,11
201014638,0,1
201014638,0,4
201014816,0,8
201014959,0,2
201015101,0,8
201015101,0,11
201015295,0,8
201015295,0,10
201015295,0,11
201015295,0,26
201015732,0,8
201015982,0,1
201016148,0,8
201016148,0,26
201016280,0,8
201016373,0,9
201016373,0,10
201016530,0,8
201016530,0,9
201016697,0,8
201016866,0,8
201016866,0,11
201016866,0,26
201016866,1,26
201017302,0,8
201017302,0,11
201017443,0,8
201017443,0,26
201017565,0,8
201017731,0,8
201017731,0,11
201018288,0,8
201018288,0,9
201018471,0,8
201018471,0,26
201018828,0,2
201019010,0,8
201019194,0,8
201019312,0,5
201019312,0,14
201019508,0,8
201019745,0,8
201020629,0,2
201020629,0,8
201020885,0,2
201020885,0,8
201021145,0,8
201021285,0,8
201021530,0,2
201021530,0,8
201021693,0,8
201021864,0,4
201021864,0,8
201022319,0,8
201022319,0,26
201022551,0,8
201022801,0,21
201023069,0,2
201023069,0,8
201023339,0,2
201023339,0,26
201023469,0,8
201023469,0,26
201023703,0,2
201023818,0,8
201024039,0,8
201024304,0,8
201024438,0,8
201024648,0,8
201024858,0,8
201025160,0,8
201025463,0,8
201025463,0,11
201026876,0,8
201026991,0,8
201027125,0,1
201027254,0,8
201027371,0,8
201027465,0,8
201027465,0,26
201027588,0,1
201027739,0,8
201027838,0,8
201027976,0,8
201028082,0,8
201028082,0,11
201028251,0,8
201028415,0,8
201028566,0,8
201028740,0,8
201028740,0,9
201028740,0,10
201028740,0,11
201029014,0,8
201029014,0,9
201029266,0,2
201029266,0,8
201029596,0,8
201029596,0,11
201029811,0,8
201029811,0,9
201029811,0,10
201029811,0,11
201030070,0,8
201030070,0,11
201030532,0,8
201030532,0,11
201030787,0,9
201030787,0,10
201030981,0,8
201030981,0,11
201031098,0,9
201031098,1,2
201031405,0,2
201031535,0,8
201031802,0,8
201031941,0,2
201032182,0,9
201032325,0,9
201032588,0,9
201032745,0,21
201032958,0,8
201033084,0,9
201033197,0,8
201033318,0,9
201033318,0,10
201033514,0,18
201033620,0,8
201033837,0,8
201033978,0,2
201033978,0,27
201034491,0,8
201034777,0,2
201035044,0,2
201035044,0,8
201035044,0,9
201035044,0,14
201035044,0,15
201035044,0,26
201035550,0,2
201035705,0,8
201035851,0,8
201036046,0,8
201036046,0,11
201036230,0,8
201036665,0,8
201036893,0,8
201037106,0,8
201037314,0,8
201037497,0,8
201037736,0,8
201038041,0,8
201038163,0,8
201038427,0,8
201038653,0,8
201038810,0,2
201038810,0,8
201038810,0,22
201039135,0,2
201039135,0,8
201039244,0,8
201039345,0,8
201039458,0,8
201039632,0,8
201039757,0,2
201039757,0,8
201039984,0,8
201040119,0,8
201040355,0,8
201040507,0,8
201040619,0,2
201040619,0,22
201040724,0,8
201040724,0,9
201040724,0,10
201040724,0,11
201041087,0,8
201041087,0,11
201041268,0,8
201041268,0,11
201041461,0,8
201041652,0,2
201041652,0,8
201041811,0,8
201041811,0,9
201041950,0,8
201042097,0,8
201042197,0,8
201042440,0,8
201042596,0,8
201042596,0,9
201042596,0,10
201042596,0,11
201042596,0,26
201043278,0,8
201043408,0,8
201043536,0,8
201043694,0,8
201043867,0,8
201044043,0,8
201044257,0,8
201044561,0,8
201044697,0,8
201044881,0,8
201045018,0,11
201045158,0,2
201045158,0,8
201045158,0,9
201045467,0,2
201045467,0,8
201045467,0,9
201045667,0,2
201045667,0,8
201045667,0,9
201046006,0,8
201046006,0,9
201046159,0,8
201046159,0,9
201046303,0,8
201046303,0,9
201046480,0,8
201046480,0,11
201046653,0,8
201046821,0,8
201046968,0,8
201046968,0,11
201047110,0,2
201047110,0,8
201047467,0,2
201047627,0,8
201047791,0,2
201047966,0,8
201048072,0,8
201048200,0,2
201048322,0,8
201048322,0,11
201048322,0,26
201048474,0,8
201048474,0,21
201048657,0,8
201048839,0,8
201049117,0,8
201049241,0,2
201049241,0,22
201049476,0,9
201049476,0,27
201049645,0,2
201049645,0,9
201049645,0,14
201049645,0,15
201049645,0,26
201049918,0,14
201049918,0,15
201050099,0,2
201050099,0,8
201050099,0,9
201050099,0,14
201050099,0,15
201050347,0,2
201050347,0,8
201050347,0,11
201050768,0,8
201050768,0,11
201050917,0,8
201050917,0,11
201051026,0,8
201051199,0,8
201051383,0,2
201051383,0,8
201051577,0,8
201051720,0,8
201051720,0,11
201051720,0,26
201052319,0,26
201052502,0,8
201052502,0,26
201052634,0,8
201052634,0,26
201053206,0,26
201053368,0,8
201053547,0,8
201053547,0,26
201054058,0,8
201054058,0,26
201054241,0,8
201054241,0,11
201054241,0,26
201054457,0,8
201054457,0,26
201054607,0,8
201054607,0,26
201054911,0,8
201055077,0,8
201055077,0,11
201055308,0,8
201055308,0,11
201055421,0,8
201055421,0,26
201055556,0,26
201055746,0,22
201055883,0,8
201055883,0,11
201055883,0,26
201056429,0,2
201056429,0,8
201056763,0,8
201056763,0,11
201056763,0,26
201056939,0,8
201057186,0,8
201057186,0,11
201057186,0,26
201057455,0,2
201057738,0,22
201057878,0,8
201057878,0,11
201057878,0,22
201057878,0,26
201057878,1,22
201058311,0,11
201058500,0,8
201058636,0,8
201058636,0,11
201058636,0,26
201058950,0,26
201059260,0,2
201059412,0,8
201059412,0,26
201059635,0,8
201059635,0,26
201059856,0,8
201060165,0,9
201060307,0,8
201060307,0,26
201060490,0,8
201060490,0,16
201060490,0,26
201060729,0,8
201060841,0,8
201061016,0,8
201061016,0,22
201061309,0,2
201061464,0,8
201061592,0,2
201061592,0,8
201061592,0,26
201062136,0,8
201062136,0,26
201062307,0,18
201062307,0,26
201062472,0,9
201062472,0,18
201062472,0,26
201062708,0,8
201062708,0,26
201063077,0,8
201063077,0,26
201063315,0,9
201063452,0,8
201063711,0,8
201063711,0,26
201063905,0,8
201063905,0,11
201064197,0,8
201064197,0,26
201064406,0,8
201064406,0,26
201064648,0,8
201064750,0,8
201064750,0,11
201064750,0,26
201065148,0,2
201065148,0,8
201065368,0,8
201065368,0,26
201065763,0,8
201065986,0,2
201066226,0,8
201066226,0,9
201066226,0,10
201066226,0,11
201066414,0,2
201066414,0,8
201066414,0,9
201066414,0,14
201066414,0,15
201066747,0,8
201066747,0,9
201066747,0,10
201066747,0,11
201066954,0,8
201066954,0,9
201067098,0,8
201067239,0,9
201067363,0,8
201067363,0,9
201067363,0,10
201067363,0,11
201067363,1,22
201067363,5,4
201067363,5,22
201067926,0,8
201067926,0,11
201068027,0,8
201068027,0,11
201068027,1,22
201068252,0,2
201068409,0,8
201068409,0,9
201068409,0,10
201068409,0,11
201068618,0,8
201068765,0,8
201068765,0,26
201068948,0,8
201068948,0,26
201069098,0,1
201069098,0,2
201069098,0,4
201069098,0,12
201069258,0,8
201069258,0,9
201069258,0,10
201069258,0,11
201069721,0,15
201069721,0,21
201069891,0,22
201070138,0,22
201070337,0,8
201070337,0,11
201070337,0,26
201070528,0,8
201070528,0,26
201070679,0,2
201070839,0,26
201071095,0,2
201071307,0,8
201071307,0,9
201071307,0,14
201071579,0,8
201071579,0,9
201071579,0,10
201071579,0,11
201071751,0,8
201071929,0,14
201072037,0,8
201072037,0,9
201072037,0,14
201072518,0,8
201072518,0,9
201072674,0,8
201072674,0,11
201072824,0,8
201072966,0,8
201073084,0,8
201073176,0,8
201073176,0,9
201073176,0,10
201073460,0,8
201073460,0,9
201073460,0,11
201073743,0,9
201073743,0,10
201074024,0,2
201074178,0,2
201074455,0,14
201074602,0,8
201074602,0,15
201075102,0,8
201075312,0,8
201075312,0,14
201075312,0,15
201075511,0,8
201075636,0,8
201075636,0,14
201075636,0,15
201075957,0,8
201075957,0,14
201075957,0,15
201076082,0,2
201076272,0,8
201076272,0,14
201076272,0,15
201076431,0,8
201076431,0,11
201076588,0,2
201076769,0,8
201076769,0,9
201076769,0,11
201076769,4,22
201077184,0,8
201077184,0,11
201077360,0,8
201077360,0,11
201077611,0,8
201077611,0,9
201077611,0,10
201077611,0,11
201077950,0,2
201078069,0,8
201078235,0,2
201078235,0,8
201078235,0,9
201078502,0,9
201078502,0,30
201078683,0,2
201078683,0,22
201078833,0,2
201078833,0,22
201079124,0,2
201079368,0,2
201079528,0,2
201079659,0,8
201079659,0,9
201079659,0,10
201079659,0,11
201079932,0,8
201079932,0,9
201079932,0,10
201079932,0,11
201080144,0,2
201080643,0,1
201080838,0,2
201081008,0,2
201081268,0,2
201081268,0,9
201081268,0,22
201081792,0,2
201081896,0,9
201082024,0,2
201082520,0,2
201082688,0,2
201082688,0,9
201083269,0,8
201083269,0,26
201083446,0,1
201083573,0,8
201083693,0,2
201083815,0,8
201083815,0,26
201083965,0,2
201083965,0,8
201084122,0,2
201084335,0,2
201084476,0,2
201084731,0,2
201084848,0,2
201084848,0,8
201084848,0,27
201085077,0,1
201085077,0,2
201085195,0,9
201085195,0,10
201085387,0,2
201085387,0,22
201085661,0,2
201085661,0,26
201085941,0,2
201085941,0,22
201086040,0,2
201086040,0,26
201086234,0,1
201086234,0,2
201086504,0,1
201086621,0,1
201086740,0,1
201086740,0,2
201086740,0,26
201086950,0,1
201086950,0,2
201086950,0,8
201087121,0,22
201087277,0,2
201087396,0,1
201087623,0,2
201087623,0,8
201087623,0,26
201087886,0,2
201088042,0,2
201088042,0,8
201088042,0,26
201088320,0,8
201088400,0,8
201088400,0,9
201088582,0,2
201088827,0,8
201088928,0,2
201088928,0,26
201089227,0,1
201089227,0,2
201089567,0,1
201089865,0,1
201089988,0,1
201090095,0,1
201090323,0,1
201090440,0,1
201090440,0,2
201090771,0,1
201090771,0,2
201090889,0,1
201090889,0,2
201091104,0,2
201091104,0,26
201091253,0,1
201091459,0,1
201091581,0,8
201091581,0,22
201091679,0,1
201091838,0,1
201092000,0,2
201092077,0,2
201092077,0,8
201092226,0,1
201092226,0,2
201092447,0,2
201092648,0,1
201092784,0,8
201092881,0,2
201092978,0,2
201092978,0,8
201093114,0,8
201093245,0,2
201093245,0,8
201093673,0,2
201093673,0,8
201093821,0,8
201094073,0,2
201094177,0,2
201094422,0,1
201094422,0,2
201094422,0,8
201094644,0,1
201094797,0,2
201094890,0,2
201094890,0,8
201095099,0,2
201095224,0,2
201095354,0,8
201095482,0,2
201095482,0,22
201095845,0,1
201096106,0,1
201096215,0,1
201096326,0,1
201096480,0,1
201096480,0,2
201096642,0,1
201096765,0,1
201096883,0,1
201096883,0,2
201097039,0,2
201097167,0,1
201097315,0,1
201097315,0,2
201097571,0,8
201097730,0,8
201097730,0,26
201097943,0,2
201098097,0,1
201098238,0,1
201098393,0,1
201098393,0,2
201098562,0,1
201098690,0,2
201098810,0,8
201098948,0,8
201099102,0,8
201099205,0,8
201099373,0,2
201099373,0,8
201099522,0,8
201099646,0,1
201099758,0,1
201099913,0,2
201100098,0,2
201100098,0,8
201100098,0,26
201100324,0,1
201100471,0,2
201100587,0,8
201100587,0,11
201100895,0,2
201100895,0,8
201101111,0,2
201101111,0,8
201101262,0,2
201101262,0,8
201101390,0,2
201101390,0,8
201101589,0,8
201101777,0,1
201101777,0,2
201101979,0,1
201102127,0,2
201102127,0,8
201102127,0,26
201102433,0,2
201102548,0,2
201102676,0,9
201103117,0,8
201103117,0,9
201103117,0,26
201103296,0,1
201103498,0,8
201103618,0,1
201103751,0,1
201103870,0,14
201104047,0,8
201104047,0,14
201104047,0,15
201104299,0,15
201104462,0,9
201104462,0,10
201104570,0,8
201104570,0,11
201104891,0,11
201105052,0,21
201105202,0,11
201105202,0,21
201105425,0,2
201105524,0,2
201105614,0,2
201105791,0,8
201105906,0,8
201105906,0,9
201105994,0,8
201105994,0,11
201106136,0,8
201106136,0,11
201106296,0,8
201106480,0,1
201106480,0,2
201106480,0,8
201106480,0,9
201106480,0,11
201106790,0,8
201106790,0,11
201106929,0,4
201106929,0,26
201106929,0,34
201107270,0,1
201107270,0,2
201107436,0,8
201107671,0,8
201107803,0,8
201107892,0,8
201107892,0,11
201108142,0,1
201108301,0,9
201108437,0,9
201108540,0,8
201108740,0,2
201108856,0,8
201108856,0,9
201109013,0,8
201109013,0,9
201109013,0,10
201109013,0,11
201109197,0,26
201109371,0,2
201109371,0,8
201109621,0,8
201109798,0,8
201109798,0,9
201110054,0,2
201110195,0,8
201110195,0,9
201110195,0,10
201110195,0,11
201110195,2,17
201110555,0,8
201110782,0,8
201110974,0,9
201110974,0,10
201111160,0,8
201111160,0,15
201111292,0,8
201111292,0,15
201111444,0,8
201111596,0,1
201111596,0,11
201111775,0,8
201111914,0,8
201111914,0,9
201111914,0,10
201111914,0,11
201112160,0,8
201112363,0,8
201112591,0,8
201112783,0,9
201112783,0,10
201112888,0,8
201112988,0,20
201113189,0,8
201113189,0,11
201113436,0,8
201113607,0,8
201113607,0,16
201113787,0,8
201113787,0,16
201113900,0,1
201113900,0,2
201114253,0,2
201114253,0,8
201114632,0,8
201114839,0,2
201114991,0,9
201115164,0,2
201115310,0,8
201115468,0,8
201115634,0,8
201115787,0,8
201116061,0,9
201116190,0,8
201116419,0,8
201116579,0,2
201116579,0,22
201116994,0,2
201117160,0,8
201117302,0,2
201117302,0,8
201118288,0,2
201118409,0,2
201118541,0,2
201118692,0,2
201118844,0,8
201119036,0,2
201119249,0,2
201119379,0,2
201119499,0,2
201119662,0,8
201119833,0,2
201119947,0,8
201120218,0,8
201120352,0,2
201120465,0,2
201120585,0,2
201120705,0,2
201120849,0,2
201120950,0,2
201121306,0,2
201121306,0,9
201121556,0,9
201121682,0,8
201121921,0,2
201122112,0,9
201122240,0,2
201122403,0,2
201122588,0,2
201122779,0,2
201122926,0,2
201123042,0,2
201123136,0,8
201123136,0,9
201123136,0,10
201123136,0,11
201123525,0,8
201123525,0,9
201123525,0,10
201123525,0,11
201123692,0,2
201123833,0,9
201124244,0,9
201124435,0,8
201124606,0,8
201124894,0,1
201125062,0,8
201125254,0,8
201125372,0,9
201125523,0,9
201125523,0,10
201125876,0,8
201126041,0,8
201126259,0,2
201126430,0,2
201126560,0,2
201126697,0,8
201126861,0,2
201127013,0,2
201127013,0,8
201127013,0,22
201127380,0,22
201127487,0,2
201127487,0,22
201127487,1,8
201127487,6,8
201127834,0,9
201128055,0,8
201128055,0,9
201128248,0,8
201128248,0,9
201128248,0,10
201128248,0,11
201128399,0,9
201128527,0,2
201128667,0,2
201128828,0,8
201128963,0,8
201129084,0,2
201129330,0,8
201129437,0,2
201129437,0,8
201129674,0,8
201129674,0,9
201129877,0,8
201129877,0,9
201129877,0,10
201129877,0,11
201130074,0,8
201130074,0,9
201130074,0,10
201130074,0,11
201130303,0,2
201130303,0,22
201130749,0,1
201130891,0,1
201131054,0,2
201131165,0,2
201131274,0,2
201131397,0,2
201131777,0,1
201131777,0,2
201131947,0,2
201131947,0,9
201132053,0,8
201132053,0,9
201132298,0,9
201132485,0,2
201132731,0,2
201132954,0,8
201133156,0,8
201133330,0,20
201133544,0,8
201133544,0,9
201133692,0,22
201133830,0,22
201134021,0,8
201134144,0,9
201134144,0,22
201134285,0,8
201134514,0,2
201134623,0,2
201134623,0,9
201134742,0,2
201134742,0,9
201134742,0,22
201135585,0,2
201135723,0,2
201135852,0,2
201135852,0,8
201135852,0,9
201136269,0,22
201136553,0,9
201136709,0,2
201136791,0,2
201136791,0,8
201136791,0,9
201137251,0,2
201137406,0,22
201137597,0,2
201137597,0,22
201137790,0,2
201137890,0,2
201137890,0,22
201138012,0,2
201138211,0,2
201138211,0,22
201138387,0,2
201138387,0,22
201138529,0,2
201138529,0,22
201138827,0,8
201138982,0,2
201138982,0,22
201139104,0,2
201139104,0,22
201139341,0,2
201139341,0,22
201139526,0,2
201139526,0,22
201139661,0,2
201139661,0,22
201140024,0,2
201140182,0,8
201140342,0,22
201140540,0,2
201140805,0,2
201140805,0,22
201140997,0,2
201140997,0,22
201141360,0,2
201141531,0,2
201141531,0,22
201141692,0,2
201141809,0,2
201141809,0,22
201142000,0,9
201142243,0,9
201142460,0,8
201142460,0,9
201142781,0,9
201143084,0,9
201143334,0,9
201143497,0,8
201143497,0,11
201143905,0,8
201144132,0,8
201144132,0,11
201144391,0,2
201144391,0,8
201144391,0,27
201144683,0,1
201144683,0,2
201144825,0,8
201144962,0,2
201144962,0,8
201144962,0,22
201145420,0,2
201145525,0,8
201145683,0,8
201145805,0,8
201145805,0,11
201145956,0,9
201146071,0,2
201146166,0,9
201146287,0,8
201146442,0,8
201146605,0,2
201146784,0,8
201146784,0,9
201146784,0,10
201147520,0,8
201147520,0,9
201147692,0,9
201147850,0,8
201147850,0,9
201148033,0,8
201148033,0,9
201148189,0,8
201148189,0,9
201148312,0,8
201148456,0,8
201148456,0,9
201148546,0,9
201148689,0,8
201148689,0,11
201148871,0,10
201148871,0,22
201148871,1,22
201149101,0,9
201149229,0,22
201149362,0,9
201149477,0,9
201149477,0,11
201149705,0,8
201149705,0,9
201149950,0,9
201149950,0,11
201150039,0,9
201150149,0,9
201150149,0,11
201150238,0,8
201150238,0,9
201150238,0,11
201150379,0,8
201150492,0,8
201150492,0,9
201150492,0,10
201150492,0,11
201151266,0,9
201151393,0,11
201151559,0,8
201151559,0,9
201151559,0,11
201151753,0,8
201151913,0,8
201151913,0,9
201151913,0,10
201151913,0,11
201152143,0,9
201152143,0,11
201152328,0,11
201152433,0,8
201152514,0,9
201152594,0,9
201152695,0,9
201152784,0,1
201152784,0,2
201152942,0,9
201153037,0,8
201153534,0,8
201153740,0,8
201153876,0,9
201154012,0,9
201154184,0,9
201154356,0,8
201154356,0,9
201154356,0,10
201154356,0,11
201154569,0,8
201154569,0,9
201154569,0,10
201154569,0,11
201154698,0,9
201154788,0,21
201154788,0,22
201155144,0,22
201155248,0,9
201155518,0,9
201155518,0,10
201155662,0,8
201155662,0,9
201155662,0,10
201155662,0,11
201155881,0,9
201156029,0,1
201156029,0,2
201156509,0,8
201156621,0,8
201156621,0,9
201156867,0,2
201156867,0,8
201157339,0,7
201157339,0,8
201157559,0,7
201157812,0,8
201157954,0,8
201158109,0,8
201158239,0,2
201158342,0,9
201158448,0,2
201158448,0,9
201158595,0,8
201158595,0,9
201158909,0,2
201159089,0,2
201159293,0,2
201159293,0,22
201159453,0,8
201159453,0,9
201159625,0,8
201159625,0,9
201159914,0,8
201159914,0,9
201160061,0,9
201160156,0,19
201160340,0,2
201160561,0,2
201160792,0,2
201160792,0,8
201160792,0,15
201161123,0,8
201161123,0,11
201161482,0,8
201161482,0,15
201161654,0,2
201161654,0,27
201161828,0,8
201161828,0,9
201162277,0,2
201162383,0,4
201162383,0,22
201162516,0,9
201162622,0,8
201162622,0,9
201162781,0,8
201162906,0,2
201163109,0,2
201163228,0,8
201163435,0,2
201163435,0,22
201163664,0,9
201163821,0,1
201163821,0,2
201163821,0,8
201163821,0,9
201164260,0,8
201164402,0,8
201164402,0,9
201164402,0,10
201164402,0,11
201164541,0,8
201164541,0,9
201165175,0,2
201165175,0,8
201165175,0,9
201165175,0,11
201165322,0,8
201165322,0,9
201165322,0,10
201165322,0,11
201165441,0,8
201165441,0,9
201165441,0,10
201166002,0,9
201166149,0,8
201166149,0,9
201166290,0,8
201166290,0,9
201166290,0,10
201166290,0,11
201166442,0,8
201166442,0,9
201166442,0,10
201166568,0,9
201166710,0,17
201166898,0,9
201166898,0,10
201166898,0,11
201167068,0,8
201167174,0,2
201167174,0,8
201167174,0,9
201167403,0,2
201167403,0,9
201167649,0,9
201167649,0,11
201167878,0,9
201167878,0,11
201168103,0,9
201168103,0,11
201168209,0,2
201168209,0,22
201168379,0,2
201168379,0,22
201168503,0,2
201168632,0,2
201168734,0,2
201168734,0,22
201168888,0,1
201169082,0,1
201169238,0,2
201169360,0,2
201169360,0,8
201169360,0,9
201169360,0,10
201169360,0,11
201169862,0,2
201169862,0,8
201170008,0,8
201170081,0,8
201170195,0,2
201170301,0,2
201170437,0,2
201170557,0,2
201170682,0,2
201170846,0,8
201170846,0,9
201171031,0,8
201171031,0,9
201171197,0,8
201171355,0,8
201171524,0,8
201171524,0,9
201171692,0,8
201171833,0,8
201171833,0,11
201172173,0,9
201172173,0,10
201172284,0,8
201172399,0,8
201172513,0,8
201172653,0,8
201172849,0,8
201173076,0,8
201173233,0,8
201173233,0,9
201173509,0,8
201173631,0,8
201173631,0,9
201173631,0,10
201173631,0,11
201174216,0,9
201174216,0,10
201174389,0,8
201174389,0,9
201174557,0,9
201174694,0,8
201174830,0,8
201174830,0,9
201174830,0,10
201174830,0,11
201175084,0,8
201175084,0,9
201175203,0,8
201175203,0,9
201175369,0,8
201175662,0,8
201175662,0,9
201175662,0,10
201175662,0,11
201175948,0,9
201175948,0,10
201176100,0,8
201176423,0,8
201176551,0,8
201176551,0,11
201176690,0,8
201176690,0,9
201176984,0,8
201176984,0,9
201176984,0,10
201176984,0,11
201177431,0,8
201177431,0,9
201177884,0,8
201177884,0,9
201178070,0,9
201178196,0,8
201178326,0,9
201178409,0,8
201178509,0,8
201178625,0,8
201178723,0,8
201178817,0,8
201178817,0,9
201179074,0,9
201179253,0,8
201179253,0,9
201179411,0,8
201179675,0,2
201179842,0,1
201179997,0,8
201180144,0,2
201180275,0,1
201180403,0,2
201180403,0,8
201180403,0,22
201180717,0,2
201180850,0,8
201181002,0,8
201181150,0,2
201181332,0,2
201181432,0,2
201181432,0,22
201181571,0,8
201181791,0,9
201181791,0,10
201181791,0,11
201182042,0,8
201182130,0,2
201182130,0,8
201182130,0,9
201182263,0,2
201182484,0,9
201182613,0,9
201182722,0,8
201182805,0,8
201182805,0,9
201183100,0,9
201183267,0,8
201183267,0,9
201183381,0,8
201183514,0,8
201183668,0,8
201183668,0,9
201183787,0,8
201183787,0,9
201183889,0,9
201184131,0,2
201184208,0,2
201184418,0,2
201184507,0,2
201184596,0,8
201184789,0,8
201184789,0,13
201185083,0,8
201185199,0,8
201185326,0,8
201185326,0,13
201185477,0,2
201185586,0,2
201185586,0,22
201185786,0,2
201185786,0,22
201185905,0,2
201185905,0,8
201186036,0,2
201186236,0,8
201186375,0,9
201186515,0,2
201186515,0,8
201186515,0,22
201186992,0,2
201187134,0,8
201187225,0,2
201187225,0,22
201187333,0,2
201187484,0,2
201187484,0,8
201187659,0,2
201187791,0,2
201187924,0,2
201187924,0,8
201188084,0,2
201188211,0,8
201188377,0,8
201188522,0,2
201188522,0,22
201188660,0,2
201188660,0,22
201188789,0,2
201188789,0,22
201188908,0,2
201188908,0,22
201189027,0,2
201189171,0,2
201189171,0,8
201189259,0,2
201189259,0,22
201189375,0,2
201189375,0,22
201189474,0,2
201189474,0,22
201189599,0,2
201189599,0,8
201189599,0,9
201190311,0,2
201190311,0,8
201190418,0,8
201190634,0,2
201190634,0,8
201190785,0,2
201190924,0,8
201190924,0,11
201191126,0,2
201191126,0,8
201191229,0,2
201191229,0,8
201191373,0,2
201191527,0,2
201191705,0,2
201191812,0,2
201191812,0,22
201192051,0,2
201192143,0,2
201192268,0,2
201192458,0,2
201192554,0,2
201192679,0,2
201192821,0,8
201193057,0,2
201193193,0,8
201193323,0,8
201193470,0,2
201193616,0,2
201193748,0,2
201193862,0,9
201193960,0,9
201194057,0,8
201194221,0,9
201194341,0,8
201194471,0,22
201194471,1,22
201194471,2,9
201194750,0,22
201194927,0,8
201194927,0,9
201195116,0,8
201195514,0,8
201195656,0,2
201195810,0,9
201196016,0,2
201196259,0,8
201196259,0,9
201196259,1,22
201196259,4,22
201196681,0,21
201196810,0,2
201196810,0,21
201196810,0,22
201197327,0,8
201197453,0,20
201197589,0,8
201197740,0,22
201197914,0,2
201197914,0,22
201198096,0,8
201198096,0,11
201198251,0,8
201198389,0,4
201198389,0,6
201198615,0,21
201198726,0,22
201198884,0,2
201198884,0,22
201199205,0,8
201199481,0,2
201199481,0,22
201199669,0,9
201199669,0,20
201199933,0,9
201200158,0,2
201200330,0,2
201200445,0,2
201200600,0,8
201200732,0,9
201200732,0,11
201200865,0,9
201200865,0,11
201201100,0,8
201201100,0,21
201201214,0,9
201201338,0,22
201201480,0,2
201201480,0,8
201201908,0,8
201202084,0,9
201202199,0,8
201202361,0,9
201202499,0,2
201202627,0,8
201203178,0,8
201203178,0,11
201203178,3,22
201203860,0,8
201203860,0,10
201203860,0,11
201204019,0,8
201204019,2,2
201204340,0,8
201204428,0,8
201204428,0,9
201204428,0,11
201204428,0,15
201204428,0,21
201204428,0,24
201205842,0,2
201206019,0,21
201206294,0,21
201206455,0,8
201206548,0,15
201206548,0,20
201206736,0,8
201206736,0,11
201206939,0,8
201207210,0,20
201207339,0,8
201207474,0,8
201207591,0,8
201207787,0,8
201207992,0,2
201208183,0,8
201208405,0,8
201208530,0,8
201208530,0,9
201208975,0,22
201209133,0,22
201209273,0,8
201209398,0,8
201209625,0,8
201209859,0,2
201209859,0,8
201210051,0,8
201210346,0,8
201210503,0,8
201210684,0,8
201210684,0,9
201210821,0,8
201211068,0,20
201211357,0,8
201211357,0,11
201211676,0,8
201211676,0,11
201211871,0,8
201211871,0,11
201212015,0,8
201212129,0,2
201212700,0,8
201212948,0,2
201213050,0,8
201213297,0,2
201213436,0,2
201213612,0,9
201213813,0,2
201214091,0,2
201214091,0,22
201214300,0,8
201214809,0,2
201215004,0,8
201215127,0,2
201215127,0,8
201215232,0,8
201215388,0,8
201215503,0,8
201215870,0,8
201216384,0,2
201216384,0,8
201216505,0,8
201216642,0,8
201216801,0,11
201217001,0,2
201217398,0,2
201217496,0,2
201217634,0,2
201217776,0,2
201217949,0,2
201218110,0,2
201218380,0,2
201218536,0,8
201218673,0,2
201218673,0,8
201218804,0,2
201218892,0,2
201219061,0,8
201219258,0,2
201219258,0,22
201219509,0,2
201219509,0,8
201219509,1,8
201219666,0,11
201219786,0,8
201219952,0,8
201220183,0,8
201220447,0,2
201220634,0,2
201220634,0,22
201220865,0,2
201220865,0,8
201221038,0,1
201221130,0,8
201221373,0,8
201221373,0,9
201221373,1,22
201221716,0,8
201221843,0,2
201222006,0,2
201222159,0,9
201222159,0,17
201222159,0,20
201222497,0,9
201222664,0,9
201222827,0,9
201223048,0,22
201223244,0,2
201223471,0,2
201223701,0,1
201223701,0,4
201223859,0,1
201223859,0,4
201223975,0,2
201224103,0,8
201224222,0,8
201224337,0,11
201224567,0,9
201224567,1,14
201224567,1,15
201225157,0,8
201225278,0,9
201225532,0,8
201225532,0,9
201225640,0,9
201225742,0,9
201225867,0,1
201225867,0,4
201226208,0,10
201226208,0,11
201226353,0,8
201226703,0,8
201226846,0,8
201226977,0,2
201227168,0,11
201227297,0,9
201227561,0,11
201227743,0,11
201228023,0,14
201228023,0,15
201228154,0,9
201228154,0,21
201228295,0,8
201228295,0,9
201228295,0,10
201228295,0,11
201228561,0,2
201228711,0,8
201228711,0,17
201228711,0,21
201228711,1,17
201228711,2,17
201228711,3,27
201229426,0,8
201229575,0,8
201230134,0,11
201230296,0,8
201230296,0,9
201230433,0,8
201230433,0,9
201230571,0,22
201230691,0,17
201230863,0,8
201230863,0,9
201230863,0,10
201230863,0,11
201231249,0,8
201231249,0,9
201231249,0,10
201231249,0,11
201231386,0,1
201231542,0,2
201231713,0,9
201231842,0,2
201231978,0,2
201232113,0,9
201232219,0,2
201232219,0,22
201232446,0,9
201232666,0,2
201232666,0,9
201233101,0,9
201233215,0,9
201233528,0,9
201233642,0,2
201233794,0,1
201233794,0,2
201233997,0,9
201234205,0,8
201234205,0,9
201234401,0,2
201234401,0,22
201234584,0,8
201234584,0,22
201234824,0,8
201234824,0,11
201235104,0,4
201235230,0,8
201235230,0,9
201235359,0,2
201235562,0,2
201235739,0,2
201235958,0,8
201236165,0,2
201236430,0,2
201236665,0,10
201236912,0,10
201237011,0,2
201237119,0,22
201237119,1,8
201237439,0,2
201237610,0,8
201237719,0,1
201237719,0,22
201237852,0,8
201238045,0,8
201238181,0,8
201238386,0,2
201238519,0,21
201238717,0,8
201238835,0,8
201238980,0,1
201239199,0,4
201239324,0,22
201239851,0,8
201240003,0,1
201240003,0,9
201240003,0,10
201240214,0,1
201240214,0,10
201240214,0,11
201240396,0,1
201240396,0,10
201240520,0,20
201240700,0,9
201240943,0,9
201241059,0,2
201241059,0,22
201241220,0,8
201241220,0,9
201241501,0,8
201241501,0,17
201241501,0,20
201241599,0,8
201241975,0,8
201242104,0,8
201242337,0,2
201242337,0,22
201242337,0,33
201242682,0,2
201242842,0,8
201242842,0,33
201242971,0,8
201243120,0,2
201243120,0,8
201243368,0,10
201243649,0,2
201243779,0,2
201243779,0,8
201244067,0,8
201244191,0,8
201244386,0,8
201244496,0,8
201244653,0,2
201244653,0,8
201245040,0,2
201245204,0,8
201245367,0,2
201245367,0,8
201245597,0,2
201245597,0,22
201245801,0,8
201245953,0,2
201245953,0,8
201246075,0,8
201246249,0,8
201246343,0,8
201246343,0,22
201246469,0,2
201246469,2,8
201246656,0,2
201246656,0,8
201246833,0,8
201247028,0,9
201247249,0,8
201247394,0,2
201247522,0,2
201247522,0,13
201247713,0,2
201247713,0,8
201248198,0,8
201248317,0,8
201248513,0,8
201248746,0,8
201249052,0,8
201249366,0,8
201249443,0,9
201249443,0,10
201249789,0,11
201249949,0,8
201250084,0,17
201250215,0,2
201250215,0,8
201250215,0,11
201250215,1,22
201250430,0,8
201250430,0,9
201250430,0,10
201250430,0,11
201250608,0,9
201250608,0,22
201250736,0,8
201250736,0,11
201250906,0,11
201251154,0,8
201251296,0,8
201251392,0,8
201251518,0,2
201251715,0,8
201251715,0,11
201251868,0,8
201252046,0,1
201252046,0,6
201252192,0,8
201252429,0,11
201252969,0,1
201252969,0,8
201252969,0,9
201252969,0,11
201252969,0,20
201252969,0,21
201253618,0,8
201253813,0,8
201253813,0,9
201253918,0,8
201253918,0,9
201253918,0,10
201253918,0,11
201254246,0,8
201254371,0,8
201254532,0,8
201254532,0,11
201254661,0,22
201254795,0,11
201255226,0,11
201255375,0,8
201255534,0,11
201255722,0,8
201255722,0,11
201255869,0,1
201255869,0,10
201255869,0,11
201255869,1,22
201256160,0,8
201256360,0,8
201256653,0,8
201256653,0,9
201256852,0,9
201257052,0,8
201257322,0,8
201257322,1,8
201257516,0,8
201257798,0,8
201257877,0,8
201257877,0,9
201258042,0,9
201258234,0,8
201258360,0,8
201258360,0,9
201258478,0,8
201258803,0,8
201258894,0,2
201259009,0,21
201259369,0,8
201259369,0,9
201259369,0,11
201259369,3,2
201259369,3,4
201259369,3,10
201259369,3,22
201259369,4,10
201260058,0,8
201260203,0,8
201260278,0,8
201260434,0,22
201260544,0,8
201260544,0,9
201260838,0,1
201260928,0,8
201260928,0,9
201260928,0,16
201261195,0,8
201261195,0,9
201261195,0,10
201261195,0,11
201261545,0,8
201261737,0,8
201261896,0,8
201261986,0,1
201262106,0,9
201262390,0,8
201262390,0,9
201262663,0,8
201262820,0,8
201262820,0,9
201262973,0,8
201262973,0,9
201262973,0,11
201263163,0,8
201263163,0,11
201263300,0,8
201263300,0,11
201263300,0,22
201263491,0,8
201263491,0,9
201263639,0,8
201263639,0,9
201263639,0,10
201263639,0,11
201263961,0,8
201263961,0,9
201263961,0,10
201263961,0,11
201264571,0,8
201264734,0,8
201264878,0,8
201265038,0,8
201265038,0,11
201265350,0,8
201265466,0,10
201265466,0,11
201265606,0,8
201265606,0,11
201265745,0,8
201265872,0,11
201265958,0,8
201265958,0,21
201266236,0,9
201266351,0,8
201266351,0,11
201266498,0,8
201266660,0,8
201266660,0,11
201266821,0,8
201266947,0,8
201266947,0,9
201266947,0,11
201267314,0,8
201267314,0,9
201267539,0,8
201267647,0,8
201267896,0,1
201267896,0,4
201267896,0,22
201268416,0,11
201268637,0,1
201268779,0,1
201268937,0,11
201269111,0,1
201269272,0,8
201269272,0,9
201269423,0,8
201269423,0,9
201269423,0,11
201269580,0,8
201269740,0,8
201269925,0,8
201270053,0,1
201270053,0,2
201270053,0,8
201270053,0,11
201270277,0,1
201270277,0,8
201270277,0,9
201270277,0,11
201270277,0,21
201270603,0,8
201270711,0,1
201270711,0,8
201270711,0,11
201270928,0,8
201271096,0,8
201271096,0,9
201271096,0,10
201271096,0,11
201271306,0,8
201271510,0,8
201271748,0,8
201271839,0,8
201271839,0,11
201272310,0,8
201272452,0,2
201272556,0,8
201272671,0,8
201272779,0,8
201272962,0,8
201273065,0,8
201273065,0,9
201273310,0,8
201273310,0,9
201273695,0,2
201273695,0,9
201273876,0,9
201273970,0,8
201273970,0,11
201274183,0,4
201274330,0,1
201274583,0,11
201274770,0,8
201274770,0,11
201274770,0,22
201275330,0,4
201275330,0,11
201275491,0,11
201275619,0,1
201275748,0,4
201275748,0,22
201275866,0,4
201275866,0,22
201275998,0,1
201275998,0,2
201276203,0,11
201276763,0,10
201276763,0,11
201276998,0,8
201276998,0,11
201277165,0,20
201277165,0,21
201277430,0,8
201277430,0,11
201277539,0,8
201277539,0,9
201277539,0,10
201277744,0,8
201277744,0,9
201277744,0,22
201277899,0,8
201277899,0,9
201278268,0,9
201278347,0,8
201278459,0,8
201278459,0,9
201278459,0,10
201278735,0,8
201278735,0,9
201278735,0,10
201278735,0,11
201278859,0,9
201279085,0,9
201279187,0,9
201279305,0,9
201279305,0,10
201279479,0,8
201279594,0,8
201279761,0,8
201279761,0,9
201279945,0,8
201279945,0,9
201280252,0,8
201280252,0,21
201280419,0,31
201280612,0,21
201280867,0,8
201281063,0,8
201281218,0,8
201281448,0,8
201281604,0,8
201281725,0,8
201281850,0,8
201282018,0,8
201282145,0,8
201282298,0,11
201282449,0,8
201282580,0,8
201282801,0,8
201282910,0,8
201283012,0,8
201283252,0,9
201283408,0,8
201283408,0,9
201283408,0,10
201283408,0,11
201284039,0,8
201284039,0,11
201284185,0,4
201284185,0,11
201284332,0,8
201284332,0,9
201284332,0,10
201284332,0,11
201284475,0,8
201284475,0,9
201284475,0,10
201284475,0,11
201284642,0,8
201284843,0,8
201284843,0,9
201285005,0,4
201285145,0,11
201285323,0,11
201285466,0,4
201285466,0,11
201285620,0,1
201285762,0,1
201285902,0,8
201285902,0,9
201286169,0,8
201286316,0,8
201286464,0,8
201286621,0,8
201286621,0,9
201286756,0,9
201286881,0,8
201286881,0,9
201286881,0,22
201287124,0,8
201287124,0,9
201287124,0,10
201287124,0,11
201287450,0,9
201287570,0,8
201287570,0,9
201287570,0,11
201287830,0,8
201287830,0,9
201287830,0,10
201287830,0,11
201288036,0,4
201288036,0,8
201288036,0,9
201288036,0,22
201288251,0,8
201288251,0,9
201288389,0,8
201288389,0,9
201288389,0,10
201288569,0,8
201288695,0,8
201288806,0,8
201288806,0,9
201288930,0,8
201288930,0,21
201289069,0,8
201289069,0,9
201289197,0,10
201289197,0,11
201289387,0,8
201289387,0,21
201289524,0,8
201289707,0,8
201289707,0,9
201289853,0,8
201289853,0,9
201290005,0,21
201290148,0,1
201290148,0,8
201290148,0,11
201290312,0,8
201290464,0,8
201290614,0,8
201290790,0,8
201290790,0,11
201290790,0,20
201290790,0,21
201290977,0,21
201291125,0,8
201291125,0,21
201291298,0,8
201291298,0,9
201291298,0,11
201291494,0,8
201291667,0,2
201291667,0,8
201291832,0,8
201291832,0,21
201292008,0,8
201292169,0,2
201292169,0,8
201292368,0,8
201292659,0,8
201292755,0,8
201292755,0,11
201292920,0,8
201293124,0,8
201293124,0,11
201293473,0,8
201293582,0,8
201293582,0,11
201293808,0,8
201293808,0,11
201293931,0,8
201293931,0,11
201294088,0,8
201294088,0,11
201294330,0,8
201294446,0,8
201294561,0,8
201294561,0,11
201294668,0,8
201294668,0,11
201294809,0,8
201294913,0,8
201295037,0,8
201295037,0,11
201295171,0,8
201295171,0,9
201295291,0,8
201295291,0,20
201295291,0,21
201295510,0,8
201295692,0,8
201295892,0,8
201296084,0,8
201296084,0,9
201296084,0,11
201296269,0,8
201296269,0,10
201296269,0,11
201296437,0,8
201296533,0,8
201296634,0,8
201296634,0,11
201296781,0,8
201297034,0,8
201297034,0,11
201297268,0,8
201297268,0,9
201297268,0,10
201297268,0,11
201297806,0,8
201297937,0,8
201298037,0,11
201298239,0,8
201298358,0,8
201298471,0,1
201298471,0,4
201298471,0,10
201298672,0,8
201298791,0,8
201298791,0,9
201298791,0,10
201298791,0,11
201299078,0,8
201299214,0,8
201299214,0,11
201299391,0,21
201299491,0,8
201299491,0,11
201299693,0,8
201299693,0,11
201299779,0,8
201299988,0,8
201299988,0,11
201300164,0,8
201300293,0,10
201300293,0,11
201300438,0,8
201300438,0,11
201300534,0,8
201300534,0,11
201300926,0,8
201301031,0,8
201301031,0,11
201301184,0,8
201301184,0,11
201301371,0,8
201301371,0,11
201301576,0,11
201301923,0,11
201302112,0,8
201302112,0,11
201302327,0,8
201302547,0,8
201302692,0,8
201302857,0,8
201302990,0,1
201303143,0,8
201303259,0,8
201303259,0,11
201303442,0,8
201303442,0,11
201303602,0,8
201303602,0,11
201303810,0,8
201304027,0,8
201304140,0,8
201304253,0,8
201304253,0,11
201304520,0,8
201304520,0,11
201304702,0,8
201304702,0,11
201304826,0,8
201304826,0,11
201305052,0,8
201305160,0,8
201305292,0,8
201305488,0,8
201305488,0,11
201305624,0,8
201305818,0,8
201305818,0,11
201306067,0,8
201306067,0,9
201306067,0,11
201306425,0,8
201306425,0,9
201306611,0,2
201306788,0,8
201306788,0,10
201306788,0,11
201306924,0,8
201306924,0,10
201306924,0,11
201307111,0,8
201307111,0,11
201307241,0,8
201307241,0,11
201307510,0,1
201307510,0,4
201307806,0,1
201308014,0,1
201308146,0,8
201308283,0,8
201308448,0,8
201308540,0,8
201308723,0,8
201308891,0,8
201309136,0,11
201309244,0,8
201309364,0,8
201309501,0,8
201309501,0,11
201309646,0,8
201309646,0,21
201309823,0,8
201309823,0,21
201309986,0,2
201309986,0,8
201309986,0,11
201310194,0,11
201310343,0,11
201310437,0,8
201310437,0,11
201310686,0,8
201310809,0,8
201310809,0,11
201311090,0,8
201311211,0,8
201311354,0,8
201311354,0,11
201311534,0,8
201311659,0,8
201311659,0,11
201311779,0,8
201311874,0,8
201311874,0,11
201312023,0,8
201312023,0,11
201312158,0,8
201312158,0,11
201313121,0,8
201313261,0,8
201313374,0,8
201313374,0,11
201313581,0,8
201313672,0,8
201313812,0,8
201313921,0,8
201314201,0,8
201314307,0,8
201314389,0,8
201314593,0,8
201314738,0,8
201314884,0,11
201315144,0,8
201315521,0,8
201315657,0,8
201315788,0,8
201315912,0,8
201316044,0,8
201316158,0,8
201316343,0,8
201316503,0,8
201316617,0,8
201316772,0,8
201316916,0,8
201317054,0,8
201317270,0,8
201317425,0,8
201317567,0,8
201317748,0,8
201317890,0,8
201318034,0,8
201318162,0,8
201318245,0,8
201318509,0,8
201318635,0,8
201318830,0,8
201318830,0,11
201318830,0,21
201319110,0,8
201319235,0,8
201319500,0,8
201319705,0,2
201319825,0,8
201319983,0,8
201320186,0,8
201320281,0,8
201320396,0,8
201320504,0,8
201320629,0,9
201320845,0,8
201320845,0,11
201320962,0,8
201321063,0,8
201321063,0,11
201321310,0,8
201321310,0,11
201321453,0,11
201321576,0,8
201321576,0,11
201321679,0,8
201321861,0,8
201321861,0,11
201322021,0,8
201322021,0,11
201322151,0,8
201322301,0,8
201322406,0,9
201322624,0,9
201322722,0,8
201322722,0,9
201322810,0,8
201322810,0,9
201323036,0,8
201323036,0,11
201323247,0,8
201323366,0,8
201323366,0,11
201323492,0,8
201323581,0,8
201323581,0,11
201323723,0,8
201323827,0,8
201323827,0,11
201324145,0,8
201324257,0,8
201324257,0,11
201324426,0,11
201324658,0,8
201324865,0,11
201325035,0,8
201325035,0,11
201325238,0,8
201325370,0,8
201325496,0,8
201325496,0,11
201325714,0,8
201325714,0,11
201325848,0,8
201325848,0,11
201326057,0,8
201326057,0,11
201326510,0,1
201326510,0,8
201326510,0,11
201326943,0,1
201326943,0,8
201327141,0,1
201327312,0,1
201327312,0,2
201327431,0,1
201327431,0,8
201327599,0,8
201327763,0,8
201327763,0,11
201327965,0,8
201328146,0,1
201328146,0,8
201328146,0,11
201328613,0,8
201328769,0,8
201328769,0,11
201328932,0,11
201329082,0,8
201329193,0,8
201329308,0,1
201329308,0,8
201329308,0,11
201329467,0,8
201329467,0,11
201329642,0,8
201329753,0,8
201329942,0,8
201329942,0,11
201330072,0,8
201330183,0,8
201330183,0,11
201330302,0,8
201330490,0,8
201330490,0,11
201330609,0,11
201330741,0,8
201330741,0,11
201331084,0,8
201331229,0,8
201331229,0,11
201331404,0,8
201331404,0,20
201331404,0,21
201331807,0,8
201331942,0,8
201332089,0,8
201332089,0,9
201332198,0,8
201332356,0,8
201332467,0,8
201332657,0,8
201332657,0,9
201332657,0,20
201332657,0,21
201332879,0,8
201333104,0,8
201333355,0,8
201333355,0,9
201333482,0,8
201333482,0,9
201333482,0,20
201333482,0,21
201333636,0,8
201333636,0,9
201333636,0,15
201333636,0,20
201333636,0,21
201334234,0,8
201334347,0,21
201334486,0,8
201334632,0,8
201334632,0,9
201334750,0,8
201334870,0,8
201334973,0,8
201335109,0,8
201335109,0,9
201335474,0,8
201335620,0,8
201335769,0,8
201335769,0,9
201335913,0,8
201336029,0,8
201336161,0,9
201336284,0,9
201336433,0,9
201336693,0,8
201336786,0,9
201336786,0,10
201336868,0,8
201336868,0,9
201336868,0,21
201337040,0,8
201337040,0,9
201337153,0,8
201337153,0,21
201337258,0,8
201337258,0,21
201337387,0,8
201337387,0,21
201337562,0,9
201337724,0,20
201337724,0,21
201337865,0,8
201338103,0,8
201338103,0,9
201338103,0,20
201338103,0,21
201338241,0,8
201338241,0,21
201338365,0,15
201338487,0,1
201338654,0,4
201338654,0,12
201338654,0,22
201338962,0,1
201339177,0,1
201339177,0,4
201339301,0,1
201339301,0,2
201339301,0,4
201339301,0,22
201339759,0,8
201339939,0,8
201340049,0,8
201340173,0,8
201340401,0,8
201340598,0,1
201340766,0,8
201340959,0,8
201341117,0,8
201341117,0,9
201341621,0,8
201341780,0,8
201341876,0,8
201342090,0,8
201342302,0,8
201342410,0,8
201342410,0,9
201342566,0,1
201342566,0,2
201342566,0,4
201342566,0,22
201342780,0,8
201342780,0,16
201343016,0,8
201343162,0,8
201343273,0,8
201343376,0,8
201343518,0,8
201343659,0,8
201343659,0,9
201343659,0,10
201343659,0,11
201344277,0,8
201344383,0,8
201344521,0,8
201344691,0,8
201344829,0,8
201344829,0,11
201344829,0,21
201345559,0,21
201345659,0,8
201345786,0,8
201346009,0,8
201346198,0,8
201346198,0,11
201346346,0,8
201346346,0,21
201346508,0,8
201346508,0,21
201346668,0,8
201346668,0,21
201346930,0,8
201346930,0,21
201347053,0,8
201347053,0,21
201347316,0,8
201347512,0,8
201347653,0,8
201347653,0,21
201347876,0,8
201347965,0,8
201348070,0,8
201348161,0,1
201348161,0,4
201348443,0,1
201348547,0,8
201348674,0,8
201348674,0,9
201348840,0,8
201348840,0,9
201348968,0,8
201349058,0,8
201349208,0,8
201349340,0,8
201349454,0,8
201349681,0,8
201349681,0,9
201349681,0,10
201349681,0,11
201349861,0,8
201349861,0,9
201349861,0,10
201349861,0,11
201350496,0,9
201350660,0,8
201350660,0,9
201350842,0,9
201351054,0,9
201351194,0,8
201351194,0,9
201351331,0,8
201351459,0,8
201351600,0,8
201351719,0,8
201351719,0,11
201351719,0,21
201352024,0,8
201352184,0,8
201352332,0,8
201352431,0,8
201352553,0,8
201352674,0,8
201352674,0,9
201352819,0,8
201352819,0,9
201352943,0,8
201353079,0,8
201353193,0,1
201353193,0,2
201353193,0,8
201353193,0,22
201353439,0,8
201353439,0,11
201353594,0,8
201353736,0,8
201353856,0,1
201354037,0,8
201354226,0,8
201354434,0,8
201354542,0,8
201354670,0,8
201354787,0,8
201354920,0,8
201355061,0,8
201355149,0,2
201355149,0,8
201355149,0,22
201355348,0,8
201355515,0,8
201355637,0,8
201355637,0,11
201355884,0,8
201356104,0,8
201356266,0,8
201356391,0,1
201356391,0,8
201356521,0,8
201356673,0,8
201356673,0,9
201356673,0,10
201356673,0,11
201356894,0,8
201356894,0,21
201357212,0,8
201357212,0,11
201357558,0,2
201357558,0,8
201357674,0,8
201357674,0,9
201357674,0,10
201357674,0,11
201358009,0,8
201358009,0,11
201358232,0,2
201358232,0,8
201358232,0,22
201358674,0,11
201358798,0,2
201358798,0,8
201358966,0,8
201359104,0,8
201359209,0,8
201359209,0,11
201359513,0,8
201359652,0,8
201359652,0,11
201359927,0,8
201360157,0,8
201360271,0,2
201360445,0,8
201360672,0,8
201360810,0,2
201360810,0,9
201360938,0,8
201360938,0,11
201361242,0,8
201361395,0,2
201361395,0,8
201361395,0,21
201361698,0,8
201361834,0,21
201361996,0,8
201361996,0,21
201362185,0,8
201362185,0,21
201362373,0,8
201362373,0,21
201362516,0,8
201362516,0,11
201362819,0,8
201362934,0,11
201363051,0,8
201363202,0,9
201363367,0,2
201363367,0,22
201363577,0,2
201363577,0,8
201363769,0,2
201363962,0,2
201363962,0,8
201364242,0,8
201364242,0,9
201364874,0,2
201365066,0,8
201365284,0,2
201365284,0,8
201365478,0,2
201365620,0,8
201365729,0,9
201365941,0,8
201366089,0,8
201366089,0,9
201366198,0,8
201366198,0,9
201366388,0,8
201366388,0,9
201366746,0,8
201366888,0,9
201367135,0,9
201367324,0,8
201367324,0,11
201367514,0,22
201367714,0,2
201367714,0,22
201367858,0,8
201368011,0,2
201368138,0,2
201368138,0,22
201368227,0,8
201368227,0,11
201368403,0,8
201368550,0,8
201368674,0,8
201368986,0,8
201369089,0,8
201369178,0,8
201369178,0,11
201369334,0,8
201369481,0,8
201369481,0,11
201369667,0,8
201369667,0,11
201370174,0,8
201370336,0,8
201370461,0,8
201370560,0,8
201370560,0,11
201370891,0,8
201371059,0,8
201371177,0,8
201371177,0,11
201371343,0,8
201371522,0,8
201371522,0,9
201371870,0,8
201372006,0,9
201372186,0,9
201372461,0,10
201372625,0,8
201372625,0,9
201372625,0,10
201373736,0,2
201373868,0,9
201373868,0,10
201374028,0,9
201374028,0,10
201374276,0,10
201374551,0,8
201374551,0,10
201374748,0,10
201374907,0,8
201374907,0,9
201375137,0,1
201375238,0,8
201375342,0,8
201375563,0,9
201375799,0,9
201375799,0,11
201375929,0,8
201376042,0,8
201376246,0,9
201376584,0,9
201376836,0,21
201377032,0,21
201377250,0,10
201377250,0,11
201377378,0,8
201377378,0,21
201377551,0,8
201377551,0,15
201377761,0,8
201377761,0,15
201378082,0,8
201378197,0,8
201378197,0,11
201378306,0,2
201378306,0,8
201378799,0,8
201378942,0,8
201379054,0,8
201379160,0,8
201379336,0,8
201379509,0,8
201379634,0,2
201379634,0,8
201379743,0,8
201379889,0,8
201380094,0,8
201380214,0,8
201380304,0,8
201380415,0,2
201380415,0,8
201380585,0,2
201380585,0,8
201380756,0,8
201380885,0,8
201380885,0,21
201381055,0,8
201381055,0,21
201381272,0,8
201381272,0,21
201381550,0,8
201381666,0,21
201381797,0,8
201381797,0,11
201383620,0,9
201383732,0,9
201383829,0,8
201384016,0,8
201384160,0,8
201384160,0,11
201384287,0,8
201384407,0,8
201384546,0,8
201384673,0,8
201384673,0,11
201384796,0,8
201384889,0,8
201385092,0,8
201385244,0,8
201385419,0,8
201385525,0,8
201385626,0,8
201385720,0,8
201385720,0,11
201385967,0,8
201385967,0,11
201386195,0,8
201386195,0,10
201386327,0,8
201386327,0,10
201386515,0,8
201386515,0,11
201386629,0,8
201386629,0,11
201386756,0,8
201386922,0,8
201387030,0,9
201387217,0,8
201387408,0,8
201387529,0,8
201387662,0,8
201387662,0,9
201387824,0,8
201388039,0,8
201388211,0,8
201388342,0,8
201388455,0,8
201388455,0,11
201388666,0,8
201388666,0,11
201388991,0,8
201389082,0,8
201389207,0,8
201389207,0,9
201389334,0,20
201389334,0,21
201389468,0,8
201389624,0,8
201389624,0,11
201389624,0,21
201391000,0,8
201391082,0,8
201391197,0,8
201391197,0,21
201391309,0,8
201391409,0,8
201391525,0,8
201391624,0,8
201391721,0,8
201391821,0,8
201391940,0,8
201391940,0,9
201392096,0,8
201392265,0,8
201392390,0,8
201392390,0,21
201392558,0,8
201392668,0,8
201392668,0,21
201392796,0,8
201392959,0,8
201393078,0,4
201393326,0,1
201393479,0,8
201393479,0,11
201393723,0,8
201393829,0,8
201393829,0,21
201393934,0,8
201393934,0,11
201394089,0,8
201394089,0,11
201394295,0,8
201394295,0,11
201394793,0,8
201394973,0,8
201395081,0,1
201395081,0,2
201395207,0,8
201395207,0,11
201395670,0,8
201395788,0,8
201395788,0,11
201395933,0,8
201396044,0,1
201396218,0,1
201396412,0,1
201396538,0,8
201396538,0,9
201396538,0,20
201396538,0,21
201396759,0,9
201396759,0,20
201396918,0,8
201396918,0,9
201396918,0,20
201396918,0,21
201397289,0,8
201397289,0,11
201397450,0,8
201397450,0,11
201397450,0,20
201397450,0,21
201397728,0,8
201397893,0,8
201397999,0,8
201397999,0,11
201397999,0,21
201398150,0,8
201398150,0,11
201398299,0,8
201398299,0,11
201398442,0,8
201398442,0,11
201398442,0,21
201398630,0,8
201398630,0,11
201398841,0,8
201398841,0,11
201398841,0,21
201399241,0,8
201399373,0,11
201399631,0,8
201399631,0,9
201399797,0,8
201400047,0,8
201400047,0,11
201400319,0,8
201400319,0,11
201400518,0,8
201400518,0,11
201400518,0,21
201401006,0,8
201401159,0,8
201401415,0,8
201401559,0,8
201401559,0,9
201401678,0,8
201401795,0,8
201401933,0,8
201401933,0,21
201402085,0,8
201402211,0,8
201402401,0,8
201402401,0,21
201402592,0,8
201402592,0,11
201402734,0,8
201402734,0,11
201402828,0,8
201402828,0,11
201403093,0,8
201403299,0,8
201403299,0,11
201403432,0,8
201403432,0,11
201403711,0,8
201403831,0,8
201403991,0,8
201404099,0,8
201404099,0,11
201404099,0,20
201404099,0,21
201404720,0,8
201404855,0,8
201404962,0,4
201405090,0,8
201405090,0,11
201405090,0,20
201405090,0,21
201405254,0,8
201405350,0,9
201405499,0,8
201405499,0,9
201405499,0,10
201405499,0,11
201405499,0,20
201405499,0,21
201405717,0,8
201405717,0,11
201405831,0,8
201405831,0,11
201405831,0,21
201406052,0,8
201406220,0,1
201406220,0,4
201406611,0,9
201406758,0,1
201406758,0,11
201406899,0,8
201406899,0,21
201407126,0,8
201407126,0,21
201407301,0,21
201407493,0,8
201407493,0,11
201407493,0,21
201407661,0,8
201407798,0,8
201407798,0,9
201407798,0,10
201407798,0,11
201408043,0,8
201408043,0,9
201408043,0,10
201408043,0,11
201408207,0,8
201408207,0,11
201408325,0,8
201408477,0,11
201408615,0,8
201408773,0,8
201408902,0,8
201409273,0,8
201409387,0,8
201409561,0,8
201409667,0,8
201409786,0,8
201409893,0,8
201410041,0,8
201410041,0,21
201410185,0,8
201410185,0,21
201410405,0,8
201410746,0,8
201410893,0,8
201411067,0,8
201411285,0,8
201411390,0,8
201411504,0,8
201411642,0,8
201411797,0,8
201411936,0,8
201411936,0,21
201412074,0,8
201412242,0,8
201412511,0,8
201412680,0,8
201412846,0,8
201413008,0,8
201413008,0,21
201413174,0,21
201413580,0,8
201413745,0,8
201413918,0,8
201414044,0,8
201414198,0,8
201414294,0,8
201414435,0,8
201414558,0,8
201414692,0,8
201414916,0,8
201415110,0,8
201415110,0,21
201415270,0,8
201415400,0,8
201415515,0,8
201415631,0,8
201415769,0,8
201415891,0,8
201415891,0,21
201415996,0,8
201415996,0,9
201415996,0,21
201416241,0,8
201416397,0,8
201416514,0,8
201416657,0,8
201416657,0,21
201416854,0,8
201416854,0,21
201417044,0,8
201417044,0,21
201417204,0,21
201417348,0,21
201417450,0,8
201417589,0,8
201417714,0,8
201417852,0,21
201418024,0,8
201418147,0,1
201418147,0,2
201418147,0,8
201418147,0,11
201418413,0,8
201418609,0,8
201418811,0,1
201418811,0,8
201418811,0,11
201418953,0,1
201419365,0,8
201419365,0,11
201419733,0,8
201419733,0,11
201419852,0,8
201419943,0,8
201419943,0,11
201420046,0,1
201420168,0,8
201420168,0,9
201420450,0,8
201420651,0,8
201420808,0,9
201420808,0,10
201420808,0,11
201421061,0,1
201421258,0,8
201421381,0,8
201421381,0,10
201421381,0,11
201421651,0,8
201421814,0,8
201422033,0,2
201422181,0,8
201422181,0,9
201422307,0,8
201422307,0,11
201422307,0,21
201422619,0,8
201422619,0,19
201422619,0,21
201422763,0,8
201422985,0,8
201422985,0,11
201423104,0,8
201423233,0,8
201423233,0,11
201423400,0,8
201423400,0,11
201423526,0,1
201423526,0,4
201423702,0,8
201423702,0,9
201423702,0,10
201423702,0,11
201423702,0,17
201423702,0,31
201424147,0,1
201424147,0,2
201424269,0,1
201424269,0,2
201424449,0,8
201424449,0,11
201424449,0,20
201424449,0,21
201424449,0,31
201424802,0,8
201424802,0,11
201424802,0,20
201424802,0,21
201424802,0,31
201424977,0,4
201424977,0,22
201425158,0,1
201425158,0,2
201425158,0,4
201425337,0,8
201425337,0,21
201425645,0,8
201425645,0,11
201425818,0,8
201425818,0,21
201425981,0,8
201425981,0,11
201425981,0,21
201426356,0,8
201426554,0,2
201426768,0,8
201426768,0,11
201426975,0,1
201426975,0,8
201427180,0,8
201427180,0,11
201427307,0,8
201427494,0,8
201427733,0,1
201427973,0,8
201427973,0,21
201428185,0,8
201428185,0,11
201428275,0,2
201428275,0,22
201428410,0,8
201428410,0,11
201428410,0,21
201428987,0,8
201428987,0,11
201429146,0,8
201429146,0,11
201429339,0,8
201429339,0,21
201429490,0,8
201429490,0,9
201429798,0,8
201429798,0,9
201429959,0,8
201429959,0,9
201430116,0,1
201430360,0,1
201430477,0,10
201430632,0,8
201430632,0,9
201430632,0,11
201431256,0,8
201431369,0,8
201431550,0,8
201431550,3,22
201431797,0,8
201431914,0,8
201431914,0,9
201432084,0,8
201432084,0,11
201432438,0,2
201432438,0,22
201432607,0,2
201432721,0,2
201432721,0,22
201432819,0,8
201432918,0,2
201432918,0,22
201433090,0,2
201433090,0,22
201433246,0,2
201433246,0,22
201433394,0,2
201433394,0,22
201433512,0,2
201433512,0,22
201433647,0,2
201433647,0,22
201433801,0,2
201433801,0,22
201433948,0,2
201433948,0,22
201434103,0,2
201434276,0,8
201434440,0,8
201434440,0,11
201434639,0,8
201434753,0,8
201434753,3,22
201435014,0,8
201435171,0,8
201435459,0,8
201435701,0,8
201435701,0,11
201435817,0,8
201435817,0,11
201435978,0,21
201436131,0,8
201436258,0,8
201436366,0,8
201436491,0,8
201436669,0,8
201436669,0,11
201436799,0,8
201436964,0,8
201437080,0,8
201437222,0,8
201437359,0,8
201437359,0,11
201437551,0,8
201437551,0,11
201437714,0,8
201437844,0,8
201438444,0,11
201438629,0,9
201438711,0,11
201438871,0,1
201439065,0,11
201439244,0,2
201439387,0,8
201439387,0,11
201439387,0,21
201439665,0,8
201439833,0,21
201439999,0,8
201439999,0,9
201439999,0,10
201439999,0,11
201440171,0,8
201440171,0,9
201440171,0,10
201440171,0,11
201440303,0,8
201440303,0,9
201440420,0,8
201440420,0,11
201440579,0,8
201440579,0,11
201440709,0,8
201440709,0,11
201440926,0,8
201440926,0,11
201441188,0,8
201441188,0,11
201441373,0,8
201441553,0,8
201441631,0,8
201441790,0,8
201441790,0,11
201441899,0,8
201442039,0,8
201442191,0,1
201442191,0,8
201442348,0,8
201442348,0,11
201442774,0,8
201442901,0,8
201443029,0,8
201443029,0,11
201443185,0,8
201443486,0,8
201443758,0,8
201443861,0,4
201443861,0,8
201443861,0,11
201443861,0,22
201444143,0,8
201444143,0,11
201444347,0,8
201444347,0,9
201444482,0,8
201444482,0,9
201444611,0,8
201444611,0,11
201444862,0,8
201444959,0,8
201445085,0,8
201445196,0,8
201445529,0,8
201445640,0,8
201445810,0,8
201445929,0,8
201446092,0,8
201446238,0,8
201446475,0,8
201446671,0,10
201446671,0,11
201446791,0,8
201446791,0,9
201446791,0,10
201446791,0,11
201446937,0,9
201447084,0,8
201447084,0,9
201447235,0,9
201447357,0,9
201447872,0,9
201448035,0,9
201448110,0,9
201448197,0,8
201448197,0,9
201448197,0,10
201448197,0,11
201448400,0,9
201448564,0,9
201448684,0,9
201448923,0,9
201449013,0,8
201449013,0,9
201449160,0,8
201449160,0,9
201449160,0,10
201449160,0,11
201449546,0,8
201449691,0,8
201449817,0,8
201450062,0,8
201450162,0,9
201450285,0,8
201450285,0,9
201450285,0,10
201450285,0,11
201450285,0,17
201451116,0,9
201451265,0,8
201451265,0,9
201451375,0,8
201451375,0,9
201451375,0,10
201451375,0,11
201451631,0,8
201451631,0,9
201451631,0,10
201451631,0,11
201451631,0,17
201451812,0,8
201451812,0,9
201451936,0,8
201452032,0,8
201452032,0,9
201452227,0,8
201452227,0,9
201452227,0,10
201452227,0,17
201452445,0,2
201452577,0,8
201452719,0,8
201452909,0,8
201453037,0,2
201453144,0,8
201453284,0,8
201453389,0,8
201453586,0,8
201453719,0,8
201453812,0,8
201454057,0,8
201454259,0,8
201454410,0,8
201454550,0,8
201454661,0,8
201454810,0,8
201454936,0,8
201455046,0,8
201455173,0,8
201455173,0,21
201455304,0,2
201455304,0,8
201456240,0,2
201456419,0,9
201456580,0,3
201456795,0,8
201456990,0,8
201457152,0,3
201457328,0,8
201457524,0,22
201457678,0,8
201457860,0,8
201458109,0,2
201458109,1,8
201458253,0,2
201458445,0,8
201458589,0,8
201458716,0,2
201458716,0,8
201458914,0,2
201458914,0,8
201459133,0,8
201459330,0,2
201459479,0,2
201459598,0,2
201459719,0,8
201459719,0,9
201459844,0,8
201459844,0,9
201460035,0,8
201460035,0,9
201460179,0,2
201460179,0,8
201460179,0,9
201460179,0,10
201460179,0,11
201460902,0,8
201461041,0,8
201461041,0,9
201461586,0,9
201461724,0,9
201461826,0,9
201461934,0,8
201461934,0,9
201462045,0,9
201462160,0,9
201462302,0,9
201462522,0,8
201462618,0,8
201462618,0,9
201462733,0,8
201462733,0,9
201462886,0,8
201462886,0,9
201463147,0,8
201463410,0,2
201463535,0,2
201463693,0,2
201463693,0,8
201463891,0,8
201464062,0,9
201464298,0,8
201464298,0,21
201464298,0,22
201464477,0,22
201464636,0,8
201464636,0,9
201464926,0,8
201464926,0,9
201465172,0,9
201465295,0,8
201465295,0,9
201465464,0,9
201465595,0,9
201465817,0,8
201465817,0,9
201465817,0,10
201466033,0,9
201466206,0,9
201466377,0,8
201466552,0,8
201466745,0,8
201466884,0,8
201466884,0,9
201466884,0,11
201467175,0,8
201467175,0,9
201467270,0,8
201467429,0,9
201467591,0,8
201467591,0,9
201467718,0,8
201467718,0,9
201467718,0,10
201467718,0,11
201467899,0,8
201467899,0,11
201468068,0,8
201468210,0,8
201468210,0,11
201468420,0,8
201468567,0,8
201468567,0,11
201468698,0,8
201468990,0,8
201469191,0,8
201469404,0,8
201469504,0,8
201469504,0,9
201469504,0,10
201469504,0,11
201469760,0,8
201469760,0,11
201469898,0,8
201469898,0,11
201470013,0,2
201470225,0,2
201470335,0,1
201470482,0,2
201470647,0,2
201470796,0,8
201470796,0,9
201470959,0,9
201471153,0,8
201471153,0,21
201471448,0,8
201471448,0,21
201471653,0,8
201471653,0,21
201472034,0,9
201472203,0,8
201472627,0,8
201472750,0,8
201472750,0,21
201472974,0,8
201472974,0,11
201473255,0,8
201473373,0,8
201473594,0,8
201473711,0,8
201473881,0,8
201474017,0,9
201474194,0,9
201474308,0,8
201474438,0,1
201474438,0,2
201474544,0,2
201474544,0,8
201474544,0,9
201474952,0,2
201475033,0,2
201475033,0,22
201475433,0,8
201475596,0,8
201475596,0,9
201475794,0,2
201475977,0,2
201475977,0,9
201476157,0,9
201476238,0,9
201476482,0,2
201476482,14,9
201476482,15,9
201476482,18,9
201476482,19,9
201477182,0,9
201477333,0,2
201477538,0,2
201477750,0,2
201477880,0,2
201477981,0,10
201478106,0,11
201478298,0,1
201478476,0,9
201478673,0,9
201478673,1,2
201478948,0,2
201479417,0,11
201479550,0,8
201479550,0,9
201479758,0,8
201479977,0,8
201480105,0,8
201480656,0,1
201480842,0,2
201480842,0,9
201481179,0,9
201481359,0,2
201481457,0,2
201481457,0,8
201481457,0,9
201481457,0,20
201481457,0,21
201481950,0,1
201481950,0,2
201482106,0,8
201482106,0,9
201482214,0,8
201482214,0,9
201482214,0,10
201482403,0,8
201482403,0,9
201482580,0,8
201482580,0,9
201482701,0,8
201482701,0,9
201482828,0,8
201482828,0,9
201482828,0,10
201482828,0,11
201483141,0,8
201483141,0,9
201483269,0,8
201483386,0,8
201483521,0,8
201483521,0,9
201483521,0,10
201483521,0,11
201483521,0,21
201483901,0,8
201483901,0,9
201483901,0,10
201483901,0,11
201484037,0,1
201484037,0,11
201484219,0,8
201484368,0,9
201484524,0,8
201484524,0,9
201484524,0,10
201484524,0,11
201485086,0,21
201485264,0,10
201485264,0,11
201485392,0,8
201485392,0,9
201485392,0,10
201485518,0,8
201485518,0,11
201485644,0,8
201485644,0,11
201485644,0,21
201486336,0,8
201486460,0,11
201486611,0,9
201486712,0,8
201486843,0,21
201487046,0,8
201487190,0,8
201487336,0,8
201487469,0,2
201487579,0,8
201487579,0,15
201487579,0,21
201487922,0,8
201487922,0,21
201488050,0,8
201488050,0,11
201488050,0,15
201488213,0,8
201488213,0,14
201488213,0,15
201488508,0,8
201488629,0,8
201488629,0,11
201488629,0,15
201488910,0,8
201489006,0,8
201489006,0,17
201489227,0,8
201489227,0,9
201489227,0,10
201489227,0,11
201489497,0,8
201489497,0,9
201489497,0,10
201489497,0,11
201489896,0,9
201490037,0,8
201490037,0,9
201490302,0,8
201490431,0,22
201490670,0,8
201490670,0,9
201490938,0,8
201490938,0,9
201490938,0,10
201490938,0,11
201491093,0,8
201491093,0,11
201491392,0,8
201491392,0,11
201491674,0,11
201491802,0,11
201492085,0,8
201492085,0,11
201492285,0,8
201492285,0,11
201492495,0,8
201492653,0,8
201492653,0,11
201492870,0,8
201493071,0,8
201493071,0,11
201493313,0,8
201493313,0,11
201493782,0,8
201493923,0,8
201493923,0,11
201494032,0,8
201494032,0,11
201494163,0,8
201494163,0,11
201494329,0,4
201494329,0,22
201494438,0,8
201494438,0,11
201494618,0,8
201494618,0,11
201494855,0,8
201495015,0,8
201495015,0,9
201495015,0,10
201495015,0,11
201495179,0,8
201495179,0,11
201495319,0,10
201495527,0,9
201495527,0,10
201495699,0,10
201495699,0,11
201495889,0,8
201495889,0,11
201496048,0,8
201496048,0,11
201496242,0,8
201496242,0,9
201496611,0,1
201496611,0,2
201496730,0,2
201496730,0,22
201496879,0,11
201497039,0,2
201497039,0,8
201497039,0,22
201497211,0,8
201497434,0,2
201497567,0,4
201497567,0,8
201497567,0,11
201497567,0,21
201497567,0,22
201497942,0,2
201498182,0,8
201498182,0,9
201498182,0,10
201498182,0,11
201498414,0,8
201498414,0,9
201498414,0,10
201498414,0,11
201499066,0,1
201499066,0,2
201499066,0,4
201499066,0,22
201499205,0,2
201499341,0,8
201499341,0,9
201499341,0,10
201499341,0,11
201499542,0,1
201499733,0,1
201499897,0,8
201499897,0,9
201499897,0,11
201500102,0,1
201500280,0,8
201500280,0,9
201500280,0,10
201500280,0,11
201500280,0,20
201500280,0,21
201501116,0,8
201501285,0,2
201501285,0,8
201501500,0,8
201501500,0,21
201501675,0,9
201501828,0,8
201501991,0,8
201501991,0,11
201502168,0,8
201502168,0,9
201502168,0,10
201502168,0,11
201502383,0,8
201502383,0,9
201502581,0,8
201502581,0,9
201502581,0,20
201502581,0,21
201502872,0,8
201502872,0,10
201502872,0,22
201503109,0,8
201503244,0,1
201503244,0,2
201503435,0,8
201503435,0,11
201503582,0,8
201503582,0,11
201503759,0,8
201503759,0,9
201503759,0,10
201503759,0,11
201504044,0,8
201504044,0,11
201504313,0,8
201504590,0,8
201504775,0,8
201504775,0,10
201504775,0,11
201504980,0,11
201505154,0,8
201505154,0,21
201505457,0,8
201505546,0,8
201505546,0,9
201505546,0,10
201505546,0,11
201505546,0,21
201505546,0,22
201505868,0,8
201505868,0,9
201506001,0,8
201506116,0,8
201506255,0,8
201506255,0,9
201506477,0,8
201506588,0,1
201506588,0,2
201506730,0,8
201506852,0,8
201506852,0,9
201506852,0,10
201506852,0,11
201507160,0,8
201507160,0,11
201507468,0,8
201507468,0,9
201507595,0,8
201507595,0,11
201507765,0,8
201507878,0,8
201508099,0,8
201508214,0,8
201508343,0,1
201508343,0,4
201508635,0,8
201508889,0,8
201509089,0,8
201509089,0,11
201509398,0,8
201509398,0,11
201509817,0,8
201509967,0,8
201510121,0,8
201510321,0,8
201510454,0,8
201510454,0,11
201510833,0,8
201511019,0,8
201511137,0,8
201511210,0,8
201511362,0,2
201511362,0,8
201511577,0,8
201511577,0,11
201511753,0,8
201512071,0,8
201512310,0,8
201512430,0,1
201512430,0,8
201512430,0,11
201512893,0,1
201512893,0,8
201512893,0,11
201513231,0,8
201513353,0,8
201513353,0,11
201513637,0,11
201513765,0,8
201513765,0,9
201513765,0,10
201513765,0,11
201513765,0,20
201513765,0,21
201513945,0,8
201513945,0,11
201514235,0,8
201514406,0,8
201515242,0,8
201515392,0,8
201515515,0,8
201515679,0,8
201515826,0,1
201515967,0,8
201516193,0,8
201516382,0,8
201516508,0,8
201516659,0,8
201516764,0,11
201517004,0,8
201517194,0,8
201517194,0,11
201517439,0,11
201517831,0,11
201518212,0,11
201518378,0,8
201518378,0,11
201518519,0,9
201518519,0,20
201518806,0,9
201518806,0,20
201519055,0,8
201519055,0,9
201519055,0,11
201519055,0,20
201519055,0,21
201519427,0,22
201519559,0,9
201519742,0,8
201519942,0,8
201520120,0,8
201520267,0,9
201520475,0,9
201520613,0,8
201520613,0,9
201520740,0,8
201520740,0,9
201521057,0,9
201521057,0,10
201521203,0,9
201521389,0,9
201521577,0,9
201521968,0,11
201522081,0,9
201522361,0,8
201522361,0,9
201522787,0,8
201522787,0,9
201522953,0,8
201522953,0,9
201523179,0,9
201523344,0,8
201523344,0,11
201523557,0,8
201523557,0,9
201523713,0,2
201523713,0,22
201523883,0,2
201523883,0,22
201524266,0,2
201524266,0,22
201524423,0,8
201524423,0,11
201524571,0,8
201524571,0,11
201524746,0,8
201524746,0,21
201525022,0,8
201525123,0,8
201525123,0,9
201525123,1,2
201525574,0,8
201525669,0,8
201525811,0,8
201525895,0,20
201525895,0,21
201526009,0,8
201526130,0,8
201526130,0,9
201526130,0,10
201526130,0,11
201526331,0,8
201526432,0,8
201526432,0,9
201526557,0,8
201526557,0,11
201526802,0,10
201526802,0,11
201527105,0,8
201527105,0,11
201527636,0,8
201527636,0,11
201527846,0,8
201527846,0,11
201528016,0,8
201528160,0,11
201528326,0,8
201528326,0,11
201528510,0,8
201528624,0,8
201528624,0,11
201529045,0,8
201529225,0,1
201529225,0,8
201529225,0,11
201529225,1,1
201529225,2,1
201529225,3,1
201529225,4,1
201529225,5,1
201529225,6,1
201529671,0,1
201529671,0,8
201529671,0,11
201529866,0,8
201529866,0,11
201530078,0,1
201530215,0,8
201530215,0,11
201530407,0,8
201530558,0,8
201530682,0,8
201531002,0,8
201531002,0,11
201531174,0,2
201531303,0,8
201531560,0,8
201531687,0,21
201531893,0,8
201531893,0,9
201531893,0,20
201531893,0,21
201532180,0,8
201532352,0,4
201532508,0,4
201532644,0,1
201532644,0,2
201532644,0,4
201532644,0,22
201532890,0,21
201533054,0,8
201533054,0,21
201533054,0,31
201533349,0,8
201533349,0,21
201533620,0,8
201533620,0,9
201533793,0,8
201533793,0,21
201533909,0,8
201533909,0,11
201534140,0,8
201534140,0,11
201534324,0,8
201534448,0,8
201534448,0,21
201534696,0,7
201534936,0,8
201535061,0,1
201535061,0,8
201535061,0,21
201535372,0,1
201535372,0,8
201535542,0,8
201535640,0,8
201535640,0,31
201535816,0,8
201536051,0,8
201536189,0,8
201536189,0,21
201536408,0,8
201536515,0,8
201536726,0,8
201536827,0,8
201536988,0,8
201536988,0,21
201537354,0,8
201537546,0,8
201537684,0,8
201537861,0,8
201537987,0,8
201537987,0,9
201537987,0,31
201538249,0,8
201538394,0,8
201538506,0,8
201538603,0,8
201538603,0,9
201538603,0,18
201538799,0,8
201538799,0,21
201538992,0,8
201538992,0,21
201539170,0,8
201539262,0,8
201539421,0,8
201539554,0,1
201539681,0,8
201539681,0,17
201539681,0,21
201539886,0,8
201540057,0,8
201540057,0,21
201540190,0,8
201540190,0,9
201540190,0,20
201540190,0,21
201540505,0,8
201540630,0,8
201540760,0,1
201540760,0,21
201540760,0,31
201541107,0,8
201541343,0,8
201541461,0,8
201541461,0,31
201541585,0,9
201541585,0,10
201541729,0,8
201541729,0,21
201541957,0,8
201542131,0,8
201542288,0,8
201542468,0,8
201542468,0,21
201542657,0,8
201542823,0,8
201543054,0,1
201543054,0,4
201543193,0,8
201543347,0,8
201543496,0,8
201543496,0,9
201543715,0,8
201543812,0,8
201543812,0,21
201543913,0,8
201544005,0,8
201544005,0,21
201544151,0,2
201544151,0,8
201544390,0,20
201544512,0,20
201544512,0,21
201544949,0,9
201544949,0,10
201545081,0,21
201547286,0,8
201547419,0,8
201547632,0,8
201547767,0,8
201547930,0,8
201548081,0,8
201548247,0,8
201548247,0,9
201548423,0,8
201548539,0,8
201548653,0,8
201548794,0,9
201548955,0,4
201549110,0,8
201549289,0,8
201549406,0,8
201549504,0,8
201549663,0,8
201549797,0,8
201549928,0,8
201550056,0,21
201550301,0,21
201550483,0,8
201550640,0,8
201550746,0,8
201550746,0,9
201550880,0,9
201551012,0,8
201551170,0,8
201551170,0,11
201551370,0,8
201551370,0,9
201551370,0,20
201551370,0,21
201551671,0,8
201551982,0,8
201552145,0,8
201552373,0,8
201552474,0,8
201552591,0,8
201552591,0,21
201552758,0,8
201552920,0,8
201552920,0,21
201553077,0,8
201553239,0,8
201553338,0,8
201553452,0,8
201553560,0,8
201553560,0,9
201553744,0,21
201553899,0,8
201553899,0,21
201554059,0,8
201554195,0,21
201554527,0,8
201554632,0,8
201554743,0,8
201554743,0,31
201554921,0,8
201554921,0,11
201554921,0,21
201555089,0,1
201555089,0,4
201555089,0,8
201555089,0,21
201555325,0,2
201555544,0,2
201555544,0,22
201555755,0,2
201555903,0,2
201555903,0,22
201556099,0,8
201556099,0,9
201556099,0,10
201556099,0,11
201556099,0,15
201556099,0,20
201556099,0,21
201556839,0,8
201556839,0,9
201556839,0,10
201556839,0,11
201557038,0,8
201557038,0,9
201557038,0,10
201557038,0,11
201557038,0,16
201557038,0,20
201557038,0,21
201557482,0,8
201557711,0,1
201557905,0,1
201558042,0,8
201558042,0,21
201558306,0,8
201558306,0,11
201558306,0,21
201558495,0,8
201558691,0,8
201558813,0,17
201559065,0,8
201559167,0,8
201559167,0,9
201559267,0,8
201559267,0,14
201559267,0,21
201559842,0,8
201559842,0,9
201560037,0,8
201560238,0,2
201560450,0,8
201560542,0,8
201560542,0,11
201560782,0,8
201560782,0,9
201560891,0,8
201561040,0,8
201561131,0,8
201561357,0,8
201561552,0,8
201561821,0,1
201561821,0,4
201561821,0,8
201561821,0,11
201562128,0,8
201562283,0,8
201562283,0,11
201562374,0,1
201562374,0,4
201562374,0,8
201562374,0,11
201562700,0,8
201562700,0,11
201563235,0,8
201563235,0,11
201563441,0,8
201563441,0,21
201563601,0,8
201563601,0,21
201563897,0,8
201563897,0,21
201564021,0,2
201564121,0,8
201564266,0,8
201564406,0,8
201564406,0,11
201564685,0,1
201564813,0,8
201564813,0,11
201564965,0,8
201565158,0,8
201565280,0,2
201565380,0,8
201565380,0,21
201565557,0,8
201565557,0,21
201565687,0,8
201565687,0,11
201565687,0,21
201565919,0,8
201566088,0,8
201566228,0,8
201566228,0,11
201566228,0,21
201566447,0,8
201566598,0,1
201566598,0,8
201566598,0,11
201566598,0,21
201566598,0,22
201566823,0,8
201566823,0,11
201566956,0,8
201566956,0,21
201567103,0,21
201567322,0,4
201567566,0,21
201567897,0,8
201567997,0,8
201568087,0,8
201568207,0,8
201568387,0,8
201568547,0,8
201568694,0,8
201569080,0,8
201569236,0,8
201569376,0,8
201569482,0,8
201569585,0,8
201569692,0,8
201569805,0,2
201569805,0,8
201569957,0,2
201569957,0,8
201570217,0,8
201570353,0,8
201570478,0,8
201570601,0,8
201570759,0,8
201570889,0,8
201571009,0,8
201571009,0,11
201571486,0,8
201571744,0,8
201571933,0,1
201571933,0,8
201572213,0,1
201572213,0,8
201572213,0,21
201572456,0,8
201572692,0,8
201572902,0,8
201573001,0,8
201573141,0,8
201573383,0,8
201573512,0,21
201573949,0,8
201573949,0,11
201574119,0,8
201574245,0,8
201574346,0,8
201574346,0,21
201574511,0,8
201574642,0,1
201574642,0,8
201574642,0,11
201574761,0,8
201574761,0,21
201574895,0,8
201574895,0,21
201575064,0,1
201575064,0,8
201575227,0,4
201575227,0,21
201575440,0,8
201575539,0,8
201575539,0,21
201575539,0,31
201575764,0,8
201575764,0,31
201576112,0,8
201576112,0,21
201576112,0,31
201576307,0,8
201576418,0,1
201576418,0,4
201576536,0,1
201576782,0,3
201576943,0,1
201577452,0,1
201577603,0,1
201577817,0,1
201577957,0,1
201578144,0,1
201578308,0,8
201578308,0,31
201578487,0,8
201578623,0,20
201578623,0,21
201578860,0,8
201578860,0,21
201579106,0,10
201579229,0,8
201579478,0,21
201579748,0,2
201579748,0,22
201579931,0,8
201579931,0,21
201580230,0,8
201580230,0,21
201580603,0,8
201580701,0,8
201580816,0,8
201580900,0,8
201581033,0,8
201581175,0,21
201581315,0,20
201581315,0,21
201581507,0,21
201581682,0,8
201581840,0,8
201581840,0,21
201582087,0,15
201582307,0,11
201582434,0,8
201582533,0,8
201582692,0,8
201582919,0,8
201583062,0,8
201583169,0,21
201583425,0,8
201583425,0,11
201583756,0,8
201583756,0,11
201583861,0,21
201584016,0,8
201584016,0,11
201584593,0,2
201584751,0,8
201584869,0,2
201585142,0,8
201585278,0,2
201585470,0,8
201585574,0,8
201585574,0,11
201586036,0,8
201586172,0,8
201586172,0,9
201586172,0,10
201586172,0,11
201586429,0,8
201586429,0,11
201586544,0,8
201586673,0,8
201587169,0,8
201587342,0,8
201587503,0,8
201587595,0,2
201587595,0,8
201587595,0,9
201587771,0,8
201587935,0,8
201588090,0,8
201588203,0,8
201588352,0,8
201588541,0,8
201588698,0,8
201588836,0,1
201588836,0,8
201588836,0,11
201589256,0,11
201589386,0,8
201589386,0,10
201589386,0,11
201589588,0,8
201589588,0,11
201589737,0,11
201589896,0,8
201589896,0,11
201590056,0,8
201590212,0,1
201590212,0,4
201590355,0,8
201590355,0,11
201590490,0,11
201590932,0,8
201590932,0,10
201591078,0,1
201591358,0,1
201591487,0,11
201591677,0,11
201591894,0,11
201592156,0,8
201592320,0,8
201592320,0,9
201592320,0,10
201592320,0,11
201592476,0,8
201592476,0,11
201592707,0,8
201592707,0,22
201592943,0,21
201593055,0,8
201593055,0,21
201593279,0,8
201593532,0,1
201593683,0,8
201593683,0,21
201594001,0,21
201594144,0,6
201594336,0,1
201594336,0,4
201594512,0,20
201594512,0,21
201594635,0,1
201594635,0,2
201594635,0,4
201594635,0,22
201595040,0,2
201595040,0,22
201595240,0,2
201595345,0,1
201595345,0,2
201595345,0,4
201595345,0,22
201595612,0,9
201595612,0,20
201595899,0,9
201595899,0,20
201596059,0,9
201596059,0,20
201596172,0,9
201596172,0,20
201596306,0,20
201596306,0,21
201596693,0,1
201596822,0,1
201596945,0,1
201596945,0,2
201596945,0,22
201597280,0,2
201597280,0,22
201597532,0,1
201597532,0,2
201597532,0,4
201597532,0,22
201597796,0,1
201597796,0,2
201597796,0,4
201597796,0,22
201598198,0,1
201598198,0,2
201598318,0,2
201598453,0,20
201598453,0,21
201598686,0,4
201598686,0,22
201599093,0,2
201599093,0,22
201599344,0,8
201599500,0,11
201599628,0,2
201599628,0,22
201599775,0,22
201599884,0,22
201599993,0,8
201600150,0,8
201600279,0,8
201600421,0,8
201600421,0,11
201600799,0,8
201600929,0,8
201600929,0,9
201600929,0,10
201600929,0,11
201601162,0,8
201601162,0,9
201601162,0,10
201601162,0,11
201601461,0,8
201601461,0,11
201601461,0,21
201601683,0,8
201601683,0,11
201601998,0,8
201601998,0,9
201602181,0,8
201602181,0,9
201602375,0,8
201602655,0,8
201602655,0,11
201602787,0,8
201602787,0,11
201602930,0,8
201602930,0,11
201603033,0,8
201603033,0,11
201603368,0,8
201603368,0,11
201603517,0,1
201603766,0,8
201603766,0,21
201604114,0,8
201604285,0,8
201604285,0,11
201604432,0,8
201604432,0,11
201605656,0,8
201605764,0,8
201605882,0,8
201605882,0,11
201606078,0,8
201606231,0,8
201606432,0,8
201606535,0,8
201606535,0,9
201606788,0,8
201607041,0,2
201607200,0,8
201607333,0,8
201607444,0,2
201607444,0,8
201607655,0,8
201607749,0,8
201607749,0,11
201608044,0,8
201608185,0,8
201608353,0,1
201608353,0,8
201608353,0,11
201608579,0,1
201608579,0,8
201608579,0,11
201608928,0,8
201608928,0,9
201608928,0,10
201608928,0,11
201608928,0,16
201609469,0,8
201609560,0,8
201609689,0,9
201609817,0,1
201610270,0,1
201610492,0,1
201610634,0,1
201610733,0,8
201610733,0,11
201610935,0,8
201610935,0,11
201611107,0,8
201611107,0,11
201611282,0,8
201611392,0,8
201611392,0,11
201611525,0,8
201611525,0,9
201611642,0,8
201611819,0,8
201611920,0,8
201612086,0,8
201612236,0,8
201612421,0,8
201612635,0,8
201612635,0,11
201612783,0,8
201612783,0,11
201613036,0,8
201613036,0,11
201613213,0,1
201613213,0,2
201613213,0,4
201613213,0,22
201613478,0,4
201613478,0,22
201613653,0,8
201613783,0,1
201613783,0,2
201613889,0,1
201613889,0,2
201613889,0,4
201613889,0,22
201614131,0,1
201614131,0,4
201614314,0,8
201614583,0,8
201614732,0,8
201614838,0,8
201615014,0,8
201615128,0,8
201615128,0,11
201615459,0,8
201615755,0,8
201615755,0,11
201615904,0,8
201615904,0,11
201616176,0,8
201616324,0,8
201616324,0,11
201617034,0,8
201617226,0,8
201617226,0,11
201617431,0,8
201617431,0,11
201617580,0,11
201617684,0,8
201618007,0,8
201618007,0,11
201618133,0,11
201618274,0,11
201618421,0,8
201618421,0,11
201618744,0,8
201618744,0,11
201618978,0,8
201618978,0,11
201619189,0,8
201619189,0,11
201619456,0,8
201619548,0,8
201619926,0,8
201620027,0,8
201620161,0,8
201620418,0,8
201620619,0,10
201620762,0,8
201620903,0,8
201620903,0,9
201620903,0,10
201620903,0,11
201621206,0,9
201621206,0,10
201621355,0,8
201621355,0,11
201621537,0,9
201621537,0,10
201621922,0,8
201621922,0,9
201621922,0,20
201621922,0,21
201622270,0,8
201622482,0,8
201622482,0,9
201622650,0,8
201622650,0,20
201622795,0,8
201622972,0,9
201622972,0,10
201623154,0,9
201623345,0,9
201623345,0,10
201623767,0,8
201623767,0,9
201623951,0,9
201624157,0,9
201624157,0,10
201624416,0,9
201624416,0,20
201624637,0,9
201624637,0,10
201624799,0,8
201624923,0,8
201624923,0,11
201625159,0,1
201625409,0,8
201625409,0,9
201625574,0,2
201625707,0,1
201625707,0,8
201625707,0,11
201625946,0,1
201625946,0,8
201625946,0,11
201626322,0,1
201626322,0,8
201626322,0,11
201626526,0,8
201626741,0,8
201626741,0,9
201626741,0,22
201627020,0,8
201627215,0,8
201627215,0,11
201627372,0,8
201627372,0,11
201627595,0,11
201627595,0,21
201627837,0,8
201627837,0,11
201627985,0,1
201627985,0,2
201628124,0,20
201628124,0,21
201628450,0,8
201628450,0,20
201628450,0,21
201628614,0,1
201628927,0,8
201629228,0,8
201629366,0,11
201629542,0,8
201629542,0,21
201629962,0,8
201630084,0,8
201630084,0,20
201630084,0,21
201630084,0,22
201630433,0,20
201630433,0,21
201630433,0,22
201630591,0,8
201630721,0,8
201630721,0,9
201630980,0,20
201630980,0,22
201631181,0,8
201631288,0,8
201631288,0,21
201631460,0,21
201631620,0,21
201631807,0,8
201631955,0,8
201631955,0,21
201632089,0,8
201632089,0,21
201632280,0,8
201632280,0,21
201632609,0,8
201632717,0,8
201632815,0,8
201632934,0,8
201632934,0,9
201632934,0,10
201632934,0,11
201633395,0,8
201633537,0,8
201633537,0,11
201633741,0,10
201633741,0,11
201633886,0,8
201634009,0,8
201634159,0,8
201634313,0,11
201634457,0,8
201634457,0,11
201634594,0,11
201634796,0,8
201634796,0,11
201634796,0,21
201635005,0,10
201635005,0,11
201635241,0,8
201635241,0,11
201635241,0,21
201635738,0,8
201635940,0,2
201636090,0,8
201636266,0,8
201636491,0,8
201636491,0,11
201636491,0,21
201636603,0,8
201636603,0,11
201636809,0,8
201636931,0,8
201637060,0,8
201637311,0,2
201637311,0,8
201637311,0,9
201637485,0,8
201637485,0,11
201637631,0,1
201637752,0,1
201637886,0,2
201638000,0,8
201638133,0,9
201638133,0,17
201638369,0,8
201638369,0,11
201638369,0,21
201638628,0,8
201638889,0,22
201639211,0,8
201639349,0,8
201639497,0,8
201639497,0,11
201639709,0,8
201639709,0,11
201640240,0,8
201640370,0,8
201640483,0,8
201640649,0,11
201640799,0,8
201640799,0,11
201640962,0,8
201640962,0,20
201640962,0,21
201640962,0,31
201641158,0,8
201641158,0,31
201641559,0,8
201641739,0,8
201641907,0,8
201642046,0,8
201642180,0,8
201642406,0,8
201642552,0,8
201642552,0,9
201642690,0,8
201642690,0,9
201642690,0,11
201642908,0,8
201642908,0,31
201643126,0,8
201643260,0,8
201643260,0,11
201643395,0,8
201643511,0,8
201643679,0,8
201643776,0,8
201643776,0,11
201643922,0,21
201644121,0,8
201644240,0,8
201644385,0,8
201644599,0,8
201644704,0,8
201644704,0,21
201644836,0,8
201644836,0,21
201645070,0,8
201645220,0,8
201645220,0,11
201645469,0,8
201645574,0,8
201645811,0,8
201645934,0,8
201646054,0,8
201646054,0,21
201646471,0,8
201646620,0,8
201646620,0,11
201646620,0,21
201646794,0,8
201646794,0,9
201646794,0,10
201646794,0,11
201647219,0,8
201647374,0,8
201647524,0,8
201647642,0,1
201647838,0,8
201647838,0,11
201648009,0,8
201648120,0,8
201648351,0,8
201648465,0,8
201648557,0,2
201648557,0,8
201648690,0,8
201648916,0,8
201649264,0,8
201649505,0,8
201649715,0,8
201649832,0,8
201649956,0,11
201650146,0,2
201650146,0,8
201650522,0,8
201650692,0,2
201650692,0,8
201650855,0,2
201651000,0,2
201651115,0,8
201651255,0,2
201651367,0,2
201651497,0,2
201651645,0,2
201651781,0,2
201651912,0,8
201651912,0,21
201652085,0,8
201652185,0,8
201652295,0,8
201652399,0,8
201652399,0,9
201652526,0,11
201652665,0,8
201652665,0,11
201652843,0,11
201652958,0,8
201652958,0,21
201653051,0,8
201653051,0,11
201653215,0,8
201653338,0,8
201653460,0,9
201653622,0,9
201653737,0,8
201653889,0,8
201654011,0,8
201654098,0,8
201654411,0,8
201654549,0,2
201654798,0,8
201654798,0,9
201654960,0,8
201654960,0,11
201655055,0,1
201655182,0,8
201655391,0,8
201655529,0,8
201655529,0,11
201655529,0,20
201655529,0,21
201655685,0,8
201655771,0,8
201655896,0,8
201656052,0,8
201656180,0,8
201656295,0,8
201656295,1,8
201656295,2,8
201656580,0,8
201656692,0,8
201656845,0,8
201656972,0,8
201657079,0,8
201657079,0,9
201657211,0,8
201657402,0,8
201657512,0,8
201657630,0,2
201657630,0,8
201657837,0,9
201657985,0,2
201658107,0,8
201658220,0,8
201658353,0,1
201658353,0,4
201658508,0,1
201658508,0,4
201658667,0,11
201658834,0,2
201659021,0,8
201659239,0,8
201659390,0,21
201659552,0,8
201659552,0,21
201659747,0,11
201659888,0,9
201659888,0,10
201660087,0,8
201660087,0,9
201660087,0,10
201660087,0,11
201660244,0,8
201660389,0,20
201660389,0,21
201660515,0,11
201660670,0,8
201660803,0,8
201660921,0,8
201661139,0,8
201661307,0,10
201661505,0,8
201661505,0,11
201661505,0,18
201661505,0,22
201661750,0,9
201661914,0,8
201662086,0,8
201662572,0,8
201662752,0,8
201662752,0,9
201662900,0,21
201663077,0,8
201663262,0,8
201663465,0,8
201663633,0,22
201663807,0,1
201663940,0,1
201664057,0,21
201664176,0,21
201664333,0,21
201664563,0,21
201664736,0,21
201664919,0,21
201665130,0,21
201665322,0,17
201665322,0,21
201665495,0,17
201665495,0,21
201665653,0,21
201665799,0,31
201666074,0,8
201666226,0,21
201666424,0,21
201666567,0,8
201666756,0,8
201666914,0,8
201667070,0,8
201667261,0,22
201667416,0,22
201667609,0,21
201667711,0,8
201667824,0,8
201667994,0,8
201667994,0,11
201668158,0,8
201668261,0,9
201668425,0,8
201668518,0,8
201668612,0,8
201668729,0,8
201668814,0,8
201668992,0,2
201669134,0,8
201669301,0,8
201669301,0,11
201669449,0,8
201669579,0,8
201669742,0,21
201669875,0,11
201670033,0,8
201670148,0,8
201670148,0,11
201671460,0,8
201671539,0,8
201671721,0,8
201671721,0,11
201671912,0,8
201671912,0,11
201672042,0,8
201672042,0,21
201672259,0,8
201672400,0,8
201672400,0,11
201672881,0,8
201673103,0,8
201673103,0,11
201673628,0,1
201673628,0,2
201673880,0,8
201674046,0,8
201674046,0,11
201674276,0,8
201674276,0,11
201674411,0,8
201674411,0,9
201674411,0,10
201674411,0,11
201674610,0,8
201674610,0,11
201674747,0,8
201674747,0,11
201675655,0,8
201675655,0,11
201675805,0,1
201675805,0,8
201675805,0,11
201676005,0,8
201676005,0,11
201676237,0,8
201676237,0,11
201676575,0,8
201676699,0,8
201676923,0,8
201677059,0,8
201677059,0,11
201677234,0,8
201677436,0,8
201677588,0,8
201677716,0,8
201677835,0,8
201678010,0,8
201678164,0,8
201678311,0,8
201678473,0,8
201678610,0,8
201678799,0,8
201678933,0,8
201679158,0,8
201679252,0,8
201679405,0,8
201679405,0,21
201679687,0,8
201679867,0,8
201679972,0,8
201680168,0,2
201680505,0,8
201680755,0,8
201680755,0,11
201681174,0,8
201681342,0,8
201681342,0,9
201681342,0,10
201681342,0,11
201681592,0,8
201681862,0,1
201681999,0,8
201681999,0,11
201682467,0,8
201682568,0,8
201682568,0,11
201682971,0,11
201682971,0,14
201682971,0,15
201683157,0,8
201683157,0,11
201683544,0,8
201683544,0,11
201684154,0,8
201684154,0,11
201684504,0,8
201684741,0,8
201684893,0,8
201685100,0,8
201685100,0,11
201685562,0,8
201685969,0,8
201685969,0,11
201686113,0,8
201686421,0,8
201686907,0,8
201686907,0,11
201687183,0,8
201687353,0,8
201687353,0,22
201687892,0,8
201688078,0,8
201688209,0,8
201688527,0,8
201688923,0,8
201689133,0,2
201689133,0,8
201689302,0,8
201689422,0,8
201689735,0,8
201689735,0,26
201690368,0,2
201690638,0,8
201690638,0,26
201690814,0,8
201690814,0,26
201691276,0,8
201691467,0,8
201691640,0,2
201691845,0,2
201691845,0,22
201691845,0,26
201692167,0,2
201692167,0,22
201692167,0,26
201692516,0,8
201692516,0,26
201692902,0,8
201692902,0,28
201693413,0,8
201693591,0,8
201693693,0,8
201693952,0,11
201694088,0,8
201694180,0,8
201694302,0,8
201694402,0,8
201694745,0,8
201695050,0,8
201695536,0,8
201695740,0,8
201695839,0,8
201695958,0,8
201696121,0,8
201696518,0,8
201696644,0,8
201696924,0,8
201697027,0,8
201697131,0,8
201697131,0,11
201697504,0,8
201697671,0,2
201697864,0,8
201697864,0,11
201698293,0,8
201698293,0,11
201698499,0,8
201698499,0,11
201698618,0,8
201698618,0,11
201698801,0,8
201698801,0,11
201699025,0,8
201699550,0,8
201699550,0,11
201699683,0,11
201699814,0,8
201700012,0,8
201700012,0,11
201700486,0,24
201700711,0,24
201700941,0,11
201701095,0,11
201701279,0,8
201701279,0,11
201701562,0,8
201701660,0,8
201701974,0,8
201701974,0,11
201702103,0,8
201702103,0,11
201702298,0,8
201702557,0,8
201702804,0,8
201702919,0,8
201703115,0,8
201703221,0,8
201703325,0,8
201703455,0,8
201703455,0,11
201703555,0,8
201703555,0,11
201703682,0,8
201703913,0,8
201704036,0,2
201704126,0,2
201704126,0,8
201704240,0,8
201704430,0,8
201704430,0,9
201704430,0,10
201704430,0,11
201704430,0,24
201704856,0,24
201705041,0,8
201705041,0,11
201705541,0,2
201705742,0,8
201705742,0,33
201705893,0,8
201706496,0,8
201706663,0,11
201706953,0,1
201707061,0,1
201707176,0,11
201707255,0,1
201707419,0,8
201707555,0,8
201707984,0,8
201707984,0,11
201708416,0,8
201708416,0,11
201708699,0,8
201708814,0,8
201709171,0,8
201709171,1,2
201709764,0,8
201709890,0,2
201710048,0,8
201710182,0,8
201710306,0,8
201710445,0,2
201710445,0,8
201710650,0,8
201710776,0,8
201711001,0,8
201711001,0,11
201711309,0,8
201711309,0,9
201711309,0,10
201711309,0,11
201711528,0,8
201711528,0,10
201711528,0,11
201712030,0,8
201712300,0,8
201712417,0,8
201712604,0,8
201712753,0,8
201713018,0,8
201713211,0,8
201713467,0,8
201713609,0,8
201713785,0,8
201714030,0,8
201714167,0,8
201714271,0,8
201714271,0,21
201715181,0,8
201715181,0,11
201715351,0,8
201715485,0,8
201715646,0,8
201715646,0,11
201715739,0,8
201715871,0,8
201715969,0,8
201716075,0,8
201716195,0,8
201716342,0,8
201716589,0,8
201716589,0,11
201716772,0,8
201716921,0,8
201716921,0,11
201717271,0,8
201717271,0,9
201717588,0,8
201717588,0,11
201717768,0,8
201717768,0,11
201717925,0,8
201718435,0,8
201718569,0,8
201718673,0,8
201718810,0,8
201718979,0,2
201718979,0,8
201719150,0,1
201719150,0,8
201719402,0,8
201719934,0,8
201720077,0,8
201720211,0,8
201720311,0,8
201720415,0,8
201720562,0,8
201720737,0,8
201720868,0,2
201721066,0,8
201721232,0,8
201721379,0,8
201721575,0,2
201721575,0,8
201721852,0,1
201721965,0,8
201722142,0,8
201722379,0,8
201722569,0,8
201722714,0,8
201722872,0,8
201723081,0,2
201723234,0,8
201723409,0,8
201723543,0,8
201723686,0,8
201723868,0,8
201724223,0,8
201724335,0,8
201724439,0,8
201724550,0,8
201724684,0,8
201724794,0,8
201724890,0,8
201725039,0,8
201725153,0,8
201725298,0,8
201725419,0,8
201725562,0,8
201725758,0,8
201725892,0,8
201726024,0,8
201726148,0,2
201726148,0,8
201726286,0,2
201726286,0,8
201726580,0,2
201726580,0,8
201726710,0,8
201726856,0,8
201727002,0,8
201727132,0,8
201727261,0,8
201727261,0,21
201727415,0,8
201727631,0,1
201727737,0,8
201728000,0,2
201728000,0,8
201728254,0,8
201728384,0,8
201728551,0,8
201728718,0,8
201728876,0,8
201728978,0,8
201729137,0,8
201729489,0,8
201729621,0,2
201729790,0,2
201729790,0,8
201729963,0,8
201730184,0,8
201730319,0,8
201730319,0,11
201730491,0,8
201730768,0,8
201730913,0,8
201731026,0,8
201731026,0,11
201731227,0,8
201731227,0,11
201732506,0,2
201732651,0,8
201732773,0,8
201732980,0,8
201733122,0,8
201733253,0,8
201733404,0,8
201733543,0,8
201733671,0,8
201733783,0,8
201733949,0,8
201733949,0,9
201733949,0,10
201734221,0,8
201734427,0,8
201734575,0,8
201734660,0,2
201734754,0,8
201734754,0,11
201734990,0,8
201735127,0,8
201735301,0,8
201735301,0,17
201735301,0,21
201735453,0,8
201735588,0,8
201735794,0,8
201735794,0,9
201735942,0,8
201735942,0,9
201735942,0,10
201735942,0,11
201736077,0,8
201736077,0,9
201736291,0,8
201736291,0,9
201736426,0,2
201736426,0,8
201736590,0,8
201736711,0,9
201736711,0,19
201736870,0,8
201737013,0,9
201737101,0,8
201737291,0,8
201737417,0,8
201737612,0,8
201737824,0,8
201737960,0,8
201738139,0,8
201738324,0,8
201738479,0,8
201738649,0,8
201738800,0,8
201738960,0,8
201739193,0,8
201739392,0,8
201739615,0,8
201739772,0,2
201739772,0,8
201740098,0,8
201740098,0,9
201740334,0,2
201740334,0,8
201740748,0,2
201741039,0,2
201741235,0,8
201741235,0,9
201741419,0,8
201741591,0,8
201741591,0,9
201742085,0,8
201742085,0,11
201742286,0,8
201742286,0,11
201742415,0,8
201742860,0,8
201743028,0,8
201743392,0,8
201743630,0,11
201743772,0,8
201743772,0,9
201744120,0,8
201744120,0,9
201744287,0,8
201744287,0,9
201744287,0,10
201744287,0,11
201744685,0,8
201744685,0,9
201744685,0,10
201744685,0,11
201744895,0,8
201745105,0,8
201745268,0,8
201745268,0,11
201745415,0,8
201745536,0,8
201745679,0,8
201745810,0,2
201745810,0,8
201745810,0,9
201746332,0,8
201746488,0,8
201746573,0,2
201746573,0,8
201747039,0,2
201747193,0,2
201747331,0,8
201747500,0,8
201747669,0,8
201747839,0,8
201748073,0,8
201748209,0,8
201748339,0,8
201748339,0,9
201748464,0,8
201748608,0,8
201748806,0,8
201748806,0,9
201748992,0,2
201749121,0,8
201749392,0,8
201749546,0,8
201749546,1,8
201749947,0,8
201750060,0,8
201750304,0,8
201750534,0,8
201750668,0,8
201750668,0,9
201750827,0,8
201750941,0,8
201751143,0,1
201751251,0,8
201751475,0,8
201751678,0,8
201751837,0,8
201752052,0,8
201752137,0,8
201752426,0,8
201752426,0,11
201752747,0,8
201752881,0,8
201753336,0,8
201753574,0,8
201753762,0,8
201753914,0,8
201754097,0,2
201754216,0,8
201754843,0,8
201754986,0,8
201755099,0,8
201755099,0,9
201755273,0,8
201755273,0,9
201755273,0,10
201755273,0,11
201755466,0,2
201755627,0,8
201755627,0,9
201755823,0,8
201756094,0,8
201756271,0,8
201756485,0,8
201756600,0,8
201756879,0,8
201757097,0,2
201757256,0,8
201757636,0,8
201757860,0,2
201758035,0,8
201758156,0,2
201758333,0,2
201758519,0,2
201758519,0,8
201759085,0,8
201759257,0,8
201759445,0,2
201759630,0,8
201759789,0,2
201759906,0,8
201759906,0,9
201760033,0,2
201760033,0,9
201760206,0,8
201760305,0,8
201760412,0,2
201760412,0,8
201760685,0,8
201760864,0,8
201760985,0,8
201761186,0,8
201761490,0,8
201761490,0,9
201761727,0,2
201761727,0,8
201762074,0,8
201762247,0,8
201762362,0,8
201762608,0,8
201762721,0,8
201762864,0,8
201762989,0,8
201763179,0,2
201763179,0,22
201763475,0,8
201763710,0,8
201763956,0,8
201764255,0,8
201764443,0,8
201764631,0,8
201764835,0,2
201764835,0,8
201765060,0,2
201765194,0,8
201765194,0,22
201766317,0,2
201766467,0,2
201766584,0,2
201766726,0,2
201766853,0,2
201766853,0,8
201767017,0,9
201767372,0,2
201767470,0,9
201767609,0,9
201767747,0,9
201767872,0,8
201767981,0,8
201768289,0,21
201768562,0,2
201768562,0,8
201768801,0,2
201768895,0,8
201769104,0,8
201769208,0,13
201769358,0,8
201770038,0,2
201770181,0,8
201770277,0,2
201770486,0,2
201770673,0,8
201770785,0,8
201770898,0,2
201770898,0,8
201770898,0,22
201771495,0,2
201771730,0,2
201771875,0,1
201771875,0,8
201772047,0,8
201772215,0,2
201772215,0,8
201772474,0,2
201772474,0,8
201772687,0,2
201772802,0,8
201772973,0,8
201773097,0,2
201773366,0,8
201773629,0,1
201773629,0,4
201773938,0,8
201773938,0,11
201774223,0,1
201774223,0,11
201774415,0,1
201774415,0,4
201774638,0,2
201774802,0,8
201774972,0,8
201775118,0,1
201775340,0,2
201775560,0,22
201775761,0,8
201776168,0,2
201776168,0,8
201776168,0,9
201776787,0,2
201777365,0,2
201777534,0,2
201777683,0,9
201777890,0,2
201777890,0,22
201778079,0,22
201778329,0,2
201778329,0,22
201778470,0,2
201778470,0,8
201778686,0,8
201779009,0,8
201779009,0,9
201779009,0,26
201779231,0,8
201779231,0,9
201779379,0,8
201779577,0,8
201779747,0,8
201779912,0,8
201779912,0,11
201780161,0,2
201780161,0,8
201780450,0,8
201780592,0,2
201780703,0,9
201780976,0,8
201780976,0,9
201781096,0,8
201781198,0,2
201781472,0,8
201781904,0,8
201782064,0,1
201782064,0,2
201782388,0,2
201782543,0,8
201782628,0,8
201782747,0,8
201782899,0,8
201783052,0,8
201783185,0,8
201783636,0,2
201783793,0,2
201783910,0,8
201784083,0,1
201784083,0,2
201784318,0,2
201784442,0,8
201784580,0,8
201784831,0,8
201785013,0,8
201785199,0,2
201785360,0,8
201785506,0,8
201785506,0,9
201785764,0,2
201785995,0,2
201785995,0,8
201786411,0,8
201786564,0,2
201786702,0,2
201786702,0,22
201786702,0,27
201787330,0,8
201787487,0,8
201787655,0,2
201787946,0,1
201787946,0,2
201788082,0,2
201788314,0,8
201788636,0,8
201788860,0,8
201789001,0,2
201789111,0,8
201789297,0,8
201789455,0,8
201789455,0,9
201789815,0,2
201789996,0,2
201790204,0,8
201790498,0,8
201790762,0,8
201790952,0,2
201791114,0,2
201791279,0,2
201791416,0,2
201791416,0,8
201791585,0,2
201791585,0,8
201791787,0,8
201792214,0,1
201792214,0,8
201792214,0,11
201792429,0,11
201792593,0,8
201792593,0,11
201792841,0,8
201793084,0,8
201793232,0,8
201793383,0,8
201793584,0,2
201793584,0,8
201793808,0,8
201793808,0,11
201793954,0,2
201793954,0,8
201794107,0,8
201794426,0,8
201794702,0,8
201794702,0,11
201794901,0,8
201795046,0,8
201795230,0,8
201795230,0,11
201795470,0,8
201795720,0,8
201795897,0,8
201795897,0,11
201796222,0,8
201796222,0,11
201796386,0,8
201796668,0,8
201796807,0,8
201796807,0,11
201797313,0,11
201797461,0,8
201797601,0,2
201797601,0,8
201797962,0,2
201798214,0,2
201798439,0,8
201798685,0,8
201798857,0,2
201798857,0,8
201799294,0,8
201799465,0,2
201799465,0,8
201799606,0,2
201799606,0,8
201799776,0,8
201800203,0,8
201800203,0,9
201800203,0,10
201800203,0,11
201800421,0,8
201800421,0,9
201800421,0,11
201800674,0,21
201800972,0,8
201801156,0,8
201801397,0,9
201801558,0,2
201801558,0,8
201801780,0,8
201801944,0,8
201802033,0,8
201802269,0,8
201802428,0,8
201802671,0,8
201803093,0,2
201803093,0,8
201803307,0,8
201803307,0,11
201803552,0,8
201803552,0,26
201803663,0,2
201803663,0,8
201803787,0,8
201803888,0,8
201804033,0,8
201804151,0,2
201804151,0,8
201804322,0,8
201804550,0,8
201804665,0,2
201804950,0,8
201805278,0,8
201805278,0,11
201805467,0,8
201805583,0,8
201805753,0,8
201805921,0,8
201806022,0,8
201806246,0,8
201806456,0,8
201806616,0,8
201806722,0,8
201806852,0,8
201807123,0,8
201807218,0,8
201807218,0,11
201807364,0,8
201807483,0,8
201807730,0,2
201807730,0,8
201807875,0,8
201807957,0,8
201808083,0,8
201808235,0,2
201808235,0,8
201808451,0,2
201808451,0,8
201808607,0,8
201808784,0,8
201808898,0,8
201809087,0,8
201809224,0,8
201809224,0,11
201809378,0,8
201809557,0,8
201809557,0,11
201809808,0,1
201809964,0,11
201809964,2,22
201810352,0,8
201810352,0,11
201810545,0,8
201810676,0,2
201810868,0,8
201810868,0,11
201811203,0,8
201811203,0,11
201811369,0,8
201811550,0,8
201811674,0,8
201811853,0,8
201811853,0,11
201812031,0,8
201812031,0,11
201812253,0,8
201812443,0,8
201812541,0,2
201812656,0,8
201812803,0,8
201812968,0,8
201813168,0,8
201813311,0,8
201813439,0,8
201813578,0,8
201813725,0,8
201813881,0,8
201814037,0,8
201814183,0,8
201814415,0,11
201814557,0,11
201814765,0,8
201814940,0,8
201815090,0,2
201815213,0,8
201815399,0,2
201815495,0,8
201815629,0,8
201815745,0,8
201815915,0,8
201816101,0,11
201816240,0,8
201816240,0,11
201816385,0,2
201816545,0,8
201817199,0,1
201817199,0,2
201817416,0,8
201817573,0,8
201817825,0,8
201817825,0,11
201817950,0,9
201817950,0,10
201818218,0,8
201818218,0,9
201818218,0,10
201818218,0,11
201818393,0,8
201818393,0,11
201818824,0,8
201818824,0,9
201818824,0,10
201818824,0,11
201819005,0,8
201819005,0,9
201819005,0,10
201819005,0,11
201819495,0,10
201819600,0,9
201819600,0,10
201819870,0,9
201819870,0,10
201820324,0,9
201820324,0,10
201820462,0,2
201820682,0,1
201820682,0,2
201820861,0,9
201820861,0,10
201821022,0,9
201821022,0,10
201821208,0,1
201821208,0,2
201821550,0,9
201821550,0,10
201821965,0,10
201822179,0,9
201822179,0,10
201822596,0,9
201822596,0,10
201822810,0,8
201822810,0,9
201822810,0,10
201823326,0,9
201823326,0,10
201823694,0,10
201823828,0,10
201823938,0,22
201824142,0,2
201824142,0,22
201824353,0,2
201824353,0,22
201824353,0,26
201824669,0,2
201824669,0,22
201824820,0,2
201824820,0,22
201825026,0,1
201825157,0,10
201825943,0,4
201826077,0,10
201826248,0,9
201826248,0,10
201826403,0,9
201826403,0,10
201826533,0,1
201826533,2,4
201826726,0,9
201826726,0,10
201826878,0,10
201827006,0,9
201827006,0,10
201827215,0,9
201827215,0,10
201827409,0,8
201827409,0,9
201827565,0,9
201827565,0,10
201827683,0,9
201827683,0,10
201827814,0,10
201828115,0,9
201828115,0,10
201828352,0,9
201828352,0,10
201828511,0,9
201828511,0,10
201828511,0,12
201828708,0,9
201828708,0,10
201828853,0,5
201828853,0,6
201828853,0,8
201828853,0,22
201829850,0,22
201830042,0,8
201830177,0,20
201830378,0,2
201830485,0,8
201830639,0,9
201830639,0,10
201830828,0,8
201830828,1,8
201830828,2,8
201830828,3,8
201830828,4,8
201831159,0,8
201831159,0,9
201831348,0,10
201831565,0,8
201831674,0,10
201831854,0,2
201831854,0,22
201831985,0,8
201831985,0,9
201832275,0,8
201832275,0,9
201832648,0,8
201832648,0,9
201833013,0,8
201833013,0,9
201833420,0,9
201833667,0,8
201833667,0,9
201833799,0,8
201833799,0,9
201833950,0,11
201834117,0,8
201834117,0,9
201834304,0,8
201834389,0,8
201834389,0,9
201834648,0,8
201834648,0,9
201834648,0,32
201834909,0,8
201834909,0,9
201835082,0,22
201835185,0,8
201835185,0,28
201835185,0,33
201835452,0,22
201835594,0,9
201835696,0,2
201835806,0,8
201835806,0,9
201835806,0,28
201835806,0,32
201836006,0,8
201836006,0,9
201836614,0,8
201836614,0,9
201837036,0,8
201837211,0,9
201837211,0,10
201837708,0,9
201837867,0,9
201837867,0,10
201838074,0,9
201838074,0,10
201838168,0,8
201838168,0,9
201838168,0,28
201838418,0,8
201838570,0,26
201838731,0,22
201838731,0,26
201838943,0,9
201838943,0,10
201839239,0,9
201839446,0,9
201839579,0,9
201839816,0,9
201840099,0,9
201840099,0,10
201840334,0,2
201840334,0,22
201840548,0,8
201840766,0,9
201840766,0,10
201841195,0,9
201841195,0,10
201841387,0,9
201841387,0,10
201841567,0,10
201841922,0,10
201842057,0,10
201842057,0,11
201842201,0,9
201842201,0,10
201842324,0,2
201842471,0,2
201842768,0,22
201842975,0,10
201843129,0,22
201843129,0,33
201843418,0,22
201843418,0,28
201843573,0,22
201843757,0,2
201843926,0,10
201844219,0,9
201844219,0,10
201844540,0,2
201844667,0,9
201844667,0,10
201844667,0,11
201844868,0,9
201844868,0,10
201845008,0,9
201845008,0,10
201845154,0,9
201845154,0,10
201845354,0,2
201845567,0,2
201845729,0,2
201845860,0,9
201845860,0,10
201845969,0,9
201845969,0,10
201846082,0,10
201846233,0,9
201846233,0,10
201847011,0,2
201847210,0,9
201847210,0,10
201847325,0,8
201847325,0,11
201847442,0,9
201847442,0,10
201847548,0,9
201847548,0,10
201847774,0,9
201847774,0,10
201848280,0,9
201848280,0,10
201848661,0,9
201848661,0,10
201848871,0,9
201848871,0,10
201849026,0,8
201849026,0,9
201849026,0,10
201849026,0,11
201849227,0,9
201849227,0,10
201849559,0,9
201849559,0,10
201849738,0,9
201849738,0,10
201849914,0,9
201849914,0,10
201850041,0,9
201850041,0,10
201850262,0,9
201850262,0,10
201850479,0,2
201850603,0,9
201850603,0,10
201850793,0,9
201850793,0,10
201850919,0,9
201850919,0,10
201851073,0,10
201851457,0,9
201851457,0,10
201851683,0,9
201851683,0,10
201852075,0,9
201852075,0,10
201852230,0,9
201852230,0,10
201852421,0,2
201852421,0,22
201852686,0,8
201852686,0,22
201852854,0,2
201852854,0,22
201853071,0,10
201853273,0,2
201853386,0,9
201853386,0,10
201853637,0,2
201853637,0,22
201853732,0,2
201853732,0,22
201854192,0,9
201854192,0,10
201854337,0,2
201854337,0,22
201854537,0,2
201854668,0,10
201854904,0,8
201854904,1,26
201854904,1,33
201855122,0,2
201855264,0,8
201855264,0,9
201855391,0,2
201855391,0,22
201855544,0,2
201855687,0,2
201855687,0,22
201855922,0,10
201856070,0,10
201856329,0,10
201856440,0,9
201856440,0,10
201856627,0,10
201856792,0,8
201856792,0,11
201857018,0,8
201857122,0,9
201857122,0,10
201857276,0,9
201857276,0,10
201857575,0,9
201857575,0,10
201857824,0,1
201857824,0,2
201857824,0,4
201857824,0,22
201857969,0,8
201857969,0,11
201858134,0,9
201858134,0,10
201858535,0,9
201858535,0,10
201858733,0,9
201858733,0,10
201859137,0,9
201859255,0,21
201859427,0,9
201859644,0,10
201859902,0,10
201860158,0,9
201860158,0,10
201860308,0,8
201860308,0,9
201860531,0,2
201860680,0,8
201860955,0,2
201861168,0,9
201861168,0,10
201861464,0,9
201861464,0,10
201861841,0,9
201862102,0,9
201862397,0,8
201862397,0,9
201862878,0,8
201863059,0,9
201863059,0,20
201863217,0,22
201863425,0,8
201863577,0,8
201863711,0,2
201863848,0,2
201863848,0,22
201863987,0,8
201863987,0,9
201864148,0,22
201864446,0,8
201864573,0,9
201864762,0,9
201864898,0,2
201864898,0,22
201864996,0,9
201864996,0,10
201865618,0,1
201865737,0,20
201865881,0,9
201865881,0,10
201866153,0,10
201866413,0,9
201866544,0,4
201866544,0,9
201866544,0,10
201866898,0,10
201867054,0,9
201867054,0,10
201867306,0,9
201867306,0,10
201867467,0,9
201867467,0,10
201867762,0,9
201867762,0,10
201868019,0,10
201868315,0,9
201868315,0,10
201868482,0,9
201868582,0,10
201868678,0,9
201868678,0,10
201868824,0,10
201869018,0,10
201869145,0,9
201869145,0,10
201869745,0,2
201869745,0,22
201870005,0,2
201870274,0,2
201870274,0,22
201870274,0,26
201870569,0,9
201870569,0,10
201870901,0,9
201870901,0,10
201871030,0,10
201871030,0,11
201871157,0,9
201871157,0,10
201871553,0,9
201871553,0,10
201871783,0,2
201871886,0,9
201871886,0,10
201872061,0,9
201872061,0,10
201872226,0,2
201872226,0,22
201872332,0,9
201872332,0,10
201872519,0,2
201872735,0,2
201872735,0,22
201872925,0,9
201872925,0,10
201873117,0,10
201873247,0,9
201873247,0,10
201873741,0,9
201873741,0,10
201874129,0,8
201874129,0,11
201874415,0,2
201874572,0,9
201874572,0,10
201874998,0,9
201874998,0,10
201875163,0,9
201875163,0,10
201875375,0,9
201875375,0,10
201875607,0,9
201875607,0,10
201875806,0,9
201875806,0,10
201875945,0,9
201875945,0,10
201876092,0,9
201876092,0,10
201876294,0,9
201876294,0,10
201876554,0,9
201876554,0,10
201876735,0,9
201876735,0,10
201876918,0,9
201876918,0,10
201877096,0,1
201877233,0,9
201877233,0,10
201877554,0,9
201877554,0,10
201877685,0,8
201877685,0,9
201877685,0,10
201877685,0,11
201877851,0,9
201877851,0,10
201877988,0,9
201877988,0,10
201877988,0,11
201878163,0,9
201878163,0,10
201878421,0,9
201878421,0,10
201878606,0,9
201878606,0,10
201878795,0,8
201878795,0,9
201878934,0,2
201878934,0,22
201879100,0,9
201879100,0,10
201879212,0,2
201879212,0,22
201879325,0,8
201879325,0,9
201879325,0,33
201879325,1,22
201879765,0,22
201879915,0,8
201880018,0,9
201880018,0,10
201880249,0,9
201880249,0,10
201880540,0,9
201880540,0,10
201880769,0,9
201880769,0,10
201880769,0,30
201881088,0,9
201881088,0,10
201881218,0,9
201881488,0,2
201881488,0,22
201881833,0,2
201881833,0,22
201882021,0,2
201882021,0,22
201882290,0,2
201882290,0,22
201882503,0,2
201882503,0,22
201882742,0,21
201882900,0,9
201882900,0,10
201883252,0,10
201883414,0,2
201883617,0,9
201883703,0,14
201883703,1,9
201883907,0,28
201884198,0,1
201884198,0,2
201884365,0,14
201884365,0,26
201884495,0,8
201884495,0,26
201884495,0,28
201884495,1,24
201885019,0,28
201885220,0,8
201885318,0,28
201885442,0,8
201885442,0,33
201885636,0,8
201885756,0,8
201885756,0,9
201885756,0,15
201885756,0,27
201885756,0,33
201885981,0,26
201886322,0,9
201886322,0,14
201886490,0,8
201886683,0,22
201886877,0,9
201886877,0,14
201887003,0,8
201887003,0,9
201887152,0,8
201887152,0,9
201887382,0,8
201887382,0,9
201887568,0,9
201887717,0,22
201887935,0,8
201887935,0,33
201888048,0,8
201888048,0,28
201888323,0,22
201888456,0,2
201888622,0,2
201888804,0,22
201888954,0,2
201889076,0,2
201889371,0,1
201889371,0,2
201889521,0,9
201889521,0,10
201889636,0,9
201889636,0,10
201889774,0,9
201889774,0,10
201889929,0,9
201889929,0,10
201890127,0,9
201890127,0,10
201890294,0,9
201890294,0,10
201890472,0,22
201890637,0,22
201890860,0,8
201890860,0,11
201892909,0,2
201893118,0,2
201893307,0,1
201893454,0,22
201893614,0,20
201893614,0,21
201893761,0,1
201893761,0,2
201893886,0,1
201893886,0,2
201894149,0,2
201894315,0,1
201894315,0,2
201894522,0,10
201894522,0,11
201894717,0,4
201894933,0,1
201894933,0,2
201894933,0,4
201894933,0,22
201898322,0,1
201898322,0,2
201898322,0,4
201898322,0,22
201898531,0,4
201898701,0,11
201898841,0,4
201898951,0,4
201899075,0,1
201899075,0,4
201899209,0,1
201899209,0,2
201899209,0,4
201899209,0,22
201899361,0,8
201899361,0,11
201899478,0,1
201899478,0,2
201899634,0,1
201899634,0,2
201899763,0,8
201899763,0,11
201899909,0,2
201899909,0,22
201900176,0,2
201900407,0,8
201900600,0,2
201900600,0,22
201900750,0,1
201900750,0,2
201900750,0,4
201900750,0,22
201901018,0,21
201901142,0,8
201901262,0,1
201901262,0,2
201901443,0,8
201901443,0,11
201901618,0,2
201901739,0,1
201901739,0,2
201901739,0,4
201901739,0,22
201901875,0,2
201902038,0,8
201902179,0,2
201902179,0,8
201902179,0,22
201902361,0,8
201902559,0,1
201902559,0,2
201902726,0,2
201902726,0,20
201903053,0,2
201903186,0,8
201903378,0,8
201903593,0,2
201903593,0,22
201903737,0,8
201903737,0,11
201904026,0,8
201904138,0,8
201904360,0,2
201904360,0,20
201904566,0,1
201904566,0,2
201904566,0,22
201904812,0,1
201904812,0,2
201904936,0,2
201904936,0,8
201905164,0,2
201905164,0,22
201905294,0,2
201905427,0,2
201905427,0,20
201905806,0,2
201905806,0,22
201906027,0,1
201906027,0,2
201906027,0,20
201906365,0,1
201906365,0,4
201906365,0,8
201906365,0,11
201906623,0,8
201906623,0,11
201906927,0,2
201907099,0,2
201907289,0,2
201907383,0,8
201907383,0,11
201907552,0,8
201907765,0,8
201907915,0,2
201907915,0,8
201908080,0,1
201908080,0,2
201908208,0,1
201908208,0,2
201908501,0,1
201908501,0,2
201908501,0,4
201908501,0,22
201908837,0,2
201909029,0,1
201909029,0,2
201909029,0,4
201909029,0,22
201909590,0,1
201909590,0,2
201909590,0,8
201909590,0,9
201909590,0,10
201909590,0,11
201909827,0,1
201909827,0,4
201909982,0,2
201909982,0,22
201910162,0,8
201910162,0,10
201910162,0,11
201912369,0,8
201912492,0,8
201912602,0,8
201912869,0,1
201912869,0,2
201912869,0,4
201912869,0,8
201912869,0,22
201913046,0,11
201913046,0,21
201913169,0,8
201913287,0,8
201913287,0,21
201913417,0,8
201913519,0,8
201913673,0,11
201913859,0,8
201913978,0,8
201914109,0,8
201914109,0,21
201914496,0,8
201914656,0,22
201914883,0,1
201915053,0,8
201915150,0,8
201915150,0,21
201915442,0,8
201915601,0,2
201915601,0,22
201915995,0,2
201916127,0,1
201916127,0,2
201916260,0,2
201916417,0,2
201916517,0,2
201916693,0,1
201916693,0,2
201916693,0,4
201916693,0,22
201917160,0,1
201917160,0,2
201917160,0,4
201917160,0,22
201917459,0,1
201917459,0,2
201917459,0,4
201917459,0,22
201917459,1,2
201917459,1,22
201917459,2,2
201917459,2,22
201917459,3,2
201917459,3,22
201917965,0,8
201917965,0,11
201918282,0,8
201918433,0,8
201918628,0,8
201918839,0,8
201918952,0,8
201919062,0,8
201919176,0,11
201919316,0,8
201919487,0,8
201919487,0,9
201919487,0,10
201919487,0,11
201919869,0,8
201919869,0,9
201919869,0,10
201919869,0,11
201920155,0,8
201920155,0,9
201920296,0,8
201920408,0,4
201920408,0,22
201920621,0,2
201920621,0,22
201920790,0,8
201920790,0,11
201920943,0,8
201920943,0,9
201921139,0,1
201921139,0,2
201921592,0,1
201921592,0,2
201921765,0,2
201921984,0,1
201922129,0,1
201922289,0,1
201922452,0,1
201922452,0,2
201922452,0,4
201922452,0,22
201922702,0,1
201922858,0,8
201922858,0,11
201923002,0,8
201923138,0,1
201923280,0,21
201923520,0,1
201923520,0,2
201923771,0,8
201923954,0,8
201923954,0,11
201924178,0,1
201924178,0,2
201924399,0,4
201924399,0,22
201924591,0,1
201924591,0,2
201924591,0,8
201924817,0,1
201924817,0,2
201925013,0,1
201925013,0,2
201925244,0,1
201925244,0,2
201925244,0,8
201925430,0,9
201925430,0,10
201925582,0,1
201925582,0,2
201925582,0,8
201925762,0,1
201925762,0,2
201925981,0,1
201926132,0,9
201926272,0,1
201926272,0,4
201926436,0,4
201926436,0,22
201926598,0,1
201926598,0,4
201926903,0,4
201927016,0,8
201927277,0,8
201927477,0,1
201927477,0,11
201927708,0,8
201927909,0,8
201928102,0,2
201928221,0,1
201928221,0,2
201928420,0,1
201928420,0,2
201928562,0,4
201928681,0,1
201928681,0,2
201928800,0,1
201928800,0,2
201929210,0,1
201929210,0,2
201929329,0,1
201929329,0,2
201929329,0,4
201929329,0,22
201929451,0,1
201929451,0,2
201929644,0,22
201929747,0,22
201929913,0,1
201930011,0,4
201930011,0,22
201930341,0,1
201930341,0,2
201930341,0,4
201930341,0,22
201930491,0,8
201930491,0,10
201930491,0,11
201930723,0,1
201930723,0,2
201930723,0,4
201930723,0,22
201931122,0,1
201931122,0,2
201931315,0,1
201931315,0,2
201931490,0,1
201931490,0,2
201931665,0,8
201931769,0,1
201931769,0,22
201931919,0,4
201931994,0,1
201932128,0,2
201932128,0,8
201932128,0,9
201932427,0,1
201932427,0,2
201932427,0,4
201932427,0,20
201932427,0,21
201932427,0,22
201933111,0,8
201933111,0,9
201933111,0,10
201933111,0,11
201933343,0,1
201933343,0,2
201933343,0,4
201933517,0,8
201933623,0,8
201933623,0,9
201933760,0,8
201933760,0,9
201933760,0,10
201933760,0,11
201933883,0,22
201933996,0,8
201933996,0,9
201933996,0,10
201933996,0,11
201934132,0,11
201934250,0,8
201934250,0,9
201934250,0,10
201934250,0,11
201934424,0,9
201934553,0,2
201934660,0,4
201934660,0,22
201934802,0,4
201934906,0,11
201935050,0,8
201935050,0,11
201935357,0,8
201935518,0,8
201935626,0,2
201935626,0,22
201935777,0,1
201935777,0,2
201936166,0,1
201936302,0,8
201936302,0,11
201936510,0,8
201936510,0,9
201936510,0,10
201936510,0,11
201936793,0,2
201936916,0,1
201936916,0,2
201937012,0,1
201937012,0,2
201937012,0,22
201937217,0,8
201937217,0,9
201937217,0,10
201937389,0,1
201937389,0,2
201937686,0,11
201937837,0,1
201937837,0,22
201938102,0,4
201938102,0,22
201938267,0,1
201938267,0,4
201938428,0,11
201938545,0,1
201938545,0,4
201938858,0,1
201939048,0,1
201939201,0,4
201939431,0,1
201939431,0,2
201939733,0,1
201940061,0,1
201940259,0,8
201940259,0,11
201940410,0,1
201940595,0,1
201940595,0,4
201940872,0,1
201941042,0,8
201941042,0,11
201941155,0,8
201941155,0,21
201941388,0,1
201941563,0,4
201941563,0,22
201941709,0,2
201941709,0,4
201941709,0,8
201941709,0,22
201942486,0,8
201942610,0,2
201942610,0,22
201942699,0,2
201942699,0,22
201943008,0,2
201943218,0,2
201943343,0,4
201943343,0,22
201943739,0,4
201943739,0,22
201943873,0,1
201943873,0,8
201943873,0,22
201944079,0,8
201944079,0,9
201944079,0,10
201944079,0,11
201944245,0,22
201944673,0,1
201944673,0,2
201944813,0,1
201944813,0,2
201944813,0,22
201944930,0,1
201944930,0,2
201945125,0,1
201945125,0,8
201945416,0,8
201945522,0,1
201945522,0,4
201945522,0,22
201945787,0,1
201945787,0,4
201945978,0,1
201946128,0,8
201946128,0,9
201946128,0,11
201946256,0,11
201946393,0,1
201946393,0,22
201946776,0,1
201946882,0,22
201947036,0,1
201947036,0,2
201947036,0,4
201947036,0,22
201947276,0,1
201947276,0,2
201947276,0,4
201947276,0,22
201947455,0,2
201947455,0,22
201947568,0,1
201947568,0,2
201947568,0,4
201947568,0,22
201947872,0,8
201948002,0,8
201948124,0,4
201948124,0,21
201948124,0,22
201948449,0,8
201948449,0,11
201948596,0,1
201948596,0,2
201948596,0,4
201948596,0,22
201948713,0,4
201948713,0,22
201948843,0,22
201949059,0,1
201949332,0,1
201949494,0,1
201949494,0,2
201949677,0,1
201949677,0,2
201949940,0,8
201949940,0,11
201950158,0,1
201950158,0,2
201950158,0,8
201950158,0,9
201950158,0,11
201950636,0,10
201950636,0,11
201950771,0,8
201950899,0,8
201951058,0,8
201951174,0,8
201951174,0,11
201951340,0,1
201951340,0,2
201951640,0,1
201951640,0,4
201951797,0,1
201951797,0,8
201951797,0,11
201952037,0,1
201952037,0,2
201952186,0,1
201952186,0,8
201952186,0,11
201952365,0,1
201952365,0,2
201952365,0,8
201952365,0,22
201952651,0,1
201952651,0,4
201953155,0,1
201953155,0,2
201953281,0,1
201953281,0,4
201953396,0,1
201953396,0,2
201953547,0,11
201953626,0,1
201953626,0,4
201953626,0,8
201953863,0,1
201954015,0,8
201954151,0,1
201954151,0,2
201954151,0,8
201954321,0,1
201954321,0,8
201954538,0,1
201954538,0,2
201954714,0,1
201954714,0,2
201954870,0,8
201954870,0,11
201955070,0,22
201955199,0,2
201955500,0,2
201955613,0,2
201955754,0,2
201955849,0,2
201955969,0,2
201956105,0,2
201956198,0,2
201956343,0,2
201956593,0,2
201956705,0,2
201956799,0,2
201956881,0,2
201957070,0,2
201957243,0,2
201957353,0,2
201957467,0,2
201957581,0,2
201957683,0,2
201957789,0,2
201957892,0,2
201957992,0,2
201958075,0,2
201958169,0,2
201958263,0,2
201958365,0,2
201958471,0,2
201958618,0,2
201958767,0,2
201958868,0,1
201958868,0,2
201958868,0,8
201959178,0,1
201959178,0,8
201959178,0,11
201959355,0,2
201959479,0,2
201959603,0,2
201959762,0,2
201959866,0,14
201959866,0,15
201959866,0,20
201959866,0,21
201960161,0,20
201960161,0,21
201960312,0,4
201960312,0,22
201960495,0,2
201960495,0,4
201960495,0,22
201960760,0,1
201960760,0,2
201960859,0,1
201961012,0,2
201961012,0,22
201961252,0,1
201961364,0,9
201961364,0,10
201961540,0,1
201961540,0,2
201961643,0,2
201961643,0,22
201961755,0,2
201961755,0,22
201961932,0,1
201961932,0,2
201962090,0,22
201962303,0,9
201962426,0,1
201962426,0,8
201962769,0,1
201962889,0,1
201962889,0,4
201963048,0,22
201963321,0,1
201963321,0,2
201963321,0,4
201963426,0,1
201963426,0,4
201963861,0,2
201964028,0,4
201964205,0,8
201964205,0,11
201964399,0,1
201964578,0,1
201964763,0,1
201964763,0,2
201964763,0,4
201964763,0,22
201964936,0,1
201964936,0,2
201964936,0,8
201965292,0,4
201965438,0,1
201965438,0,2
201965573,0,1
201965573,0,2
201965573,0,22
201966845,0,2
201966965,0,2
201966965,0,22
201967168,0,2
201967330,0,2
201967466,0,8
201967466,0,9
201967719,0,8
201967901,0,1
201967901,0,2
201967901,0,4
201968756,0,1
201968917,0,8
201968917,0,9
201969095,0,8
201969210,0,1
201969210,0,2
201969210,0,4
201969210,0,22
201969361,0,1
201969361,0,2
201969361,0,4
201969361,0,22
201969493,0,1
201969594,0,1
201969594,0,2
201969713,0,1
201969713,0,2
201969827,0,1
201969827,0,2
201969949,0,1
201970249,0,1
201970382,0,8
201970548,0,8
201970548,0,11
201970979,0,2
201970979,0,8
201971286,0,1
201971286,0,2
201971385,0,2
201971479,0,22
201971571,0,22
201971874,0,8
201971981,0,8
201971981,0,11
201972168,0,8
201972168,0,11
201972340,0,22
201972530,0,22
201972803,0,4
201972803,0,8
201972803,0,22
201973353,0,8
201973697,0,8
201973697,0,11
201973823,0,8
201973992,0,1
201974167,0,11
201974309,0,8
201974457,0,1
201974573,0,11
201974757,0,21
201974913,0,22
201975117,0,8
201975252,0,8
201975407,0,8
201975591,0,8
201975713,0,2
201975825,0,4
201975825,0,22
201976208,0,8
201976208,0,9
201976343,0,22
201976511,0,8
201976511,0,11
201976692,0,2
201976692,0,8
201976692,0,22
201976949,0,1
201976949,0,2
201977112,0,22
201977438,0,2
201977438,0,22
201977601,0,22
201977722,0,2
201977722,0,22
201978027,0,22
201978323,0,22
201978458,0,22
201978661,0,22
201978782,0,2
201978782,0,8
201978782,0,22
201978999,0,2
201978999,0,8
201978999,0,22
201979146,0,2
201979146,0,22
201979280,0,22
201979537,0,1
201979537,0,2
201979537,0,4
201979537,0,22
201979721,0,22
201979886,0,2
201979886,0,22
201980206,0,2
201980206,0,22
201980393,0,2
201980543,0,22
201980715,0,2
201980843,0,2
201980970,0,2
201981107,0,2
201981229,0,22
201981463,0,2
201981463,0,8
201981463,0,22
201981735,0,22
201982121,0,2
201982121,0,22
201982302,0,22
201982494,0,8
201982494,0,22
201982494,1,8
201982494,1,22
201982494,2,8
201982494,2,22
201982494,3,8
201982494,3,22
201982494,4,1
201983079,0,8
201983189,0,8
201983367,0,1
201983367,0,4
201983509,0,2
201983672,0,2
201984029,0,8
201984299,0,2
201984401,0,2
201984578,0,22
201984688,0,2
201984688,0,22
201984813,0,2
201984813,0,22
201984932,0,1
201984932,0,10
201985070,0,2
201985170,0,2
201985170,0,22
201985395,0,20
201985395,0,21
201985565,0,2
201985565,0,22
201985853,0,2
201985853,0,22
201986021,0,2
201986021,0,22
201986231,0,2
201986231,0,22
201986377,0,2
201986377,0,22
201986714,0,2
201986714,0,22
201986994,0,1
201986994,0,2
201986994,0,22
201987564,0,2
201987670,0,2
201987670,0,22
201987897,0,2
201988016,0,2
201988016,0,22
201988133,0,2
201988294,0,9
201988294,0,11
201988433,0,4
201988589,0,1
201988589,0,2
201988678,0,2
201988840,0,2
201988969,0,8
201989076,0,2
201989076,0,8
201989076,0,22
201989265,0,2
201989265,0,22
201989416,0,2
201989524,0,2
201989524,0,22
201989727,0,2
201989819,0,2
201989819,0,22
201989940,0,22
201990153,0,22
201990374,0,8
201990510,0,2
201990510,0,22
201990613,0,2
201990719,0,2
201990803,0,2
201990803,0,22
201991186,0,8
201991442,0,2
201991442,0,22
201991578,0,8
201991966,0,2
201992102,0,8
201992293,0,8
201992293,0,11
201992495,0,2
201992495,0,8
201992495,0,21
201993342,0,2
201993446,0,8
201993564,0,22
201993694,0,1
201993811,0,8
201993953,0,8
201994064,0,9
201994165,0,2
201994165,0,8
201994626,0,9
201994760,0,8
201994760,0,21
201994953,0,8
201994953,0,9
201995177,0,2
201995177,0,8
201995481,0,2
201995481,0,8
201995592,0,2
201995592,0,8
201995726,0,2
201995726,0,8
201995854,0,22
201995983,0,4
201995983,0,22
201996227,0,2
201996227,0,22
201996597,0,2
201996597,0,22
201996704,0,2
201996799,0,2
201996799,0,22
201996984,0,2
201996984,0,22
201997112,0,2
201997112,0,22
201997288,0,2
201997288,0,22
201997504,0,2
201997504,0,8
201997504,0,22
201997818,0,2
201997973,0,2
201997973,0,22
201998145,0,2
201998285,0,2
201998546,0,2
201998743,0,2
201999039,0,2
201999177,0,2
201999177,0,8
201999177,0,22
201999490,0,2
201999490,0,22
201999588,0,2
201999693,0,2
201999788,0,2
201999788,0,22
201999925,0,2
202000195,0,2
202000342,0,8
202000467,0,8
202000600,0,2
202000600,0,22
202000823,0,2
202001037,0,2
202001192,0,1
202001192,0,2
202001192,0,4
202001192,0,22
202001589,0,1
202001589,0,2
202001675,0,1
202001813,0,1
202001813,0,2
202001900,0,8
202002511,0,2
202002645,0,2
202002794,0,2
202002794,0,22
202002944,0,8
202003041,0,1
202003154,0,1
202003154,0,2
202003367,0,2
202003525,0,4
202003661,0,1
202003766,0,2
202003960,0,2
202004145,0,4
202004255,0,4
202004378,0,4
202004525,0,1
202004525,0,2
202004756,0,1
202004893,0,1
202005059,0,2
202005059,0,8
202005291,0,8
202005291,0,9
202005291,0,10
202005291,0,11
202005517,0,2
202005801,0,1
202005801,0,4
202006008,0,2
202006102,0,2
202006206,0,2
202006341,0,1
202006341,0,2
202006341,0,8
202006341,0,22
202006762,0,1
202006762,0,2
202006762,0,4
202006762,0,22
202006962,0,2
202007103,0,8
202007103,0,9
202007103,0,11
202007232,0,2
202007232,0,8
202007484,0,2
202007641,0,2
202007820,0,2
202007820,0,8
202007820,0,22
202008071,0,8
202008176,0,8
202008367,0,2
202008367,0,8
202008367,0,22
202008559,0,2
202008711,0,2
202008711,0,8
202008901,0,2
202008901,0,22
202009163,0,2
202009274,0,2
202009274,0,22
202009483,0,1
202009483,0,2
202009696,0,1
202009696,0,2
202009696,0,4
202009696,0,22
202009831,0,2
202009934,0,2
202009934,0,9
202009934,0,21
202010042,0,22
202010157,0,2
202010259,0,20
202010259,0,21
202010403,0,8
202010498,0,20
202010498,0,21
202010641,0,8
202010641,0,9
202010790,0,21
202010952,0,8
202010952,0,9
202010952,0,20
202010952,0,21
202011119,0,15
202011119,0,21
202011326,0,8
202011481,0,8
202011622,0,8
202011622,0,9
202011622,0,20
202011622,0,21
202011983,0,8
202012100,0,8
202012304,0,8
202012304,0,9
202012304,0,11
202012304,0,20
202012304,0,21
202012761,0,22
202013032,0,8
202013032,0,9
202013187,0,8
202013187,0,9
202013187,0,20
202013187,0,21
202013388,0,8
202013388,0,9
202013388,0,20
202013388,0,21
202013574,0,8
202013574,0,9
202013574,0,20
202013574,0,21
202013722,0,15
202014015,0,15
202014158,0,8
202014158,0,9
202014351,0,8
202014499,0,8
202014691,0,8
202014691,0,9
202014691,0,20
202014691,0,21
202015222,0,20
202015222,0,21
202015440,0,20
202015440,0,21
202015622,0,8
202015622,0,9
202015733,0,8
202015733,0,20
202015890,0,9
202015890,0,20
202016026,0,8
202016026,0,9
202016026,0,20
202016026,0,21
202016281,0,8
202016281,0,15
202016425,0,8
202016425,0,14
202016425,0,15
202016638,0,2
202016743,0,2
202016919,0,2
202016919,0,8
202016919,0,22
202017447,0,1
202017643,0,2
202017643,0,22
202017890,0,2
202017890,0,22
202018042,0,9
202018226,0,2
202018226,0,22
202018356,0,1
202018356,0,2
202018356,0,4
202018356,0,22
202018482,0,2
202018482,0,8
202018948,0,8
202019223,0,9
202019397,0,2
202019560,0,2
202019813,0,2
202019967,0,8
202020126,0,1
202020285,0,2
202020427,0,2
202020623,0,1
202020730,0,1
202020881,0,2
202021059,0,2
202021250,0,8
202021445,0,1
202021597,0,1
202021733,0,2
202021865,0,2
202021865,0,8
202021865,0,22
202022288,0,2
202022436,0,1
202022612,0,1
202022793,0,2
202022961,0,1
202023076,0,2
202023280,0,2
202023477,0,2
202023600,0,2
202023773,0,1
202023773,0,2
202023967,0,1
202023967,0,2
202023967,0,4
202023967,0,22
202024232,0,2
202024418,0,2
202024418,0,22
202024561,0,2
202024561,0,22
202024757,0,1
202024757,0,8
202024897,0,2
202024897,0,22
202025044,0,1
202025044,0,2
202025044,0,22
202025736,0,22
202025890,0,22
202025993,0,1
202026100,0,1
202026100,0,2
202026258,0,8
202026451,0,2
202026584,0,2
202026584,0,4
202026584,0,22
202026774,0,8
202026774,0,11
202026926,0,1
202026926,0,2
202027031,0,2
202027156,0,4
202027285,0,8
202027469,0,1
202027618,0,8
202027618,0,9
202027823,0,1
202027995,0,1
202027995,0,2
202028238,0,2
202028339,0,8
202028507,0,1
202028507,0,2
202028507,0,22
202028768,0,1
202028768,0,2
202028926,0,1
202028926,0,2
202028926,0,21
202028926,0,22
202029057,0,1
202029057,0,2
202029179,0,2
202029409,0,2
202029703,0,1
202029703,0,2
202030236,0,1
202030236,0,4
202030368,0,2
202030368,0,8
202030753,0,1
202030931,0,1
202030931,0,2
202030931,0,4
202030931,0,22
202031150,0,1
202031284,0,1
202031284,0,2
202031431,0,1
202031507,0,1
202031824,0,1
202032022,0,1
202032022,0,2
202032817,0,1
202032961,0,4
202032961,0,22
202033140,0,1
202033140,0,2
202033140,0,20
202033140,0,21
202033342,0,4
202033342,0,22
202033520,0,1
202033520,0,2
202033810,0,1
202033810,0,2
202033810,0,4
202033810,0,22
202033993,0,4
202033993,0,22
202034089,0,4
202034089,0,22
202034216,0,1
202034365,0,8
202034365,0,9
202034365,0,20
202034365,0,21
202034744,0,1
202034744,0,2
202034744,0,4
202034744,0,22
202034894,0,8
202035017,0,8
202035190,0,11
202035320,0,8
202035320,0,9
202035320,0,11
202035320,0,20
202035320,0,21
202036192,0,8
202036397,0,8
202036513,0,8
202036663,0,2
202036863,0,11
202037029,0,8
202037029,0,11
202037188,0,8
202037365,0,8
202037365,0,9
202037365,0,10
202037365,0,11
202037532,0,4
202037532,0,21
202037696,0,21
202037800,0,1
202037800,0,2
202038014,0,1
202038014,0,2
202038153,0,1
202038153,0,2
202038392,0,1
202038392,0,2
202038578,0,1
202038578,0,2
202038578,0,4
202038578,0,22
202038733,0,8
202038733,0,21
202038857,0,8
202039013,0,8
202039013,0,9
202039274,0,8
202039381,0,8
202039381,0,9
202039381,0,20
202039381,0,21
202039511,0,1
202039511,0,4
202039652,0,1
202039652,0,4
202039748,0,1
202039748,0,8
202039888,0,1
202039888,0,2
202039888,0,22
202040030,0,1
202040030,0,2
202040030,0,22
202040180,0,1
202040180,0,2
202040277,0,1
202040277,0,2
202040415,0,1
202040415,0,2
202040571,0,2
202040571,0,22
202040810,0,2
202040810,0,22
202040972,0,2
202041050,0,1
202041050,0,2
202041050,0,4
202041050,0,22
202041267,0,1
202041267,0,2
202041267,0,22
202041666,0,1
202041666,0,2
202041842,0,8
202041983,0,1
202041983,0,2
202041983,0,8
202042132,0,1
202042132,0,2
202042132,0,4
202042132,0,22
202042286,0,8
202042402,0,8
202042402,0,21
202042681,0,8
202042856,0,1
202043043,0,1
202043043,0,2
202043229,0,1
202043229,0,2
202043371,0,2
202043482,0,1
202043482,0,2
202043691,0,1
202043838,0,8
202044129,0,9
202044309,0,8
202044449,0,8
202044449,0,11
202044583,0,1
202044713,0,2
202044993,0,2
202045082,0,1
202045274,0,1
202045274,0,2
202045622,0,2
202045820,0,2
202046077,0,1
202046077,0,2
202046237,0,8
202046405,0,2
202046405,0,22
202046550,0,2
202046550,0,22
202046792,0,2
202046945,0,1
202047045,0,1
202047045,0,2
202047278,0,8
202047444,0,1
202047444,0,2
202047706,0,1
202047888,0,1
202048072,0,8
202048072,0,11
202048236,0,1
202048390,0,8
202048390,0,11
202048579,0,4
202048579,0,22
202048681,0,8
202048681,0,9
202048681,0,11
202048681,0,20
202048681,0,21
202048996,0,8
202049151,0,8
202049284,0,8
202049496,0,8
202049697,0,8
202049697,0,21
202049942,0,8
202049942,0,9
202050075,0,4
202050075,0,22
202050262,0,1
202050262,0,4
202050372,0,8
202050372,0,11
202050503,0,1
202050503,0,2
202050503,0,22
202050688,0,1
202050688,0,2
202051215,0,8
202051215,0,11
202051391,0,2
202051391,0,22
202051544,0,1
202051544,0,2
202051875,0,1
202051875,0,2
202051988,0,1
202051988,0,2
202052305,0,1
202052437,0,1
202052437,0,2
202052591,0,1
202052591,0,2
202052689,0,1
202052947,0,4
202053090,0,1
202053215,0,1
202053215,0,2
202053215,0,8
202053505,0,1
202053505,0,2
202053692,0,8
202053875,0,9
202053875,0,10
202054012,0,1
202054012,0,2
202054136,0,2
202054264,0,1
202054264,0,2
202054864,0,22
202055045,0,1
202055045,0,4
202055185,0,1
202055185,0,4
202055382,0,1
202055382,0,2
202055519,0,8
202055519,0,11
202055656,0,1
202055656,0,2
202055656,0,4
202055656,0,22
202055777,0,8
202055777,0,9
202055997,0,8
202056157,0,8
202056329,0,1
202056329,0,2
202056329,0,8
202056329,0,22
202056751,0,1
202056865,0,1
202057002,0,1
202057116,0,8
202057116,0,21
202057436,0,1
202057436,0,2
202057436,1,1
202057436,1,2
202057436,2,1
202057436,2,2
202057881,0,2
202057881,0,8
202058120,0,4
202058120,0,22
202058336,0,1
202058336,0,2
202058336,0,4
202058336,0,22
202058508,0,22
202058687,0,2
202058687,0,22
202058972,0,2
202059071,0,4
202059071,0,22
202059328,0,2
202059328,0,22
202059482,0,20
202059482,0,21
202059668,0,1
202059668,0,2
202059904,0,1
202059904,0,2
202060185,0,8
202060185,0,9
202060362,0,1
202060362,0,4
202060492,0,1
202060492,0,2
202060492,0,8
202060492,0,9
202060492,0,11
202060853,0,2
202060853,0,22
202061060,0,1
202061060,0,2
202061160,0,8
202061160,0,11
202061296,0,1
202061296,0,2
202061296,0,8
202061296,0,9
202061296,0,10
202061296,0,11
202061501,0,8
202061501,0,9
202061766,0,2
202061876,0,8
202061876,0,9
202061876,0,10
202061876,0,11
202062228,0,9
202062382,0,9
202062641,0,2
202062641,0,9
202062845,0,9
202062845,0,20
202062956,0,8
202062956,0,9
202062956,0,10
202062956,0,11
202063340,0,8
202063340,0,9
202063549,0,8
202063549,0,9
202063549,0,10
202063549,0,11
202063787,0,8
202063946,0,8
202063946,0,9
202063946,0,10
202064498,0,9
202064498,0,10
202064498,0,11
202064679,0,1
202064679,0,2
202064808,0,8
202064808,0,9
202064808,0,10
202065328,0,1
202065328,0,2
202065501,0,8
202065501,0,11
202065622,0,8
202065622,0,9
202065747,0,8
202065747,0,9
202066056,0,8
202066056,0,9
202066155,0,8
202066373,0,8
202066373,0,9
202066498,0,8
202066674,0,1
202066674,0,2
202066865,0,1
202066865,0,4
202067056,0,1
202067056,0,2
202067056,0,22
202067529,0,1
202067529,0,2
202067678,0,2
202067799,0,1
202067960,0,1
202068130,0,1
202068130,0,2
202068130,0,4
202068130,0,22
202068707,0,22
202068792,0,8
202068928,0,1
202069053,0,8
202069053,0,11
202069330,0,1
202069330,0,2
202069456,0,6
202069456,0,7
202069636,0,8
202069899,0,1
202069899,0,2
202070014,0,1
202070014,0,4
202070135,0,1
202070303,0,1
202070303,0,4
202070634,0,8
202070634,0,22
202070634,1,2
202070912,0,2
202071101,0,8
202071216,0,2
202071216,0,22
202071360,0,2
202071438,0,2
202071524,0,1
202071524,0,2
202072173,0,2
202072346,0,2
202072518,0,7
202072518,0,22
202072644,0,2
202072644,1,8
202072810,0,1
202072810,0,2
202072986,0,2
202072986,0,22
202073248,0,1
202073248,0,2
202073248,0,4
202073248,0,22
202073383,0,1
202073383,0,22
202073506,0,2
202073506,0,22
202073631,0,2
202073814,0,1
202073992,0,8
202073992,0,11
202074176,0,8
202074293,0,8
202074293,0,9
202074293,0,20
202074293,0,21
202074674,0,8
202074922,0,21
202075112,0,8
202075271,0,8
202075376,0,8
202075520,0,9
202075520,0,10
202075789,0,8
202075789,0,9
202075789,0,10
202075789,0,11
202075991,0,9
202076132,0,1
202076132,0,2
202076132,0,22
202076535,0,1
202076535,0,4
202076715,0,1
202076715,0,2
202076715,0,20
202076715,0,21
202076879,0,1
202076879,0,2
202076879,0,20
202076879,0,21
202077047,0,2
202077047,0,22
202077184,0,1
202077184,0,2
202077184,0,8
202077184,0,22
202077400,0,1
202077400,0,2
202077614,0,1
202077614,0,2
202077614,0,8
202077614,0,11
202078096,0,2
202078096,0,8
202078254,0,2
202078332,0,2
202078435,0,2
202078575,0,1
202078575,0,2
202078575,0,8
202078575,0,11
202079219,0,2
202079369,0,11
202079486,0,2
202079620,0,22
202079733,0,2
202079845,0,1
202079845,0,2
202079845,0,22
202079845,0,24
202080007,0,2
202080007,0,22
202080137,0,8
202080353,0,2
202080460,0,8
202080647,0,2
202080647,0,22
202080981,0,9
202081134,0,2
202081134,0,22
202081298,0,8
202081298,0,9
202081405,0,1
202081405,0,2
202081405,0,22
202081554,0,22
202081697,0,8
202081839,0,8
202082168,0,8
202082378,0,2
202082554,0,10
202082554,0,11
202082731,0,8
202083308,0,2
202083308,0,8
202083308,0,11
202083535,0,8
202083691,0,11
202083811,0,1
202083959,0,1
202083959,0,2
202084200,0,8
202084391,0,1
202084391,0,2
202084518,0,8
202084691,0,11
202084836,0,8
202084836,0,9
202085009,0,9
202085139,0,8
202085139,0,9
202085139,0,11
202085464,0,1
202085464,0,2
202085464,0,4
202085464,0,22
202085668,0,2
202085668,0,22
202085919,0,1
202085919,0,2
202086060,0,2
202086060,0,22
202086236,0,2
202086236,0,22
202086435,0,4
202086435,0,22
202086576,0,2
202086576,0,8
202086576,0,9
202086576,0,22
202086784,0,1
202086784,0,2
202086942,0,1
202086942,0,2
202087077,0,2
202087077,0,4
202087077,0,22
202087421,0,4
202087421,0,22
202087618,0,8
202087618,0,9
202087618,0,10
202087618,0,11
202087618,0,20
202087897,0,8
202087897,0,9
202087897,0,20
202087897,0,21
202088154,0,8
202088277,0,9
202088401,0,8
202088401,0,9
202088507,0,8
202088507,0,9
202088786,0,9
202088942,0,9
202089104,0,2
202089104,0,22
202089318,0,2
202089318,0,22
202089506,0,22
202089707,0,2
202089707,0,22
202090021,0,2
202090129,0,8
202090276,0,8
202090276,0,9
202090461,0,22
202090711,0,2
202090817,0,8
202090817,0,9
202090817,0,20
202090817,0,21
202091089,0,1
202091089,0,2
202091481,0,1
202091604,0,1
202091604,0,4
202091775,0,1
202091775,0,2
202091914,0,1
202092052,0,1
202092052,0,2
202092266,0,1
202092266,0,2
202092532,0,9
202092532,0,10
202092872,0,1
202092872,0,2
202093075,0,9
202093075,0,10
202093266,0,8
202093266,0,9
202093266,0,10
202093266,0,11
202093556,0,8
202093556,0,11
202093748,0,8
202093748,0,9
202093952,0,6
202093952,0,8
202093952,0,9
202093952,0,10
202093952,0,11
202094136,0,8
202094136,0,10
202094243,0,8
202094243,0,11
202094353,0,1
202094353,0,4
202094541,0,1
202094541,0,2
202094541,0,22
202094760,0,1
202094760,0,2
202094760,0,4
202094760,0,22
202095060,0,4
202095060,0,22
202095263,0,1
202095263,0,4
202095421,0,1
202095421,0,4
202095829,0,1
202095931,0,1
202095931,0,2
202096130,0,1
202096130,0,2
202096273,0,1
202096273,0,2
202096426,0,8
202096426,0,11
202096655,0,11
202096815,0,1
202096815,0,8
202097027,0,8
202097130,0,1
202097130,0,8
202097459,0,11
202097587,0,1
202097587,0,8
202097721,0,2
202097943,0,1
202097943,0,8
202098081,0,1
202098081,0,2
202098081,0,8
202098081,0,11
202098501,0,1
202098660,0,1
202098660,0,8
202098660,0,11
202098812,0,2
202098917,0,2
202099139,0,1
202099139,0,8
202099252,0,1
202099252,0,4
202099634,0,1
202099845,0,1
202100001,0,1
202100001,0,4
202100151,0,1
202100151,0,4
202100307,0,1
202100440,0,8
202100519,0,1
202100519,0,4
202100519,0,22
202100953,0,4
202100953,0,22
202101174,0,11
202101317,0,1
202101317,0,2
202101476,0,1
202101476,0,2
202101574,0,8
202101705,0,8
202101840,0,1
202101840,0,4
202102037,0,1
202102037,0,4
202102215,0,1
202102215,0,8
202102434,0,2
202102710,0,2
202102870,0,2
202102870,0,22
202103095,0,2
202103270,0,8
202103367,0,1
202103583,0,1
202103583,0,4
202103738,0,1
202103889,0,2
202103889,0,22
202104038,0,1
202104228,0,4
202104398,0,1
202104398,0,2
202104398,0,4
202104398,0,8
202104398,0,22
202104610,0,1
202104610,0,4
202104878,0,11
202105049,0,8
202105049,0,11
202105274,0,8
202105274,0,11
202105396,0,8
202105396,0,15
202105728,0,8
202105728,0,11
202105728,0,15
202105892,0,8
202105892,0,11
202106135,0,8
202106266,0,4
202106266,0,11
202106562,0,1
202106562,0,2
202106843,0,1
202106843,0,2
202106936,0,2
202106936,0,8
202107085,0,1
202107085,0,2
202107206,0,1
202107206,0,2
202107206,0,4
202107383,0,4
202107755,0,1
202107755,0,8
202107755,0,11
202107995,0,8
202107995,0,11
202108130,0,8
202108130,0,11
202108415,0,4
202108415,0,22
202108626,0,2
202108781,0,20
202108781,0,21
202108912,0,1
202108912,0,4
202108912,0,8
202108912,0,22
202109095,0,4
202109095,0,8
202109095,0,22
202109488,0,1
202109603,0,8
202109603,0,21
202109840,0,8
202109840,0,11
202109840,0,21
202109990,0,1
202110197,0,1
202110197,0,4
202110391,0,8
202110612,0,8
202110724,0,2
202110851,0,2
202110926,0,2
202111022,0,2
202111231,0,1
202111231,0,4
202111231,0,8
202111231,0,22
202111530,0,1
202111530,0,4
202111901,0,1
202111901,0,2
202112036,0,8
202112036,0,9
202112036,0,10
202112036,0,11
202112303,0,8
202112303,0,9
202112303,0,10
202112303,0,11
202112472,0,4
202112472,0,22
202113003,0,8
202113003,0,11
202113180,0,1
202113180,0,2
202113346,0,4
202113346,0,22
202113585,0,4
202113759,0,1
202113862,0,1
202113862,0,2
202114009,0,1
202114009,0,2
202114009,0,8
202114009,0,9
202114009,0,10
202114009,0,11
202114423,0,11
202114559,0,1
202114559,0,2
202114691,0,1
202114691,0,2
202114809,0,8
202114809,0,11
202115026,0,21
202115228,0,21
202115316,0,20
202115316,0,21
202115541,0,8
202115541,0,11
202115750,0,11
202115859,0,8
202115859,0,11
202115990,0,8
202116092,0,2
202116198,0,1
202116198,0,2
202116310,0,1
202116310,0,2
202116310,0,8
202116751,0,1
202116751,0,2
202116910,0,4
202117072,0,2
202117072,0,22
202117233,0,8
202117358,0,1
202117358,0,8
202117636,0,4
202117636,0,22
202117890,0,4
202117890,0,22
202118018,0,4
202118018,0,22
202118343,0,4
202118343,0,22
202118577,0,4
202118668,0,1
202118668,0,2
202118668,0,8
202118668,0,9
202118834,0,9
202118834,0,10
202119095,0,9
202119095,0,10
202119258,0,8
202119258,0,9
202119375,0,20
202119375,0,21
202119741,0,21
202119903,0,4
202120060,0,4
202120282,0,4
202120282,0,22
202120453,0,2
202120453,0,9
202120453,0,20
202120595,0,2
202120851,0,2
202120993,0,1
202120993,0,2
202121159,0,1
202121159,0,2
202121159,0,4
202121159,0,22
202121397,0,1
202121397,0,2
202121869,0,8
202121869,0,9
202121869,0,11
202122082,0,2
202122177,0,2
202122323,0,2
202122323,0,4
202122548,0,1
202122548,0,8
202122548,0,11
202122862,0,4
202123013,0,1
202123013,0,4
202123217,0,1
202123384,0,1
202123494,0,2
202123494,0,22
202123791,0,2
202123791,0,22
202123920,0,4
202123920,0,22
202124271,0,2
202124271,0,22
202124506,0,4
202124506,0,22
202124637,0,4
202124637,0,22
202124928,0,2
202125057,0,2
202125057,0,22
202125443,0,2
202125443,0,8
202125650,0,2
202125650,0,22
202125734,0,2
202125911,0,2
202125911,0,9
202126035,0,9
202126214,0,22
202126431,0,22
202126574,0,22
202126801,0,4
202126801,0,22
202127055,0,1
202127055,0,4
202127202,0,4
202127202,0,22
202127330,0,1
202127330,0,2
202127528,0,8
202127528,0,11
202127772,0,11
202128095,0,11
202128328,0,8
202128328,0,11
202128471,0,1
202128471,0,4
202128646,0,2
202128747,0,1
202128747,0,4
202128747,0,22
202128953,0,1
202128953,0,4
202129200,0,1
202129200,0,4
202129382,0,1
202129382,0,4
202129983,0,8
202129983,0,11
202130132,0,8
202130132,0,11
202130350,0,1
202130350,0,4
202130523,0,1
202130523,0,4
202130684,0,1
202130785,0,1
202130785,0,4
202130874,0,1
202130874,0,4
202131206,0,1
202131338,0,1
202131338,0,4
202131475,0,4
202131475,0,22
202131581,0,8
202131709,0,4
202131857,0,4
202132012,0,8
202132012,0,21
202132249,0,8
202132359,0,1
202132359,0,4
202132621,0,22
202132767,0,8
202132767,0,21
202132979,0,1
202132979,0,4
202133192,0,4
202133387,0,1
202133387,0,4
202133655,0,1
202133655,0,4
202133829,0,1
202133970,0,4
202134140,0,1
202134140,0,4
202134350,0,11
202134487,0,4
202134672,0,1
202134925,0,1
202135032,0,4
202135032,0,22
202135204,0,4
202135380,0,1
202135380,0,4
202135703,0,1
202135871,0,2
202135871,0,4
202135871,0,8
202135871,0,22
202136186,0,8
202136186,0,9
202136355,0,2
202136355,0,22
202136752,0,2
202136845,0,2
202136845,0,22
202137036,0,9
202137036,0,10
202137336,0,2
202137457,0,9
202137637,0,1
202137637,0,2
202137637,0,22
202138027,0,1
202138027,0,2
202138027,0,22
202138458,0,2
202138458,0,22
202138760,0,2
202138853,0,22
202139023,0,2
202139023,1,2
202139023,2,2
202139023,3,2
202139023,4,2
202139391,0,4
202139391,0,22
202139612,0,20
202139612,0,21
202139612,0,22
202139787,0,8
202139787,0,11
202139968,0,2
202140110,0,2
202140110,0,22
202140259,0,1
202140259,0,4
202140559,0,8
202140675,0,1
202140785,0,8
202140785,0,9
202140785,0,10
202140785,0,11
202140785,0,20
202140785,0,21
202141459,0,8
202141459,0,15
202141459,0,21
202141618,0,21
202141756,0,8
202141756,0,9
202141756,0,11
202142038,0,9
202142234,0,8
202142360,0,9
202142539,0,8
202142539,0,9
202142539,0,10
202142539,0,11
202142734,0,8
202142888,0,20
202142888,0,21
202143027,0,2
202143142,0,8
202143142,0,21
202143691,0,10
202143691,0,11
202143861,0,8
202143861,0,21
202143992,0,8
202144131,0,8
202144213,0,2
202144213,0,22
202144385,0,8
202144385,0,11
202144617,0,2
202144785,0,1
202144785,0,8
202144785,0,9
202144785,0,11
202145020,0,8
202145020,0,9
202145171,0,1
202145406,0,4
202145406,0,22
202145580,0,11
202145752,0,2
202145752,0,22
202145915,0,8
202145915,0,21
202146312,0,8
202146312,0,21
202146462,0,8
202146462,0,21
202146621,0,8
202146722,0,1
202146722,0,8
202146919,0,1
202147031,0,9
202147148,0,1
202147148,0,2
202147148,0,22
202147329,0,8
202147477,0,2
202147477,0,22
202147605,0,9
202147812,0,8
202147992,0,9
202148106,0,1
202148106,0,4
202148231,0,1
202148231,0,2
202148231,0,4
202148231,0,22
202148385,0,1
202148385,0,2
202148385,0,4
202148385,0,22
202148547,0,1
202148547,0,4
202148673,0,8
202148673,0,9
202148800,0,1
202148969,0,1
202148969,0,2
202149198,0,1
202149198,0,2
202149329,0,9
202149329,0,10
202149489,0,1
202149489,0,2
202149489,0,4
202149489,0,22
202149687,0,8
202149687,0,9
202150052,0,8
202150052,0,10
202150052,0,11
202150228,0,8
202150228,0,11
202150421,0,8
202150421,0,11
202150642,0,8
202150642,0,11
202150737,0,8
202150888,0,4
202150888,0,22
202151028,0,8
202151262,0,2
202151390,0,4
202151390,0,22
202151524,0,1
202151524,0,2
202151524,0,4
202151524,0,22
202151753,0,4
202151910,0,4
202152075,0,1
202152075,0,4
202152232,0,4
202152365,0,2
202152457,0,1
202152457,0,2
202152703,0,8
202152915,0,8
202153120,0,8
202153120,0,22
202153267,0,8
202153526,0,8
202153718,0,8
202153718,0,9
202153962,0,8
202154137,0,8
202154273,0,21
202154448,0,1
202154448,0,2
202154693,0,2
202154693,0,22
202154972,0,22
202155168,0,7
202155322,0,8
202155466,0,4
202155592,0,8
202155592,0,11
202155759,0,4
202155759,0,22
202155963,0,2
202155963,0,22
202156190,0,22
202156382,0,4
202156382,0,22
202156528,0,8
202156528,0,11
202156684,0,1
202156904,0,11
202157214,0,1
202157214,0,4
202157351,0,11
202157466,0,1
202157593,0,11
202157722,0,21
202157722,0,22
202157863,0,20
202157863,0,21
202158082,0,4
202158082,0,22
202158216,0,8
202158216,0,11
202158354,0,8
202158354,0,11
202158505,0,2
202158505,0,22
202158684,0,2
202158839,0,1
202158839,0,4
202158990,0,8
202159194,0,2
202159341,0,8
202159461,0,1
202159461,0,4
202159606,0,9
202159606,0,11
202159788,0,8
202159964,0,2
202159964,0,22
202160147,0,4
202160147,0,22
202160398,0,8
202160398,0,9
202160398,0,10
202160398,0,11
202160555,0,21
202160692,0,8
202160692,0,20
202160692,0,21
202160895,0,1
202160895,0,4
202161027,0,1
202161027,0,2
202161151,0,8
202161151,0,11
202161296,0,1
202161412,0,4
202161412,0,22
202161550,0,11
202161703,0,2
202161829,0,4
202161829,0,22
202162051,0,2
202162051,0,22
202162198,0,4
202162198,0,22
202162335,0,11
202162464,0,1
202162464,0,2
202162628,0,22
202162802,0,4
202162802,0,22
202162933,0,1
202162933,0,2
202162933,0,4
202162933,0,22
202163058,0,21
202163218,0,4
202163218,0,22
202163565,0,4
202163565,0,22
202163730,0,1
202163730,0,4
202163865,0,1
202163865,0,2
202163865,0,4
202163865,0,21
202164021,0,8
202164021,0,11
202164250,0,8
202164250,0,9
202164250,0,10
202164250,0,11
202164435,0,11
202164605,0,1
202164605,0,11
202164762,0,1
202164762,0,2
202164859,0,1
202164859,0,4
202165038,0,22
202165178,0,8
202165178,0,21
202165501,0,2
202165746,0,2
202165897,0,8
202166154,0,8
202166339,0,22
202166520,0,8
202166520,0,11
202166661,0,8
202166661,0,9
202166661,0,10
202166661,0,11
202166950,0,2
202166950,0,22
202167111,0,2
202167111,0,22
202167280,0,8
202167280,0,11
202167424,0,8
202167424,0,11
202167660,0,20
202167660,0,21
202167871,0,20
202167871,0,21
202168001,0,2
202168188,0,8
202168358,0,2
202168580,0,2
202168838,0,8
202168951,0,8
202169047,0,22
202169155,0,1
202169155,0,2
202169331,0,8
202169331,0,9
202169331,0,11
202169545,0,8
202169545,0,9
202170045,0,8
202170045,0,9
202170708,0,8
202170708,0,9
202170859,0,11
202171071,0,22
202171217,0,8
202171217,0,26
202171446,0,2
202171446,0,8
202171655,0,8
202171655,0,11
202172006,0,8
202172006,0,11
202172281,0,8
202172454,0,10
202172726,0,8
202172871,0,8
202173103,0,8
202173344,0,8
202173517,0,2
202173781,0,8
202173919,0,8
202174279,0,8
202174279,0,11
202174521,0,11
202174655,0,20
202174655,0,21
202175099,0,8
202175099,0,9
202175227,0,20
202175353,0,8
202175353,0,9
202175353,0,10
202175353,0,11
202175566,0,8
202175566,0,11
202175757,0,9
202175757,0,20
202176073,0,8
202176274,0,8
202176676,0,8
202176839,0,9
202176839,0,20
202177038,0,9
202177038,0,10
202177215,0,8
202177407,0,8
202177635,0,8
202177898,0,1
202178127,0,8
202178332,0,11
202178686,0,8
202178686,0,11
202178937,0,8
202178937,0,9
202178937,0,10
202179343,0,8
202179343,0,9
202179343,0,10
202179500,0,9
202179500,0,10
202179688,0,9
202179688,0,10
202179848,0,8
202179848,0,9
202179848,0,10
202180263,0,8
202180263,0,9
202180263,0,10
202180732,0,9
202180732,0,10
202180941,0,2
202181144,0,9
202181144,0,10
202181334,0,9
202181516,0,9
202181516,0,10
202181717,0,8
202181832,0,2
202181832,0,8
202182023,0,2
202182023,0,8
202182138,0,8
202182443,0,2
202182443,0,8
202182443,0,26
202182677,0,8
202182677,0,9
202182677,0,26
202183012,0,22
202183152,0,8
202183152,0,9
202183152,1,2
202183478,0,8
202183478,0,9
202183478,0,26
202183608,0,9
202183725,0,8
202183914,0,1
202183914,0,8
202183914,0,10
202183914,0,11
202184129,0,1
202184129,0,8
202184129,0,10
202184129,0,11
202184395,0,9
202184395,0,10
202184395,0,11
202184706,0,10
202184706,0,11
202184970,0,11
202185167,0,8
202185167,0,9
202185167,0,10
202185167,0,11
202185303,0,1
202185443,0,1
202185443,0,10
202185443,0,22
202185443,0,23
202185681,0,1
202185787,0,1
202185900,0,2
202186002,0,2
202186106,0,1
202186106,0,23
202186464,0,1
202186464,0,23
202186625,0,1
202186625,0,23
202186855,0,1
202186943,0,1
202186943,0,23
202187135,0,4
202187258,0,1
202187258,0,23
202187384,0,10
202187384,0,11
202187632,0,1
202187632,0,2
202187632,0,6
202187632,0,7
202187881,0,1
202187881,0,2
202188102,0,1
202188102,0,2
202188328,0,1
202188328,0,2
202188497,0,10
202188497,0,11
202188628,0,1
202188628,0,2
202188762,0,8
202188762,0,9
202189046,0,8
202189046,0,9
202189237,0,8
202189237,0,9
202189474,0,8
202189474,0,9
202189727,0,8
202190108,0,8
202190292,0,8
202190409,0,22
202190522,0,8
202190522,0,11
202190883,0,8
202190883,0,11
202191060,0,8
202191060,0,11
202191354,0,8
202191612,0,8
202191612,0,9
202191867,0,8
202191867,0,9
202192107,0,8
202192107,0,9
202192338,0,8
202192338,0,9
202192576,0,8
202192804,0,8
202192943,0,2
202192943,0,8
202193222,0,24
202193222,0,26
202193638,0,2
202193638,0,8
202193638,0,9
202194061,0,2
202194231,0,2
202194231,0,22
202194369,0,8
202194369,0,9
202194533,0,8
202194533,0,9
202194673,0,8
202194897,0,2
202194897,0,22
202195697,0,8
202196231,0,2
202196231,0,22
202196417,0,29
202196571,0,1
202196571,0,2
202196571,0,4
202196571,0,22
202196753,0,2
202196753,0,22
202196928,0,2
202196928,0,22
202197087,0,2
202197253,0,2
202197253,0,22
202197515,0,8
202197515,0,9
202197711,0,8
202197823,0,2
202197961,0,6
202197961,0,7
202197961,0,28
202198697,0,2
202198697,0,28
202198879,0,8
202198997,0,6
202199139,0,4
202199139,0,22
202199319,0,34
202199593,0,6
202199593,0,7
202199714,0,6
202199714,0,7
202200066,0,1
202200225,0,11
202200345,0,1
202200465,0,8
202200615,0,1
202200757,0,1
202200880,0,4
202200880,0,22
202201013,0,8
202201013,0,11
202201293,0,1
202201514,0,11
202201652,0,11
202201780,0,4
202201892,0,8
202201892,0,9
202201892,0,11
202201892,0,14
202201892,0,15
202202388,0,8
202202514,0,11
202202737,0,8
202202905,0,8
202202905,0,11
202203113,0,8
202203113,0,9
202203113,0,10
202203113,0,11
202203283,0,8
202203283,0,9
202203283,0,12
202203441,0,2
202203441,0,8
202203596,0,8
202203893,0,8
202204191,0,8
202204374,0,1
202204374,0,4
202204570,0,8
202204570,0,11
202204713,0,8
202204863,0,8
202204863,0,9
202204863,0,10
202204863,0,11
202205460,0,8
202205611,0,8
202205813,0,8
202205994,0,8
202206280,0,8
202206425,0,8
202206425,0,9
202206425,0,10
202206425,0,11
202206588,0,8
202206706,0,8
202206706,0,9
202206839,0,8
202206839,0,9
202207164,0,8
202207297,0,2
202207404,0,8
202207510,0,2
202207510,0,8
202207659,0,2
202208008,0,1
202208167,0,8
202208167,0,11
202208414,0,7
202208631,0,8
202208631,0,11
202208781,0,8
202208976,0,11
202209118,0,8
202209336,0,11
202209520,0,20
202209520,0,21
202209711,0,8
202209711,0,9
202209711,0,10
202209711,0,11
202210132,0,8
202210290,0,11
202210404,0,11
202210675,0,1
202210675,0,2
202211054,0,2
202211256,0,2
202211256,0,22
202211404,0,1
202211553,0,1
202211553,0,2
202211669,0,8
202211887,0,1
202212006,0,1
202212210,0,8
202212210,0,21
202212363,0,8
202212363,0,16
202212363,0,21
202212500,0,8
202212500,0,9
202212500,0,10
202212500,0,11
202212721,0,8
202212859,0,9
202213006,0,8
202213006,0,9
202213006,0,10
202213302,0,8
202213537,0,8
202213537,0,9
202213537,0,10
202213537,0,11
202213797,0,8
202213797,0,11
202213797,0,14
202213797,0,15
202213797,0,17
202214293,0,9
202214293,0,10
202214492,0,9
202214602,0,1
202214777,0,8
202214777,0,9
202214890,0,8
202215030,0,2
202215183,0,8
202215183,0,9
202215319,0,8
202215501,0,2
202215501,0,8
202215501,0,9
202215749,0,2
202215957,0,8
202216439,0,8
202216705,0,8
202216802,0,2
202216918,0,8
202217068,0,2
202217068,0,22
202217398,0,8
202217398,0,9
202217624,0,8
202217624,0,9
202217810,0,8
202217932,0,8
202218143,0,22
202218373,0,22
202218507,0,8
202218507,0,9
202218904,0,8
202218904,0,9
202219226,0,2
202219226,0,8
202219375,0,8
202219507,0,8
202219507,0,9
202219703,0,8
202219703,0,9
202219703,0,26
202220489,0,11
202220734,0,2
202221040,0,11
202221304,0,8
202221466,0,10
202221466,0,11
202221625,0,8
202221625,0,9
202221787,0,1
202221787,0,2
202221787,0,22
202222085,0,1
202222204,0,1
202222204,0,2
202222341,0,8
202222341,0,9
202222656,0,8
202222818,0,1
202222818,1,1
202222818,2,1
202222818,2,22
202223089,0,11
202223392,0,1
202223590,0,11
202223734,0,11
202223981,0,8
202223981,0,9
202223981,0,10
202223981,0,11
202224290,0,8
202224290,0,9
202224290,0,10
202224290,0,11
202224591,0,9
202224821,0,8
202224821,0,11
202224988,0,9
202224988,0,10
202225135,0,10
202225284,0,1
202225284,0,8
202225571,0,1
202225715,0,1
202225827,0,1
202225946,0,1
202226173,0,1
202226338,0,1
202226572,0,1
202226742,0,1
202226935,0,1
202226935,0,2
202227163,0,8
202227163,0,11
202227327,0,8
202227327,0,11
202227567,0,8
202227567,0,11
202227716,0,8
202227840,0,8
202227840,0,9
202228078,0,1
202228221,0,4
202228353,0,1
202228589,0,1
202228707,0,8
202228707,0,9
202229050,0,8
202229050,0,10
202229170,0,8
202229170,0,9
202229491,0,8
202229491,0,9
202229625,0,9
202229727,0,2
202229727,0,22
202229970,0,2
202229970,0,22
202230133,0,8
202230133,0,9
202230264,0,8
202230441,0,8
202230441,0,11
202230598,0,22
202230755,0,22
202231015,0,8
202231015,0,9
202231226,0,8
202231454,0,8
202231587,0,8
202231718,0,8
202231718,0,9
202231831,0,8
202231831,0,9
202231930,0,8
202231930,0,9
202231930,0,29
202232231,0,9
202232349,0,2
202232349,0,22
202232540,0,8
202232540,0,9
202232698,0,2
202232698,0,22
202232923,0,8
202232923,0,9
202233133,0,2
202233133,0,8
202233513,0,8
202233513,0,9
202233708,0,2
202233832,0,9
202233832,0,10
202234016,0,9
202234193,0,10
202234366,0,8
202234486,0,10
202234621,0,22
202234775,0,22
202235008,0,2
202235396,0,2
202235396,0,8
202235396,0,9
202235585,0,2
202235585,0,22
202235875,0,8
202235875,0,9
202235998,0,2
202236121,0,2
202236121,1,22
202236555,0,22
202236733,0,2
202236733,0,22
202237016,0,8
202237208,0,8
202237358,0,1
202237358,0,2
202237702,0,1
202237702,0,2
202237821,0,1
202237821,0,2
202237990,0,1
202237990,0,11
202238228,0,10
202238228,0,11
202238395,0,1
202238600,0,1
202238600,0,2
202239048,0,1
202239225,0,1
202239375,0,1
202239550,0,1
202239679,0,8
202239679,0,11
202239827,0,1
202239827,0,8
202239827,0,11
202240023,0,1
202240023,0,8
202240023,0,11
202240173,0,1
202240173,0,8
202240173,0,11
202240450,0,8
202240450,0,11
202240618,0,1
202240618,0,4
202240856,0,1
202240856,0,4
202241082,0,1
202241082,0,2
202241183,0,1
202241377,0,1
202241660,0,1
202241775,0,1
202241775,0,11
202242085,0,1
202242085,0,2
202242085,0,6
202242085,0,7
202243373,0,1
202243522,0,1
202243522,0,2
202243707,0,1
202243837,0,1
202243837,0,2
202244047,0,1
202244047,0,2
202244201,0,1
202244345,0,1
202244345,0,2
202244437,0,1
202244437,0,2
202244570,0,1
202244727,0,1
202245015,0,1
202245015,0,2
202245140,0,1
202245140,0,2
202245233,0,1
202245379,0,8
202245379,0,11
202245794,0,8
202246031,0,8
202246141,0,8
202246241,0,8
202246410,0,8
202246628,0,1
202246628,0,2
202246628,0,8
202246628,0,11
202246779,0,1
202247055,0,1
202247166,0,1
202247287,0,1
202247423,0,2
202247423,0,8
202247423,0,11
202247750,0,1
202247858,0,8
202247994,0,1
202248227,0,1
202248364,0,1
202248547,0,1
202248736,0,1
202248736,0,8
202248909,0,1
202249060,0,1
202249060,0,2
202249060,0,8
202249331,0,1
202249331,0,2
202249331,0,8
202249515,0,2
202249676,0,1
202249676,0,22
202250052,0,1
202250154,0,1
202250283,0,1
202250283,0,11
202250392,0,1
202250499,0,1
202250686,0,1
202250854,0,1
202250854,0,22
202251076,0,1
202251076,0,22
202251262,0,1
202251262,0,22
202251553,0,1
202251553,0,8
202251553,0,22
202251750,0,1
202251877,0,1
202252081,0,8
202252249,0,1
202252395,0,1
202252579,0,8
202252757,0,1
202252757,0,22
202252930,0,1
202252930,0,2
202252930,0,8
202253060,0,1
202253209,0,1
202253209,0,2
202253399,0,1
202253582,0,1
202253582,0,8
202253811,0,1
202253811,0,22
202254087,0,1
202254087,0,22
202254331,0,1
202254476,0,1
202254737,0,8
202255057,0,8
202255057,0,25
202255287,0,8
202255477,0,2
202255477,0,22
202255603,0,2
202255603,0,22
202255847,0,9
202255847,0,10
202255984,0,9
202255984,0,10
202256113,0,1
202256113,0,2
202256402,0,1
202256402,0,2
202256557,0,8
202256557,0,10
202256557,0,11
202256711,0,8
202256711,0,10
202256711,0,11
202256868,0,8
202256868,0,9
202257031,0,1
202257031,0,2
202257236,0,8
202257236,0,11
202257471,0,2
202257471,0,8
202257691,0,8
202257691,0,11
202258244,0,8
202258402,0,8
202258589,0,8
202258837,0,8
202259011,0,8
202259213,0,8
202259213,0,9
202259742,0,8
202259895,0,2
202260104,0,8
202260344,0,8
202260344,0,11
202260568,0,1
202260568,0,6
202260871,0,11
202261099,0,11
202261289,0,9
202261289,0,10
202261567,0,10
202261846,0,1
202261846,0,8
202261846,0,11
202262127,0,8
202262127,0,11
202262228,0,8
202262327,0,8
202262457,0,8
202262590,0,8
202262754,0,8
202262754,0,11
202262916,0,8
202262916,0,11
202263066,0,1
202263066,0,8
202263066,0,11
202263324,0,1
202263467,0,8
202263467,0,9
202263712,0,22
202263822,0,2
202263967,0,10
202263967,0,11
202264109,0,8
202264109,0,9
202264261,0,20
202264494,0,1
202264714,0,8
202264714,0,11
202264893,0,9
202264893,0,10
202265128,0,10
202265128,0,11
202265282,0,8
202265282,0,9
202265428,0,11
202265616,0,2
202265744,0,1
202265744,0,11
202265899,0,14
202265899,0,15
202266668,0,8
202266861,0,14
202267049,0,14
202267049,0,15
202267537,0,2
202267537,0,8
202267787,0,8
202267935,0,9
202267935,0,17
202268188,0,17
202268311,0,8
202268311,0,14
202268311,0,15
202268540,0,8
202268660,0,8
202268818,0,9
202268818,0,14
202269069,0,8
202269069,1,22
202269487,0,8
202269613,0,8
202269613,0,9
202269853,0,8
202270047,0,8
202270047,0,9
202270047,0,11
202270830,0,8
202271080,0,8
202271228,0,8
202271607,0,8
202271735,0,8
202272073,0,8
202272159,0,8
202272159,0,9
202272159,0,16
202272624,0,8
202272624,0,9
202272624,0,20
202272624,0,21
202272792,0,8
202272937,0,8
202273063,0,2
202273063,0,8
202273236,0,8
202273385,0,22
202273542,0,8
202273542,0,16
202273864,0,9
202273980,0,8
202273980,0,11
202274150,0,2
202274150,0,8
202274150,0,16
202274834,0,8
202275062,0,8
202275209,0,8
202275353,0,8
202275495,0,8
202275495,0,9
202275495,0,16
202275861,0,8
202275861,0,14
202275861,0,15
202276219,0,8
202276219,0,15
202276457,0,8
202276457,0,9
202276457,0,15
202276739,0,2
202276739,0,8
202276966,0,8
202277167,0,8
202277167,0,9
202277167,0,16
202277580,0,8
202277706,0,8
202277838,0,2
202277939,0,8
202277939,0,9
202277939,0,16
202279104,0,8
202279259,0,8
202279431,0,8
202279663,0,22
202279802,0,8
202279802,0,9
202279802,0,16
202279999,0,14
202280266,0,14
202280528,0,8
202280528,0,9
202280528,1,22
202280528,2,22
202280882,0,16
202281252,0,8
202281400,0,8
202281400,0,14
202281695,0,8
202281926,0,8
202282073,0,8
202282267,0,8
202282267,0,16
202282532,0,8
202282621,0,8
202282621,0,11
202282772,0,8
202282772,0,9
202283074,0,8
202283074,0,11
202283250,0,8
202283367,0,8
202283516,0,8
202283516,0,9
202283668,0,8
202283844,0,8
202283844,0,11
202284012,0,8
202284012,0,9
202284370,0,8
202284370,0,9
202284370,0,10
202284370,0,11
202284682,0,8
202284962,0,8
202284962,0,9
202285111,0,8
202285280,0,8
202285406,0,2
202285406,0,22
202285406,0,28
202285589,0,8
202285589,0,16
202285859,0,8
202285962,0,8
202286051,0,8
202286175,0,8
202286397,0,8
202286567,0,8
202286567,0,9
202286915,0,22
202287205,0,8
202287205,0,9
202287413,0,8
202287413,0,9
202287678,0,8
202287678,0,11
202287879,0,8
202287879,0,9
202287991,0,8
202287991,0,12
202287991,0,15
202287991,0,16
202288498,0,8
202288594,0,8
202288762,0,8
202288912,0,8
202289038,0,8
202289038,0,12
202289038,0,14
202289219,0,1
202289219,0,4
202289378,0,8
202289543,0,1
202289763,0,4
202289902,0,8
202290412,0,9
202290560,0,8
202290702,0,8
202290804,0,8
202291045,0,8
202291045,0,9
202291045,0,11
202291273,0,8
202291470,0,8
202291470,0,9
202291470,0,10
202291470,0,11
202291470,1,9
202291470,1,10
202291470,1,11
202292324,0,2
202292324,0,8
202292488,0,8
202292488,0,9
202292747,0,8
202292747,0,11
202292885,0,8
202293035,0,8
202293282,0,2
202293454,0,8
202293556,0,8
202293715,0,8
202293923,0,8
202294102,0,8
202294249,0,8
202294376,0,8
202294524,0,8
202294524,0,9
202294670,0,8
202294670,0,9
202294906,0,8
202295031,0,8
202295031,0,9
202295285,0,8
202295285,0,9
202295593,0,8
202295593,0,9
202295848,0,9
202295935,0,9
202296111,0,14
202296111,0,15
202296278,0,14
202296278,0,15
202296481,0,8
202296481,0,14
202296481,0,15
202296636,0,14
202296636,0,15
202296993,0,8
202297131,0,10
202297409,0,10
202297409,0,24
202297645,0,10
202297836,0,8
202297836,0,15
202298054,0,8
202298054,0,15
202298222,0,8
202298222,0,15
202298397,0,9
202298397,0,14
202298397,0,15
202298953,0,14
202298953,0,15
202299098,0,2
202299098,0,8
202299098,0,14
202299098,0,15
202299286,0,8
202299286,0,15
202299535,0,8
202299669,0,8
202299815,0,8
202299815,0,9
202300365,0,8
202300520,0,8
202300724,0,8
202300838,0,8
202300995,0,8
202301176,0,8
202301347,0,8
202301541,0,8
202301730,0,8
202301730,0,15
202302194,0,8
202302194,0,15
202302446,0,8
202302446,0,15
202302631,0,8
202302872,0,8
202302872,0,15
202303192,0,8
202303192,0,9
202303309,0,8
202303309,0,14
202303309,0,15
202303485,0,8
202303666,0,8
202303767,0,8
202303767,0,9
202303767,0,16
202304285,0,9
202304285,0,10
202304549,0,1
202304549,0,2
202304685,0,1
202304685,0,4
202304867,0,8
202304867,0,9
202304999,0,8
202304999,0,16
202305312,0,8
202305539,0,8
202305539,0,11
202305700,0,8
202305918,0,8
202305918,0,16
202306387,0,1
202306387,0,8
202306621,0,8
202306621,0,16
202306949,0,8
202307112,0,8
202307256,0,2
202307256,1,8
202307384,0,8
202307543,0,8
202307697,0,22
202307848,0,8
202308002,0,8
202308002,0,16
202308170,0,8
202308170,0,9
202308332,0,8
202308543,0,8
202308543,0,11
202308750,0,1
202308750,0,2
202308976,0,16
202309366,0,9
202309490,0,16
202309636,0,9
202309780,0,8
202309918,0,2
202309918,0,8
202310125,0,8
202310333,0,8
202310333,0,14
202310333,0,15
202311055,0,2
202311055,0,8
202311330,0,8
202311499,0,8
202311627,0,8
202311836,0,8
202312117,0,8
202312295,0,19
202312472,0,8
202312699,0,8
202312882,0,8
202312882,0,22
202313481,0,8
202313691,0,22
202313919,0,8
202314143,0,2
202314277,0,8
202314433,0,2
202314663,0,15
202314885,0,8
202315005,0,8
202315203,0,8
202315367,0,11
202315579,0,2
202315579,0,8
202315770,0,8
202316035,0,8
202316035,0,16
202316357,0,8
202316523,0,8
202316884,0,8
202317094,0,8
202317223,0,2
202317369,0,2
202317514,0,8
202317667,0,9
202317667,0,20
202317817,0,9
202318153,0,9
202318153,0,22
202318292,0,9
202318292,0,22
202318416,0,2
202318416,0,8
202318543,0,2
202318701,0,8
202318701,0,15
202319141,0,8
202319141,0,9
202319141,0,10
202319141,0,11
202319323,0,8
202319323,0,9
202319323,0,10
202319323,0,11
202319585,0,8
202319585,0,9
202319585,0,10
202319585,0,11
202319707,0,8
202319707,0,9
202319819,0,2
202319819,0,8
202319819,0,9
202319819,0,14
202319819,0,15
202319819,0,17
202320636,0,2
202320849,0,2
202320849,0,8
202321072,0,8
202321259,0,22
202321374,0,20
202321684,0,2
202321684,0,22
202321874,0,2
202321874,0,8
202321874,0,11
202321874,0,15
202322073,0,8
202322073,0,14
202322073,0,15
202322194,0,2
202322194,0,22
202322431,0,8
202322607,0,8
202322692,0,8
202322692,0,11
202322848,0,1
202322848,0,4
202323006,0,8
202323006,0,14
202323006,0,15
202323193,0,14
202323193,0,15
202323387,0,14
202323640,0,8
202323640,0,14
202323746,0,14
202323867,0,8
202323867,0,15
202324034,0,8
202324279,0,8
202324514,0,8
202324657,0,9
202324778,0,8
202324941,0,8
202324941,0,9
202325175,0,8
202325175,0,9
202325313,0,8
202325313,0,21
202325728,0,8
202325728,0,21
202325728,0,31
202326249,0,8
202326445,0,8
202326575,0,2
202326575,0,22
202326966,0,2
202326966,0,8
202326966,0,21
202327202,0,2
202327202,0,22
202327348,0,9
202327508,0,2
202327508,0,22
202327790,0,2
202327790,0,22
202328046,0,8
202328046,0,21
202328323,0,8
202328767,0,2
202328767,0,21
202328956,0,2
202329120,0,8
202329253,0,8
202329253,0,11
202329461,0,2
202329461,0,8
202329639,0,9
202329885,0,14
202329885,0,15
202330136,0,9
202330275,0,14
202330275,0,15
202330599,0,9
202330750,0,8
202330750,0,15
202330750,0,17
202330930,0,8
202331025,0,8
202331025,0,15
202331025,0,22
202331344,0,19
202331690,0,19
202331786,0,17
202331786,0,19
202331956,0,9
202331956,0,10
202332073,0,9
202332073,0,10
202332177,0,9
202332395,0,2
202332635,0,19
202332786,0,8
202332786,0,15
202332786,0,17
202332989,0,8
202333112,0,8
202333253,0,22
202333600,0,8
202333600,0,15
202333600,0,17
202333766,0,9
202333958,0,8
202334056,0,2
202334056,0,8
202334261,0,8
202334261,0,19
202334430,0,2
202334535,0,8
202334670,0,2
202334790,0,8
202334897,0,2
202335033,0,8
202335033,0,19
202335191,0,8
202335191,0,19
202335678,0,8
202335678,0,19
202335876,0,8
202336000,0,8
202336138,0,8
202336138,0,11
202336377,0,8
202336377,0,11
202336482,0,8
202336834,0,2
202337011,0,8
202337133,0,2
202337133,0,22
202337273,0,8
202337672,0,8
202338011,0,2
202338138,0,1
202338138,0,2
202338138,0,22
202338334,0,2
202338409,0,2
202338409,0,16
202338648,0,2
202338648,0,8
202338892,0,2
202339059,0,2
202339059,0,20
202339222,0,2
202339222,0,8
202339222,0,9
202339381,0,8
202339381,0,21
202339734,0,8
202339911,0,8
202340061,0,8
202340166,0,8
202340333,0,2
202340333,0,22
202340616,0,8
202340792,0,8
202340792,0,16
202341181,0,8
202341326,0,8
202341536,0,8
202342011,0,8
202342165,0,8
202342322,0,8
202342542,0,8
202342542,0,11
202342761,0,8
202343313,0,8
202343431,0,8
202343644,0,8
202343644,1,22
202344078,0,8
202344261,0,9
202344463,0,8
202344583,0,8
202344583,0,16
202344714,0,22
202344829,0,8
202345007,0,15
202345127,0,8
202345127,0,16
202345399,0,2
202345399,0,8
202345564,0,2
202345564,0,8
202345709,0,9
202345924,0,9
202346158,0,8
202346158,0,16
202346322,0,2
202346322,0,8
202346322,0,16
202346788,0,8
202346910,0,8
202346910,0,16
202347045,0,2
202347045,0,22
202347148,0,2
202347148,0,22
202347431,0,1
202347431,0,2
202347633,0,2
202347831,0,8
202347951,0,2
202348108,0,22
202348411,0,2
202348543,0,8
202349058,0,8
202349280,0,8
202349504,0,8
202349932,0,1
202349932,0,2
202350088,0,8
202350198,0,8
202350407,0,8
202350529,0,8
202350699,0,8
202350812,0,8
202350953,0,8
202351393,0,8
202351527,0,8
202351644,0,8
202351771,0,8
202352073,0,8
202352181,0,8
202352414,0,8
202352414,0,14
202352414,0,15
202352561,0,9
202352894,0,9
202353009,0,8
202353127,0,8
202353286,0,9
202353452,0,8
202353452,0,14
202353452,0,15
202353724,0,8
202353724,0,14
202353911,0,8
202354148,0,8
202354148,0,9
202354546,0,8
202354723,0,8
202354723,0,9
202354723,0,20
202354723,0,21
202355069,0,8
202355069,0,9
202355217,0,8
202355571,0,8
202355739,0,2
202355910,0,8
202355910,0,11
202355910,0,20
202355910,0,21
202356148,0,8
202356337,0,8
202356337,0,11
202356594,0,8
202356707,0,8
202356707,0,15
202356883,0,8
202356883,0,16
202357304,0,8
202357304,0,21
202357304,0,22
202357476,0,2
202357476,0,22
202357800,0,1
202357983,0,8
202358599,0,8
202358774,0,8
202358977,0,8
202359190,0,2
202359190,0,8
202359302,0,2
202359302,0,22
202359597,0,2
202359797,0,10
202359797,0,11
202359976,0,4
202360099,0,8
202360293,0,8
202360407,0,11
202360567,0,11
202360863,0,1
202360984,0,8
202360984,0,16
202361124,0,8
202361124,0,9
202361291,0,8
202361394,0,8
202361394,0,16
202361848,0,2
202362007,0,8
202362007,0,16
202362180,0,8
202362180,0,9
202362180,0,15
202362609,0,8
202362792,0,9
202362933,0,8
202363056,0,8
202363056,0,21
202363313,0,8
202363313,0,15
202363995,0,8
202364121,0,2
202364121,0,8
202364360,0,9
202364463,0,2
202364463,0,8
202364630,0,1
202364630,0,2
202364755,0,2
202364755,0,8
202364892,0,8
202365123,0,8
202365123,0,15
202365483,0,8
202365603,0,8
202365603,0,14
202365603,0,15
202365714,0,8
202365929,0,8
202365929,0,14
202365929,0,15
202366196,0,8
202366358,0,8
202366529,0,8
202366529,0,14
202366529,0,15
202366735,0,8
202366735,0,15
202366735,1,14
202366947,0,8
202367258,0,2
202367258,0,22
202367419,0,2
202367419,0,8
202367419,0,21
202367803,0,2
202367915,0,8
202368074,0,8
202368357,0,2
202368492,0,2
202368606,0,9
202368729,0,9
202368865,0,2
202369230,0,8
202369346,0,8
202369531,0,9
202369663,0,8
202369797,0,2
202369948,0,2
202370117,0,8
202370298,0,8
202370298,0,15
202370494,0,10
202370639,0,8
202370913,0,2
202371071,0,8
202371305,0,8
202371503,0,8
202371668,0,8
202372086,0,8
202372182,0,8
202372620,0,8
202372737,0,8
202372872,0,8
202372872,0,16
202373100,0,11
202373366,0,1
202373507,0,8
202373739,0,8
202373859,0,8
202374481,0,8
202374481,0,9
202374751,0,8
202375018,0,8
202375212,0,8
202375393,0,8
202375659,0,8
202375800,0,8
202375939,0,9
202375939,0,10
202376071,0,8
202376192,0,8
202376192,0,11
202376192,0,21
202376343,0,9
202376343,0,33
202376485,0,8
202376485,0,9
202376820,0,8
202376820,0,9
202376931,0,8
202377053,0,8
202377053,0,9
202377213,0,9
202377327,0,8
202377490,0,9
202377679,0,2
202377679,0,8
202377679,0,15
202377946,0,8
202378103,0,15
202378312,0,15
202378451,0,8
202378559,0,8
202378559,0,15
202378739,0,8
202378739,0,9
202378945,0,8
202378945,0,14
202378945,0,15
202379095,0,8
202379095,0,15
202379095,0,21
202379266,0,8
202379266,0,15
202379420,0,8
202379420,0,15
202379612,0,22
202379793,0,8
202380073,0,8
202380198,0,8
202380325,0,8
202380325,0,22
202380831,0,20
202380831,0,21
202380831,0,22
202380988,0,8
202381160,0,8
202381292,0,8
202381292,0,11
202381292,0,21
202381452,0,8
202381716,0,8
202381856,0,18
202381970,0,18
202382072,0,8
202382072,0,11
202382224,0,9
202382224,0,18
202382516,0,9
202382516,0,10
202382664,0,9
202382664,0,18
202382775,0,9
202382880,0,2
202382880,0,8
202382880,0,22
202383249,0,18
202383632,0,9
202383758,0,9
202383758,0,10
202383920,0,18
202384022,0,9
202384022,0,10
202384149,0,9
202384149,0,10
202384251,0,9
202384251,0,10
202384395,0,18
202384499,0,8
202384499,0,16
202384733,0,8
202384912,0,8
202385089,0,9
202385296,0,8
202385296,0,15
202385641,0,8
202385641,0,15
202385860,0,14
202386122,0,14
202386122,0,15
202386335,0,8
202386335,0,15
202386335,0,21
202386594,0,2
202386707,0,9
202386707,0,10
202386882,0,10
202386882,0,11
202387016,0,10
202387268,0,9
202387268,0,10
202387506,0,1
202387506,0,2
202387769,0,9
202387769,0,10
202387964,0,9
202388171,0,9
202388411,0,9
202388549,0,8
202388794,0,14
202388949,0,8
202389089,0,13
202389221,0,8
202389361,0,2
202389535,0,8
202389535,0,9
202389535,0,14
202389934,0,9
202390064,0,9
202390206,0,8
202390206,0,15
202390405,0,8
202390562,0,8
202390562,0,9
202390562,0,16
202390819,0,8
202390928,0,8
202390928,0,16
202391417,0,8
202391620,0,22
202391783,0,8
202391783,0,16
202391997,0,8
202392111,0,8
202392246,0,21
202392473,0,8
202392809,0,2
202392809,0,8
202392919,0,2
202392919,0,8
202393075,0,8
202393231,0,8
202393231,0,16
202393387,0,14
202393387,0,15
202393683,0,4
202393683,0,8
202393683,0,11
202393683,0,15
202394106,0,4
202394247,0,4
202394247,0,8
202394247,0,11
202394247,0,15
202394477,0,21
202394610,0,4
202394610,0,15
202394763,0,8
202394763,0,9
202394763,0,15
202394941,0,8
202394941,0,9
202395173,0,2
202395173,0,22
202395403,0,2
202395560,0,2
202395560,0,22
202395877,0,2
202396000,0,2
202396000,0,22
202396160,0,8
202396279,0,2
202396279,0,22
202396405,0,8
202396405,0,9
202396405,0,10
202396405,0,11
202396405,0,17
202396405,0,31
202396405,1,9
202396405,1,10
202396405,1,17
202396405,1,31
202396405,2,9
202396405,2,10
202396405,2,17
202396405,2,31
202396405,3,9
202396405,3,10
202396405,3,17
202396405,3,31
202396405,4,14
202396405,4,15
202398722,0,8
202398843,0,9
202399008,0,8
202399163,0,8
202399313,0,8
202399429,0,8
202399539,0,8
202399677,0,8
202399837,0,8
202400013,0,8
202400172,0,8
202400454,0,8
202400454,0,9
202400454,0,10
202400454,0,11
202400662,0,8
202400813,0,8
202400813,0,11
202401062,0,8
202401062,0,11
202401273,0,9
202401406,0,8
202401573,0,9
202401660,0,8
202401798,0,8
202401932,0,8
202401932,0,11
202402114,0,8
202402114,0,9
202402114,0,11
202402275,0,8
202402378,0,9
202402486,0,8
202402486,0,9
202402712,0,8
202402845,0,8
202403086,0,8
202403176,0,8
202403176,0,9
202403176,0,10
202403176,0,11
202403466,0,8
202403660,0,8
202403789,0,8
202403945,0,8
202404082,0,8
202404243,0,8
202404243,0,9
202404354,0,8
202404354,0,9
202404565,0,8
202404565,0,9
202404565,0,10
202404565,0,11
202404749,0,8
202404850,0,8
202405014,0,8
202405116,0,8
202405391,0,8
202405502,0,8
202405799,0,8
202405919,0,8
202406027,0,8
202406228,0,8
202406351,0,8
202406491,0,9
202406610,0,8
202406774,0,9
202406908,0,8
202407146,0,8
202407146,0,9
202407300,0,8
202407471,0,8
202407604,0,8
202407604,0,9
202407710,0,8
202407710,0,9
202407828,0,9
202407987,0,8
202408230,0,8
202408330,0,8
202408473,0,8
202408576,0,8
202408576,0,9
202408772,0,11
202409014,0,8
202409014,0,9
202409014,0,17
202409848,0,8
202409961,0,8
202409961,0,9
202409961,0,10
202409961,0,11
202410144,0,8
202410144,0,10
202410337,0,8
202410555,0,8
202410744,0,8
202410858,0,8
202410858,0,9
202410858,0,17
202411028,0,8
202411028,0,9
202411028,0,17
202411149,0,8
202411250,0,8
202411250,0,9
202411250,0,17
202411342,0,8
202411342,0,9
202411550,0,8
202411750,0,8
202411750,0,9
202411942,0,8
202411942,0,31
202412232,0,8
202412447,0,8
202412667,0,1
202412667,0,2
202412923,0,2
202413119,0,2
202413241,0,22
202413462,0,8
202413462,0,15
202413683,0,8
202413683,0,15
202413864,0,8
202413963,0,8
202414146,0,8
202414284,0,8
202414284,0,9
202414284,0,17
202414471,0,8
202414951,0,8
202415191,0,2
202415191,0,8
202415191,0,9
202415401,0,13
202415550,0,8
202415777,0,2
202415777,0,8
202415777,0,9
202415777,0,20
202415777,0,21
202416057,0,8
202416057,0,21
202416330,0,8
202416330,0,16
202416330,0,21
202416645,0,8
202416645,0,16
202416834,0,8
202417159,0,8
202417386,0,15
202417576,0,15
202417844,0,8
202417996,0,8
202417996,0,15
202418121,0,8
202418263,0,21
202418398,0,8
202418398,0,21
202418507,0,20
202418923,0,9
202419265,0,15
202419650,0,8
202419759,0,8
202419759,0,11
202419866,0,8
202419998,0,8
202420118,0,8
202420304,0,18
202420587,0,8
202420587,0,11
202420767,0,8
202420767,0,11
202420914,0,10
202421025,0,8
202421025,0,21
202421157,0,8
202421386,0,8
202421525,0,8
202421614,0,9
202421763,0,8
202421884,0,8
202422072,0,8
202422166,0,8
202422346,0,8
202422428,0,8
202422617,0,8
202422760,0,8
202422926,0,8
202422926,0,9
202422926,0,10
202422926,0,11
202423046,0,8
202423168,0,8
202423310,0,8
202423423,0,8
202423630,0,8
202423759,0,8
202423886,0,8
202423974,0,8
202423974,0,9
202424066,0,8
202424206,0,8
202424334,0,8
202424509,0,8
202424758,0,8
202424958,0,8
202425144,0,8
202425144,0,11
202425331,0,8
202425331,0,11
202425481,0,8
202425481,0,15
202425632,0,8
202425632,0,11
202425818,0,8
202425818,0,11
202426028,0,21
202426181,0,8
202426335,0,21
202426452,0,15
202426645,0,11
202426792,0,9
202426929,0,8
202426929,0,11
202426929,0,17
202427199,0,8
202427297,0,8
202427453,0,2
202427453,0,11
202427843,0,8
202427975,0,8
202428155,0,8
202428316,0,8
202428426,0,8
202428426,0,15
202428626,0,21
202428754,0,4
202429039,0,4
202429196,0,8
202429363,0,8
202429493,0,8
202429706,0,20
202429843,0,8
202429843,0,9
202429992,0,8
202429992,0,11
202430156,0,9
202430156,0,16
202430327,0,18
202430430,0,8
202430653,0,8
202430858,0,8
202431095,0,9
202431313,0,2
202431542,0,8
202431542,0,31
202431812,0,8
202432023,0,8
202432193,0,8
202432342,0,8
202432535,0,8
202432672,0,8
202432813,0,8
202432912,0,8
202433010,0,8
202433128,0,8
202433340,0,8
202433340,0,9
202433445,0,8
202433582,0,17
202433808,0,8
202433953,0,2
202433953,0,8
202434201,0,8
202434301,0,8
202434400,0,8
202434495,0,9
202434622,0,8
202434720,0,8
202434802,0,8
202434897,0,8
202434996,0,8
202435112,0,8
202435220,0,8
202435315,0,8
202435441,0,8
202435543,0,8
202435628,0,8
202435733,0,8
202435839,0,8
202435971,0,8
202436083,0,8
202436252,0,8
202436388,0,8
202436498,0,8
202436598,0,8
202436722,0,8
202436892,0,8
202437031,0,8
202437031,0,9
202437179,0,2
202437179,0,8
202437179,1,2
202437510,0,1
202437510,0,2
202437510,0,22
202441376,0,2
202441719,0,2
202441719,0,22
202442038,0,8
202442216,0,2
202442353,0,28
202442536,0,28
202442931,0,2
202443148,0,8
202443148,0,11
202443485,0,22
202443737,0,2
202443850,0,2
202443985,0,8
202444200,0,9
202444327,0,9
202444545,0,9
202444731,0,2
202444896,0,2
202445175,0,4
202445175,0,6
202445175,0,7
202445175,0,22
202445585,0,22
202445906,0,4
202445906,0,22
202446148,0,1
202446148,0,2
202446355,0,9
202446544,0,28
202446669,0,2
202446852,0,8
202447019,0,2
202447142,0,2
202447142,0,9
202447334,0,2
202447334,0,8
202447494,0,28
202447494,0,32
202447494,2,28
202447701,0,2
202447701,0,8
202448038,0,8
202448189,0,22
202448318,0,2
202448472,0,2
202448472,0,8
202448659,0,22
202448859,0,8
202448999,0,8
202449219,0,8
202449421,0,8
202449421,0,9
202449546,0,2
202449546,0,22
202450144,0,9
202450144,0,10
202450445,0,22
202450619,0,1
202450619,0,2
202450619,0,4
202450619,0,22
202450864,0,1
202450864,0,4
202451011,0,1
202451011,0,2
202451152,0,9
202451322,0,2
202451322,0,22
202451550,0,8
202451649,0,1
202451948,0,2
202452278,0,8
202452521,0,2
202452777,0,22
202453019,0,9
202453186,0,9
202453339,0,9
202453528,0,2
202453748,0,2
202453748,0,22
202453995,0,2
202453995,0,22
202454165,0,2
202454339,0,22
202454494,0,8
202454719,0,8
202454855,0,2
202454855,0,22
202455135,0,2
202455135,3,8
202455510,0,2
202455706,0,2
202455942,0,2
202456211,0,2
202456211,0,8
202456613,0,2
202456812,0,9
202456812,0,20
202457064,0,9
202457064,0,20
202457343,0,9
202457343,0,10
202457475,0,9
202457765,0,9
202457978,0,1
202457978,0,2
202458197,0,9
202458197,0,18
202458459,0,9
202458459,0,20
202458638,0,8
202458837,0,9
202458837,0,20
202459091,0,2
202459231,0,9
202459518,0,17
202459688,0,9
202459934,0,9
202460386,0,9
202460692,0,9
202460810,0,9
202461115,0,9
202461303,0,8
202461303,0,9
202461721,0,10
202461907,0,2
202461907,0,22
202462360,0,2
202462360,0,22
202462606,0,22
202462829,0,2
202462941,0,2
202462941,0,22
202463240,0,22
202463358,0,2
202463358,0,22
202463541,0,9
202463541,0,20
202463857,0,9
202463857,0,20
202464020,0,9
202464264,0,9
202464524,0,9
202464721,0,9
202464874,0,14
202464874,0,15
202464874,0,20
202465456,0,15
202465671,0,31
202465833,0,20
202466032,0,9
202466157,0,9
202466157,0,20
202466375,0,9
202466560,0,9
202466797,0,9
202466965,0,9
202467152,0,8
202467254,0,8
202467534,0,9
202467808,0,9
202468203,0,9
202468397,0,22
202468600,0,15
202468808,0,15
202468987,0,8
202468987,0,11
202469201,0,8
202469410,0,8
202469410,0,9
202469741,0,8
202469741,0,9
202469921,0,14
202470186,0,9
202470311,0,9
202470471,0,9
202470665,0,9
202470842,0,9
202471366,0,9
202471519,0,9
202471668,0,9
202471886,0,9
202472116,0,9
202472200,0,9
202472486,0,9
202472632,0,9
202472632,0,21
202472980,0,9
202473189,0,24
202473338,0,8
202473338,0,9
202473628,0,9
202473755,0,8
202473755,0,9
202473755,0,10
202473755,0,11
202474014,0,8
202474014,0,9
202474155,0,9
202474446,0,9
202474691,0,9
202474691,1,9
202474813,0,9
202474937,0,9
202474937,0,14
202475223,0,9
202475223,0,22
202475562,0,9
202475721,0,2
202475859,0,8
202475859,0,9
202476145,0,8
202476275,0,9
202476275,0,24
202476275,5,22
202476275,9,22
202476876,0,9
202476876,0,10
202477019,0,9
202477255,0,9
202477402,0,9
202477402,0,10
202477558,0,8
202477558,0,11
202477718,0,9
202477997,0,8
202477997,0,9
202478152,0,9
202478152,0,10
202478314,0,9
202478434,0,8
202478434,0,9
202478668,0,9
202478800,0,9
202478938,0,8
202478938,0,9
202478938,0,10
202478938,0,11
202479547,0,11
202479823,0,11
202479985,0,8
202479985,0,9
202480121,0,2
202480121,0,9
202480121,0,22
202480470,0,28
202480968,0,22
202481262,0,2
202481396,0,9
202481396,0,22
202481653,0,8
202481653,0,9
202481929,0,2
202481929,0,8
202482178,0,9
202482327,0,8
202482430,0,2
202482552,0,8
202482735,0,8
202482735,0,9
202482999,0,9
202483443,0,9
202483546,0,2
202483546,0,9
202483780,0,9
202483780,0,10
202484324,0,2
202484324,0,8
202484324,0,21
202484460,0,2
202484460,0,22
202485170,0,2
202485262,0,2
202485443,0,2
202485443,0,22
202485591,0,2
202485591,0,8
202485730,0,2
202485834,0,2
202485834,0,9
202486025,0,9
202486172,0,2
202486306,0,2
202486598,0,2
202486799,0,8
202486949,0,2
202487139,0,2
202487139,0,22
202487955,0,2
202488156,0,2
202488393,0,2
202488393,0,9
202488596,0,2
202488596,0,22
202488722,0,8
202488948,0,8
202489153,0,2
202489153,0,22
202489332,0,2
202489332,0,22
202489590,0,9
202489590,0,20
202489789,0,2
202489789,0,8
202489789,0,33
202490037,0,2
202490037,0,22
202490495,0,2
202490699,0,2
202490812,0,1
202490922,0,2
202490922,0,22
202491103,0,8
202491103,0,33
202491218,0,2
202491640,0,2
202491761,0,2
202491937,0,2
202492153,0,2
202492436,0,2
202492823,0,2
202492995,0,2
202493170,0,1
202493170,0,2
202493170,0,4
202493170,0,22
202493330,0,2
202493330,0,22
202493865,0,2
202494063,0,2
202494239,0,2
202494239,0,22
202494422,0,22
202494624,0,8
202494832,0,2
202495007,0,9
202495007,0,10
202495400,0,9
202495572,0,8
202495677,0,9
202495677,0,10
202495952,0,9
202496078,0,8
202496228,0,9
202496332,0,8
202496535,0,25
202496535,0,35
202496904,0,8
202497041,0,8
202497171,0,8
202497477,0,8
202497606,0,8
202497606,0,9
202497606,0,10
202498011,0,9
202498011,0,11
202498130,0,8
202498130,0,9
202498130,0,10
202498480,0,2
202498480,0,22
202498608,0,28
202498833,0,8
202498958,0,8
202498958,0,11
202499259,0,8
202499409,0,8
202499409,0,11
202499667,0,1
202499667,0,8
202499909,0,1
202499909,0,8
202500331,0,8
202500635,0,8
202500866,0,8
202500866,0,11
202501146,0,8
202501276,0,9
202501466,0,8
202501466,0,26
202501752,0,8
202501752,0,11
202501866,0,33
202502037,0,2
202502037,0,8
202502037,0,22
202502321,0,2
202502474,0,2
202502474,0,22
202503025,0,2
202503232,0,2
202503360,0,8
202503632,0,2
202503745,0,20
202503975,0,20
202504134,0,22
202504476,0,19
202504683,0,8
202504683,0,11
202504874,0,2
202505406,0,8
202505406,0,9
202505406,0,10
202505406,0,11
202505543,0,2
202505543,0,8
202505967,0,2
202506102,0,8
202506102,0,9
202506102,0,11
202506604,0,8
202506809,0,8
202507124,0,1
202507124,0,2
202507349,0,1
202507349,0,2
202507349,0,8
202507567,0,8
202507848,0,2
202507976,0,8
202508152,0,2
202508569,0,22
202508765,0,9
202508765,0,11
202508887,0,2
202509022,0,8
202509022,0,9
202509022,0,22
202509411,0,1
202509411,0,2
202509652,0,8
202509652,0,9
202509734,0,8
202509967,0,9
202510297,0,8
202510297,0,11
202510581,0,8
202510581,0,9
202510581,0,11
202510581,1,22
202510581,2,22
202511195,0,8
202511389,0,8
202511572,0,8
202511697,0,2
202511697,0,22
202511939,0,8
202511939,0,9
202512137,0,8
202512137,0,9
202512137,0,10
202512137,0,11
202512478,0,1
202512633,0,8
202512785,0,8
202512956,0,8
202513087,0,8
202513273,0,8
202513382,0,8
202513507,0,33
202513727,0,8
202513727,0,9
202513959,0,8
202513959,0,9
202513959,0,10
202513959,0,11
202514247,0,8
202514471,0,8
202514731,0,8
202514731,0,9
202514853,0,8
202515015,0,1
202515015,0,2
202515015,0,22
202515159,0,8
202515159,0,9
202515159,0,10
202515159,0,11
202515287,0,8
202515287,0,9
202515287,0,10
202515287,0,11
202515969,0,8
202515969,0,11
202516237,0,9
202516464,0,1
202516464,0,2
202516563,0,11
202516730,0,8
202516730,0,9
202516904,0,8
202517152,0,8
202517339,0,8
202517464,0,8
202517464,0,9
202517839,0,8
202518024,0,2
202518024,0,22
202518246,0,8
202518556,0,8
202518694,0,8
202518794,0,8
202518952,0,8
202519059,0,8
202519059,0,9
202519059,0,24
202519573,0,8
202519573,0,9
202519573,0,10
202519573,0,11
202519904,0,8
202520057,0,8
202520057,0,9
202520336,0,2
202520473,0,8
202520473,0,9
202520473,0,22
202520730,0,22
202521127,0,2
202521283,0,2
202521442,0,2
202521624,0,2
202521756,0,2
202521870,0,2
202521993,0,24
202522165,0,8
202522165,0,9
202522315,0,9
202522416,0,8
202522416,0,26
202522702,0,2
202522808,0,1
202522808,0,2
202522808,0,8
202522808,0,9
202523340,0,8
202523432,0,8
202523432,0,9
202523432,0,10
202523432,0,11
202523584,0,9
202523709,0,9
202523881,0,2
202524038,0,9
202524038,0,10
202524038,0,11
202524433,0,9
202524563,0,9
202524563,0,20
202524972,0,2
202524972,0,22
202525133,0,8
202525133,0,33
202525221,0,20
202525221,0,21
202525777,0,8
202525777,0,11
202525907,0,8
202525907,0,9
202526031,0,16
202526031,0,20
202526179,0,20
202526179,0,21
202526392,0,9
202526501,0,9
202526501,0,10
202526501,0,11
202526846,0,11
202527097,0,8
202527097,0,9
202527097,0,10
202527097,0,11
202527248,0,4
202527248,0,22
202527428,0,10
202527576,0,8
202527576,0,9
202527576,0,10
202527576,0,11
202527749,0,8
202527749,0,11
202527950,0,11
202528094,0,8
202528221,0,8
202528221,0,11
202528711,0,8
202528711,0,11
202529149,0,9
202529422,0,8
202529422,0,9
202529845,0,8
202529845,0,9
202530054,0,2
202530155,0,9
202530398,0,8
202530398,0,9
202530502,0,8
202530502,0,9
202530722,0,2
202530722,0,22
202530970,0,8
202530970,0,9
202530970,0,11
202531442,0,8
202531442,0,9
202531442,0,10
202531612,0,8
202531612,0,9
202531851,0,2
202531851,0,9
202532084,0,8
202532084,0,9
202532442,0,8
202532442,0,9
202532649,0,8
202532824,0,8
202532824,0,9
202533252,0,8
202533252,0,9
202533252,0,10
202533252,0,11
202533492,0,8
202533492,0,9
202533702,0,2
202533788,0,2
202533788,0,22
202534198,0,9
202534359,0,9
202534359,1,9
202534359,2,6
202534359,2,9
202534359,3,6
202534359,3,9
202534577,0,8
202534577,0,9
202534764,0,2
202534764,0,9
202534994,0,8
202534994,0,9
202534994,0,20
202534994,0,21
202535368,0,9
202535469,0,9
202535635,0,8
202535751,0,8
202535906,0,8
202536035,0,8
202536035,0,15
202536035,0,16
202536319,0,8
202536455,0,8
202536455,0,16
202536719,0,2
202536719,0,8
202536899,0,8
202536899,0,15
202537150,0,2
202537150,0,22
202537643,0,8
202537643,0,9
202537866,0,22
202538037,0,8
202538222,0,22
202538222,0,26
202538416,0,8
202538730,0,2
202538869,0,9
202538869,0,11
202539013,0,2
202539170,0,2
202539170,0,22
202539298,0,2
202539382,0,33
202539541,0,8
202539541,3,2
202539827,0,2
202539942,0,2
202540152,0,2
202540291,0,2
202540393,0,8
202540393,0,9
202540393,0,11
202540535,0,9
202540535,0,10
202540752,0,8
202541031,0,2
202541031,0,8
202541183,0,8
202541380,0,8
202541544,0,8
202541544,0,9
202541882,0,9
202542095,0,8
202542095,0,9
202542514,0,2
202542688,0,2
202542688,0,8
202543021,0,8
202543278,0,1
202543531,0,8
202543648,0,8
202543794,0,8
202543794,0,9
202543794,0,10
202543794,0,11
202544411,0,8
202544672,0,8
202544825,0,8
202545000,0,8
202545229,0,8
202545349,0,8
202545538,0,8
202545538,0,11
202545707,0,8
202545860,0,8
202545975,0,8
202546156,0,2
202546514,0,1
202546514,0,2
202546514,0,8
202546514,0,9
202546857,0,22
202547024,0,2
202547232,0,1
202547232,0,2
202547232,0,8
202547232,0,9
202547232,0,11
202547426,0,2
202547426,0,9
202547542,0,2
202547666,0,2
202547666,0,9
202547666,0,22
202547666,1,2
202547666,1,9
202547666,1,22
202547666,2,2
202547666,2,9
202547666,2,22
202547666,3,2
202547666,3,9
202547666,3,22
202547666,4,2
202547666,4,9
202547666,4,22
202548134,0,8
202548134,0,11
202548477,0,2
202548667,0,8
202548667,0,9
202548667,0,11
202548939,0,8
202549147,0,9
202549261,0,8
202549261,0,9
202549402,0,8
202549402,0,9
202549587,0,9
202549775,0,8
202549775,0,9
202549775,0,11
202549875,0,8
202550132,0,8
202550352,0,8
202550461,0,9
202550461,0,17
202550776,0,17
202550983,0,20
202550983,0,21
202551140,0,9
202551317,0,2
202551495,0,9
202551646,0,9
202551798,0,24
202551938,0,8
202552072,0,8
202552072,0,9
202552366,0,9
202552516,0,9
202552516,0,14
202552997,0,8
202552997,0,14
202553130,0,8
202553130,0,9
202553130,0,10
202553130,0,11
202553343,0,9
202553458,0,9
202553623,0,9
202553747,0,9
202553946,0,8
202553946,0,11
202554267,0,8
202554367,0,8
202554692,0,8
202554692,0,11
202555120,0,8
202555268,0,8
202555383,0,8
202555500,0,8
202555500,0,11
202555792,0,8
202555792,0,11
202556067,0,8
202556236,0,8
202556614,0,8
202556766,0,8
202556903,0,8
202557136,0,8
202557368,0,8
202557508,0,9
202557508,0,20
202557723,0,8
202557723,0,16
202557723,0,24
202557843,0,8
202558283,0,8
202558545,0,8
202559156,0,24
202559237,0,8
202559494,0,1
202559494,0,2
202559494,0,8
202559494,0,9
202559780,0,9
202560176,0,9
202560281,0,9
202560392,0,9
202560678,0,9
202560975,0,9
202561242,0,9
202561355,0,9
202561463,0,9
202561622,0,9
202561811,0,9
202561984,0,9
202562185,0,8
202562289,0,9
202562371,0,9
202562549,0,10
202562736,0,9
202562894,0,9
202563074,0,9
202563174,0,9
202563287,0,2
202563287,0,9
202563503,0,2
202563675,0,2
202563675,0,9
202563675,0,22
202563675,1,22
202563977,0,9
202564136,0,9
202564333,0,2
202564443,0,2
202564443,0,22
202564773,0,2
202564915,0,1
202564915,0,2
202565120,0,2
202565120,0,9
202565466,0,1
202565466,0,2
202565621,0,8
202565621,0,13
202565621,0,14
202565733,0,8
202565887,0,9
202566071,0,9
202566224,0,2
202566224,0,22
202566417,0,2
202566417,0,9
202566417,1,2
202566793,0,2
202566973,0,2
202567066,0,9
202567358,0,8
202567583,0,2
202567671,0,9
202567757,0,2
202567914,0,2
202567914,0,9
202568097,0,2
202568301,0,2
202568301,0,9
202568544,0,2
202568544,0,8
202568544,0,9
202568929,0,8
202569050,0,2
202569521,0,2
202569724,0,2
202569868,0,9
202570032,0,9
202570254,0,8
202570400,0,8
202570737,0,8
202570967,0,2
202571218,0,2
202571218,0,9
202571373,0,8
202571373,0,11
202571582,0,8
202571582,0,11
202571753,0,8
202571753,0,11
202571965,0,9
202572062,0,9
202572631,0,8
202572631,0,9
202572819,0,9
202573186,0,9
202573186,0,10
202573391,0,9
202573616,0,9
202573835,0,8
202573984,0,8
202573984,0,9
202573984,0,10
202573984,0,11
202574187,0,8
202574187,0,9
202574187,0,10
202574187,0,11
202574315,0,9
202574513,0,9
202574633,0,9
202574879,0,9
202574879,0,10
202575217,0,9
202575217,0,10
202575403,0,2
202575403,0,8
202575641,0,8
202575809,0,9
202575971,0,9
202575971,0,20
202576155,0,8
202576551,0,9
202576827,0,9
202577012,0,9
202577152,0,9
202577469,0,9
202578059,0,9
202578059,0,10
202578180,0,9
202578312,0,2
202578497,0,9
202578497,0,10
202578710,0,9
202578837,0,8
202579094,0,8
202579213,0,9
202579673,0,9
202579972,0,9
202579972,0,20
202580167,0,9
202580322,0,9
202580471,0,9
202580471,0,11
202580471,0,20
202580851,0,9
202580851,0,10
202581165,0,9
202581165,0,20
202581318,0,9
202581586,0,9
202581760,0,9
202581760,0,20
202581974,0,9
202582294,0,9
202582430,0,9
202582576,0,24
202582576,0,30
202583155,0,2
202583155,0,22
202583372,0,9
202583372,0,10
202583620,0,30
202583821,0,21
202584082,0,14
202584195,0,30
202584375,0,9
202584617,0,24
202584995,0,24
202585164,0,10
202585349,0,24
202585535,0,1
202585535,0,28
202585807,0,9
202585807,0,10
202586150,0,30
202586317,0,8
202586317,0,9
202586792,0,14
202586932,0,8
202587106,0,8
202587236,0,8
202587416,0,8
202587734,0,8
202587887,0,8
202588002,0,8
202588101,0,8
202588310,0,8
202588423,0,22
202588576,0,8
202588576,0,11
202589108,0,9
202589278,0,8
202589278,0,11
202589479,0,22
202589645,0,8
202589772,0,2
202589772,0,8
202589772,0,11
202590283,0,8
202590428,0,8
202590583,0,2
202590583,0,8
202590583,0,9
202590583,0,22
202590944,0,8
202591086,0,8
202591086,0,11
202591326,0,1
202591546,0,9
202591546,0,10
202591546,0,11
202591738,0,9
202591738,0,10
202592096,0,9
202592096,0,10
202592233,0,9
202592343,0,9
202592541,0,5
202592541,0,8
202592541,0,9
202593094,0,8
202593094,0,9
202593271,0,9
202593470,0,9
202593470,0,10
202593584,0,8
202593584,0,9
202593833,0,9
202593976,0,8
202593976,0,9
202593976,0,10
202593976,0,11
202594120,0,9
202594221,0,9
202594327,0,8
202594327,0,9
202594557,0,10
202594705,0,5
202594705,0,8
202594705,0,9
202594959,0,2
202595116,0,8
202595116,0,9
202595116,4,21
202595500,0,9
202595634,0,9
202595724,0,2
202595724,0,9
202595965,0,2
202596177,0,2
202596367,0,22
202596583,0,2
202596701,0,22
202596915,0,22
202597032,0,9
202597131,0,2
202597259,0,2
202597573,0,2
202597802,0,2
202598026,0,2
202598127,0,8
202598127,0,9
202598495,0,2
202598495,0,8
202598644,0,8
202598644,3,22
202598865,0,8
202599132,0,8
202599419,0,9
202599545,0,2
202599545,0,22
202599951,0,2
202599951,0,22
202600288,0,2
202600288,0,22
202600454,0,8
202600454,0,22
202600734,0,8
202601071,0,8
202601071,4,28
202601408,0,4
202601408,0,22
202601556,0,1
202601556,0,2
202601556,0,10
202601556,0,11
202601726,0,2
202601726,0,8
202602007,0,9
202602176,0,9
202602394,0,1
202602394,0,2
202602394,0,22
202602394,0,28
202603034,0,2
202603192,0,8
202603339,0,2
202603339,0,8
202603625,0,8
202603760,0,1
202603760,0,4
202604199,0,2
202604199,0,9
202604316,0,1
202604416,0,8
202604416,0,11
202604416,0,26
202604840,0,11
202605142,0,8
202605142,0,11
202605265,0,4
202605265,0,22
202605416,0,8
202605416,0,11
202605625,0,8
202605625,0,11
202605762,0,2
202605762,0,14
202605982,0,2
202605982,0,8
202606711,0,1
202606711,0,2
202606711,0,4
202606711,0,22
202607218,0,2
202607370,0,2
202607547,0,2
202607669,0,28
202608108,0,2
202608335,0,8
202608442,0,1
202608624,0,2
202608624,0,8
202608624,0,28
202609245,0,2
202609411,0,28
202609563,0,28
202609674,0,28
202610051,0,22
202610176,0,8
202610648,0,8
202610648,0,11
202610830,0,8
202611027,0,2
202611164,0,2
202611164,0,22
202611455,0,2
202611696,0,8
202611696,0,9
202611869,0,22
202612095,0,8
202612184,0,9
202612394,0,1
202612610,0,8
202612822,0,8
202613103,0,20
202613288,0,9
202613557,0,2
202613557,0,9
202613732,0,8
202613732,0,9
202613732,0,10
202613732,0,11
202613907,0,9
202614041,0,2
202614174,0,2
202614289,0,1
202614289,0,2
202614289,0,4
202614289,0,22
202614548,0,4
202614548,0,22
202614728,0,8
202614728,0,11
202614930,0,9
202614930,0,10
202615161,0,8
202615161,0,9
202615389,0,8
202615389,0,9
202615389,0,10
202615389,0,11
202615389,2,22
202615942,0,11
202616164,0,8
202616164,0,9
202616164,0,10
202616164,0,11
202616333,0,8
202616333,0,9
202616568,0,8
202616568,0,9
202616756,0,9
202616922,0,20
202617048,0,10
202617048,3,22
202617345,0,22
202617533,0,9
202617533,0,10
202617745,0,2
202617745,0,22
202618081,0,2
202618081,0,22
202618314,0,8
202618314,0,9
202618314,0,10
202618666,0,8
202618768,0,9
202619198,0,11
202619309,0,9
202619394,0,2
202619510,0,2
202619634,0,9
202619735,0,9
202619735,0,17
202620204,0,9
202620317,0,4
202620317,0,10
202620317,0,11
202620317,0,28
202620575,0,8
202620575,0,9
202620987,0,8
202620987,0,9
202620987,0,10
202620987,0,11
202621207,0,8
202621207,0,10
202621364,0,2
202621364,0,22
202621364,1,8
202621364,2,8
202621808,0,2
202621897,0,8
202621897,0,9
202622125,0,16
202622283,0,8
202622283,0,9
202622584,0,2
202622709,0,8
202622976,0,8
202623293,0,8
202623450,0,26
202623450,6,2
202623450,6,22
202623883,0,2
202624039,0,2
202624147,0,2
202624147,0,32
202624374,0,8
202624680,0,8
202624680,0,33
202625041,0,2
202625177,0,8
202625177,0,9
202625177,0,10
202625177,0,11
202625645,0,8
202625645,0,9
202625945,0,9
202626111,0,8
202626111,0,10
202626111,0,11
202626281,0,9
202626460,0,8
202626460,0,9
202626460,0,10
202626460,0,11
202626915,0,1
202626915,0,2
202626915,0,8
202626915,0,9
202626915,0,10
202626915,0,28
202627548,0,8
202627548,0,9
202627751,0,2
202627917,0,11
202628039,0,9
202628039,0,10
202628298,0,8
202628298,0,11
202628453,0,10
202628453,0,11
202628616,0,9
202628797,0,12
202628986,0,22
202629252,0,20
202629252,0,21
202629449,0,8
202629573,0,8
202629573,0,9
202629703,0,22
202629959,0,9
202629959,1,22
202630141,0,9
202630311,0,8
202630311,0,9
202630311,0,10
202630311,0,11
202630587,0,8
202630587,0,9
202630587,0,10
202630587,0,11
202630833,0,8
202630833,0,9
202630944,0,8
202630944,0,11
202631045,0,9
202631045,0,10
202631293,0,8
202631293,0,9
202631293,0,10
202631549,0,9
202631660,0,9
202631946,0,8
202631946,0,9
202631946,0,10
202631946,0,11
202632326,0,8
202632499,0,8
202632759,0,8
202632759,0,9
202632925,0,9
202633194,0,8
202633194,0,9
202633574,0,2
202633574,0,9
202633743,0,2
202633930,0,8
202633930,0,11
202633930,1,11
202634266,0,8
202634266,0,11
202634416,0,9
202634541,0,8
202634541,0,9
202634541,0,10
202634541,0,11
202635053,0,8
202635053,0,11
202635303,0,8
202635406,0,8
202635406,0,11
202635527,0,4
202635762,0,8
202635762,0,9
202635762,0,10
202635762,0,11
202636209,0,22
202636309,0,9
202636501,0,10
202636589,0,8
202636971,0,8
202636971,0,11
202637410,0,9
202637410,0,10
202637562,0,8
202637562,0,9
202637674,0,8
202637674,0,11
202637862,0,8
202637944,0,8
202637944,0,11
202638475,0,11
202638583,0,8
202638583,0,11
202638723,0,8
202638723,0,11
202638990,0,9
202638990,0,10
202639186,0,8
202639186,0,11
202639404,0,8
202639404,0,9
202639543,0,8
202639812,0,8
202639955,0,8
202640214,0,8
202640465,0,8
202640665,0,8
202640665,0,11
202640897,0,8
202640897,0,11
202641066,0,8
202641230,0,8
202641613,0,8
202641762,0,8
202641911,0,8
202641911,0,9
202642151,0,2
202642341,0,8
202642501,0,1
202642501,0,2
202642817,0,8
202642817,0,11
202642948,0,8
202643054,0,1
202643054,0,2
202643261,0,8
202643261,0,11
202643550,0,8
202643658,0,8
202643794,0,8
202643986,0,8
202644080,0,20
202644378,0,8
202644378,0,14
202644498,0,2
202644626,0,14
202644626,0,20
202644793,0,9
202644982,0,8
202645099,0,9
202645281,0,9
202645500,0,8
202645696,0,2
202645920,0,2
202646101,0,2
202646254,0,2
202646254,0,22
202646254,2,8
202646555,0,8
202647174,0,22
202647449,0,2
202647546,0,9
202648020,0,9
202648168,0,8
202648495,0,9
202648732,0,8
202648889,0,8
202649195,0,2
202649367,0,8
202649603,0,2
202649603,0,8
202649764,0,9
202649863,0,9
202649998,0,8
202650176,0,8
202650176,0,11
202650448,0,22
202650671,0,9
202651088,0,2
202651088,0,8
202651088,1,22
202651471,0,8
202651655,0,2
202651655,0,22
202651915,0,8
202651915,0,9
202652229,0,8
202652229,0,9
202652229,0,24
202652362,0,8
202652362,0,9
202652362,2,22
202652580,0,9
202652580,0,20
202653039,0,9
202653039,0,20
202653269,0,9
202653395,0,9
202653395,0,18
202653516,0,2
202653634,0,2
202653730,0,8
202653896,0,2
202653896,0,9
202653896,0,18
202654492,0,8
202654597,0,9
202654711,0,2
202654844,0,9
202655212,0,2
202655570,0,2
202655673,0,2
202655778,0,9
202655778,0,10
202656232,0,2
202656429,0,9
202656429,3,30
202656816,0,2
202657055,0,9
202657209,0,9
202657209,1,2
202657209,4,2
202657496,0,2
202657627,0,2
202657627,0,8
202657627,1,2
202658097,0,8
202658292,0,9
202658461,0,9
202658583,0,9
202658714,0,9
202658959,0,2
202658959,0,9
202659108,0,9
202659234,0,8
202659629,0,8
202659915,0,8
202660022,0,8
202660280,0,9
202660280,0,10
202661127,0,8
202661127,0,9
202661127,0,10
202661127,0,11
202661282,0,9
202661467,0,2
202661587,0,8
202661587,0,10
202661762,0,8
202662039,0,9
202662242,0,9
202662443,0,9
202662659,0,8
202662659,0,9
202662902,0,2
202663044,0,9
202663044,1,2
202663452,0,2
202663617,0,8
202663923,0,8
202664043,0,8
202664141,0,2
202664141,0,22
202664381,0,2
202664381,0,22
202664547,0,2
202664547,0,22
202664839,0,2
202664839,0,22
202665017,0,2
202665156,0,2
202665156,0,22
202665534,0,8
202665534,0,9
202665720,0,2
202665965,0,2
202666109,0,2
202666109,0,8
202666109,0,9
202666109,0,10
202666336,0,2
202666437,0,8
202666566,0,9
202666806,0,9
202666944,0,2
202666944,0,22
202667205,0,9
202667205,0,10
202667455,0,9
202667542,0,8
202667703,0,2
202667703,0,8
202668055,0,2
202668055,0,8
202668160,0,2
202668315,0,8
202668526,0,2
202668683,0,2
202668683,0,22
202668683,1,2
202668683,2,2
202668683,3,2
202668683,7,2
202669128,0,2
202669355,0,22
202669513,0,8
202669697,0,2
202669910,0,9
202670104,0,2
202670104,0,22
202670246,0,15
202670496,0,22
202670827,0,8
202670827,0,9
202671323,0,8
202671504,0,8
202671888,0,8
202672188,0,2
202672506,0,8
202672506,0,33
202672647,0,28
202672790,0,22
202672790,0,28
202672932,0,2
202673071,0,2
202673228,0,9
202673447,0,2
202673586,0,2
202673586,0,22
202673733,0,2
202673733,0,22
202673879,0,2
202674003,0,9
202674130,0,2
202674249,0,2
202674355,0,2
202674355,0,9
202674461,0,8
202674461,0,9
202674708,0,8
202674708,0,9
202674905,0,2
202674905,0,8
202674905,0,9
202674905,1,8
202674905,1,9
202674905,2,22
202674905,3,22
202675128,0,8
202675250,0,28
202675250,0,34
202675440,0,1
202675628,0,2
202675807,0,9
202675807,0,10
202676030,0,11
202676176,0,8
202676176,0,22
202676431,0,22
202676580,0,8
202676720,0,20
202676859,0,8
202677037,0,1
202677037,0,2
202677219,0,1
202677219,0,2
202677328,0,2
202677328,0,9
202677508,0,2
202677622,0,28
202677762,0,8
202677762,0,9
202677999,0,9
202677999,0,10
202678177,0,1
202678364,0,4
202678364,0,22
202678533,0,9
202678533,0,10
202678736,0,8
202678888,0,2
202678888,0,5
202678888,0,7
202679049,0,4
202679273,0,2
202679448,0,9
202679806,0,8
202679806,0,9
202679806,0,11
202679965,0,2
202680088,0,9
202680204,0,22
202680345,0,2
202680345,0,22
202680666,0,8
202680666,0,11
202680869,0,28
202680995,0,8
202681113,0,2
202681237,0,22
202681441,0,1
202681614,0,8
202681614,0,9
202681849,0,8
202681849,0,9
202682138,0,8
202682138,0,33
202682138,1,22
202682369,0,8
202682692,0,2
202682877,0,14
202683105,0,8
202683223,0,1
202683411,0,8
202683411,0,11
202683627,0,2
202683873,0,2
202684100,0,8
202684100,0,9
202684100,0,10
202684100,0,11
202684313,0,8
202684481,0,9
202684481,0,10
202684724,0,8
202684849,0,10
202684992,0,8
202685124,0,1
202685124,0,2
202685124,0,22
202686533,0,1
202686738,0,1
202686738,0,2
202686910,0,1
202686910,0,2
202687061,0,1
202687061,0,2
202687203,0,4
202687203,0,6
202687203,0,7
202687203,0,8
202687203,0,9
202687203,0,22
202687445,0,11
202687671,0,11
202687843,0,4
202688017,0,11
202688265,0,2
202688512,0,1
202688512,0,4
202688512,0,11
202689060,0,4
202689440,0,4
202689676,0,1
202689851,0,1
202690001,0,1
202690001,0,4
202690901,0,1
202690901,0,4
202691118,0,1
202691275,0,1
202691379,0,1
202691646,0,6
202691646,0,7
202691903,0,11
202692100,0,8
202692249,0,11
202692507,0,4
202692641,0,4
202692901,0,1
202693061,0,8
202693457,0,22
202693592,0,1
202693592,0,22
202693804,0,8
202693989,0,8
202694177,0,8
202694340,0,2
202694498,0,1
202694498,0,2
202694740,0,22
202695219,0,2
202695377,0,2
202695565,0,2
202695725,0,8
202695876,0,2
202696005,0,2
202696164,0,2
202696164,0,22
202696305,0,2
202696437,0,2
202696543,0,2
202696661,0,8
202696811,0,8
202696811,0,11
202697237,0,2
202697237,0,22
202697408,0,1
202697408,0,2
202697408,0,13
202697408,0,22
202697796,0,1
202697796,0,2
202697909,0,11
202698051,0,2
202698280,0,6
202698280,0,7
202698511,0,1
202698732,0,6
202698732,0,7
202698880,0,1
202698880,0,2
202698880,0,8
202699483,0,1
202699672,0,1
202699815,0,8
202699917,0,8
202700104,0,9
202700104,0,11
202700237,0,9
202700425,0,1
202700425,0,34
202700552,0,8
202700552,0,9
202700552,0,10
202700552,0,11
202700755,0,2
202700755,0,8
202701062,0,1
202701062,0,2
202701062,0,22
202701315,0,2
202701315,0,22
202701436,0,8
202701436,0,11
202702018,0,10
202702129,0,11
202702280,0,11
202702592,0,1
202702739,0,11
202702937,0,1
202703138,0,1
202703138,0,2
202703613,0,4
202703788,0,1
202703945,0,1
202704170,0,11
202704322,0,10
202704541,0,1
202704761,0,1
202704761,0,2
202704936,0,1
202704936,0,2
202704936,0,4
202704936,0,22
202705158,0,1
202705293,0,1
202705836,0,1
202706046,0,1
202706217,0,4
202706369,0,4
202706551,0,1
202706551,0,4
202706689,0,1
202706816,0,1
202706946,0,11
202707125,0,11
202707304,0,1
202707435,0,1
202707435,0,4
202707634,0,9
202707634,0,11
202707964,0,8
202707964,0,9
202707964,0,10
202707964,0,11
202708251,0,11
202708393,0,11
202708608,0,11
202708719,0,10
202708719,0,11
202708842,0,11
202709023,0,11
202709023,0,34
202709023,4,24
202709023,4,34
202709862,0,11
202710047,0,11
202710176,0,14
202710326,0,11
202710471,0,11
202710667,0,11
202710830,0,11
202710830,0,21
202711088,0,11
202711484,0,11
202712065,0,11
202712202,0,8
202712202,0,11
202712336,0,8
202712336,0,11
202712494,0,31
202712680,0,10
202712868,0,10
202712990,0,11
202713187,0,11
202713366,0,11
202713498,0,8
202713498,0,11
202713684,0,8
202713684,0,11
202713952,0,8
202713952,0,11
202714223,0,1
202714223,0,2
202714343,0,11
202714657,0,11
202714795,0,11
202714973,0,4
202714973,0,11
202715153,0,8
202715153,0,11
202715320,0,6
202715320,0,7
202715320,0,28
202715320,0,34
202715572,0,34
202715704,0,1
202715704,1,34
202716006,0,4
202716006,0,11
202716124,0,11
202716265,0,11
202716490,0,11
202716646,0,11
202716877,0,11
202717004,0,11
202717116,0,11
202717416,0,4
202717591,0,11
202717784,0,11
202717975,0,8
202718269,0,1
202718269,0,2
202718380,0,10
202718661,0,22
202718928,0,8
202719054,0,1
202719400,0,2
202719400,0,22
202719722,0,1
202719722,0,2
202719722,0,4
202719722,0,22
202719960,0,2
202720146,0,8
202720146,0,9
202720146,2,21
202720379,0,22
202720609,0,2
202720609,0,22
202721046,0,2
202721046,0,22
202721177,0,2
202721177,0,22
202721476,0,2
202721476,0,22
202721624,0,22
202721797,0,8
202721918,0,2
202722047,0,2
202722047,0,28
202722047,0,29
202722531,0,22
202722701,0,2
202722701,0,29
202722982,0,2
202723147,0,2
202723147,0,8
202723147,0,33
202723425,0,2
202723425,0,22
202723641,0,8
202723904,0,2
202724258,0,8
202724258,0,11
202724444,0,8
202724444,0,21
202724982,0,2
202725123,0,8
202725276,0,11
202725442,0,8
202725574,0,9
202725739,0,9
202725938,0,1
202725938,0,2
202725938,0,4
202725938,0,22
202726344,0,11
202726493,0,11
202726627,0,8
202726627,0,9
202726627,0,11
202726729,0,11
202727129,0,11
202727337,0,1
202727579,0,1
202727579,0,34
202727804,0,4
202727967,0,6
202727967,0,11
202728118,0,8
202728118,0,11
202728340,0,2
202728496,0,11
202728670,0,1
202728670,0,2
202728923,0,8
202728923,0,9
202729050,0,10
202729254,0,1
202729555,0,1
202729675,0,8
202729867,0,11
202730010,0,8
202730163,0,8
202730259,0,1
202730396,0,8
202730396,0,11
202730817,0,11
202731013,0,11
202731098,0,8
202731098,0,11
202731286,0,11
202731393,0,8
202731505,0,2
202731505,0,22
202731623,0,22
202732338,0,22
202732625,0,22
202732799,0,22
202732978,0,2
202732978,0,22
202733209,0,9
202733209,0,20
202733530,0,9
202733530,0,10
202733638,0,8
202733638,0,9
202733801,0,8
202733945,0,8
202734163,0,8
202734281,0,22
202734516,0,2
202734516,0,22
202734709,0,1
202734709,0,2
202734946,0,2
202734946,0,9
202735168,0,4
202735351,0,4
202735493,0,12
202735649,0,10
202735649,0,11
202735801,0,2
202735801,0,22
202736221,0,8
202736390,0,4
202736491,0,4
202736491,0,11
202736752,0,1
202736940,0,1
202736940,0,22
202737792,0,2
202737792,0,22
202738055,0,1
202738159,0,8
202738159,0,9
202738286,0,8
202738286,0,9
202738563,0,8
202738563,0,9
202738563,0,10
202738563,0,11
202738987,0,22
202739219,0,8
202739322,0,8
202739461,0,1
202739461,0,4
202740345,0,1
202740578,0,1
202740760,0,8
202740760,0,11
202740883,0,4
202740883,0,11
202741047,0,1
202741180,0,4
202741292,0,1
202741535,0,11
202741671,0,11
202741854,0,1
202741969,0,8
202741969,0,9
202742076,0,1
202742327,0,1
202742460,0,1
202742603,0,8
202742755,0,1
202742755,0,4
202742944,0,1
202742944,0,4
202742944,0,8
202743132,0,11
202743390,0,4
202743517,0,1
202743627,0,1
202743627,0,4
202744144,0,1
202744451,0,2
202744672,0,1
202745022,0,1
202745196,0,1
202745354,0,1
202745354,0,4
202745354,0,27
202745570,0,11
202745787,0,8
202745787,0,11
202746108,0,11
202746340,0,8
202746340,0,9
202746527,0,8
202746527,0,9
202746762,0,1
202746941,0,2
202747103,0,11
202747192,0,4
202747296,0,9
202747296,0,11
202747537,0,11
202747687,0,11
202747845,0,8
202747845,0,9
202747845,0,10
202747845,0,11
202748180,0,8
202748180,0,9
202748180,0,10
202748180,0,11
202748330,0,1
202748330,0,2
202748500,0,9
202748623,0,11
202748623,1,4
202748802,0,1
202748802,0,4
202749130,0,9
202749130,0,11
202749308,0,11
202749308,0,21
202749499,0,1
202749499,0,4
202749845,0,1
202749845,0,4
202750036,0,1
202750193,0,1
202750351,0,1
202750351,0,2
202750351,0,4
202750351,0,22
202750553,0,1
202750553,0,2
202750761,0,34
202750963,0,8
202750963,0,11
202751256,0,11
202751414,0,4
202751414,0,22
202751539,0,8
202751539,0,11
202751935,0,11
202752185,0,1
202752265,0,1
202752265,0,34
202752750,0,1
202752878,0,4
202752878,0,28
202753058,0,8
202753058,0,10
202753058,0,11
202753370,0,1
202753370,0,2
202753370,0,9
202753370,0,11
202753759,0,10
202753759,0,11
202753978,0,11
202754093,0,8
202754093,0,9
202754093,0,11
202754241,0,11
202754378,0,8
202754378,0,11
202754703,0,9
202754703,0,11
202755056,0,11
202755447,0,11
202755722,0,8
202755722,0,11
202756293,0,8
202756293,0,11
202756525,0,2
202756525,1,9
202756646,0,1
202756646,0,2
202756908,0,1
202756908,2,2
202757071,0,8
202757071,0,33
202757188,0,1
202757188,0,4
202757188,0,34
202757368,0,9
202757368,0,11
202757539,0,9
202757539,0,11
202757728,0,9
202757728,0,11
202757931,0,11
202758119,0,10
202758119,0,11
202758265,0,2
202758363,0,8
202758363,0,9
202758597,0,8
202758597,0,11
202758716,0,4
202758716,0,10
202758716,0,11
202758716,1,4
202758716,2,4
202759229,0,10
202759229,0,11
202759229,1,10
202759229,1,11
202759229,2,10
202759229,2,11
202759229,3,10
202759229,3,11
202759229,4,10
202759229,4,11
202759229,5,4
202759229,5,10
202759229,5,11
202759229,5,22
202759741,0,1
202759741,0,4
202759741,2,10
202759741,2,11
202760049,0,9
202760049,0,10
202760049,0,11
202760284,0,8
202760284,0,9
202760284,0,10
202760284,0,11
202760519,0,9
202760519,0,20
202760749,0,9
202760749,0,20
202761040,0,9
202761040,0,10
202761257,0,10
202761257,0,11
202761408,0,9
202761408,0,10
202761669,0,10
202761669,0,11
202761863,0,9
202761863,0,10
202762036,0,1
202762036,0,2
202762269,0,11
202762594,0,8
202762594,0,11
202762981,0,8
202762981,0,11
202763458,0,8
202763631,0,8
202763631,0,9
202763631,0,11
202763791,0,8
202763914,0,8
202763914,0,11
202763914,0,33
202763914,1,28
202763914,1,33
202763914,2,28
202763914,2,33
202763914,3,33
202763914,4,33
202763914,5,33
202764730,0,2
202764919,0,8
202765034,0,9
202765208,0,5
202765208,0,20
202765208,0,21
202765884,0,8
202766045,0,8
202766045,0,11
202766251,0,8
202766432,0,9
202766605,0,8
202766605,0,9
202766794,0,2
202766967,0,1
202766967,0,22
202767149,0,1
202767339,0,1
202767577,0,4
202767753,0,1
202767753,0,2
202767952,0,1
202767952,0,2
202768143,0,1
202768283,0,1
202768423,0,1
202768423,0,2
202768423,0,33
202768423,1,1
202768423,1,2
202768907,0,11
202769182,0,4
202769182,0,11
202769487,0,4
202770061,0,4
202770215,0,21
202770395,0,4
202770542,0,1
202770542,0,8
202770841,0,1
202770841,0,4
202770993,0,2
202770993,0,8
202770993,0,9
202770993,0,10
202770993,0,11
202770993,0,22
202771222,0,11
202771356,0,11
202771542,0,11
202772029,0,8
202772153,0,8
202772283,0,8
202772420,0,1
202772420,0,8
202772634,0,1
202772772,0,8
202772925,0,11
202773155,0,1
202773356,0,1
202773508,0,11
202773719,0,1
202773719,0,4
202773943,0,11
202774046,0,11
202774239,0,11
202774370,0,1
202774370,0,4
202774894,0,4
202775034,0,4
202775169,0,1
202775169,0,4
202775401,0,11
202775569,0,1
202775768,0,4
202775876,0,4
202776014,0,4
202776351,0,4
202776479,0,11
202776675,0,1
202776675,0,4
202776881,0,11
202776961,0,11
202777112,0,11
202777484,0,4
202777484,0,22
202777635,0,11
202777758,0,11
202777899,0,9
202777899,0,10
202777899,0,11
202778080,0,8
202778080,0,11
202778341,0,11
202778470,0,11
202778595,0,11
202778726,0,8
202779171,0,8
202779171,0,11
202779312,0,8
202779312,0,9
202779312,0,10
202779312,0,11
202779501,0,8
202779687,0,8
202779978,0,11
202780155,0,11
202780352,0,1
202780352,0,4
202780650,0,1
202780650,0,4
202780810,0,1
202780810,0,4
202780969,0,10
202780969,0,11
202780969,4,28
202781341,0,11
202781516,0,2
202781631,0,8
202781631,0,11
202781856,0,10
202781856,0,11
202782141,0,10
202782141,0,11
202782282,0,10
202782282,0,11
202782406,0,8
202782406,0,11
202782689,0,2
202782907,0,8
202782907,0,11
202783104,0,8
202783104,0,11
202783517,0,11
202783517,2,4
202783847,0,11
202784005,0,10
202784005,0,11
202784168,0,1
202784168,0,2
202784168,0,4
202784594,0,1
202784594,0,4
202784805,0,1
202784929,0,11
202785042,0,11
202785385,0,11
202785620,0,10
202785803,0,8
202785803,0,11
202786003,0,10
202786003,0,11
202786137,0,11
202786295,0,1
202786295,0,2
202786543,0,4
202786683,0,11
202786683,0,14
202786867,0,10
202787059,0,10
202787265,0,1
202787400,0,1
202787536,0,1
202787536,0,2
202787697,0,21
202787804,0,11
202787994,0,11
202788073,0,11
202788235,0,11
202788514,0,1
202788514,0,2
202788514,0,4
202788514,0,22
202788650,0,11
202788919,0,8
202788919,0,9
202788919,0,11
202789120,0,8
202789120,0,11
202789230,0,11
202789434,0,6
202789434,0,11
202789605,0,11
202789730,0,1
202789730,0,4
202789837,0,11
202790000,0,11
202790156,0,2
202790255,0,8
202790255,0,11
202790388,0,2
202790728,0,2
202790820,0,1
202790947,0,1
202791158,0,8
202791158,0,11
202791467,0,1
202791593,0,8
202791593,0,11
202791771,0,4
202792041,0,11
202792160,0,11
202792347,0,2
202792483,0,2
202792661,0,8
202792780,0,8
202793099,0,2
202793099,0,22
202793353,0,2
202793353,0,22
202793537,0,8
202793537,0,22
202793707,0,8
202793852,0,8
202794003,0,2
202794003,0,22
202794204,0,2
202794204,0,22
202794336,0,1
202794585,0,1
202794692,0,8
202794692,0,9
202794692,0,10
202794692,0,11
202794850,0,1
202794850,0,4
202795139,0,11
202795447,0,11
202795580,0,11
202795842,0,8
202796010,0,8
202796010,0,11
202796188,0,8
202796188,0,11
202796302,0,8
202796454,0,10
202796454,0,11
202796727,0,1
202796727,0,4
202796927,0,11
202797274,0,11
202797434,0,21
202797585,0,8
202797704,0,4
202797892,0,1
202797892,0,4
202798304,0,1
202798304,0,4
202798408,0,1
202798408,0,4
202798641,0,11
202798802,0,1
202798802,0,4
202798962,0,1
202798962,0,4
202799143,0,1
202799333,0,11
202799485,0,1
202799594,0,1
202799594,0,4
202799899,0,1
202799899,0,4
202800076,0,4
202800215,0,8
202800432,0,4
202800543,0,10
202800543,0,11
202800704,0,4
202800821,0,10
202800821,0,11
202801277,0,11
202801477,0,9
202801477,0,10
202801705,0,11
202801812,0,8
202802072,0,1
202802182,0,1
202802182,0,4
202802412,0,1
202802542,0,11
202802744,0,11
202802907,0,8
202803038,0,8
202803038,0,9
202803038,0,11
202803038,0,31
202803272,0,1
202803497,0,1
202803610,0,1
202803610,0,4
202803763,0,2
202804011,0,8
202804164,0,28
202804572,0,22
202804695,0,9
202804695,0,10
202804695,0,11
202804932,0,1
202804932,0,34
202805137,0,11
202805345,0,1
202805345,0,2
202805345,0,22
202805498,0,8
202805723,0,8
202805850,0,8
202806103,0,1
202806276,0,8
202806276,0,11
202806276,3,22
202806677,0,1
202806677,0,2
202806803,0,11
202807044,0,4
202807044,0,22
202807286,0,2
202807518,0,11
202807656,0,1
202807776,0,1
202807890,0,2
202808106,0,10
202808319,0,11
202808438,0,32
202808607,0,10
202808607,0,11
202808818,0,8
202808818,0,11
202808993,0,8
202808993,0,11
202809125,0,10
202809284,0,1
202809284,0,2
202809284,0,4
202809590,0,1
202809720,0,1
202809952,0,11
202810171,0,1
202810345,0,1
202810447,0,1
202810447,0,8
202810599,0,22
202811001,0,2
202811121,0,2
202811121,0,33
202811345,0,1
202811345,0,2
202811521,0,8
202811695,0,1
202811695,0,2
202811862,0,1
202812017,0,11
202812440,0,2
202812440,0,22
202812879,0,1
202812879,0,4
202813156,0,1
202813156,0,4
202813402,0,11
202813584,0,4
202813798,0,1
202813798,0,4
202814037,0,8
202814037,0,9
202814274,0,8
202814274,0,11
202814428,0,5
202814428,0,10
202814646,0,1
202814833,0,1
202814977,0,4
202814977,0,22
202815149,0,10
202815149,0,11
202815340,0,11
202815503,0,6
202815503,0,7
202815714,0,1
202815848,0,6
202815848,0,11
202816059,0,1
202816059,0,4
202816207,0,11
202816449,0,20
202816449,0,21
202816631,0,15
202816631,0,21
202816813,0,4
202816813,0,22
202816965,0,4
202817109,0,34
202817218,0,1
202817420,0,1
202817615,0,10
202817615,0,11
202817957,0,9
202818169,0,1
202818169,0,2
202818306,0,1
202818526,0,1
202818659,0,4
202818659,0,22
202818799,0,1
202819011,0,1
202819209,0,6
202819209,0,7
202819377,0,4
202819377,0,22
202819542,0,1
202819542,0,2
202819707,0,1
202819859,0,4
202820049,0,11
202820189,0,10
202820189,0,11
202820325,0,11
202820660,0,5
202820660,0,6
202820804,0,2
202820804,0,28
202820804,0,34
202820804,0,35
202821023,0,4
202821176,0,11
202821326,0,20
202821326,0,21
202821595,0,11
202821713,0,11
202821998,0,2
202822125,0,4
202822125,0,22
202822525,0,4
202822525,0,22
202822680,0,1
202822680,0,2
202822680,0,4
202822680,0,22
202822832,0,4
202822832,0,22
202823085,0,1
202823200,0,2
202823355,0,1
202823355,0,4
202823503,0,1
202823503,0,4
202823660,0,1
202823660,0,4
202823935,0,4
202824080,0,2
202824213,0,1
202824553,0,4
202824553,0,8
202824553,0,11
202824553,0,22
202824779,0,8
202824779,0,11
202824952,0,1
202824952,0,4
202825125,0,8
202825125,0,11
202825295,0,1
202825295,0,2
202825443,0,11
202825643,0,8
202825643,0,11
202825836,0,8
202825968,0,2
202826130,0,1
202826130,0,2
202826130,0,4
202826130,0,22
202826294,0,4
202826520,0,1
202826709,0,11
202826845,0,4
202826974,0,1
202826974,0,4
202827159,0,1
202827159,0,4
202827306,0,1
202827431,0,6
202827699,0,8
202827699,0,11
202827873,0,8
202827873,0,9
202828077,0,1
202828077,0,6
202828255,0,1
202828255,0,2
202828467,0,22
202828614,0,4
202828836,0,22
202828998,0,4
202829192,0,1
202829192,0,4
202829350,0,4
202829569,0,11
202829740,0,8
202829958,0,4
202830181,0,9
202830339,0,6
202830534,0,11
202830694,0,11
202830848,0,4
202831093,0,7
202831262,0,22
202831385,0,11
202831520,0,11
202831694,0,11
202831862,0,1
202831994,0,11
202832399,0,4
202832546,0,11
202832662,0,1
202832662,0,4
202832968,0,1
202832968,0,2
202833199,0,8
202833199,0,11
202833483,0,11
202833632,0,1
202833772,0,1
202833923,0,9
202833923,0,11
202834055,0,4
202834223,0,11
202834543,0,11
202834701,0,11
202834816,0,11
202834929,0,11
202835064,0,11
202835200,0,22
202835478,0,1
202835700,0,1
202835912,0,22
202836113,0,1
202836113,0,11
202836329,0,6
202836509,0,1
202836655,0,1
202836845,0,1
202837010,0,1
202837165,0,8
202837335,0,1
202837489,0,1
202837625,0,1
202837753,0,11
202838046,0,1
202838215,0,4
202838370,0,1
202838541,0,1
202838756,0,11
202838978,0,4
202838978,0,22
202839145,0,1
202839274,0,11
202839392,0,4
202839579,0,4
202839714,0,1
202839812,0,1
202839971,0,11
202840133,0,11
202840348,0,2
202840568,0,2
202840681,0,1
202840681,0,2
202840889,0,11
202841027,0,4
202841179,0,2
202841312,0,8
202841312,0,9
202841312,0,10
202841312,0,11
202841475,0,2
202841475,0,4
202841475,0,22
202841674,0,11
202841757,0,3
202841757,0,11
202842020,0,1
202842020,0,8
202842417,0,1
202842539,0,1
202842710,0,3
202842886,0,3
202843063,0,3
202843268,0,3
202843499,0,3
202843636,0,1
202843636,0,4
202843818,0,1
202843818,0,3
202844063,0,3
202844232,0,3
202844370,0,3
202844509,0,3
202844698,0,1
202844869,0,8
202844869,0,11
202845394,0,8
202845394,0,11
202845596,0,8
202845747,0,8
202845892,0,1
202846282,0,1
202846404,0,1
202846499,0,1
202846642,0,8
202846642,0,11
202846864,0,8
202846955,0,1
202847167,0,8
202847167,0,11
202847569,0,8
202847569,0,11
202847925,0,1
202848136,0,1
202848321,0,11
202848438,0,8
202848438,0,21
202848623,0,1
202848782,0,1
202848913,0,1
202849313,0,1
202849436,0,1
202849629,0,1
202849805,0,1
202849956,0,1
202850281,0,1
202850422,0,1
202850655,0,8
202850655,0,11
202850901,0,11
202851133,0,1
202851435,0,1
202851602,0,1
202851899,0,1
202852137,0,10
202852137,0,11
202852328,0,1
202852328,0,11
202852520,0,8
202852520,0,11
202853026,0,11
202853188,0,1
202853386,0,1
202853525,0,11
202853697,0,11
202853845,0,1
202853845,0,2
202853968,0,9
202853968,0,10
202853968,0,11
202854140,0,1
202854343,0,1
202854507,0,1
202854507,0,3
202854507,0,4
202854764,0,1
202854764,0,3
202854764,0,4
202854926,0,1
202855067,0,1
202855067,0,4
202855184,0,3
202855303,0,1
202855454,0,3
202855664,0,3
202855837,0,3
202856037,0,11
202856340,0,1
202856340,0,3
202856525,0,1
202856525,0,3
202856694,0,10
202856694,0,11
202856938,0,1
202856938,0,11
202857130,0,1
202857262,0,1
202857262,0,3
202857371,0,8
202857576,0,1
202857684,0,8
202857684,0,11
202857891,0,8
202858092,0,1
202858092,0,2
202859073,0,8
202859743,0,2
202859743,0,8
202859994,0,2
202859994,0,8
202860111,0,8
202860234,0,9
202860363,0,8
202860495,0,8
202860656,0,9
202860780,0,2
202860971,0,2
202861098,0,8
202861325,0,2
202861428,0,8
202861554,0,8
202861735,0,9
202861829,0,8
202861975,0,2
202862054,0,2
202862142,0,8
202862314,0,2
202862434,0,2
202862657,0,2
202862782,0,8
202862891,0,2
202862976,0,2
202863057,0,2
202863155,0,2
202863249,0,2
202863347,0,8
202863428,0,2
202863559,0,2
202863672,0,2
202863767,0,2
202863847,0,8
202863961,0,8
202864074,0,9
202864207,0,2
202864331,0,2
202864408,0,8
202864512,0,9
202864622,0,9
202864757,0,2
202864848,0,2
202864998,0,8
202865148,0,2
202865248,0,9
202865399,0,1
202865492,0,2
202865590,0,9
202865719,0,2
202865798,0,2
202865933,0,2
202866049,0,2
202866195,0,2
202866195,1,8
202866300,0,8
202866389,0,2
202866468,0,2
202866613,0,8
202866711,0,8
202866819,0,9
202866974,0,2
202867068,0,2
202867167,0,8
202867260,0,2
202867375,0,2
202867485,0,8
202867587,0,2
202867702,0,8
202867810,0,8
202867916,0,2
202868022,0,2
202868158,0,1
202868267,0,8
202868371,0,8
202868643,0,8
