100055942,100054137
100056211,100054137
100205135,100204755
100235328,100232837
100315508,100315296
100384782,100383284
100643887,100644014
100825543,100800687
100977787,100975792
100982933,100982561
100983071,100982561
100983267,100982561
100983530,100982561
100983704,100982561
100983925,100982561
100984177,100982561
101127245,101122373
101196996,101196284
101210061,101209855
101266039,101265727
101289375,100971755
101289570,100971755
101289842,100971755
101290105,100969801
101290326,100221214
101290326,101090319
101290621,101090319
101290845,100969801
101291141,100969801
101291355,101090319
101291668,100966799
101291900,100969801
101292167,100969801
101292488,100969801
101292758,100971755
101293004,100969801
101293244,100969801
101293498,100969801
101293740,100969801
101293945,100969801
101294261,100969801
101294410,100969801
101294695,100969801
101294966,100969801
101295231,100969801
101295402,100969801
101295605,100969801
101295792,100969801
101296016,100969801
101296227,100969801
101296489,100969801
101296760,100969801
101297098,100969801
101297335,100986925
101297622,100971755
101297864,100969801
101298062,100969801
101298303,100969801
101298493,100969801
101298716,100982001
101298989,101090319
101299204,100966799
101299387,100050215
101299387,100995090
101299702,100969801
101300038,100995279
101300242,100969801
101300423,100969801
101300670,100969801
101300922,100969801
101301195,100969801
101301446,100969801
101301660,100969801
101301936,100971755
101302168,100969801
101302446,100969801
101302644,100995279
101302827,100975792
101303127,100969801
101303338,100969801
101303513,100969801
101303722,100995279
101304010,100969801
101304187,100971755
101304432,100969801
101304687,100995279
101304928,100969801
101305193,100969801
101305369,100971755
101305557,100969801
101305739,100969801
101305963,100995279
101306301,100221214
101306785,101090319
101306977,100969801
101307181,100969801
101307443,100986925
101307660,100969801
101307876,100969801
101308057,100971755
101308292,100969801
101308468,100969801
101308644,100969801
101308857,100969801
101309098,100969801
101309375,100968376
101309752,100971755
101310027,100969801
101310242,100969801
101310519,100969801
101310765,100971755
101311031,100982001
101311434,100969801
101311621,100968376
101311862,101090319
101312029,100969801
101312220,100971755
101312508,100982001
101312508,101090319
101312784,100969801
101312913,100969801
101313070,100971755
101313383,100969801
101313590,100969801
101313747,101090319
101313912,100969801
101314090,100969801
101314297,100969801
101314440,100969801
101314650,100969801
101314832,100969801
101315025,100969801
101315264,100969801
101315560,100995279
101315772,100995279
101315954,100971755
101316249,100969801
101316474,100969801
101316644,100969801
101316933,100969801
101317323,100969801
101317543,100969801
101317699,100971755
101317933,100969801
101318179,101090319
101318348,101090319
101318557,100969801
101318749,100995279
101319017,100969801
101319166,100969801
101319395,100969801
101319588,100969801
101319810,100971755
101320082,100971755
101320312,100969801
101320514,100969801
101320757,101090319
101320997,100969801
101321184,100995279
101321436,100969801
101321695,100982001
101321974,100969801
101322242,101090319
101322508,100969801
101322782,100969801
101323080,100969801
101323449,100969801
101323656,100976230
101324112,100976385
101324475,100986925
101324709,100986925
101324961,100986925
101325278,100986925
101325608,100976385
101325785,100986925
101325980,100976385
101326167,100976230
101326402,100976385
101326675,100986925
101326866,100986925
101327053,100976385
101327193,100986925
101327356,100986925
101327597,100986925
101327842,100976385
101328053,100986925
101328427,100986925
101328805,100084709
101329009,100986925
101329188,100986925
101329397,100986925
101329704,101095570
101329852,100976385
101330106,101162172
101330358,100986925
101330536,100986925
101330766,100986925
101330935,100976230
101331207,100986925
101331493,100986925
101331905,100986925
101332172,100986925
101332473,100986925
101332662,100986925
101332933,100986925
101333189,100986925
101333488,100986925
101333664,101010585
101334221,101010585
102423980,102423607
102424084,102423607
102424189,102423607
102424288,102423607
102424393,102423607
102424496,102423607
102424601,102423607
102424702,102423607
102424804,102423607
102424909,102423607
102425015,102423607
102492544,102492301
102492638,102492301
102492740,102492301
102492864,102492301
102492951,102492301
102493073,102492301
102517710,102517541
102734422,108490570
102740358,104008694
102742282,103441026
102742282,103939047
102747628,104388537
102758787,104432257
102771867,104115760
102775549,103576294
102784071,103064634
102788437,108490570
102790851,104473884
102798435,103212291
102805094,104360334
102805424,103136938
102813019,102916037
102853014,103441026
102857319,103002037
102860568,104376497
102874853,103258794
102875030,103136938
102877911,104432257
102884580,103096671
102895137,103667232
102897643,104391632
102924495,104432257
102927222,104259275
102927580,104388537
102954509,104432257
102955060,104432257
102956467,104578607
102958043,103136938
102969359,103700736
102987997,102996021
102989633,102996021
102990982,104578607
103005347,103505028
103015104,104578607
103059311,103874445
103059995,103033259
103068900,104115760
103070885,103035678
103077893,104112351
103078865,103258794
103105987,104527230
103123333,102750765
103123521,104372282
103124337,104578607
103127942,103002037
103144224,104194045
103155156,104578607
103160842,104578607
103210175,103136938
103215108,103120257
103224760,104432257
103307988,104578607
103320651,104527230
103337988,104298456
103356246,104439807
103411359,103576294
103491209,104432257
103494935,103212291
103500054,104432257
103504278,104261341
103507373,103052713
103512449,103002037
103512954,103512806
103530958,103861105
103547435,103472669
103552835,104578607
103584260,102970458
103591513,103212291
103605403,104432257
103616469,104533758
103624159,102961705
103657689,104578607
103663836,104275484
103665341,104432257
103685777,102853591
103688196,103792237
103691393,104142775
103691673,104142775
103691927,104142775
103703111,103939047
103709833,102994919
103717531,102871970
103727849,103803282
103750902,103861105
103761715,104432257
103763945,103440518
103780553,102778629
103784858,104578607
103791179,103791041
103791948,104259275
103810231,104598423
103827455,103002037
103842671,104598423
103870841,103216407
103871216,103535103
103871440,103718346
103873240,108490570
103882437,104068555
103882809,104376497
103883745,104388537
103903521,104578607
103923525,103505322
103929671,104578607
103942254,104261341
103942845,103064634
103951961,104578607
103955051,104473884
103974389,103505028
103982454,104298456
103996714,104432257
104002340,103258794
104043982,104432257
104066342,104578607
104092377,103803282
104096454,103002037
104096923,103002037
104178987,104445266
104194427,104228159
104196985,104331502
104200224,104533758
104225864,104298456
104281445,104226758
104281651,103440518
104289865,103056914
104298023,104331502
104330875,104527230
104368195,104578607
104372541,103803282
104372541,104372282
104440521,104376497
104444842,104473884
104449500,104432257
104452400,103791041
104459822,103002037
104474274,103913884
104474604,104440672
104527734,104683459
104528047,103441026
104528248,102862339
104554036,103390182
104563514,103439667
104563652,103939047
104577695,108490570
104578061,103831891
104579437,104578607
104579576,104578607
104579697,104578607
104579821,104578607
104579976,104578607
104580160,104578607
104580336,104578607
104580467,104578607
104580617,104578607
104580764,104578607
104580887,104578607
104581013,104578607
104581145,104578607
104584243,103232756
104591200,104143354
104597169,104432257
104597343,103939047
104617348,104432257
104623178,103803282
104623178,103898523
104649289,103505028
104649289,104143354
104672722,104298456
104679119,104578607
105987569,105988699
105987779,105988699
105987975,105988699
106453554,106588437
106458648,106447475
106458773,106458484
106469764,106469287
106477377,106477043
106477578,106477043
106479394,106477043
106479515,106477043
106479667,106477043
106503556,104379121
106505580,106505398
106518216,106518011
106528679,106527485
106528911,106527485
106529071,106527485
106529431,106527485
106530311,106492248
106530650,106492248
106530970,106492248
106531184,106492248
106531410,106492248
106531858,106492248
106532100,106492248
106532303,106492248
106532585,106492248
106532761,106492248
106532939,106492248
106533133,106492248
106533586,106492248
106533851,106492248
106534118,106492248
106534378,106492248
106534652,106492248
106534874,106492248
106535072,106492248
106535243,106492248
106535466,106492248
106535759,106492248
106536061,106492248
106536225,106492248
106536412,106492248
106536683,106492248
106536930,106492248
106537188,106492248
106537343,106492248
106537495,106492248
106537647,106492248
106537859,106492248
106538037,106492248
106538248,106492248
106538424,106492248
106538598,106492248
106538872,106492248
106539130,106492248
106539419,106492248
106539562,106492248
106539562,106553234
106539778,106492248
106539778,106553234
106539965,106492248
106539965,106553234
106540231,106492248
106540231,106553234
106540414,106492248
106541172,106540625
106541407,106540625
106541667,106540625
106541931,106540625
106542157,106540625
106542467,106540625
106542720,106540625
106542968,106540625
106543223,106540625
106543482,106540625
106543738,106540625
106543998,106540625
106544226,106540625
106544226,106551945
106544485,106540625
106544720,106540625
106544869,106540625
106545048,106540625
106545230,106540625
106545409,106540625
106545616,106540625
106545821,106540625
106545955,106492248
106546455,106547793
106546652,106529675
106546926,106529675
106547153,106529675
106547312,106529675
106547419,106529675
106547535,106529675
106547678,106529675
106549949,106527485
106550281,106527485
106550421,106527485
106550677,106527485
106551205,106498082
106551410,106527485
106553871,106527485
106554480,106554086
106554611,106554086
106554738,106554086
106554855,106554086
106555041,106554086
106555267,106555141
106555538,106554086
106555708,106554086
106555892,106555708
106556785,106492248
106556936,106492248
106557246,106492248
106557496,106492248
106557759,106492248
106557886,106492248
106558117,106492248
106558270,106492248
106558414,106492248
106558603,106492248
106558731,106492248
106558960,106492248
106559229,106492248
106559536,106492248
106560369,106527485
106560762,106560590
106561168,106560991
106561428,106527485
106561579,106527485
106562796,106562119
106563614,106563191
106563784,106563614
106563925,106563614
106564052,106563614
106564162,106563614
106564280,106563191
106564447,106563191
106564604,106563191
106564854,106459667
106565077,106527485
106565628,106527485
106571565,106571367
106575969,106576175
106603213,106602205
106608938,106608661
106611998,106611773
106633862,106886662
106634131,106633647
106669604,106669474
106669907,106669758
106672737,106672500
106672861,106672500
106672946,106672500
106673012,106672500
106673084,106672500
106673209,106672500
106679844,106679640
106680222,106679971
106680444,106679971
106680620,106679971
106725459,106562119
106740255,106739974
106741205,106740869
106741448,106741205
106742658,106744080
106743004,106744080
106841745,106841553
106842363,106837960
106842712,106837960
106843159,106837960
106843488,106837960
106843798,106837960
106861903,106861293
106862984,106615770
106882235,106882002
106889219,106889003
106889495,106889343
106889677,106889343
106889919,106887269
106890134,106888443
106890266,106888443
106890457,106888443
106890650,106889003
107001009,107000769
107172500,107172251
107172696,107172251
107174422,107173746
107174648,107173746
107174939,107174319
107175268,107173746
107180238,107180082
107187332,107187182
107187436,107187182
107291224,107290215
107311741,107311619
107321506,107321235
107363867,107363338
107364492,107364312
107367291,107367142
107369544,107369227
107381694,107380838
107386577,107385981
107425386,106508605
107425563,106508605
107425696,106508605
107449169,107448742
107449452,107448742
107454329,107431299
107454546,107431299
107465086,107465824
107475480,107498184
107622774,100023937
108134790,108101500
108136602,108136183
108139605,108120502
108139726,108120502
108160814,108545572
108161009,108545572
108161392,108545572
108161744,108545572
108162001,108545572
108162001,108626315
108162506,108545572
108162862,108545572
108163243,108545572
108163654,108545572
108163931,108545572
108164131,108545572
108164323,108545572
108164702,108545572
108165115,108545572
108165359,108545572
108165615,108545572
108165831,108545572
108166241,108545572
108166545,108545572
108166928,108545572
108167443,108545572
108167800,108545572
108168174,108545572
108168534,108545572
108168749,108545572
108169226,108545572
108169574,108545572
108169905,108545572
108170147,108545572
108170537,108545572
108170892,108545572
108171466,108545572
108171810,108545572
108172195,108545572
108172516,108545572
108172818,108160284
108172990,108545572
108173224,108545572
108173558,108545572
108173983,108545572
108174452,108545572
108174709,108545572
108175021,108545572
108175345,108545572
108175725,108545572
108176110,108545572
108176487,108545572
108176875,108545572
108177236,108545572
108177601,108545572
108178011,108545572
108178215,108545572
108178617,108545572
108178845,108545572
108179094,108545572
108179320,108545572
108179696,108545572
108180118,108388516
108180118,108545572
108180605,108545572
108180910,108350586
108181104,108350586
108181218,108545572
108181448,108545572
108181757,108545572
108182123,108545572
108182400,108545572
108182760,108545572
108183331,108545572
108183692,108545572
108183931,108545572
108184191,108545572
108184587,108545572
108184786,108545572
108185086,108545572
108185366,108545572
108185565,108545572
108186049,108545572
108186440,108545572
108186844,108545572
108187132,108545572
108187687,108545572
108187976,108545572
108188399,108545572
108188757,108545572
108189027,108545572
108189275,108545572
108189644,108545572
108189891,108545572
108190245,108545572
108190534,108545572
108190941,108545572
108191219,108545572
108191516,108545572
108191756,108545572
108192100,108545572
108192478,108545572
108192834,100763711
108192834,108545572
108193177,108545572
108193530,108545572
108193850,108545572
108194163,108545572
108194493,108545572
108194842,108545572
108195259,108545572
108195670,108545572
108196134,108545572
108196448,108545572
108196701,108545572
108197052,108545572
108197366,108545572
108197799,108545572
108198072,108545572
108198582,108160284
108333968,108400251
108390375,108390136
108390573,108390136
108446195,108446110
108474194,115607921
108481333,108461727
108481569,108461727
108486470,108486276
108486885,108486276
108510457,108203765
108523248,108403767
108562796,108562603
108626570,108627712
108626570,115508227
108639467,108541416
108640402,108541416
108640865,108101500
108642296,108643027
108642424,108376889
108642593,108376889
108643185,108376889
108643473,108376889
108643637,108376889
108643744,108376889
108647980,108730258
108648212,108730258
108649178,108729202
108649395,108651374
108649501,108730258
108651196,108729202
108651517,108651374
108657561,108730258
108657561,109376864
108658024,108730258
108658304,109593578
108658763,108730258
108658993,108680459
108659217,108730258
108660107,108659952
108661788,108661497
108661965,108661497
108664904,108664660
108670058,108667667
108670209,108667667
108670664,108670540
108674816,108730258
108675108,108730258
108697197,108730258
108699670,108664660
108714029,108673792
108718195,108787763
108718463,108325336
108718618,108787763
108719041,108730258
108719339,108730258
108719488,108730258
108719843,108730258
108719992,108730258
108720160,108730258
108720592,108730258
108720859,108832861
108722941,108730258
108723472,108730258
108727964,104400183
108736429,108808004
108737130,104400183
108738165,108786817
108738345,108786817
108738621,108786817
108752856,104400183
108753167,104400183
108753360,108776397
108753660,108730258
108755843,108755647
108756164,108755178
108758428,108757383
108758645,108757383
108758847,108757383
108759041,108730258
108759213,108757383
108759388,108757383
108759549,108757383
108759699,108757383
108759916,108757383
108760095,108757383
108760315,108757383
108760476,108757383
108760674,108757383
108760914,108757383
108761148,108757383
108761367,108757383
108761599,108757383
108761737,108757383
108761969,108757383
108762196,108757383
108762339,108757383
108762522,108757383
108762716,108757383
108762908,108757383
108763076,108757383
108763262,108757383
108763443,108757383
108763640,108757383
108763845,108757383
108764022,108757383
108764189,108757383
108764366,108757383
108764572,108757383
108764772,108757383
108764929,108757383
108765120,108757383
108765293,108757383
108765465,108757383
108765638,108757383
108765783,108757383
108765930,108757383
108766174,108757383
108766372,108757383
108766545,108757383
108766828,108757383
108766992,108757383
108767333,108757383
108767497,108757383
108768219,108777876
108768349,108739102
108768523,108777658
108785192,108730258
108800273,108799789
108801326,108667190
108809308,108739102
108809474,108777658
108809611,108777876
108813544,108756834
108814542,104400183
108815263,108815103
108815406,108815103
108815570,108815103
108819056,108818779
108819189,108818779
108822200,108697824
108832432,108832039
108832559,108832039
108833654,108664660
108835174,108730258
108836728,108836290
108837321,108837195
108837529,108773069
108839146,108730258
108839521,108787763
108839781,108730258
108840139,108839781
108843111,108842659
108843314,108842659
108843477,108842659
108843640,108842659
108843803,108842659
108843961,108842659
108844132,108842659
108844327,108842659
108844507,108842659
108844691,108842659
108844866,108842659
108845058,108842659
108853795,109511053
108855154,108854010
108856542,108730258
108856770,108855495
108857249,108848651
108858277,108730258
108858412,108730258
108858526,108730258
108858671,108680459
108858835,108730258
108859058,109553959
108860570,108857371
108861088,108680459
108861232,108822423
108861353,108848651
108861525,108680459
108861670,108680459
108861781,108730258
108861938,108855242
108862207,108848651
108862367,108680459
108862367,108790738
108862513,108855495
108863174,108790738
108863174,108848651
108863363,108680459
108863363,108790738
108863515,108822423
108863618,108680459
108863779,108680459
108863779,108790738
108863939,108680459
108864151,108822423
108864261,108822423
108864448,108822423
108864547,108822423
108864703,108822423
108864826,108713895
108865033,108855495
108865439,108790738
108865439,108848651
108865616,108680459
108865744,108680459
108865744,108790738
108865877,109481082
108866005,109481082
108866173,108730258
108866534,108654577
108866728,108848651
108866839,108700579
108867080,109481082
108867248,109481082
108867384,109481082
108867502,108848651
108867712,108730258
108867855,109481082
108868050,108680459
108868128,108652013
108868320,109481082
108868477,109481082
108868645,108730258
108868832,108655878
108869151,108859518
108869856,108680459
108869856,108790738
108870034,108790738
108870034,108848651
108870294,108680459
108870443,108680459
108870563,108680459
108870697,108680459
108870813,108730258
108870930,109553959
108871309,108855242
108871635,108848651
108871801,108680459
108871972,108680459
108872143,108680459
108872143,108790738
108872287,108730258
108872567,108857371
108872954,108848651
108873136,108680459
108873260,108680459
108873260,108790738
108873403,108855495
108873701,108848651
108873922,108857371
108874243,108848651
108874393,108855495
108874694,108848651
108874813,108680459
108874914,109368048
108875099,108700579
108875278,108848651
108875437,109481082
108875586,109481082
108875772,108855495
108875996,108848651
108876157,109481082
108876307,108700579
108876672,108848651
108876912,108680459
108877099,108321437
108877244,108855495
108877487,108848651
108877688,108859518
108878352,108680459
108878352,108790738
108878493,109481082
108878677,108680459
108878787,108848651
108879024,108680459
108879189,108680459
108879312,108680459
108879312,108790738
108879498,108680459
108879622,109368048
108879873,109398169
108879873,109564780
108880072,108730258
108880234,108857371
108881773,108730258
108881954,108848651
108882200,108805079
108882389,108680459
108882564,108811117
108882682,108680459
108882682,108790738
108882920,108811117
108883154,108811117
108883300,108811117
108883533,108811117
108883691,108811117
108883810,108680459
108883973,108695460
108884231,108680459
108884231,108790738
108884458,108680459
108884624,108680459
108884624,108790738
108884855,108680459
108885055,108680459
108885194,108680459
108885315,108680459
108885517,108680459
108885517,108790738
108885711,108680459
108885844,108680459
108885998,108680459
108886131,108680459
108886343,102996021
108886532,108680459
108886701,108680459
108886883,108811117
108887228,108811117
108887475,108680459
108887611,109481082
108887807,115607921
108888152,108848651
108888314,108680459
108888405,108680459
108888405,108790738
108888680,108788309
108888863,109553959
108889210,108730258
108889373,108859518
108890064,108680459
108890064,108790738
108890236,108848651
108890420,108680459
108890548,108680459
108890672,108680459
108890672,108790738
108890820,108680459
108890947,109368048
108891154,108700579
108891301,108855495
108891507,108848651
108891642,108855495
108892110,108680459
108892265,108680459
108892421,108848651
108892602,108680459
108892821,108730258
108892962,109484249
108893364,108860151
108893633,108848651
108893774,108855495
108894036,108680459
108894213,108848651
108894313,108860151
108894648,108848651
108894793,108860151
108894988,108860151
108895286,108848651
108895423,108680459
108895544,108860151
108895803,108848651
108895987,108680459
108896092,108860151
108896319,108848651
108896478,108860151
108896784,108848651
108896941,108680459
108896941,108790738
108897101,108664298
108897294,109553959
108897502,108811117
108897639,108680459
108897755,108811117
108897889,108680459
108898017,108680459
108898163,108859921
108899493,108680459
108899493,108790738
108899743,108811117
108899867,108680459
108900049,108680459
108900198,108680459
108900309,108811117
108900438,108680459
108900542,108680459
108900698,108680459
108900885,108680459
108901019,108680459
108901139,108680459
108901298,108680459
108901298,108790738
108901458,108680459
108901589,108848651
108901862,108680459
108901979,108822423
108902103,108680459
108902238,108680459
108902378,108680459
108902630,108811117
108902788,108680459
108902924,108822423
108903098,108811117
108903211,108680459
108903312,108680459
108903312,108790738
108903434,108680459
108903558,108680459
108903774,108680459
108903886,108680459
108903886,108790738
108904047,108680459
108904208,109481082
108904465,109368048
108904906,109368048
108905169,109368048
108905319,108787763
108905508,109368048
108905712,109368048
108905931,109481082
108906226,109481082
108906393,109481082
108906543,109481082
108906712,109481082
108906857,109481082
108907009,109368048
108907212,109481082
108907460,109368048
108907747,109481082
108907930,108700579
108908208,108848651
108908418,108680459
108908418,108790738
108908582,108680459
108908722,109481082
108908913,109481082
108909090,108700579
108909481,108848651
108909617,108700579
108909889,108848651
108910267,108680459
108910410,109481082
108910570,108698146
108910890,108680459
108911008,109481082
108911157,109481082
108911325,109481082
108911529,108700579
108911834,108848651
108911984,108680459
108911984,108790738
108912125,109481082
108912410,108788309
108912599,108788309
108912810,109481082
108913032,108700579
108913260,108790738
108913260,108848651
108913448,109481082
108913648,109481082
108913798,108700579
108914107,108848651
108914331,109481082
108914480,108700579
108914480,115607921
108914747,108848651
108914879,108854010
108915184,108730258
108915406,108822423
108915541,108848651
108915787,108822423
108915966,108680459
108916119,108680459
108916311,108730258
108916514,108730258
108916645,108854010
108916895,108848651
108917052,108855495
108917316,108848651
108917497,108680459
108917497,108790738
108917631,108855495
108917873,108848651
108918155,108730258
108918501,109553959
108918684,109553959
108918889,108854943
108919342,109481082
108919513,108848651
108919749,108680459
108919749,108790738
108919888,108680459
108919888,108790738
108920025,108822423
108920140,108855495
108920468,108790738
108920468,108848651
108920655,109481082
108920838,108700579
108921032,108848651
108921145,108855495
108921410,108848651
108921577,109481082
108921752,108854943
108922206,109368048
108922362,109481082
108922544,109368048
108922714,108790738
108922714,108848651
108922960,108680459
108922960,108790738
108923105,108680459
108923105,108790738
108923268,108680459
108923268,108790738
108923416,109398169
108923535,108854943
108923881,108848651
108924100,108680459
108924100,108790738
108924216,108680459
108924312,108680459
108924312,108790738
108924491,108680459
108924633,108854010
108926292,108854010
108926526,108854010
108926824,108730258
108926974,108811117
108927084,108680459
108927290,108848651
108927481,108693580
108927658,108680459
108927919,108680459
108927919,108790738
108928163,108680459
108928363,108680459
108928577,108680459
108928761,108680459
108928922,108680459
108929045,108680459
108929241,108811117
108929486,108822423
108929673,108822423
108929782,108680459
108929952,108680459
108930196,108680459
108930312,108680459
108930439,108680459
108930567,108680459
108930743,108680459
108930981,108680459
108930981,108790738
108931324,108680459
108931324,108790738
108931525,108680459
108931718,108680459
108931872,108680459
108932019,108680459
108932191,108680459
108932349,108680459
108932557,108680459
108932698,108680459
108932698,108835536
108932824,108680459
108932942,108730258
108933084,108707935
108933242,108730258
108933429,108730258
108933783,108730258
108933965,108730258
108934080,108700579
108934332,108859518
108934794,108680459
108934897,108848651
108935012,109481082
108935208,108855495
108935479,108848651
108935583,108790738
108935583,108822423
108935725,108855495
108936065,108848651
108936261,109481082
108936600,109481082
108936734,109481082
108936876,108700579
108937102,108848651
108937231,108854010
108937557,108730258
108937745,108790738
108937745,108848651
108938009,108680459
108938107,108680459
108938237,109368048
108938447,108790738
108938447,108822423
108938608,108855242
108940217,108786817
108940599,108940379
108940728,108940379
108940901,108940379
108941038,108940379
108941196,108786817
108941335,108940379
108941564,108940379
108941856,109593578
108942085,109481082
108942333,108822423
108942498,109481082
108942657,109481082
108942903,108707935
108943114,108848651
108943514,109467600
108943729,103482620
108943932,108822423
108944054,108707935
108944203,108680459
108944203,108790738
108944431,108680459
108944626,108680459
108944820,108680459
108945011,108680459
108945237,108730258
108945466,108730258
108945649,108730258
108945775,108730258
108945961,109634499
108946097,108680459
108946359,108680459
108946359,108790738
108946658,108680459
108946847,108680459
108947014,108707935
108947218,108822423
108947376,108680459
108947376,108790738
108947606,108822423
108947741,108730258
108947970,108786817
108948124,108730258
108948266,109553959
108948519,109481082
108948724,109558761
108948938,108730258
108949730,108730258
108949832,108730258
108950044,108747588
108950297,108700579
108950297,115607921
108951078,108790738
108951078,108822423
108951257,108730258
108951514,108680459
108951682,108730258
108951961,108822423
108952134,108730258
108952342,108730258
108952566,108848651
108953000,108822423
108953260,108795839
108953422,108680459
108953742,108680459
108953987,109467600
108954119,109467600
108954492,109467600
108954629,109467600
108954798,109467600
108955039,109467600
108955197,109467600
108955420,104614927
108955656,108680459
108955878,108680459
108955878,108790738
108956011,108680459
108956011,108790738
108956198,108730258
108956587,108754082
108956939,108730258
108957087,108730258
108957278,108680459
108957522,108730258
108957774,108516227
108958074,108713222
108958492,108730258
108958727,108730258
108958915,108680459
108959180,109553959
108959362,109193674
108959494,108854010
108961680,108680459
108961846,108680459
108961951,108961179
108962126,108680459
108962294,108961179
108962473,108680459
108962656,108680459
108962773,108961179
108962937,108961179
108963201,108680459
108963380,108680459
108963380,108790738
108963616,108680459
108963616,108790738
108963768,109481082
108963957,109481082
108964126,108961179
108964273,108680459
108964432,108961179
108964550,108961179
108964712,108848651
108965369,108808004
108965531,108822423
108965709,108680459
108965709,108790738
108965892,108822423
108966107,108961179
108966267,108680459
108966429,108961179
108966607,108680459
108966794,108680459
108966794,108790738
108966980,108680459
108967199,108961179
108967328,108961179
108967432,108707935
108967585,108961179
108967746,108680459
108967887,108680459
108968056,108680459
108968194,108961179
108968341,108680459
108968467,109481082
108968622,108961179
108968835,109481082
108969051,108961179
108969309,108680459
108969309,108790738
108969489,109398169
108969663,108822423
108969833,108961179
108970039,108680459
108970272,108961179
108970425,108680459
108970605,108961179
108970715,108961179
108970840,108961179
108971044,108680459
108971152,108680459
108971474,102996021
108971587,108680459
108971695,108700579
108971866,108854010
108972221,108680459
108972362,108848651
108972552,108680459
108972681,108786817
108972946,108855495
108973246,108848651
108973413,108854010
108973758,108854010
108974136,108854010
108974707,115607921
108974833,108730258
108975080,108730258
108975279,108848651
108975491,108854010
108975996,108811117
108976108,108680459
108976305,108854010
108976578,108848651
108976677,108680459
108976677,108790738
108976858,108680459
108976970,108848651
108977065,108730258
108977239,109481082
108977525,109481082
108977725,108730258
108977963,108859921
108978991,108707935
108979123,109618632
108979382,108730258
108980022,108979705
108980247,108680459
108980388,108680459
108980584,108852256
108980697,108979705
108980998,108822423
108981156,108790738
108981156,108852256
108981322,108680459
108981322,108790738
108981570,109481082
108981810,108979705
108981994,108852256
108982165,108822423
108982326,108979705
108982496,108852256
108982613,108680459
108982613,108790738
108982779,108979705
108983053,109481082
108983163,108790738
108983163,108852256
108983319,108707935
108983506,108707935
108983829,109368048
108984022,108822423
108984178,108979705
108984571,109481082
108984713,109553959
108984874,108852256
108984998,108979705
108985358,108848651
108985561,108680459
108985561,108790738
108985725,108822423
108985885,108822423
108986042,108680459
108986205,108680459
108986205,108790738
108986341,108852256
108986536,108680459
108986659,108979705
108986837,108852256
108986980,108979705
108987226,108852256
108987442,108680459
108987684,108979705
108987914,108852256
108988025,108680459
108988165,108822423
108988379,108707935
108988643,108730258
108988805,108852256
108988927,108700579
108990192,108848651
108990614,108990370
108990800,108852597
108991053,108990370
108991218,108852597
108991447,108822423
108991605,108990370
108991732,108852597
108991904,109481082
108992046,108990370
108992203,108790738
108992203,108852597
108992331,108990370
108992466,108852597
108992577,108990370
108992729,108852597
108992856,108707935
108992998,108852256
108993128,109481082
108993330,109558761
108993615,109368048
108993815,109368048
108994105,109368048
108994269,109368048
108994570,109368048
108994826,109368048
108994988,108700579
108995397,108848651
108995492,109368048
108995804,108707935
108996010,109481082
108996259,109481082
108996496,109481082
108996656,109368048
108996827,109368048
108997032,108700579
108997236,109375154
108997430,109375154
108997686,109375154
108997906,109368048
108998190,109368048
108998364,108700579
108998647,108848651
108998739,108700579
108998954,108848651
108999065,108788309
108999199,109481082
108999473,108700579
108999657,109368048
108999946,109368048
109000272,109368048
109000441,109368048
109000597,109368048
109000833,109368048
109001099,109368048
109001229,109481082
109001585,109481082
109001771,109481082
109001994,109481082
109002144,109481082
109002315,109481082
109002593,108700579
109003089,108848651
109003261,109481082
109003402,108730258
109003591,108854010
109004171,108811117
109004360,108848651
109004662,108680459
109004775,108680459
109004921,108680459
109005060,108680459
109005201,108822423
109005321,108700579
109005623,108848651
109005747,109553959
109006147,108857371
109006474,109481082
109006621,108848651
109006784,108857371
109007279,108848651
109007425,108680459
109007425,108790738
109007602,108854010
109007806,108854010
109008503,108848651
109008716,108822423
109008794,108680459
109008794,108790738
109009087,108680459
109009417,108680459
109009553,108680459
109009553,108790738
109009740,108680459
109009883,108680459
109010118,108822423
109010262,108857371
109010442,108855495
109010738,108848651
109010896,108859518
109011361,108848651
109011563,108680459
109011691,108680459
109011820,108859518
109012804,108811117
109012930,108680459
109012930,108790738
109013201,108680459
109013383,108848651
109013580,108680459
109013684,108680459
109013838,108680459
109013984,108680459
109014112,108680459
109014112,108790738
109014237,108680459
109014341,108680459
109014550,108680459
109014550,108790738
109014705,108680459
109014705,108790738
109014868,108680459
109015020,108680459
109015174,108680459
109015335,108680459
109015480,108680459
109015604,108680459
109015757,108730258
109016323,109481082
109017017,109481082
109017229,109481082
109018057,109017229
109018179,108747588
109028593,108854010
109030493,108680459
109030636,108707935
109030846,108848651
109031497,108678941
109031693,108701968
109031927,108696275
109032144,108693580
109032281,108693580
109032426,108693580
109032593,108693580
109032792,108696275
109033088,103939268
109033217,104400183
109033384,104400183
109033523,102961705
109033704,103831699
109034042,108710180
109034244,108680459
109034477,108680459
109034477,108790738
109034672,108680459
109034672,108790738
109034903,108680459
109035097,108680459
109035306,108680459
109035492,108822423
109035657,108822423
109035823,108680459
109035998,108680459
109035998,108790738
109036175,108829657
109036318,108680459
109036487,108680459
109036678,108680459
109036678,108790738
109036996,108680459
109036996,108790738
109037183,108680459
109037399,108680459
109037539,108680459
109037691,108680459
109037845,108822423
109038029,108790738
109038029,108822423
109038175,108680459
109038333,108680459
109038469,108701968
109038600,108701968
109038773,108701968
109038924,108701968
109039049,108730258
109039319,108701968
109039476,108701968
109039639,108701968
109039780,108701968
109039945,108730258
109040222,108701968
109040502,108701968
109040747,108701968
109040877,108701968
109041195,108822423
109041362,108701968
109041613,108822423
109041853,108701968
109042032,108701968
109042169,108701968
109042354,109467600
109042514,108730258
109042647,108730258
109042802,108701968
109042940,109523547
109043052,108730258
109043221,108701968
109043331,108701968
109043545,108701968
109043753,108701968
109043901,108680459
109044017,108822423
109044127,108730258
109044282,108730258
109044437,108701968
109044641,108730258
109044819,104614927
109045018,109481082
109045245,109481082
109045371,109481082
109045510,109368048
109045763,109481082
109045888,108854010
109046228,108730258
109046414,108822423
109046526,108848651
109046723,108854010
109047238,108790738
109047238,108848651
109047447,108680459
109047447,108790738
109047568,108680459
109047568,108790738
109047704,108680459
109047704,108790738
109047831,108822423
109047991,108680459
109047991,108790738
109048144,108854010
109049424,108730258
109049604,109467225
109049919,109509097
109050108,108707935
109050236,108680459
109050377,108790738
109050377,108822423
109050478,103029676
109050646,108848651
109050816,108707935
109051021,108680459
109051021,108790738
109051273,109368048
109051542,109368048
109051767,109481082
109051918,109481082
109052061,109481082
109052183,109481082
109052369,109368048
109052506,108714228
109053198,108822423
109053304,108822423
109053436,108848651
109053547,108680459
109053547,108790738
109053673,108829657
109053821,108680459
109053821,108790738
109053978,109481082
109054142,109054377
109054509,108700579
109054697,109553959
109054883,108713222
109055117,108855495
109055876,108646509
109056035,108646509
109056220,108680459
109056220,108790738
109056490,108680459
109056666,108790738
109056666,108848651
109056974,108829657
109057182,108680459
109057384,108680459
109057511,108822423
109057610,108680459
109057809,108680459
109058080,108822423
109058237,108680459
109058410,104261341
109058568,108857371
109060092,108811117
109060212,108811117
109060337,108811117
109060459,108730258
109060606,108811117
109060759,108730258
109060900,108730258
109061055,108680459
109061168,108680459
109061303,108680459
109061452,108680459
109061688,108680459
109061931,108680459
109062085,108680459
109062208,108680459
109062349,108680459
109062547,108680459
109062674,108680459
109062770,108811117
109062901,108811117
109063002,108811117
109063129,108811117
109063283,108811117
109063462,108811117
109063567,108811117
109063674,108811117
109063799,109467600
109063922,108811117
109064024,108857371
109064459,108848651
109064602,108857371
109065053,108848651
109065282,108700579
109065924,109481082
109066185,109481082
109066415,109481082
109066630,109481082
109066783,109481082
109066909,109481082
109067230,108811117
109067412,108848651
109067626,108680459
109067799,108680459
109067923,108680459
109067923,108790738
109068087,108730258
109068395,108857371
109069148,108848651
109069329,108680459
109069329,108790738
109069453,108680459
109069595,108680459
109069739,108680459
109069880,108680459
109070006,108680459
109070154,108680459
109070263,108680459
109070407,108680459
109070552,108713222
109070795,108680459
109070952,108730258
109071160,108857371
109071919,108848651
109072139,108680459
109072139,108790738
109072299,108680459
109072576,108680459
109072743,108680459
109072885,108730258
109073098,108730258
109073386,108680459
109073510,108730258
109073837,108680459
109074042,108730258
109074558,108680459
109075210,108730258
109075588,108730258
109075955,108730258
109076507,108680459
109076651,108730258
109076948,108680459
109077182,108680459
109077400,108730258
109077656,108330437
109077914,108680459
109078088,109368048
109078429,109481082
109078631,109481082
109079099,109481082
109079320,109481082
109079557,108857371
109080884,108680459
109081055,108848651
109081293,108680459
109081462,108680459
109081591,108680459
109081730,108680459
109081730,108790738
109081945,108680459
109081945,108790738
109082107,109481082
109082284,108680459
109082415,109368048
109082637,108680459
109082637,108790738
109082817,108680459
109083011,108680459
109083011,108790738
109083276,108680459
109083424,108680459
109083554,108680459
109083681,108680459
109083681,108790738
109083955,108680459
109084105,108680459
109084267,108680459
109084405,109638537
109084601,109368048
109084792,109481082
109084910,108857371
109085272,108848651
109085402,108680459
109085560,108829657
109085807,108680459
109085917,108855495
109086306,108848651
109086466,108680459
109086466,108790738
109086657,108680459
109086657,108790738
109086826,108680459
109086967,108857371
109087279,108848651
109087446,108730258
109087646,108854010
109090273,108848651
109090789,108797998
109091006,108797998
109091156,108710180
109091340,108710180
109091489,104400183
109091659,108797998
109091800,109481082
109091907,104400183
109092046,108822423
109092265,108680459
109092265,108790738
109092427,108680459
109092427,108790738
109092601,108790738
109092601,108822423
109092945,108680459
109092945,108790738
109093114,108822423
109093249,108822423
109093407,108790738
109093407,108822423
109093603,108680459
109093733,108790738
109093733,108822423
109093935,108680459
109094058,108680459
109094058,108790738
109094231,108680459
109094402,108680459
109094588,108680459
109094588,108790738
109094751,108680459
109094864,108680459
109094864,108790738
109095006,108680459
109095169,108680459
109095349,108680459
109095605,108680459
109095750,108680459
109095750,108790738
109095918,108680459
109096106,108680459
109096233,108822423
109096374,108680459
109096574,108822423
109096783,108822423
109096956,108730258
109097192,109097317
109097964,109097317
109098126,109097317
109098272,109097317
109098444,109097317
109098628,109097317
109098729,109097317
109098893,109097317
109099044,109097317
109099262,109097317
109099393,109097317
109099539,109618632
109099753,109097317
109099949,109481082
109100135,109097317
109100250,109097317
109100366,109097317
109100531,109097317
109100682,109097317
109100867,109097317
109101006,109097317
109101144,109097317
109101144,109481082
109101363,109097317
109101503,108730258
109101619,109097317
109101730,109097317
109101846,109097317
109102009,109097317
109102144,109097317
109102298,109097317
109102481,108730258
109102738,108730258
109102880,109097317
109103030,108730258
109103197,108730258
109103449,108855495
109103625,108848651
109103741,108855495
109103962,108790738
109103962,108848651
109104107,108855495
109104484,108848651
109104635,108680459
109104732,108680459
109104829,108700579
109105100,108848651
109105239,108855495
109105537,108790738
109105537,108848651
109105692,108855495
109105947,108848651
109106075,108730258
109106266,108859518
109106624,108790738
109106624,108848651
109106878,108527377
109107013,108854010
109107647,108848651
109107945,108680459
109108140,108680459
109108317,108680459
109108559,108680459
109108697,108680459
109108817,108680459
109108987,108680459
109109188,108680459
109109295,108811117
109109423,108730258
109109687,108730258
109109867,109368048
109110100,108854010
109110333,108848651
109110538,109481082
109110766,108788309
109110939,108680459
109111061,109481082
109111234,108854010
109111506,108790738
109111506,108848651
109111739,109368048
109111967,109368048
109112179,108730258
109112353,108822423
109112531,109553959
109112876,108654577
109112992,108857371
109112992,115607921
109113326,108848651
109113555,108857371
109113555,115607921
109113899,108848651
109114088,108680459
109114088,108790738
109114253,108680459
109114419,108680459
109114540,108680459
109114540,108790738
109114734,108857371
109115038,108848651
109115186,108730258
109115355,108857371
109115780,108848651
109115967,108680459
109115967,108790738
109116186,108680459
109116308,108680459
109116308,108790738
109116509,108705797
109116804,108855495
109117079,108848651
109117228,108855495
109117469,108790738
109117469,108848651
109117657,108855495
109118076,108848651
109118340,108680459
109118340,108790738
109118525,108854010
109118820,108848651
109118964,108854010
109119379,108848651
109119607,108855242
109119883,108848651
109120001,109481082
109120218,108855495
109120496,108848651
109120641,108855495
109120982,108680459
109121126,108848651
109121275,108680459
109121400,108857371
109121860,108680459
109122016,108848651
109122146,108707935
109122335,108707935
109122806,109553959
109123426,109123051
109123589,109123051
109123752,109123051
109123924,109123051
109124122,109054377
109124122,109123051
109124323,109123051
109124475,109123051
109124668,109123051
109124855,109123051
109125060,109123051
109125266,109123051
109125480,109123051
109125743,109123051
109125952,109481082
109126148,108700579
109126372,108848651
109126495,108855495
109126855,108848651
109126982,108680459
109127136,109481082
109127305,108700579
109127544,108848651
109127717,108855495
109128073,108848651
109128226,109481082
109128381,108700579
109128585,108790738
109128585,108848651
109128765,108714228
109128765,108854010
109129022,108848651
109129136,108822423
109129301,108730258
109129588,108730258
109129790,108857371
109130034,108848651
109130202,108855495
109130709,108680459
109130709,108790738
109130859,108822423
109130986,108680459
109131111,108680459
109131240,108680459
109131367,108848651
109131533,108680459
109131755,108730258
109131947,108855495
109132326,108680459
109132326,108790738
109132476,108848651
109132615,108707935
109132836,109481082
109133070,109481082
109133257,109481082
109133443,108700579
109133842,108680459
109133842,108790738
109133986,108680459
109134124,108848651
109134252,108855495
109134569,108848651
109134698,108855495
109135112,108848651
109135271,108680459
109135409,108680459
109135545,108680459
109135545,108790738
109135759,108680459
109135915,108680459
109136047,108857371
109136376,108790738
109136376,108848651
109136558,108730258
109136843,108857371
109137740,108680459
109137896,108680459
109138018,108848651
109138194,108680459
109138411,108680459
109138560,108680459
109138698,108680459
109138981,109368048
109139194,108700579
109139371,108859518
109139695,108790738
109139695,108848651
109139849,108730258
109140082,108859518
109140618,108680459
109140768,108822423
109140906,108848651
109141147,103441026
109141328,109368048
109141668,109481082
109141842,109481082
109141948,109481082
109142151,109481082
109142272,108700579
109142774,108848651
109142950,108680459
109143065,108680459
109143209,108680459
109143317,109638537
109143480,109481082
109143625,108854010
109144162,108848651
109144331,108680459
109144470,108680459
109144613,108680459
109144799,108680459
109144799,108790738
109145067,108680459
109145179,108680459
109145280,108680459
109145389,108680459
109145514,108680459
109145624,109553959
109145845,108854010
109146402,109481082
109146616,109481082
109146781,109368048
109147015,108680459
109147123,108790738
109147123,108848651
109147431,108680459
109147431,108790738
109147583,108680459
109147583,108790738
109147748,109553959
109147962,108857371
109148319,108790738
109148319,108848651
109148480,108700579
109148936,109481082
109149125,108848651
109149273,109481082
109149416,109481082
109149566,109481082
109149722,108700579
109149974,108790738
109149974,108848651
109150144,108700579
109150437,109481082
109150669,108848651
109150810,108788309
109151054,109481082
109151316,108680459
109151457,109368048
109151635,109368048
109151825,109368048
109151968,109368048
109152123,109368048
109152306,109481082
109152615,108700579
109152876,108848651
109153002,108707935
109153191,108790738
109153305,108854010
109153632,108848651
109153793,108700579
109154182,108848651
109154289,109481082
109154433,108857371
109155016,108848651
109155235,109155016
109155484,108680459
109155685,108822423
109155847,108680459
109155847,108790738
109156026,108680459
109156133,108680459
109156263,108730258
109156263,109618632
109156536,108730258
109156883,108855495
109157139,108790738
109157139,108848651
109157305,109481082
109157504,108700579
109157735,108790738
109157735,108848651
109157892,108855495
109158153,108790738
109158153,108848651
109158331,109481082
109158508,108848651
109158508,108857371
109158831,109368048
109159088,108700579
109159306,108848651
109159415,108855495
109159708,108790738
109159708,108848651
109159904,108680459
109160009,109553959
109160337,108855495
109161127,108848651
109161317,108680459
109161317,108790738
109161520,108680459
109161709,108680459
109161862,108680459
109161862,108790738
109162039,108811117
109162228,108811117
109162456,108811117
109162757,108786817
109162972,108811117
109163071,109398169
109163201,108680459
109163309,108680459
109163506,108700579
109163704,108713222
109164174,108700579
109164808,108714228
109164982,108848651
109165272,108680459
109165409,108680459
109165539,108730258
109165906,108680459
109166067,108680459
109166187,108646509
109166389,108680459
109166543,108680459
109166644,108730258
109167345,108700579
109168403,108730258
109168545,109167345
109168668,109167137
109169122,108680459
109169343,108680459
109169537,108680459
109169806,108680459
109169806,108790738
109170076,108680459
109170257,108680459
109170473,108680459
109170695,108680459
109170695,108790738
109170914,108680459
109171094,108680459
109171256,108680459
109171383,108680459
109171598,108680459
109171751,108680459
109171901,108680459
109172037,108680459
109172152,109481082
109172341,109553959
109172518,108854010
109172885,108848651
109173046,108680459
109173187,108680459
109173289,108822423
109173677,109173481
109173932,108790738
109173932,108848651
109174137,108680459
109174300,108730258
109174476,109173481
109174755,108790738
109174755,108848651
109175005,108680459
109175126,108680459
109175232,109173481
109175490,108680459
109175697,108848651
109175894,108680459
109176010,108854010
109176274,108848651
109176403,108700579
109176884,109553959
109177077,108730258
109177331,108848651
109177523,108680459
109177656,108730258
109177789,108680459
109177963,108680459
109177963,108790738
109178141,108680459
109178303,108680459
109178448,108680459
109178448,108790738
109178611,108680459
109178744,108680459
109178969,108857371
109178969,115607921
109179492,108848651
109179624,108857371
109179888,108790738
109179888,108848651
109180109,108730258
109180330,108857371
109180676,108848651
109180837,115607921
109181031,108811117
109181174,108857371
109181567,108848651
109181747,108680459
109181888,108857371
109182240,108848651
109182409,108857371
109182761,108848651
109182951,108700579
109183260,108848651
109183417,109553959
109183591,109553959
109183724,108857371
109183997,108848651
109184126,108680459
109184290,108730258
109184577,108854010
109184780,108854010
109185927,108848651
109186128,109368048
109186304,109481082
109186432,109481082
109186649,108680459
109186649,108790738
109186911,108680459
109186911,108790738
109187044,108680459
109187044,108790738
109187188,108680459
109187323,108680459
109187664,108680459
109187820,108680459
109187959,108680459
109187959,109184780
109188075,108680459
109188075,108790738
109188241,108680459
109188372,108680459
109188550,108680459
109188550,108790738
109188753,108680459
109188921,108707935
109189140,108680459
109189314,108707935
109189523,108707935
109189665,108730258
109189828,108730258
109189938,108680459
109190104,109481082
109190302,108527377
109190302,109564780
109190703,108730258
109190918,108855495
109191345,108707935
109191557,108707935
109191682,108848651
109191854,108680459
109191939,108680459
109191939,108790738
109192068,108680459
109192224,108859518
109192533,108790738
109192533,108848651
109192705,108855495
109192973,108848651
109193125,108854010
109193804,108848651
109193966,108680459
109194087,108680459
109194326,108822423
109194464,108680459
109194600,108680459
109194816,108857371
109195296,109194816
109195419,108848651
109195782,108680459
109195898,108680459
109195898,108790738
109196046,108855495
109196463,108790738
109196463,108848651
109196649,108680459
109196801,108730258
109196954,109481082
109197128,108680459
109197231,108680459
109197348,108680459
109197447,108680459
109197447,108790738
109197594,109558761
109197791,108757383
109197948,108857371
109198376,108790738
109198376,108848651
109198629,108700579
109198890,108855495
109199334,108790738
109199334,108848651
109199487,108680459
109199596,108680459
109199687,108680459
109199789,108680459
109199956,108680459
109199956,108790738
109200114,108713222
109200507,108730258
109200777,108730258
109200928,108700579
109201816,108822423
109201992,108680459
109202118,108848651
109202356,108680459
109202356,108790738
109202515,108822423
109202716,108822423
109202888,109611512
109203099,108680459
109203302,108680459
109203730,108680459
109203839,108680459
109203839,108790738
109203968,108680459
109204203,108680459
109204452,108730258
109204580,108855495
109204939,108811117
109205084,108822423
109205330,108680459
109205454,108848651
109205622,108680459
109205718,108857371
109206064,108848651
109206242,108680459
109206242,108790738
109206390,108859921
109209645,108730258
109209855,108730258
109210481,108730258
109210904,108730258
109211200,108730258
109211879,108730258
109212365,108730258
109212896,108730258
109213270,109212365
109213387,108730258
109213570,108730258
109213772,108730258
109213986,109206390
109214324,108730258
109214532,108730258
109214716,108730258
109214882,108812258
109215506,108852597
109215652,108680459
109215815,108822423
109215938,108822423
109216055,108680459
109216185,108680459
109216185,108790738
109216321,108822423
109216502,108822423
109216620,108822423
109216720,108812258
109217491,108852597
109217611,108680459
109217760,108822423
109217983,108822423
109218181,108822423
109218382,108790738
109218542,109553959
109218726,109368048
109218875,109481082
109219016,108812258
109219635,108822423
109219776,108680459
109219924,108795223
109219924,108822423
109220081,108852597
109220340,108822423
109220440,108710180
109220546,108680459
109220830,108822423
109220979,108812258
109221453,108822423
109221588,108822423
109221736,108822423
109221888,108822423
109221992,108852597
109222192,108822423
109222327,108822423
109222480,108812258
109223727,108680459
109223896,108648950
109224032,108680459
109224190,108822423
109224297,108680459
109224503,108680459
109224673,108680459
109224837,108822423
109224971,108680459
109225189,108680459
109225385,108680459
109225385,108795223
109225669,108693580
109225799,108822423
109225983,108680459
109225983,108790738
109226187,108822423
109226313,108680459
109226448,108822423
109226580,108680459
109226685,108852597
109226910,108680459
109227047,108680459
109227047,108795223
109227276,108680459
109227276,108795223
109227618,108693580
109227736,108680459
109227968,108822423
109228094,108822423
109228253,108680459
109228384,108822423
109228518,108680459
109228667,109481082
109228881,108822423
109229020,108812258
109229472,108822423
109229629,108680459
109229858,108852597
109230071,108680459
109230195,108812258
109230562,109210046
109230727,108680459
109230727,108790738
109230878,108822423
109230996,108852597
109231221,108680459
109231375,108822423
109231558,108680459
109231668,108812258
109231953,109210046
109232091,108852597
109232221,108680459
109232345,108709020
109232651,108848651
109233104,109232651
109233207,109467600
109233429,108709275
109233548,108812258
109234476,108822423
109234675,108680459
109234899,108822423
109235003,108822423
109235123,108680459
109235123,108795223
109235307,108822423
109235449,108822423
109235562,108680459
109235562,108795223
109235803,108680459
109236005,108680459
109236150,108822423
109236296,108795223
109236296,108822423
109236461,108822423
109236572,108822423
109236699,108680459
109236872,108680459
109237035,108852597
109237194,108680459
109237194,108795223
109237361,108822423
109237553,108648950
109237707,108812258
109238292,109210046
109238427,108822423
109238569,108852597
109238876,108822423
109239005,108680459
109239160,108795223
109239160,108822423
109239304,108680459
109239304,108795223
109239450,108680459
109239575,108822423
109239715,108680459
109239715,108790738
109239871,108822423
109239996,108822423
109240125,108812258
109240555,108822423
109240685,108790738
109240685,108852597
109240902,108797596
109241054,109368048
109241413,109481082
109241655,109481082
109241783,109481082
109241914,109481082
109242054,109481082
109242181,109481082
109242323,109481082
109242464,109481082
109242692,108795839
109242899,109375154
109243138,108812258
109243491,108852597
109243619,108822423
109243761,108822423
109243886,108822423
109243989,108822423
109244089,108822423
109244204,108822423
109244326,108822423
109244471,108812258
109244926,108822423
109245089,108822423
109245193,108822423
109245328,108680459
109245328,108790738
109245597,108680459
109245733,108822423
109245904,108822423
109246030,108680459
109246151,108680459
109246253,108822423
109246438,108852597
109246570,108822423
109246705,108812258
109247078,108822423
109247198,108680459
109247323,108680459
109247430,108680459
109247430,108795223
109247582,108852597
109247819,108822423
109247956,108822423
109248059,108680459
109248162,108812258
109248529,108822423
109248655,108680459
109248813,108680459
109248914,108822423
109249015,108852597
109249146,108822423
109249267,108822423
109249372,108822423
109249470,108680459
109249619,108812258
109250044,108822423
109250199,108822423
109250349,108822423
109250459,108680459
109250619,108822423
109250781,108822423
109250920,108852597
109251094,108680459
109251244,108812258
109251636,108822423
109251743,108852597
109251894,108680459
109252035,108680459
109252240,108822423
109252383,108822423
109252501,108730258
109252672,108707935
109252938,108812258
109253423,108822423
109253536,108852597
109253676,108822423
109253806,108822423
109253912,108822423
109254047,108680459
109254047,108795223
109254490,108680459
109254635,108812258
109254987,108852597
109255113,108822423
109255237,108822423
109255352,108822423
109255480,108822423
109255637,108680459
109255773,108812258
109256175,109210046
109256312,108822423
109256436,108852597
109256600,108680459
109256600,108790738
109256800,103475883
109257010,108822423
109257138,108822423
109257242,108812258
109257854,109210046
109258042,108852597
109258380,108795839
109258481,108693580
109258634,109467600
109258789,108797998
109258955,108680459
109259194,108822423
109259405,108822423
109259609,108822423
109259813,108822423
109259951,108822423
109260059,108680459
109260223,108680459
109260379,109553959
109260536,109553959
109260710,102996021
109260840,109481082
109260944,109481082
109261073,108822423
109261237,108527377
109261450,109392259
109261616,108680459
109261763,108822423
109261878,108812258
109262462,108790738
109262462,108822423
109262605,108680459
109262776,108680459
109262776,108790738
109263072,108680459
109263219,108680459
109263364,108795223
109263364,108822423
109263509,108822423
109263615,108822423
109263700,108852597
109263877,108822423
109264021,108822423
109264135,108795223
109264135,108822423
109264264,108822423
109264398,108812258
109264805,108822423
109264907,108680459
109264907,108790738
109265045,108822423
109265171,108822423
109265273,108680459
109265502,108822423
109265607,108822423
109265767,108852597
109266038,108832861
109266193,108822423
109266333,108812258
109266872,108822423
109267002,108822423
109267135,108822423
109267292,108822423
109267401,108852597
109267554,108822423
109267658,108822423
109267788,108822423
109267892,108822423
109268219,108812258
109268797,108822423
109268946,108822423
109269058,108822423
109269214,108680459
109269356,108852597
109269542,108680459
109269749,108822423
109269890,108822423
109270104,108680459
109270104,108790738
109270428,108822423
109270533,108680459
109270642,108812258
109271072,108822423
109271214,108680459
109271370,108822423
109271498,108822423
109271666,108852597
109271819,108822423
109271930,108812258
109272264,108822423
109272375,108852597
109272592,108822423
109272722,108680459
109272915,108812258
109273279,108852597
109273434,108680459
109273663,108680459
109273861,108812258
109274160,109210046
109274303,108852597
109274504,108680459
109274672,108790738
109274672,108822423
109274831,108812258
109275298,109210046
109275469,108680459
109275634,108852597
109275819,108680459
109275945,108680459
109276091,108680459
109276223,108822423
109276374,108680459
109276513,108822423
109276676,108680459
109276784,108822423
109276977,109398169
109277116,109481082
109277411,108812258
109278037,108680459
109278200,108822423
109278368,108822423
109278478,108822423
109278608,108822423
109278732,108822423
109278936,108822423
109279040,108852597
109279210,108822423
109279321,108822423
109279449,109481082
109279616,108527377
109279858,108654577
109280091,108812258
109280949,109210046
109281109,108852597
109281301,108680459
109281435,108822423
109281613,102996021
109281866,102996021
109282103,108680459
109282103,108795223
109282815,108696275
109283022,108696275
109283221,108693580
109283367,109481082
109283608,108696275
109283953,102810336
109284115,102810336
109284244,108772079
109284348,108693580
109284472,108693580
109284633,108693580
109284828,108822423
109284950,104400183
109285100,104400183
109285272,104400183
109285411,108693580
109285556,108693580
109285793,104400183
109285982,108709275
109286200,108696275
109286406,108696275
109286602,109611512
109286753,109405720
109286877,109530731
109287024,103822724
109287254,109481082
109287467,108822423
109287614,102737797
109287843,108680459
109287986,108822423
109288099,108822423
109288270,108680459
109288457,108680459
109288608,108680459
109288782,108680459
109288919,108680459
109289051,108822423
109289205,108822423
109289629,108812258
109290226,109210046
109290402,109398169
109290549,109398169
109290662,109398169
109290849,109398169
109290849,109564780
109291089,109379052
109291232,108852597
109291428,108822423
109291589,108822423
109291760,108680459
109291924,108680459
109292079,108822423
109292196,108822423
109292335,108680459
109292512,108680459
109292637,108822423
109292774,108680459
109292955,108812258
109293239,108852597
109293446,108680459
109293596,108812258
109293995,108680459
109294142,108822423
109294257,108680459
109294426,108680459
109294544,108852597
109294748,108680459
109294867,108822423
109294971,108680459
109295096,108680459
109295197,108812258
109295604,108822423
109295714,108822423
109295817,108822423
109295918,108822423
109296025,108822423
109296148,108852597
109296329,108680459
109296561,108812258
109296941,108822423
109297077,108680459
109297220,108822423
109297352,108822423
109297472,108680459
109297472,108795223
109297779,108852597
109297963,108812258
109298490,109210046
109298634,108680459
109298777,108822423
109298881,108822423
109299082,108680459
109299082,108795223
109299225,108822423
109299368,108852597
109299529,108822423
109299628,108680459
109299817,108680459
109300217,108680459
109300564,108680459
109300667,108812258
109300976,109210046
109301118,108852597
109301349,108680459
109301536,108812258
109301913,109210046
109302060,108852597
109302240,108680459
109302240,108790738
109302378,108822423
109302510,108822423
109302637,108812258
109303070,108822423
109303198,108852597
109303388,108822423
109303539,108680459
109303683,108812258
109304135,108680459
109304240,108822423
109304347,108822423
109304448,108822423
109304559,108680459
109304685,108680459
109304863,108852597
109305092,108812258
109306247,108680459
109306344,108680459
109306460,108680459
109306590,108852597
109306778,108680459
109306894,108680459
109306894,108795223
109307122,108822423
109307222,108680459
109307359,108680459
109307546,108822423
109307690,108680459
109307896,108680459
109308057,108822423
109308178,109481082
109308303,108680459
109308456,108680459
109308456,108790738
109308688,108680459
109308688,108795223
109308822,108680459
109308946,108822423
109309042,108822423
109309158,108822423
109309260,108680459
109309356,108822423
109309456,108680459
109309607,108822423
109309748,108680459
109309961,108822423
109310088,108822423
109310221,108822423
109310318,108822423
109310450,108680459
109310549,108680459
109310683,108812258
109311147,108822423
109311261,108680459
109311380,108852597
109311607,108812258
109311932,108852597
109312095,108822423
109312202,108822423
109312335,108680459
109312544,108822423
109312643,108812258
109313613,109210046
109313766,108852597
109314003,108822423
109314167,108829657
109314381,108680459
109314381,108790738
109314582,108680459
109314582,108790738
109314833,108680459
109314935,108680459
109314935,108790738
109315130,108680459
109315235,108680459
109315519,109393829
109315682,108829657
109315799,108822423
109315937,108822423
109316120,108702656
109316310,108829657
109316509,104143354
109316684,108812258
109317339,108795223
109317339,108822423
109317479,108795223
109317479,108822423
109317642,108822423
109317769,108852597
109317947,108680459
109317947,108795223
109318377,108680459
109318501,108680459
109318675,108822423
109318835,108822423
109318969,108822423
109319076,108812258
109319493,108680459
109319599,108852597
109319787,108680459
109319896,108822423
109320042,108680459
109320196,108822423
109320467,108680459
109320690,108680459
109320822,108680459
109320964,108812258
109321371,108822423
109321473,108822423
109321582,108680459
109321712,108822423
109321840,108852597
109322084,108680459
109322317,108680459
109322465,108822423
109322605,108822423
109322713,108822423
109322819,108812258
109323350,108680459
109323479,108852597
109323663,108822423
109323762,108822423
109323860,108822423
109323972,108822423
109324099,108859518
109324375,108848651
109324579,108700579
109324772,108848651
109324894,108742860
109324894,108854010
109325256,108680459
109325256,108700579
109325256,108854010
109325457,109618632
109325661,108859518
109326134,108848651
109326272,108680459
109326272,108790738
109326439,108680459
109326439,108790738
109326661,108680459
109326661,108790738
109326813,108680459
109326935,108680459
109327050,108857371
109327442,108857371
109327702,108857371
109327953,108848651
109328099,108680459
109328275,108680459
109328275,108790738
109328419,108857371
109328761,108680459
109328761,108790738
109329004,108680459
109329004,108790738
109329166,108680459
109329166,108790738
109329349,108848651
109329498,108855495
109329881,108848651
109330012,108730258
109330189,108730258
109330419,108730258
109330641,108730258
109330787,108730258
109330986,108855495
109331390,108848651
109331537,108680459
109331652,108660429
109331905,108660429
109332078,108660429
109332325,108660429
109332581,108660429
109332696,108660429
109332904,108660429
109333027,108660429
109333193,108660429
109333322,108660429
109333576,108660429
109333709,108660429
109333818,108660429
109333947,108660429
109334126,108660429
109334311,108660429
109334492,108660429
109334667,108660429
109334822,108660429
109335030,108660429
109335238,108660429
109335410,108660429
109335594,108660429
109335708,108660429
109335887,108660429
109336018,108660429
109336145,108660429
109336335,108660429
109336532,108730258
109336686,108660429
109336803,108660429
109336962,108660429
109337075,108660429
109337340,108660429
109337469,108660429
109337675,109638537
109337829,109638537
109338067,109638537
109338218,109638537
109338373,109638537
109338529,109638537
109338649,109638537
109338801,109638537
109338991,109638537
109339099,109638537
109339405,109638537
109339542,109638537
109339700,109638537
109339865,109638537
109340035,109481082
109340035,109638537
109340279,109481082
109340462,109638537
109340566,109638537
109340728,109638537
109340852,109638537
109341007,109638537
109341206,109638537
109341354,109638537
109341500,109638537
109341636,109638537
109341898,108730258
109342134,109638537
109342392,108730258
109342561,108730258
109350191,109576673
109350352,109379956
109350850,109576673
109351345,109524935
109351548,109524935
109351735,109524935
109351884,109576673
109352064,109568950
109352235,109568950
109352546,109592047
109352772,109592047
109353057,109393829
109353574,109419224
109355870,109576673
109356038,109576673
109356285,109553959
109356443,109568950
109356625,109385451
109356729,109385451
109356871,109568950
109357136,109576673
109357935,109385451
109358096,109609473
109358520,109568950
109358873,109568950
109359101,109385451
109359535,109576673
109359778,109499088
109359959,109641246
109360266,109576673
109360465,109524935
109360617,109379956
109360774,109568950
109361415,109417580
109361576,109576673
109361804,109641246
109362089,109524935
109362250,109419224
109362718,109541234
109362916,109553959
109363158,109385451
109364688,109417580
109364810,109576673
109365035,109568950
109365371,109372955
109365497,109568950
109365910,109417580
109366036,109417580
109366338,109417580
109366481,109417580
109366601,109592047
109366799,109592047
109367006,109576673
109367228,109524935
109367413,109576673
109367677,109576673
109369217,109541234
109369574,109453317
109369847,109417580
109370143,109576673
109370386,109417580
109370542,109509223
109370628,109576673
109370946,109576673
109371541,109419224
109373404,109626973
109373555,109541234
109374528,109593578
109374638,109568950
109375348,109417580
109375558,109419224
109376027,109568950
109376236,109576673
109376443,109576673
109376982,109592047
109377227,109493596
109377368,109568950
109377546,109592047
109378714,109592047
109380734,109379956
109380880,109379956
109381073,109379956
109381260,109379956
109381817,109592047
109383163,109592047
109383344,109611512
109383459,109568950
109383730,109609473
109383848,109609473
109384112,109616351
109384239,109372749
109384427,109576673
109384815,109384620
109384955,109576673
109386104,109379956
109386281,109592047
109387123,109448563
109387261,109568950
109387706,109592047
109388574,109466736
109388706,109568950
109390590,109379956
109390984,109524935
109391146,109417580
109391627,109611512
109392103,109626973
109392564,109576673
109393039,109576673
109393348,109551953
109393669,109478344
109394781,109379956
109394920,109524935
109395100,109417580
109395717,109450527
109395815,109576673
109396041,109576673
109396215,109618632
109396344,109576673
109396619,109641246
109396980,109493596
109397141,109417580
109397295,109417580
109397443,109417580
109397588,109616351
109397738,109568950
109398558,109564780
109398828,109379956
109398945,109576673
109399108,109453317
109399210,109564780
109399359,109398169
109399527,109398169
109399718,109398169
109399943,109553959
109400187,109417580
109400368,109592047
109400551,109417580
109400724,109403775
109400896,109568950
109401549,109568950
109401877,109493596
109402100,109417580
109402222,109527858
109402503,109454992
109402898,109568950
109403147,109568950
109404054,109493596
109404524,109417580
109404745,109417580
109404882,109372955
109404980,109417580
109405362,109417580
109405520,109524935
109406185,109576673
109406530,109576673
109407007,109576673
109407260,109493596
109407449,109493596
109407593,109493596
109407702,109493596
109407898,109379956
109408108,109524935
109409176,109553959
109409324,109592047
109409465,109576673
109409863,109417580
109411153,109576673
109412435,109576673
109412984,109568950
109413231,109576673
109414007,109576673
109414605,109576673
109414754,109618632
109415140,109417580
109415267,109576673
109415818,109417580
109416421,109524935
109416688,109576673
109416883,109576673
109417376,109493596
109420378,109611512
109420531,109576673
109420792,109509223
109421273,109592047
109421751,109417580
109421890,109524935
109422039,109417580
109423197,109616861
109423984,109417580
109424354,109642285
109425746,109576673
109426015,109551953
109426212,109568950
109426690,109641246
109427098,109417580
109427695,109576673
109428087,109576673
109428227,109493596
109428629,109589529
109428724,109576673
109429033,109379956
109429288,109417580
109429742,109576673
109429899,109443085
109430017,109609473
109430117,109609473
109430677,109576673
109431078,109524935
109432862,109576673
109433218,109568950
109433416,109576673
109433565,109551953
109433812,109417580
109434355,109417580
109435532,109622010
109435929,109592047
109436053,109576673
109436196,109576673
109437251,109576673
109437429,109524935
109437967,109405720
109438448,109385451
109438552,109417580
109439259,109576673
109439536,109419224
109439855,109450527
109439993,109419224
109441396,109559163
109441534,109524935
109441803,109618019
109442461,109493596
109442710,109553959
109444275,109403399
109445121,109444928
109445279,109444928
109446093,109576673
109448856,109417580
109448981,109576673
109449676,109576673
109450376,109524935
109450866,109379956
109451026,109379956
109451178,109576673
109451391,109576673
109451581,109450527
109451672,109576673
109451837,109524935
109452161,109417580
109453494,109576673
109454461,109611512
109454669,109419224
109455174,109524935
109455590,109454992
109455748,109576673
109455903,109524935
109456570,109384620
109456752,109417580
109456958,109421089
109457155,109568950
109457361,100025877
109457621,108776301
109457950,109575467
109458222,109493596
109458353,109493596
109458526,109568950
109458675,109576673
109458894,109592047
109459022,109568950
109460064,109417580
109460185,109568950
109461304,109593578
109461413,109460730
109461546,109460730
109461713,109460730
109461849,109460730
109462032,109460730
109462193,109460730
109462338,109460730
109462529,109375558
109462529,109460730
109462709,109460730
109462876,109460730
109463019,109460730
109463178,109460730
109463307,109460730
109463583,109460730
109463734,109460730
109463874,109460730
109464006,109460730
109464193,109460730
109464336,109460730
109464494,109460730
109464639,109460730
109464808,109460730
109465858,109405720
109466070,109524935
109466347,109379956
109466872,109417580
109468239,109568950
109468756,109568950
109470089,109398169
109470641,109576673
109470867,109576673
109471107,109524935
109471252,109524935
109471450,109576673
109471641,109592047
109471750,109439020
109472162,109417580
109472726,109417580
109474066,109641246
109474276,109576673
109474430,109493596
109474621,109524935
109474772,109524935
109474924,109576673
109475869,109541234
109476320,109576673
109476841,109576673
109477126,109417580
109477851,109642285
109478064,109592047
109479685,109450527
109480083,109592047
109480252,109592047
109480498,109576673
109480694,109576673
109480940,109576673
109484547,109484249
109484756,109484249
109484898,109484249
109485144,109484249
109485270,109484249
109485644,109576673
109485839,109576673
109485997,109379956
109486186,109626973
109486353,109564780
109486560,109576673
109487113,109486746
109487113,109546599
109487113,109616509
109487360,109524935
109487589,109524935
109487744,109576673
109487880,109524935
109488148,109576673
109488502,109568950
109488796,109592047
109489000,109484249
109489152,109576673
109489537,109611512
109489924,109493596
109490226,109551953
109490659,109524935
109490835,109576673
109490995,109493596
109491163,109576673
109491540,109481082
109491897,109379956
109492057,109611512
109492573,109568950
109492840,109576673
109493003,109553959
109493288,109592047
109494753,109493596
109494925,109493596
109495159,109493596
109495296,109493596
109495605,109493596
109495758,109493596
109496020,109493596
109496227,109493596
109496346,109493596
109496511,109493596
109496742,109493596
109496938,109493596
109497086,109493596
109497290,109493596
109497462,109493596
109497668,109493596
109497863,109493596
109498026,109493596
109498204,109493596
109498398,109493596
109498597,109493596
109498741,109493596
109500782,109592047
109501001,109510415
109501147,109403399
109501433,109524935
109501603,109419224
109502281,109576673
109502436,109576673
109502583,109417580
109502993,109417580
109503203,109576673
109503462,109524935
109503660,109553959
109503859,109417580
109504022,109592047
109504262,109576673
109504826,109417580
109505053,109576673
109505302,109372749
109505494,109576673
109505785,109576673
109505995,109576673
109506315,109618632
109506523,109524935
109506991,109506724
109507095,109506837
109507236,109506724
109507579,109524935
109507787,109576673
109507973,109634499
109508272,109605559
109508611,109553959
109508928,109553959
109509348,109417580
109509458,109417580
109509762,109576673
109510026,109576673
109510177,109576673
109511217,109524935
109512033,109592047
109512270,109616509
109512270,109622010
109513061,109379956
109513468,109513285
109513468,109618632
109513991,109524935
109514224,109524935
109514844,109592047
109515320,109576673
109515572,109611512
109515718,109556902
109515882,109417580
109516053,109524935
109516204,109477609
109516204,109622010
109516443,109576673
109516904,109568950
109518233,109576673
109518938,109417580
109519079,109575141
109519576,109576673
109520193,109379956
109520876,109576673
109521116,109576673
109521435,109576673
109521577,109379956
109521725,109576673
109521876,108667190
109522376,109576673
109522643,109524935
109522892,109379956
109523154,109589529
109523863,109444928
109523982,109576673
109524144,109379956
109526475,109524935
109526610,109568950
109526844,109524935
109527460,109405720
109528214,109576673
109528414,109576673
109528604,109417580
109529043,109524935
109529234,109524935
109529609,109576673
109529785,109576673
109529959,109524935
109530119,109524935
109530274,109568950
109530434,109626973
109530598,109379956
109532695,109576673
109533423,109576673
109533643,109486746
109533643,109546599
109533643,109616509
109534838,109576673
109535162,109576673
109535377,109379956
109535546,109576673
109535767,109641246
109536145,109576673
109536354,109576673
109536810,109576673
109537170,109417580
109537498,109419224
109538010,109551022
109538169,109611512
109538327,108110079
109538479,109551022
109538617,109524935
109538751,109576673
109539071,109592047
109539341,109592047
109540729,109524935
109540927,109576673
109541902,109417580
109542015,109576673
109542418,109576673
109542760,109524935
109542964,109493596
109543117,109618019
109543281,109453183
109543452,109454992
109543632,109524935
109543904,108110079
109544677,109417580
109544810,109576673
109545043,109576673
109545222,109417580
109545222,109431415
109545405,109576673
109545552,109379956
109545694,109576673
109545923,109576673
109546154,109576673
109547462,109568950
109548090,109541234
109548893,109593578
109549098,109372955
109549334,109568950
109549643,109419224
109549882,109439020
109550032,109576673
109550527,109576673
109550697,109524935
109552735,109641246
109552875,109417580
109552991,109576673
109553232,109576673
109553429,109576673
109553641,109417580
109554712,109576673
109554857,109379956
109555110,109484102
109555364,109417580
109555552,109460730
109556001,109589529
109556095,109417580
109556652,109417580
109557124,109524935
109557303,109452516
109557648,109576673
109557965,109417580
109558102,109524935
109560766,109576673
109560937,108110079
109561073,109372955
109561306,109576673
109561431,109524935
109561886,109507413
109561886,109635047
109562324,109609473
109563391,109576673
109563707,109493596
109564673,109385451
109565378,109445800
109565525,109379956
109565855,109605559
109566347,109417580
109566528,109576673
109566675,109568950
109566814,109417580
109566951,109520419
109567769,109605559
109568797,109524935
109570384,109524935
109570733,109576673
109571167,109576673
109571794,109592047
109572187,109609473
109572875,109576673
109573655,109417580
109573783,109576673
109574038,109568950
109574220,109576673
109575608,109385451
109575801,109439020
109575967,109576673
109581813,109568950
109582483,109592047
109582803,109576673
109582911,109524935
109583302,109576673
109583412,109576673
109583574,109576673
109583727,109568950
109583872,109576673
109584197,109417580
109584355,109417580
109584524,109576673
109584779,109576673
109585026,109576673
109585273,109576673
109585516,109524935
109585682,109576673
109586170,109493596
109586450,109576673
109586863,109443085
109587307,109379956
109587553,109634499
109587745,109379956
109588010,109576673
109588223,109634499
109588371,109467600
109588638,109568950
109588876,109576673
109589013,109576673
109589202,109592047
109589377,109478344
109589901,109486746
109589901,109546599
109589901,109616509
109590124,109576673
109590418,109568950
109591094,109576673
109591402,109417580
109591753,109417580
109593135,109379956
109593295,109592047
109593456,109592047
109594479,109520419
109595051,109576673
109595233,109568950
109595399,109493596
109595558,109417580
109595715,109641246
109596130,109576673
109596349,109576673
109596492,109576673
109596768,109576673
109596928,109524935
109597103,109576673
109597261,109524935
109597908,109634499
109598144,109448563
109599827,109568950
109600019,109568950
109600203,109568950
109600423,109568950
109600870,109524935
109601323,109385451
109601490,109398169
109601671,109611512
109603780,109510415
109603927,109576673
109605252,109611512
109605409,109444928
109605773,109419224
109606321,109551022
109606480,109592047
109606725,109417580
109606960,109551022
109607098,109576673
109607869,109609473
109610461,109568950
109611177,109609473
109612033,109611512
109612163,109611512
109612284,109611512
109612463,109611512
109612751,109611512
109612866,109611512
109613082,109611512
109615416,109576673
109615806,109609473
109616196,109576673
109617488,109576673
109617641,109576673
109618912,109568950
109619190,109576673
109619342,109641246
109619528,109576673
109619906,109379956
109620687,109592047
109620947,109417580
109621165,109417580
109621281,109576673
109622483,109568950
109622643,109576673
109623474,109576673
109624210,109568950
109624426,109576673
109624602,109592047
109624749,109524935
109624904,109589529
109625028,109576673
109625192,109576673
109625774,109611512
109626523,109568950
109627173,109576673
109627382,109417580
109627522,109417580
109627707,109576673
109627889,109523022
109627970,109445652
109628600,109417580
109628754,109641246
109629038,109576673
109629250,109576673
109629454,109524935
109630068,109641246
109630385,109568950
109630538,109576673
109630695,109592047
109630868,109524935
109631023,109524935
109631717,109622255
109632596,109553959
109632948,109568950
109633180,109486746
109633180,109546599
109633180,109616509
109633528,109641246
109633797,109576673
109635807,109385451
109636238,109417580
109636661,109477609
109636661,109622010
109637131,109372955
109637398,109576673
109637555,109641246
109637893,109417580
109638052,109576673
109638208,109417580
109639179,109576673
109639337,109576673
109639498,109576673
109639639,109417580
109639762,109576673
109643381,109592047
109643521,109524935
109643672,109576673
109644001,109524935
109644309,109576673
109644632,109466736
109644764,109478344
109645026,109524935
109645192,108701968
109645192,109484102
109645379,109448563
109645590,109576673
109645766,109524935
109646196,109405720
109646383,109493596
109646511,109576673
109647240,109576673
109647478,109576673
109647709,109576673
109647913,109592047
109648086,109576673
109648285,109576673
109648521,109524935
109648670,109641246
109648871,109576673
109649084,109576673
109649313,109576673
109649492,109478344
109652369,109650648
109652584,109650648
109652726,109650648
109653330,109652967
109653491,109671492
109653766,109652967
109654204,109649723
109654393,109649723
109654529,109654204
109655091,109649723
109657001,109649723
109657185,109649723
109657287,109649723
109657467,109650648
109657747,109650648
109660260,109650648
109660607,109660368
109660762,109650648
109662543,109650648
109662756,109671492
109663001,109650648
109663246,109650648
109663447,109650648
109663724,109650648
109663858,109650648
109664601,109650648
109664801,109650648
109665334,109671492
109665442,109650648
109665959,109650648
109666108,109650648
109666322,109650648
109666503,109650648
109666730,109650648
109667303,109658104
109667632,109650648
109667842,109650648
109668185,109650648
109672655,109672392
109672782,109672392
109672906,109672392
109673829,109673287
109673946,109673287
109674105,109673287
109674272,109673287
109674424,109673287
109674564,109673287
109674670,109673287
109674871,109673287
109675026,109673287
109675192,109673287
109675336,109673287
109675465,109673287
109675779,109673287
109675911,109673287
109676321,109673287
109676432,109673287
109676573,109673287
109676687,109673287
109676814,109673287
109676930,109673287
109677657,109677192
109677809,109677192
109678002,109677192
109678165,109677192
109678318,109677192
109678456,109677192
109678565,109677192
109678690,109677192
109678815,109677192
109678919,109677192
109679000,109677192
109679143,109677192
109679221,109677192
109679373,109677192
109679524,109677192
109679738,109677192
109679887,109677192
109680062,109677192
109681307,109680220
109681411,109680220
109681549,109680220
109681757,109680220
109681854,109680220
109682161,109680220
109682279,109680220
109682437,109680220
109682614,109680220
109682789,109680220
109682991,109680220
109683172,109680220
109683348,109680220
109683500,109680220
109683633,109680220
109683796,109680220
109683932,109680220
109684194,109680220
109684324,109680220
109684449,109680220
109684610,109680220
109684755,109680220
109684895,109680220
109685000,109680220
109685099,109680220
109685225,109680220
109685513,109680220
109685679,109680220
109685821,109680220
109685973,109680220
109686126,109680220
109686328,109680220
109686448,109680220
109686592,109680220
109686723,109680220
109686842,109680220
109686970,109680220
109687148,109680220
109687290,109680220
109687539,109680220
109687665,109680220
109687792,109680220
109687907,109680220
109688138,109680220
109688265,109680220
109688378,109680220
109688500,109680220
109688654,109680220
109688771,109680220
109688898,109650648
109690011,109689000
109690247,109689000
109690424,109689000
109690828,109689000
109690909,109689000
109691053,109689000
109691158,109689000
109691267,109689000
109691474,109689000
109691681,109689000
109691809,109689000
109691909,109689000
109692169,109689000
109692331,109689000
109692461,109689000
109692570,109689000
109692662,109689000
109692767,109689000
109692855,109689000
109693042,109689000
109693242,109689000
109693420,109689000
109693526,109689000
109693673,109689000
109693796,110761621
109693895,109689000
109694003,109689000
109694208,109689000
109694351,109689000
109694458,109689000
109694579,109689000
109694719,109689000
109694899,109694719
109695111,109689000
109695274,109689000
109695368,109689000
109695558,109689000
109695847,109689000
109695913,109689000
109696055,109689000
109696439,109696152
109696553,109696152
109696645,109696152
109696791,109696152
109697110,109696791
109697220,109650648
109697333,109696791
109697439,109696791
109697750,109697554
109697879,109697554
109698025,109697554
109698153,110535572
109698302,109671492
109698471,109698302
109698609,109698302
109699139,109698886
109699259,109698886
109699367,109698886
109699555,109698886
109699695,109698886
109699824,109698886
109699972,110535572
109700115,109698886
109700617,109700371
109700785,109700371
109700860,109700371
109700951,109700371
109701080,109700371
109701378,109700371
109701483,109700371
109702056,109670240
109702361,109702056
109702789,109702361
109702974,109704039
109703162,109704039
109703343,110414344
109703520,109703162
109703799,109704039
109704039,109702361
109704337,109702056
109704563,109702056
109709502,109670240
109714577,109714372
109719607,109717617
109719769,109717617
109720046,109717617
109720298,109720046
109720411,109717617
109720576,109650648
109720784,109650648
109720980,109650648
109721189,109650648
109721406,109718941
109721515,109717617
109721670,109717617
109721793,109717617
109721932,109718941
109722064,109718941
109722241,109717617
109722584,109650648
109722859,109650648
109722976,109717617
109723194,109717617
109723409,109718941
109723568,109717617
109723666,109717617
109723911,109718941
109724049,109717617
109724244,109738434
109724456,110667727
109724667,109718941
109724848,109717617
109725035,109718941
109725177,109717617
109725350,109717617
109725480,109714164
109725683,109714164
109725852,109717617
109726048,109718941
109726175,109717617
109726340,109718941
109726475,109650648
109726705,109717617
109726883,109717617
109727080,109717617
109727263,109650648
109727536,109718941
109727698,109717617
109727913,109717617
109728109,109718941
109728262,109717617
109728469,109717617
109728647,109718941
109728826,109717617
109728995,109717617
109729136,109717617
109729377,110466430
109729571,109718941
109729757,109718941
109729950,109717617
109730129,109718941
109730323,109717617
109730432,109738434
109730632,109717617
109730841,109717617
109731455,109717617
109731591,109717617
109731739,109717617
109731866,109717617
109732272,109731951
109732388,109731951
109732496,109731951
109732619,109731951
109732743,109731951
109732856,109731951
109732996,109731951
109733132,109731951
109733261,109731951
109733373,109717617
109733512,109717617
109733719,109717617
109733865,109718941
109734003,109717617
109734193,109717617
109734440,109718941
109734595,109717617
109734879,109717617
109735094,109717617
109735282,109718941
109735419,109717617
109735661,109650648
109735937,109718941
109736066,109717617
109736250,109717617
109736466,109718941
109736631,109717617
109736795,109714164
109737091,109717617
109737250,109718941
109737391,109717617
109737582,109650648
109737694,109650648
109737915,109650648
109738114,109718941
109738250,109718941
109738833,109717617
109739153,109717617
109739270,109717617
109739413,109718941
109739569,109717617
109739690,109717617
109739974,109718941
109740234,109739974
109740410,109739974
109740562,109739974
109740701,109739974
109740885,109739974
109741054,109738434
109741213,109738434
109741369,109738434
109741520,109738434
109741928,109738434
109742282,109738434
109742544,109738833
109742718,109738833
109742928,109718941
109743126,109718941
109743294,109742718
109743384,109738833
109743535,109738833
109743688,109738833
109743847,109738833
109743981,109650648
109744385,109650648
109744628,109650648
109745867,109744845
109746090,109744845
109746224,109744845
109746370,109744845
109746501,109744845
109746730,109744845
109746897,109744845
109747049,109744845
109747205,109744845
109747347,109744845
109747505,109744845
109747714,109744845
109748057,109744845
109748499,109744845
109748993,109748720
109749103,109748720
109749222,109748720
109749326,109744845
109749573,109744845
109749883,109744845
109750100,109744845
109750782,109650648
109750936,109650648
109751102,109650648
109751102,112525985
109751310,109650648
109751595,109650648
109752027,109751811
109752134,109751811
109752266,109751811
109752608,109752388
109752703,109752388
109752930,110471407
109753120,110987712
109753371,110471407
109753594,110471407
109753786,110471407
109755717,109650648
109755838,109753942
109755979,109753942
109756154,109753942
109756303,109753942
109756423,109753942
109756632,109753942
109756804,109753942
109756922,109757211
109757418,109753942
109757608,109753942
109757608,110459667
109757903,109753942
109758129,109753942
109758267,109753942
109758440,109753942
109758614,109753942
109758739,109753942
109758867,109650648
109759046,109650648
109759217,109650648
109759331,109650648
109759537,109650648
109759809,109650648
109760044,109650648
109760486,109760330
109760691,109650648
109761004,109650648
109761156,109650648
109761306,109650648
109761459,109650648
109761640,109650648
109761945,109650648
109762117,109650648
109762357,109650648
109762586,110677634
109762774,109650648
109762947,109650648
109763133,109650648
109763284,109650648
109763541,109650648
109763878,109650648
109764028,109650648
109764198,109650648
109764470,109650648
109764674,109650648
109764774,109753942
109764895,109753942
109765002,109753942
109765154,109753942
109765292,109753942
109765427,109753942
109765599,109753942
109765827,109753942
109766059,109753942
109766265,109753942
109766446,109753942
109766586,109650648
109766743,109650648
109766994,109753942
109767179,109753942
109767319,109753942
109767472,109753942
109767620,109753942
109767808,109650648
109768018,109753942
109768160,109753942
109768358,109708007
109768495,109753942
109768637,109753942
109768751,109753942
109768847,109753942
109768972,109753942
109769073,109753942
109769316,109753942
109769428,109753942
109769564,109753942
109769720,109753942
109769858,109753942
109770016,109753942
109770134,109753942
109770330,109753942
109770424,109753942
109770582,109753942
109770677,109753942
109770890,109753942
109771008,109753942
109771114,109753942
109771237,109753942
109771369,109753942
109771531,109753942
109773182,110439727
109954957,109753942
109954957,110997081
110230377,109753942
110339049,110471407
110339157,110512269
110372036,109753942
110402236,110471407
110408912,110354817
110434087,110020396
110434210,110171863
110450887,109753942
110451169,109753942
110456146,110798303
110457215,109845291
110457452,109845913
110457452,110987712
110465942,110713957
110695256,109671492
110702099,109753942
110729718,106755201
110729916,109753942
110730065,109753942
110737140,109753942
110737403,109753942
110746045,109649723
110746045,110601286
110746361,109753942
110746675,109753942
110750992,109753942
110784883,110471407
110807920,110667727
110879454,109753942
110896717,109977586
110912739,109753942
110913689,109649723
110928380,109753942
110964986,109753942
111008970,109753942
111013870,109697554
111013951,109977782
111014099,110664369
111014274,110008570
111014455,110492223
111014575,110616626
111014575,110903898
111014745,110599070
111015116,110847396
111015303,109977782
111015458,110661110
111015611,110661110
111015797,109904527
111016014,110847396
111016144,110623065
111016359,110208072
111016496,110254153
111016590,110538588
111016849,110555879
111016948,110303873
111017130,110847396
111017319,109881522
111017488,109881522
111017670,110414344
111017822,111001108
111017944,110095518
111018091,110103599
111018196,110414344
111018391,110414344
111018512,110208072
111018636,109923008
111018824,110667225
111018992,109977782
111018992,110584148
111019184,109875962
111019184,110637469
111019353,109875564
111019353,110303873
111019353,110847396
111019531,110555879
111019666,110132603
111019856,110163922
111020130,110163922
111020404,110163922
111020585,110646981
111020755,110414344
111020908,111001108
111021092,111001108
111021194,110713957
111021391,109990909
111021391,110492223
111021391,110621104
111021733,110062201
111021979,110670842
111022181,110818893
111022358,109930111
111022358,110267580
111022518,110116561
111022748,110095518
111022748,110166273
111022882,110954261
111023053,110030827
111023053,110097107
111023053,110123107
111023053,110199731
111023053,110742410
111023053,110903898
111023541,110677743
111023628,110251332
111023829,110616626
111024049,109990909
111024049,110616626
111024295,110616626
111024531,111001108
111024673,110556949
111024887,110137266
111025036,110208072
111025146,110621104
111025364,111001108
111025517,109971066
111025517,110742410
111025741,110538588
111025898,110693706
111026182,110208072
111026327,109977413
111026327,110742410
111026624,110870565
111026775,109945034
111027023,109885919
111027023,110303873
111027273,110732151
111027572,110732151
111027683,110303873
111027964,110637469
111028133,110621104
111028310,110199731
111028310,110742410
111028310,110903898
111028738,110847396
111028899,111001108
111029034,110492223
111029034,110621104
111029219,110358612
111029219,110616626
111029387,110321674
111029575,109990909
111029759,110208072
111029886,110616626
111030115,110903898
111030334,109912189
111030334,110516527
111030510,110903898
111030747,110402957
111030747,110930847
111030917,109990563
111031077,110303873
111031077,110921575
111031327,110449447
111031327,110637469
111031461,110903898
111031713,109984667
111031713,110637469
111031919,110089215
111031919,110621104
111032127,109878886
111032127,110414344
111032321,109878886
111032321,110414344
111032525,109753942
111032817,110661110
111033044,110713957
111033191,111001108
111033355,110899426
111033560,110095518
111033670,110414344
111033841,111001108
111033989,109930111
111033989,110095518
111033989,110166273
111034194,109775391
111034354,110643729
111034354,110955323
111034603,110847396
111034806,110097107
111034806,110199731
111034806,110742410
111034806,110903898
111035191,109866724
111035191,110414344
111035356,110414344
111035551,110847396
111035769,111001108
111035911,110637469
111036046,109984667
111036046,110576903
111036251,110097107
111036251,110199731
111036251,110742410
111036251,110903898
111036668,110732151
111036668,110847396
111036971,111001108
111037128,110198510
111037128,110433026
111037128,110616626
111037411,110198510
111037411,110616626
111037716,110621104
111037899,110123107
111037899,110575492
111038126,110616626
111038126,110847396
111038401,110291973
111038401,110756112
111038673,110685320
111038806,110439270
111039033,110796250
111039153,109963941
111039326,110095518
111039326,110166273
111039530,110539975
111039755,110847396
111039921,111001108
111040085,110148437
111040238,110847396
111040418,109939302
111040418,110116561
111040595,110741360
111040839,110555879
111041032,109939302
111041153,110042291
111041323,110287841
111041533,110623065
111041760,111001108
111041925,110198510
111042086,110143112
111042230,110123107
111042334,110621104
111042481,110643729
111042679,110789885
111042832,110208072
111043028,109930111
111043260,109939302
111043536,109930111
111043693,109939302
111043856,109930111
111044011,111001108
111044135,110903898
111044240,111001108
111044382,110761621
111044552,110198510
111044718,110685320
111044879,110251332
111045114,110123107
111045114,110623765
111045317,110193653
111045443,110269229
111045443,110847396
111045613,110095518
111045613,110166273
111045794,110097107
111045794,110199731
111045794,110742410
111045794,110903898
111046164,110980659
111046360,110637469
111046541,111001108
111046694,110818893
111046889,110492223
111047023,110029219
111047221,110208072
111047361,110876841
111047509,110250159
111047509,110263597
111047509,111001108
111047683,110643729
111047683,110685586
111047926,109977413
111047926,110487710
111047926,110742410
111048275,110208072
111048275,111001108
111048484,110621104
111048690,110199731
111048690,110358612
111048690,110742410
111048690,110903898
111048986,109921221
111048986,110102927
111049162,110070983
111049162,111001108
111049326,110123107
111049578,110847396
111049801,109977782
111049951,110303873
111050134,110397071
111050297,110584148
111050496,110619510
111050651,110068891
111050651,110903898
111050864,110123107
111050976,111001108
111051169,111001108
111051366,110303873
111051646,110373748
111051646,111001108
111051799,110291973
111051799,110742410
111051993,110646981
111052213,110646981
111052402,109968596
111052528,111001108
111052668,110637469
111052806,110847396
111053070,110599070
111053268,109998897
111053444,110115889
111053622,110410678
111053622,110616626
111053782,110437129
111053945,110584148
111054108,110123107
111054243,110267390
111054419,109939302
111054523,110616626
111054712,110067763
111054950,110539975
111055162,110030827
111055162,110616626
111055367,109977782
111055491,110821427
111055690,110123107
111055830,110623065
111056031,109939302
111056159,109977782
111056159,110761621
111056416,110492223
111056578,110492223
111056719,110621104
111056880,110123107
111056880,110128442
111057024,110008570
111057161,110731308
111057291,110154938
111057401,110267580
111057513,110089215
111057703,109990909
111057703,110492223
111057970,110397071
111057970,110503237
111058146,110623065
111058370,110556949
111058566,110223732
111058764,110221662
111059081,110847396
111059256,111001108
111059399,110682849
111059569,110901046
111059716,110847396
111059982,110123107
111060104,109939302
111060247,110089215
111060437,109831890
111060437,110385486
111060623,110847396
111060786,110584148
111060786,110637469
111060920,109998897
111061078,109942827
111061361,110123107
111061361,110623765
111061530,110123107
111061745,110637469
111061901,110447831
111062280,110637469
111062399,110668999
111062553,110535572
111062783,111001108
111062933,110616626
111062933,110847396
111063203,109930111
111063356,110556949
111063587,110693944
111063760,110303873
111063760,110847396
111063990,110621104
111064143,110100435
111064371,110903898
111064642,110514442
111064642,110742410
111064955,110646981
111065178,110154137
111065371,111001108
111065499,110492223
111065646,110292897
111065768,109930111
111065768,109986081
111065944,111001108
111066096,110068891
111066096,110818893
111066265,110425781
111066411,110556949
111066580,110123107
111066735,110568384
111066844,110556949
111067139,111001108
111067279,110568384
111067461,110251332
111067636,110123107
111067752,109990909
111067752,110492223
111067936,110222898
111068124,110627642
111068375,110089215
111068614,111001108
111068711,111001108
111068856,110668999
111069074,110303873
111069266,110643729
111069441,110637469
111069596,110269229
111069802,110619805
111070023,110303873
111070208,109990909
111070395,110123107
111070563,110223732
111070789,109977782
111070958,110761621
111071104,110847396
111071281,110584148
111071406,110731026
111071722,110515258
111071834,110208072
111071834,110637469
111071999,109977782
111072194,110847396
111072362,110425022
111072502,109918705
111072502,110742410
111072746,109968596
111072953,110123107
111072953,110128442
111073176,109968596
111073449,110621104
111073638,110556949
111073895,111001108
111074042,111001108
111074188,111001108
111074318,110637469
111074418,110449447
111074545,109921221
111074713,110042291
111074899,111001108
111075066,109984397
111075211,110637469
111075392,110637469
111075566,110397071
111075817,110414344
111076052,110004117
111076052,110198510
111076277,110123107
111076369,110123107
111076369,110575492
111076521,110568384
111076768,110167815
111076933,109977782
111077109,110616626
111077351,110103599
111077351,110742410
111077597,110847396
111077810,110433026
111077810,110643729
111078108,110616626
111078356,110661110
111078497,110089215
111078660,110514667
111078660,111001108
111078881,110899426
111079132,110037766
111079357,109977782
111079608,110903898
111079749,110191522
111079903,110089215
111080134,110267390
111080235,110657872
111080235,111001108
111080405,109930111
111080584,110368006
111080766,110092179
111080984,111001108
111081103,110303873
111081318,110293092
111081538,110573339
111081538,110847396
111081782,111001108
111081984,109977782
111082175,110637469
111082279,110115889
111082279,110945810
111082433,110303873
111082677,110643729
111082908,111001108
111083055,110397071
111083250,111001108
111083465,110682849
111083651,109930111
111083793,110251332
111084012,110661110
111084245,110227206
111084474,110661110
111084724,110661110
111084884,110397071
111085143,110637469
111085237,111001108
111085385,109977782
111085522,110251332
111085522,110539685
111085739,110123107
111085739,110575492
111085977,110637469
111086193,111001108
111086321,110539975
111086578,110073089
111086578,110251332
111086898,110303873
111086898,110847396
111087112,110115889
111087267,110123107
111087409,110822798
111087605,109930111
111087770,110761621
111087916,110208072
111087916,110637469
111088125,111001108
111088312,110732151
111088550,110646981
111088805,110646981
111088991,110113823
111089200,110903898
111089471,110089215
111089643,111001108
111089783,110535887
111089894,110250159
111089894,111001108
111090071,111001108
111090184,110416292
111090435,110208072
111090435,111001108
111090607,110300084
111090828,110267580
111090931,110568384
111091135,110637469
111091278,110637469
111091430,110414344
111091576,110358612
111091716,110821427
111091858,110386368
111091858,110614993
111092072,110223732
111092250,110621104
111092403,110089215
111092558,110029219
111092558,110876841
111092741,109977782
111092931,111001108
111093239,110292897
111093467,110029219
111093467,110239148
111093701,110661110
111093876,110225974
111094046,110539975
111094222,110397071
111094357,110900029
111094473,110042291
111094473,110089215
111094701,110078492
111094864,109772298
111095111,110796250
111095250,110741360
111095501,110616626
111095706,110847396
111095872,110815841
111096077,111001108
111096230,110231688
111096384,110231688
111096557,110980659
111096754,110693944
111096754,110710554
111096968,110637469
111097138,110559291
111097388,110089215
111097388,110621104
111097631,110668999
111097775,110761621
111097878,109990909
111098019,110208072
111098019,111001108
111098307,110584148
111098524,110584148
111098680,110847396
111098896,109977782
111099023,110251332
111099202,110225974
111099428,111001108
111099628,110115889
111099628,110267580
111099859,110627642
111100020,110028504
111100262,110417216
111100419,110222898
111100419,110682849
111100560,110682849
111100839,110546419
111101012,110071333
111101012,110362682
111101249,110621104
111101447,110416292
111101447,110667580
111101664,110416292
111101909,110416292
111102094,110362682
111102094,110417216
111102300,110417216
111102604,110417216
111102800,110092179
111102800,110643729
111103024,110847396
111103024,111001108
111103259,110637469
111103402,110425022
111103559,110123107
111103716,111001108
111103846,110208072
111104099,110123107
111104267,110847396
111104486,111001108
111104761,109930111
111104761,110796250
111104900,110303873
111104900,110847396
111105258,110060534
111105467,110584148
111105664,110447831
111105856,110123107
111105856,110623765
111106035,111001108
111106199,111001108
111106366,110601286
111106524,110847396
111106524,111001108
111106806,110303873
111107008,110449447
111107008,110637469
111107158,110573339
111107158,110847396
111107345,110568384
111107520,110847396
111107761,110643729
111107905,110682849
111108141,110303873
111108390,110251332
111108640,110732151
111108973,110303873
111109199,110643729
111109394,110303873
111109631,110616626
111109789,110847396
111109995,110373748
111109995,111001108
111110218,109969648
111110476,110646981
111110723,110646981
111110910,110646981
111111167,109864340
111111167,110693430
111111391,110661110
111111572,110306434
111111749,110643729
111111931,110661110
111112092,110774357
111112276,110303873
111112276,110847396
111112514,109852744
111112514,110414344
111112759,110116561
111112916,109813567
111112916,110385486
111113068,109998897
111113264,110556949
111113453,110267580
111113453,111001108
111113616,110789885
111113809,110821427
111113985,110042291
111114184,110637469
111114355,111001108
111114522,111001108
111114678,110539975
111114931,110223732
111115066,110556949
111115411,110709631
111115597,110616626
111115825,111001108
111116001,110492223
111116001,110616626
111116185,110616626
111116466,110208072
111116599,110899426
111116883,110899426
111117030,111001108
111117234,110584148
111117345,110732151
111117722,110539975
111117943,110269229
111118165,110407252
111118328,110661110
111118536,111001108
111118712,109930111
111118880,110386368
111118880,110614993
111119133,109990909
111119338,110123107
111119485,110584148
111119714,110267580
111119830,110670842
111120008,110721951
111120197,110251332
111120376,110123107
111120376,110953919
111120532,110208072
111120532,110637469
111120716,110056503
111120716,110614993
111120962,109939302
111121135,110303873
111121135,110605806
111121396,110584148
111121557,110568384
111121744,110132805
111121952,110269229
111121952,110847396
111122323,110621104
111122561,110123107
111122561,110575492
111122754,110584148
111122906,110899426
111123054,110251332
111123194,109930111
111123194,110123107
111123194,110208072
111123424,110637469
111123559,110876841
111123687,110439270
111123902,110637469
111124018,111001108
111124119,109939302
111124229,110761621
111124350,109833354
111124350,110385486
111124596,110753308
111124744,110028504
111124944,110601286
111125137,110292897
111125137,110643729
111125343,110414344
111125433,110198510
111125676,110303873
111125676,110847396
111125896,109930111
111126076,110089215
111126076,110621104
111126302,109930111
111126302,110156643
111126458,110208072
111126564,110069402
111126735,110303873
111126985,111001108
111127162,110095518
111127162,110166273
111127311,110089215
111127607,110621104
111127727,110089215
111127966,110449917
111128170,110042291
111128291,110386368
111128446,110546419
111128673,110303873
111128890,110538588
111129108,110637469
111129210,110208072
111129210,110818893
111129663,110666444
111129819,110414344
111129978,110123107
111129978,110623765
111130208,110539975
111130474,110397071
111130668,109782039
111130668,110386368
111130877,110584148
111130983,110089215
111130983,110621104
111131230,110148119
111131538,110292435
111131717,110677743
111131937,110637469
111132199,110721951
111132487,110414344
111132683,110414344
111132861,110433026
111133028,110538588
111133236,110449917
111133236,110584148
111133415,110414344
111133787,110584148
111133968,110601286
111134084,109939302
111134189,110899426
111134404,110847396
111134583,110402957
111134742,110584148
111134887,110089215
111135155,110539975
111135337,109904527
111135525,111001108
111135692,110303873
111135692,110847396
111135819,109930111
111135991,110876841
111136203,110576194
111136371,110123107
111136546,110539685
111136690,110732151
111136877,110386368
111137043,111001108
111137197,110227206
111137197,110397071
111137460,110584148
111137597,110303873
111137597,110847396
111137913,110208072
111137913,110588082
111138072,110584148
111138271,110584148
111138418,110637469
111138583,110029219
111138751,110123107
111138889,110515258
111139089,110123107
111139210,109977782
111139430,109885919
111139430,110303873
111139684,110095518
111139684,110166273
111139897,110267580
111140094,110616626
111140226,109875564
111140226,110573339
111140226,110847396
111140389,110670842
111140576,110847396
111140711,109930111
111140857,109930111
111140965,111001108
111141131,110584148
111141250,110449447
111141250,110616626
111141432,110447831
111141652,110492223
111141652,110616626
111141938,110267580
111142042,110847396
111142293,110042291
111142494,110089215
111142494,110621104
111142696,110223732
111142696,110616626
111142882,110539685
111143064,110441194
111143247,110789885
111143456,110262731
111143727,110262731
111143952,110539975
111144226,111001108
111144427,110637469
111144574,110616626
111144841,111001108
111144944,109782039
111145120,109939302
111145120,110796250
111145383,110616626
111145624,110008570
111145802,111001108
111146025,110732151
111146336,110616626
111146502,110934574
111146671,110492223
111146820,110148437
111146998,110556949
111147243,110267580
111147481,110847396
111147728,110709631
111147999,111001108
111148136,110227206
111148328,110900029
111148492,110664369
111148492,110742410
111148769,110723433
111148769,110821427
111148950,110732151
111149169,110761621
111149316,110321674
111149489,110123107
111149604,110455238
111149759,109782039
111149988,110102927
111149988,110637469
111150185,109998897
111150185,110303873
111150447,110621104
111150626,111001108
111150821,111001108
111151358,110643729
111151667,109921221
111151866,110303873
111151866,110487053
111152144,110123107
111152144,110461312
111152296,110198510
111152451,110428893
111152645,110789885
111152847,109875564
111152847,110432319
111153038,109942827
111153038,110539975
111153287,111001108
111153428,109930111
111153577,109982038
111153831,110208072
111153831,110637469
111153983,110148119
111154203,110100435
111154428,109984667
111154658,110584148
111154783,110123107
111154876,110191522
111155092,111001108
111155238,109984397
111155238,111001108
111155453,111001108
111155605,110166273
111155736,110903898
111155889,110358612
111156015,110115889
111156167,110236583
111156167,110568384
111156324,110817733
111156476,111001108
111156671,109939302
111156814,110189369
111156940,110189369
111157151,110123107
111157298,110796250
111157298,110821427
111157449,110392984
111157593,109998897
111157818,110386368
111157818,110397071
111158112,110623065
111158307,110903898
111158502,110535572
111158502,110903898
111158668,109990909
111158865,109794990
111159007,110881123
111159202,110416292
111159422,110397071
111159654,110414344
111159816,110414344
111160012,110667580
111160182,110666444
111160182,115750181
111160341,110416292
111160490,110416292
111160742,110416292
111161104,110416292
111161358,110416292
111161641,110416292
111161845,110416292
111162083,110416292
111162083,115663338
111162335,110903898
111162530,110416292
111162530,110742410
111162808,110414344
111163016,110416292
111163016,110742410
111163306,110414344
111163445,110416292
111163598,110414344
111163773,110007745
111163902,111001108
111164051,110004117
111164247,110542312
111164489,109782039
111164630,110089215
111164778,110198510
111164948,110621104
111165269,110623065
111165416,110303873
111165416,110661110
111165732,110619805
111165933,110267580
111166198,110562576
111166370,110693944
111166584,110123107
111166827,110568384
111167062,110677743
111167333,111001108
111167522,110208072
111167522,110637469
111167780,110693706
111168223,110693706
111168485,110402957
111168657,111001108
111168856,110092179
111169027,111001108
111169178,110616626
111169360,110779335
111169549,110123107
111169549,110953919
111169698,110815841
111169849,110616626
111169954,110616626
111170139,110761621
111170332,110372997
111170332,110903898
111170705,109990909
111170705,110492223
111170914,110089215
111171036,110584148
111171247,110285449
111171397,110621104
111171562,110820932
111171847,109845913
111171847,110693944
111172125,110414344
111172313,110414344
111172560,110414344
111172821,110308039
111172942,110303873
111173130,110492223
111173231,110208072
111173356,110030827
111173356,110358612
111173569,109964381
111173795,109977068
111174008,109964381
111174183,110100435
111174356,110899426
111174593,110568384
111174802,110682849
111175061,110677743
111175201,110140943
111175201,110664840
111175370,110316863
111175560,110414344
111175715,110621104
111175953,109930111
111176142,109930111
111176292,110414344
111176453,110123107
111176453,110623765
111176583,109964381
111176783,110198510
111176956,110089215
111176956,110621104
111177134,110139407
111177303,110100435
111177495,110414344
111177653,110539685
111177840,110822433
111177999,111001108
111178154,109846249
111178340,110555879
111178579,110134917
111178784,110621104
111179000,110073220
111179146,110267580
111179249,111001108
111179385,110414344
111179602,110362682
111179723,110362682
111179885,110362682
111180072,110414344
111180591,110492223
111180778,110556949
111181071,110556949
111181280,110128442
111181395,111001108
111181510,110115889
111181656,110661110
111181872,110660894
111182056,110447831
111182320,110091042
111182489,110089215
111182667,110089215
111182796,110796250
111182909,111001108
111183113,110394897
111183113,110637469
111183310,110303873
111183310,110847396
111183512,111001108
111183640,110004117
111183800,111001108
111183979,110208072
111184154,110251332
111184312,110188541
111184537,110439270
111184688,110089215
111184861,109930111
111184964,109939302
111185099,109939302
111185283,110166273
111185420,110386368
111185568,110661110
111185803,111001108
111185933,110386368
111186047,110386368
111186149,110267580
111186249,111001108
111186428,109992826
111186641,110821427
111186849,110621104
111187101,110817733
111187313,110492223
111187313,110621104
111187553,110439270
111187707,109794990
111187842,110847396
111188004,110584148
111188213,111001108
111188387,110362682
111188505,109976920
111188764,110231253
111189009,110742410
111189333,110621104
111189604,110123107
111189753,110189369
111189753,110303873
111189990,109904527
111189990,110668999
111189990,110756112
111189990,111001108
111190446,110358612
111190605,109968596
111190798,110362682
111191008,110414344
111191192,110362682
111191384,110414344
111191617,110666936
111191829,110414344
111192058,110414344
111192254,110414344
111192447,110414344
111192641,110251332
111192822,110761621
111193033,110621104
111193223,109962403
111193223,110546419
111193391,110386368
111193546,110263597
111193754,110221662
111193966,111013480
111194103,110221662
111194268,110556949
111194599,110251332
111194599,110539975
111194854,110223732
111195027,110637469
111195222,110208072
111195353,109983175
111195353,110584148
111195514,110449447
111195685,110621104
111195972,111001108
111196075,110208072
111196256,110774357
111196559,109782039
111196559,109977782
111196772,110092179
111196975,110397071
111197159,110028504
111197413,110616262
111197578,109930111
111197703,110621104
111197851,111001108
111198007,109990563
111198185,110584148
111198317,109753942
111198499,110191522
111198499,110221662
111198706,109964381
111198865,109990909
111199200,110223732
111199402,110492223
111199607,111001108
111199711,110756112
111200028,110623065
111200240,110621104
111200480,109671227
111200480,110538272
111200751,110847396
111200942,109939302
111201118,110208072
111201118,110637469
111201377,110358612
111201536,111001108
111201674,110112372
111201898,110661110
111202128,110303873
111202128,110600026
111202330,109939302
111202330,110796250
111202468,109977782
111202580,109930111
111202748,109921221
111202905,111001108
111203101,110126935
111203101,110238861
111203357,110397071
111203501,109977782
111203693,110584148
111203840,110492223
111204121,109753942
111204286,110089215
111204286,110621104
111204538,110008570
111204695,110621104
111204824,111001108
111204965,110556949
111205124,110208072
111205124,110555879
111205285,110191522
111205496,110231253
111205688,110414344
111205848,110096439
111206094,110416292
111206331,110416292
111206537,110416292
111206872,110416292
111207164,110416292
111207404,110416292
111207599,110487710
111207599,110601286
111207847,110421308
111207991,109813567
111207991,110385486
111208190,110123107
111208382,110461586
111208548,110682849
111208719,110538588
111208884,110584148
111208884,110761621
111209073,110358612
111209219,110089215
111209328,111001108
111209448,110899426
111209636,109930111
111209805,109984397
111209986,110208072
111209986,111001108
111210195,109930111
111210383,109977782
111210537,110539975
111210745,110198510
111210745,110621104
111210936,110441398
111210936,110637469
111211241,110414344
111211411,110930847
111211571,110386368
111211571,110397071
111211767,110263597
111211914,110407252
111212105,110637469
111212231,109977782
111212231,110568384
111212498,110269229
111212656,110208072
111212656,110555879
111212867,109939302
111213012,111001108
111213137,110847396
111213317,110556949
111213528,110345139
111213679,109990563
111213679,110774357
111213910,110123107
111214036,110123107
111214200,110267580
111214429,110621104
111214622,110492223
111214830,110425781
111215153,110163922
111215278,110542312
111215278,110676745
111215472,109782039
111215660,110208072
111215660,110555879
111215660,110637469
111215887,111001108
111216055,110073220
111216301,111001108
111216431,109963941
111216620,110397071
111216890,110208072
111216999,111001108
111217141,110267580
111217350,110351569
111217542,110968194
111217698,111001108
111217801,110425022
111218001,111001108
111218259,111001108
111218459,110637469
111218629,110600026
111218751,111013480
111218902,110010284
111218902,110101704
111219190,110397071
111219320,110847396
111219563,111001108
111219743,110414344
111219883,110950711
111220032,110876841
111220237,110542312
111220460,111001108
111220719,110668999
111220877,110269229
111221102,110587263
111221242,110123107
111221397,110584148
111221643,110899426
111221811,110095518
111221811,110166273
111222009,110245565
111222181,111001108
111222321,110123107
111222560,110004117
111222769,110303873
111222769,110661110
111223044,109930111
111223205,110584148
111223410,109930111
111223410,110156142
111223410,110192810
111223410,110208072
111223410,110903731
111223688,110953919
111223799,111001108
111223946,111001108
111224120,110042291
111224322,110539975
111224492,110637469
111224837,110407252
111224970,110425022
111225220,110447613
111225389,111001108
111225522,110199731
111225522,110646981
111225522,110742410
111225875,110646981
111226132,110646981
111226353,110646981
111226554,110646981
111226820,110097107
111226820,110199731
111226820,110742410
111226820,110903898
111227183,110269229
111227288,110360753
111227413,110847396
111227635,110693706
111227838,111001108
111227962,110123107
111228137,110267580
111228326,110447831
111228326,111001108
111228618,111001108
111228797,110584148
111228895,109959622
111229072,109977782
111229231,110191522
111229231,110410678
111229438,110303873
111229624,110954261
111229780,110954261
111229946,110721951
111230232,109753942
111230476,110407252
111230655,110386368
111230866,110614993
111231086,109930111
111231242,110414344
111231408,110414344
111231768,110414344
111231960,110414344
111232144,110414344
111232315,110414344
111232481,110668999
111232689,110278585
111232689,110821427
111232856,110116730
111233068,110677743
111233229,110089215
111233393,110732151
111233718,110029219
111233718,110616626
111233983,110677743
111234160,111001108
111234338,110089215
111234487,110231253
111234643,110847396
111234847,111001108
111235026,110623065
111235248,110306434
111235505,111001108
111235620,109990909
111235801,109904527
111236065,110123107
111236215,111001108
111236408,110731308
111236601,109990909
111236764,110251332
111236913,110089215
111237090,110682849
111237307,111001108
111237508,109990909
111237690,110568384
111237850,110847396
111238108,110918407
111238260,110425781
111238413,110492223
111238554,110191522
111238779,110461586
111238998,111001108
111239163,110414344
111239309,110402957
111239476,111001108
111239598,109904527
111239813,110123107
111240067,110123107
111240256,109930111
111240378,109860893
111240378,110303873
111240628,110661110
111240877,111001108
111240982,110115889
111241207,110397071
111241334,109939302
111241500,110685586
111241676,110416292
111241859,110416292
111242129,110056503
111242266,110191522
111242266,110269229
111242523,110685586
111242658,110303873
111242658,110487053
111242962,111001108
111243138,110191522
111243299,110447613
111243540,111001108
111243703,110661110
111243951,110661110
111244125,110731308
111244278,109930111
111244441,110501047
111244642,110501047
111244824,110461586
111244983,110208072
111245123,111001108
111245286,110616626
111245442,110614993
111245641,110198510
111245641,110756112
111245914,109860893
111245914,110303873
111246171,111001108
111246293,110584148
111246468,110089215
111246608,109977782
111246785,110980659
111246896,110208072
111246896,110847396
111247174,110621104
111247317,110749638
111247432,110670693
111247663,110028504
111247918,111001108
111248080,110123107
111248257,110221662
111248458,110661110
111248723,109939302
111248839,110433026
111248986,110433026
111249244,110425022
111249244,110815841
111249490,110449447
111249611,110685586
111249828,110227206
111249828,110621104
111250169,110208072
111250299,111001108
111250417,110616626
111250626,110250159
111250838,111001108
111250990,110386368
111251160,110556949
111251348,111001108
111251558,110208072
111251714,110621104
111251714,110623065
111251947,109918705
111252060,109930111
111252246,111001108
111252410,110332434
111252626,110621104
111252767,109904527
111252767,110573339
111252982,110089215
111253186,110416292
111253392,110416292
111253665,110417216
111253897,110416292
111254133,110417216
111254309,110416292
111254553,110362682
111254553,110417743
111254682,110417216
111255019,110416292
111255249,110416292
111255620,110416292
111255992,110362682
111255992,110417743
111256122,110416292
111256463,110687714
111256607,109939302
111256795,110761621
111256922,110616626
111257144,110616626
111257256,110531951
111257416,110616626
111257592,110010284
111257592,110402957
111257759,110397071
111257759,110492223
111258006,110414344
111258222,110358612
111258449,110637469
111258551,109990909
111258822,109990909
111259110,110129271
111259110,110614993
111259395,110556949
111259607,110621104
111259812,110556949
111260006,110637469
111260194,110621104
111260396,110542312
111260656,110623065
111260804,110623765
111260900,111001108
111261084,110089215
111261300,109968596
111261470,110089215
111261610,111001108
111261732,111001108
111261876,110414344
111262026,109828232
111262026,110385486
111262191,110486828
111262375,110818893
111262375,111001108
111262631,110492223
111262734,110115889
111262853,110056503
111262995,110526372
111263248,110696526
111263361,110542312
111263547,110162845
111263694,110123107
111263694,110128442
111263894,110265998
111263894,110303873
111263894,110847396
111264200,109990909
111264200,110492223
111264456,110496857
111264646,110231253
111264867,109984667
111265010,110001332
111265145,110267390
111265344,110028504
111265540,110189369
111265540,110542312
111265711,110623065
111265823,110616626
111266086,110153802
111266212,110847396
111266427,110623065
111266685,110089215
111266902,110198510
111267041,110425022
111267310,109930111
111267431,110761621
111267538,111001108
111267724,110089215
111267910,110089215
111268020,109977782
111268162,110637469
111268344,110317207
111268502,110236583
111268502,110568384
111268697,110637469
111268805,110584148
111268950,110568384
111269110,110236583
111269110,110568384
111269408,110397071
111269596,110731308
111269596,110821427
111269741,110307712
111269889,111001108
111270018,110410678
111270163,110303873
111270323,110637469
111270490,110584148
111270621,110123107
111270867,110756112
111271281,110903898
111271382,110303873
111271579,110661110
111271860,110433026
111272025,110386368
111272209,110115889
111272384,109930111
111272539,110028504
111272718,110637469
111272821,110269229
111272821,110614993
111273049,110223732
111273049,110903898
111273187,109904527
111273362,110637469
111273481,109939302
111273481,110796250
111273634,110504601
111273751,110682000
111273883,110623765
111274035,109977782
111274171,110677743
111274380,110241723
111274615,110685320
111274797,110637469
111274916,110303873
111274916,110643729
111275174,110693944
111275348,109930111
111275487,110397071
111275712,110870565
111275864,110360753
111276026,110222898
111276124,111001108
111276245,110069402
111276245,111001108
111276372,109991857
111276598,111001108
111276750,109991857
111277007,110546734
111277186,110539975
111277410,110538588
111277552,109990909
111277742,110092179
111277914,109998897
111277914,110267580
111277914,110386368
111278181,111001108
111278309,110637469
111278425,110208072
111278425,110555879
111278425,110637469
111278642,110191522
111278798,110539685
111279022,110538588
111279293,110616262
111279509,110616626
111279699,110123107
111279850,111001108
111280016,109977782
111280125,110658963
111280262,110056503
111280474,109904527
111280682,110198510
111280823,110789885
111280963,110709631
111281274,110414344
111281499,109789555
111281728,110616626
111281858,110267580
111282020,110223732
111282183,110779335
111282359,110307712
111282528,110153802
111282645,110029219
111282857,111001108
111283085,110623065
111283329,110621104
111283498,109990909
111283498,110616626
111283642,110123107
111283771,110208072
111283771,110637469
111283982,110796250
111284121,110030827
111284121,110742410
111284326,110742410
111284326,110903898
111284723,110208072
111284826,109979364
111285002,110584148
111285156,110646981
111285405,110646981
111285633,110646981
111285929,110646981
111286163,110208072
111286337,110097107
111286337,110199731
111286337,110742410
111286600,111001108
111286729,111001108
111286862,110599070
111287071,110693430
111287440,110677743
111287584,111001108
111287873,110599070
111288069,110573339
111288170,110599070
111288321,110322370
111288540,110163922
111288673,110095518
111288773,110449917
111288995,110123107
111289163,110303873
111289163,110661110
111289419,110303873
111289699,111001108
111289906,110100435
111289906,110643729
111290160,110796250
111290305,110796250
111290535,109939302
111290535,110643729
111290709,110530593
111290843,110028504
111291008,110492223
111291148,110198510
111291313,111001108
111291445,111001108
111291589,110397071
111291790,110901046
111292036,110731308
111292160,110447831
111292368,109971066
111292368,110742410
111292638,111001108
111292778,110616626
111292778,110682849
111292930,110154137
111293207,110416292
111293596,110416292
111293795,110414344
111294068,110095518
111294068,110166273
111294212,110903898
111294351,110637469
111294454,110682000
111294578,110092179
111294578,110191522
111294820,110487710
111294820,110508118
111295140,110637469
111295295,110661110
111295602,110198510
111295820,109977782
111296028,111001108
111296166,110414344
111296356,110677743
111296578,110097107
111296578,110199731
111296578,110742410
111296578,110903898
111297041,110447831
111297170,109703162
111297170,109845291
111297170,110677743
111297700,111297170
111297805,110221662
111297805,110453323
111298014,110267580
111298119,109845913
111298119,110693944
111298394,110637469
111298500,109979364
111298500,110322847
111298718,110847396
111298872,110123107
111298872,110953919
111299007,110516527
111299164,110677743
111299279,110265998
111299475,110095518
111299586,109971066
111299586,110245859
111299586,110742410
111299941,110416292
111300269,110646981
111300454,110097107
111300454,110199731
111300454,110657872
111300454,110742410
111300454,110903898
111300771,110216456
111301039,110353819
111301039,110742410
111301292,110646981
111301466,110646981
111301650,109984667
111301778,110661110
111302065,110661110
111302361,110439270
111302361,111001108
111302510,110303873
111302729,110621104
111303078,110621104
111303244,110251332
111303429,109930111
111303429,110796250
111303628,110677743
111303896,110619510
111303995,109977782
111304138,110539538
111304272,110317207
111304391,110236142
111304644,110425022
111304844,111001108
111304944,110208072
111304944,110637469
111305134,110123107
111305305,110796250
111305466,110071498
111305623,110599070
111305886,109826835
111305886,110385486
111306052,110303873
111306052,110358612
111306052,110614201
111306301,110713957
111306500,110621104
111306698,110102114
111306698,110394897
111306876,111001108
111307085,110414344
111307254,110599070
111307459,109971066
111307633,109789555
111307858,109971066
111307858,110742410
111308134,110732151
111308433,110682849
111308602,109782039
111308750,110042291
111308945,110231253
111309213,110748023
111309409,111001108
111309585,109977782
111309724,110847396
111309883,110414344
111310029,110584148
111310199,110616626
111310336,110637469
111310492,109930111
111310682,110091042
111310916,110166273
111311043,110091042
111311250,110621104
111311350,110208072
111311545,110847396
111311764,110192810
111311948,109930111
111312105,109930111
111312105,110115889
111312326,110637469
111312432,110102927
111312601,110089215
111312810,110435681
111312810,111001108
111313163,110280131
111313475,109930111
111313475,110095518
111313475,110166273
111313669,109939302
111313885,110106382
111314006,110621104
111314208,110028504
111314365,110029219
111314761,110661110
111315011,110227206
111315358,110584148
111315482,110847396
111315641,109831890
111315641,110385486
111315784,109990909
111315942,110847396
111316172,110123107
111316312,111001108
111316493,111001108
111316697,109782039
111316946,110433026
111316946,110637469
111317243,110221662
111317494,110123107
111317710,110847396
111317854,110713957
111318153,110847396
111318324,110489869
111318542,110616626
111318762,110267580
111318920,110100435
111318920,110102927
111319164,110332434
111319164,110796250
111319329,110899426
111319475,111013480
111319660,111001108
111319827,110621104
111320071,110584148
111320191,110191522
111320380,110265998
111320553,110089215
111320731,110584148
111320844,110148437
111321011,109962403
111321209,110492223
111321337,110208072
111321536,110584148
111321658,110584148
111321802,110198510
111322005,110637469
111322116,110358612
111322116,110903898
111322321,110004117
111322505,111001108
111322688,110847396
111322948,110221662
111323113,110334376
111323210,110091042
111323345,110267580
111323484,110773706
111323649,110600026
111323649,110818893
111323891,110128442
111324126,110546419
111324317,110584148
111324538,110028504
111324712,110953919
111324838,109968596
111325026,110492223
111325135,109963941
111325276,110089215
111325532,110847396
111325665,110386368
111325825,109981441
111326038,110231253
111326357,110267580
111326468,110089215
111326608,109990909
111326887,110267580
111327057,110265998
111327264,110221662
111327487,110208072
111327599,110095518
111327749,109977782
111327915,110761621
111328073,110818893
111328302,110221662
111328440,110628588
111328673,111001108
111328827,110538588
111329089,110242959
111329191,110123107
111329191,110128442
111329353,109753942
111329618,110386368
111329618,110397071
111329874,110621104
111330031,110341944
111330219,110188541
111330386,110223732
111330568,110619805
111330744,109990909
111330744,110397071
111331003,110089215
111331236,109939302
111331435,110616626
111331587,109990909
111331587,110492223
111331903,110373748
111331903,111001108
111332090,111001108
111332231,110439270
111332364,110251332
111332521,110123107
111332660,110568384
111332781,109977782
111333065,110115889
111333065,110796250
111333240,109930111
111333369,110115889
111333655,109904527
111333813,110899426
111334096,110089215
111334325,111001108
111334547,110556949
111334727,109939302
111334830,110584148
111335031,110818893
111335031,111001108
111335305,110487710
111335305,110742410
111335667,110221662
111335667,110373748
111335856,109968596
111335856,110587263
111336092,109968596
111336092,110587263
111336330,109968596
111336330,110587263
111336655,109984667
111336655,110373748
111336795,110682849
111337041,111001108
111337193,110089215
111337340,109977782
111337478,110123107
111337478,110332434
111337478,110796250
111337668,110191522
111337819,110303873
111338010,110818893
111338158,109904527
111338352,110556949
111338580,109930111
111338752,110861908
111338927,110267580
111339111,109939302
111339241,110584148
111339360,110123107
111339473,110492223
111339473,110616626
111339826,109939302
111339926,109992233
111340120,109930111
111340237,110621104
111340361,110899426
111340575,109977782
111340770,110037766
111341063,110731308
111341063,110821427
111341291,110428893
111341468,110646981
111341468,110742410
111341712,110646981
111341873,110646981
111342074,110646981
111342331,110646981
111342587,111001108
111342745,109782039
111342745,109977782
111342745,110568384
111342745,110761621
111343024,110414344
111343198,110221662
111343381,111001108
111343514,110461586
111343670,110191522
111343862,111001108
111344049,110208072
111344192,110505032
111344523,109968596
111344701,111001108
111344884,111001108
111345071,110425022
111345350,110251332
111345545,110409496
111345545,110838533
111345768,110623765
111345768,110731308
111345915,110089215
111346084,110584148
111346234,110191522
111346407,110693430
111346543,109939302
111346671,109977782
111346671,110761621
111346888,110433026
111346888,110661110
111347194,110822433
111347374,109998897
111347650,110637469
111347840,110208072
111348004,110042291
111348247,110761621
111348407,110028504
111348584,110637469
111348674,110568384
111348817,110568384
111348944,110621104
111349098,110407252
111349208,110089215
111349392,110876841
111349541,110670842
111349733,110123107
111349733,110623765
111349868,110439270
111349985,110870565
111350124,109904527
111350311,110251332
111350311,110514442
111350505,110358612
111350728,109930111
111350919,110123107
111351136,110492223
111351334,110616626
111351509,110621104
111351711,110623065
111351870,110123107
111352042,110614790
111352284,111001108
111352464,110637469
111352621,109977782
111352716,109939302
111352837,110621104
111353003,111013480
111353235,110753308
111353235,110847396
111353499,109930111
111353667,110417216
111353828,110417216
111353978,110417216
111354117,110417216
111354237,110417216
111354377,110417216
111354586,110417216
111354781,110417216
111354947,110417216
111354947,110742410
111355186,110417216
111355327,110417216
111355511,110417216
111355650,110417216
111355830,110417216
111356122,110417216
111356349,110417216
111356585,110670842
111356758,110637469
111356857,109990909
111357031,110073220
111357244,110223732
111357393,110637469
111357490,109990909
111357664,110637469
111357798,111001108
111357920,110584148
111358039,110198510
111358207,110267580
111358334,110267580
111358334,110759940
111358476,110303873
111358682,110208072
111358829,110685320
111358964,110616626
111358964,110637469
111359187,109930111
111359360,109971468
111359360,110245859
111359360,110742410
111359638,110123107
111359885,110616626
111360013,109930111
111360178,110903898
111360377,109977782
111360544,111001108
111360664,110303873
111360824,110306434
111361024,109885919
111361024,110303873
111361238,110761621
111361336,111001108
111361535,110303873
111361779,110358612
111361964,110414344
111362050,110123107
111362213,110154137
111362437,110616626
111362437,110621104
111362633,110616626
111362633,110847396
111362828,110251332
111363056,110637469
111363163,110623065
111363390,110661110
111363652,110796250
111363803,110208072
111363920,110539975
111364147,110643729
111364277,110584148
111364387,110358612
111364387,110539685
111364534,110123107
111364534,110128442
111364666,111001108
111364771,110761621
111364899,110616626
111365128,110134749
111365128,110484478
111365375,110358612
111365538,110847396
111365713,110243815
111365877,110677743
111365988,111001108
111366093,110100435
111366093,110507075
111366226,110616626
111366362,110584148
111366505,109968596
111366724,110637469
111366858,110072203
111367048,110753308
111367257,111001108
111367470,110351569
111367684,111001108
111367782,110221662
111368020,110208072
111368126,110538272
111368126,110847396
111368382,110492223
111368541,110637469
111368709,110677743
111368820,110584148
111368956,111001108
111369107,110223732
111369288,109977782
111369422,111001108
111369579,110198510
111369790,110236583
111369790,110584148
111369946,110307712
111370146,110008570
111370281,111001108
111370394,110121155
111370394,110721951
111370527,110721951
111370782,110510279
111370911,110670842
111371090,110227206
111371301,110616626
111371516,110693944
111371780,110637469
111371911,109971468
111371911,110245859
111371911,110742410
111372130,110166273
111372265,110492223
111372428,110056503
111372586,110796250
111372725,110208072
111372725,110637469
111372960,111001108
111373181,110514667
111373389,110373748
111373558,111001108
111373676,110584148
111373779,110092179
111373779,110410678
111374007,110303873
111374007,110847396
111374239,109930111
111374343,110208072
111374443,110637469
111374443,110721951
111374620,110637469
111374723,110796250
111374844,109939302
111374945,109930111
111374945,110115889
111375080,110030827
111375080,110742410
111375243,110646981
111375420,110637469
111375516,110221662
111375516,110616626
111375516,110721951
111375735,110115889
111375935,110115889
111376132,110115889
111376315,110115889
111376512,109845913
111376512,110524123
111376764,110693706
111377130,110693706
111377347,110693430
111377723,110742410
111377723,110797522
111377953,110637469
111378075,111001108
111378201,109930111
111378320,109904527
111378502,109789555
111378763,109835870
111378763,110385486
111378890,110123107
111379057,110095518
111379057,110166273
111379256,110637469
111379361,110838875
111379530,109992826
111379703,110584148
111379869,109971066
111379869,110245859
111379869,110742410
111380168,111001108
111380362,110073220
111380537,111001108
111380717,111001108
111380910,111001108
111381052,109981441
111381052,110397071
111381258,110397071
111381463,110732151
111381716,110621104
111381944,110637469
111382111,110267580
111382322,110556949
111382526,110008570
111382675,110600026
111382852,110643729
111383049,111001108
111383209,110731308
111383209,110821427
111383475,110354817
111383770,110900029
111383902,110397071
111383902,110483185
111384096,111001108
111384231,110008570
111384231,110107164
111384392,110223732
111384551,109977782
111384675,110661110
111384852,111001108
111385021,110358612
111385200,110245565
111385380,110616626
111385505,109968596
111385695,110303873
111385876,110221662
111386050,110425022
111386199,110381958
111386443,110231253
111386600,110847396
111386711,110621104
111386834,109964381
111386935,110556949
111387172,110903898
111387387,110113823
111387523,110741360
111387753,110900029
111387951,110269229
111387951,110614993
111388137,111001108
111388271,110208072
111388373,110407252
111388373,110449447
111388541,110042291
111388541,110291973
111388817,110089215
111389120,109977782
111389259,110123107
111389461,110219214
111389696,110682000
111389905,110682000
111390072,110682000
111390266,110123107
111390405,110953919
111390608,110307578
111390810,110483185
111390970,110162845
111391113,109939302
111391240,110555879
111391240,110637469
111391370,110100435
111391595,110397071
111391753,109753942
111391892,110796250
111392034,110817733
111392181,110713065
111392181,111001108
111392316,110198510
111392550,110004117
111392769,110599070
111392931,110847396
111393119,110123107
111393297,110028504
111393483,110677743
111393717,109977782
111393717,110568384
111393717,110761621
111393949,110621104
111394209,111001108
111394379,110208072
111394379,110588082
111394520,109977782
111394722,110123107
111394885,110221662
111394885,110616626
111395100,110616626
111395264,110658963
111395395,110640530
111395547,110208072
111395653,111001108
111395833,110010284
111395981,110584148
111396100,110621104
111396267,109977782
111396436,111001108
111396576,110303873
111396697,110637469
111396879,110492223
111397062,110779335
111397258,110721951
111397459,110584148
111397561,110166273
111397722,110425022
111397899,111001108
111398103,109990909
111398245,109998897
111398245,110303873
111398449,109947768
111398590,109930111
111398698,111001108
111398835,111001108
111399011,110414344
111399256,110847396
111399442,110492223
111399606,110584148
111399606,110761621
111399763,110677743
111399944,110818893
111400226,110308542
111400389,110208072
111400520,110208072
111400622,110847396
111400760,110358612
111400891,109923008
111401108,110584148
111401216,110402957
111401396,110221662
111401532,110028504
111401758,110661110
111401923,109939302
111402072,109968596
111402227,111001108
111402423,110484478
111402649,110616626
111402892,110223732
111403121,110123107
111403228,110166273
111403358,110231253
111403526,110219392
111403702,110008412
111403896,110008412
111404089,110303873
111404407,111001108
111404536,110245565
111404664,110899426
111404866,110713957
111405086,110761621
111405244,110637469
111405391,110637469
111405521,110616626
111405641,109930111
111405641,110115889
111405836,110123107
111405995,110847396
111405995,111001108
111406258,110269229
111406404,110818893
111406586,110628588
111406785,110029219
111406944,109968596
111407100,110089215
111407343,110677743
111407521,110847396
111407716,109904527
111407716,110269229
111407935,110151044
111407935,110637469
111408063,110870565
111408240,111001108
111408424,110731308
111408557,110397071
111408557,110584148
111408792,110455238
111408966,110402957
111409158,110089215
111409299,110677743
111409552,110584148
111409721,110556949
111409835,110584148
111409969,110263597
111409969,110870565
111410128,110223732
111410128,110643729
111410278,110123107
111410510,110847396
111410672,110032379
111410833,110538588
111410996,110643729
111411218,110306434
111411375,110616262
111411542,109990909
111411542,110492223
111411694,109964381
111411694,110623065
111411836,110556949
111411986,110089215
111412148,110584148
111412245,109965520
111412567,111001108
111412704,111001108
111412874,110685320
111413039,110439270
111413039,110616262
111413357,110102114
111413573,110584148
111413683,110050221
111413884,110008570
111414034,110637469
111414034,111001108
111414193,110189369
111414315,110123107
111414548,110397071
111414801,110221662
111414921,111001108
111415077,110677743
111415174,110223732
111415334,110713957
111415667,110251332
111415667,110847396
111415883,110525109
111416030,110492223
111416216,110231253
111416216,110303873
111416432,110231253
111416626,111001108
111416752,110847396
111416889,110073220
111417001,110215758
111417220,110089215
111417342,110901046
111417696,110899426
111417897,109939302
111418019,110414344
111418278,110646981
111418451,110374832
111418555,110621104
111418696,110693944
111418807,110847396
111419033,109942827
111419261,110089215
111419261,110621104
111419463,110732151
111419786,110637469
111419911,109977782
111420060,110732151
111420267,110145045
111420400,110599584
111420680,110761621
111420846,109990909
111420953,109979364
111420953,110903898
111421237,109930111
111421366,110492223
111421366,110621104
111421638,110303873
111421638,110487053
111421788,110030827
111421788,110742410
111421966,110163922
111422164,110163922
111422394,110317207
111422582,110191522
111422582,111001108
111422743,110358612
111422948,110903898
111423069,110123107
111423188,110616626
111423495,110559291
111423670,110166273
111423853,110822433
111424031,110539685
111424294,110661110
111424553,110599070
111424810,110089215
111424810,110614993
111425039,110492223
111425141,110004117
111425323,110761621
111425428,110317207
111425550,110822433
111425665,111001108
111425797,110089215
111425912,110847396
111426112,110028504
111426227,109990357
111426413,110637469
111426505,110386368
111426505,110614993
111426749,110166273
111426945,110485805
111427102,111001108
111427210,110134917
111427394,110677743
111427520,111001108
111427617,110208072
111427715,110616626
111427894,110028504
111428068,110685320
111428199,111001108
111428332,110208072
111428438,110748721
111428638,110621104
111428746,110123107
111428881,111001108
111428998,110682849
111428998,110773706
111429200,111001108
111429320,110621104
111429454,110584148
111429562,110538588
111429795,110414344
111429795,110742410
111429989,110761621
111430229,110696773
111430416,110402957
111430583,109930111
111430776,110428893
111430970,109990909
111430970,110492223
111430970,110637469
111431189,111001108
111431333,110208072
111431468,110531951
111431647,110089215
111431804,109990909
111431998,110386368
111432183,110556949
111432398,110123107
111432398,110796250
111432562,111001108
111432697,110223732
111432697,110531951
111432873,110616626
111432873,110903898
111433108,110128442
111433233,110530384
111433383,110360753
111433493,110847396
111433623,110616626
111433790,111001108
111433979,110208072
111434100,110230746
111434365,110089215
111434464,109986081
111434620,110386368
111434620,110397071
111434817,109930111
111434969,110362682
111434969,110417743
111435120,110637469
111435282,110122547
111435282,110587263
111435465,110386368
111435465,110709631
111435637,109992826
111435846,110128442
111435979,110623765
111435979,110847396
111436219,110953919
111436360,110191522
111436360,111001108
111436517,110386368
111436687,110188541
111436829,110781426
111437056,110008570
111437228,109904527
111437228,110588082
111437499,109904527
111437660,110123107
111437781,110637469
111437887,109977782
111438042,110317207
111438170,110321674
111438348,109983722
111438446,110198510
111438849,110221662
111438849,110817733
111439047,110251332
111439151,111001108
111439306,110749638
111439511,110358612
111439686,110876841
111439788,110100435
111440034,110616626
111440321,110538272
111440438,110693944
111440565,110584148
111440701,110817733
111440811,110492223
111440811,110616626
111441046,111001108
111441269,110029219
111441269,110089215
111441557,109904527
111441741,111001108
111441860,109971468
111441860,110601286
111442052,109971468
111442052,110514667
111442052,110742410
111442517,110646981
111442834,110646981
111443036,110263597
111443135,110556949
111443355,110089215
111443523,110900029
111443628,110623065
111443822,110166273
111443921,109977782
111444040,110223732
111444218,110251332
111444461,110643729
111444575,109977782
111444720,110453323
111444720,110616626
111444908,109990909
111444908,110492223
111445113,110291973
111445378,109843648
111445517,110071333
111445517,110414344
111445745,110188953
111445921,110818893
111446084,111001108
111446223,110847396
111446443,110818893
111446580,110120857
111446824,110539685
111447110,110616626
111447221,110303873
111447437,110028504
111447617,109971066
111447617,110742410
111447893,110163922
111448143,110637469
111448281,111001108
111448403,110761621
111448510,110114594
111448689,110147379
111448935,110666444
111448935,115750181
111449074,110414344
111449296,110414344
111449448,110414344
111449692,110414344
111449886,110414344
111450120,110292435
111450459,110599584
111450707,110796250
111450847,110682849
111451027,110303873
111451215,109939302
111451385,110661110
111451523,110584148
111451523,110761621
111451835,110623065
111452082,110637469
111452191,110208072
111452359,110208072
111452359,110555879
111452498,110123107
111452615,110223732
111452760,110621104
111452889,110847396
111453069,110847396
111453262,110208072
111453451,110646981
111453689,110646981
111453903,110646981
111454193,110646981
111454527,110646981
111454766,110646981
111454991,110646981
111455214,110646981
111455445,110132805
111455625,110621104
111455862,110637469
111455862,111001108
111455990,110616626
111456162,110208072
111456286,111001108
111456484,111001108
111456708,110616626
111456858,110029022
111456968,109830603
111457199,110637469
111457199,111001108
111457328,109930111
111457452,110661110
111457715,110267580
111457825,110584148
111458019,109796360
111458374,110484478
111458595,110303873
111458595,110847396
111459062,110113823
111459210,110822433
111459337,109832737
111459484,110637469
111459843,111001108
111460009,110123107
111460165,111001108
111460303,110280131
111460461,111001108
111460648,109998897
111461160,110123107
111461160,110623765
111461291,110637469
111461291,111001108
111461506,110568384
111461628,110621104
111461866,110303873
111461866,110847396
111462138,109810382
111462138,110385486
111462346,111001108
111462500,111001108
111462672,111001108
111462810,110731308
111463025,109650648
111463178,110822433
111463312,110089215
111463488,110621104
111463794,110123107
111463966,110815841
111464134,110555879
111464249,109990909
111464480,110414344
111464751,110414344
111464957,110123107
111465112,109977782
111465323,110685586
111465496,110123107
111465496,110575492
111465674,110623065
111465894,110903898
111466088,110637469
111466219,110847396
111466497,109984397
111466497,111001108
111466650,111001108
111466828,110414344
111467014,110492223
111467014,110616626
111467245,109789555
111467557,110231253
111467809,109904527
111467986,110453323
111467986,110616626
111468220,110748023
111468379,110980659
111468526,110123107
111468526,110623765
111468783,110208072
111468783,110637469
111468990,110616626
111468990,110847396
111469217,109942095
111469387,109833354
111469387,110385486
111469622,110113646
111469622,110148119
111469910,110123107
111470092,110414344
111470243,111470092
111470450,110351569
111470625,111001108
111470797,110643729
111470797,110870565
111471023,110568384
111471208,110616262
111471402,110244312
111471402,110251332
111471709,110846281
111471995,110208072
111472130,110123107
111472256,110621104
111472505,110661110
111472664,110621104
111472820,110980659
111472962,109827279
111472962,110385486
111473170,109930111
111473170,110267580
111473380,110876841
111473539,110121155
111473539,110407252
111473810,110092179
111474076,110123107
111474204,109962403
111474440,110089215
111474613,110616626
111474763,110004117
111474998,110568384
111475162,110568384
111475304,110123107
111475443,110599070
111475592,109904527
111475592,110795174
111475860,110584148
111476015,110591377
111476145,110113646
111476145,110269229
111476548,110221662
111476726,110208072
111476868,110461586
111477041,110416292
111477439,110416292
111477760,110416292
111478108,110449447
111478108,110773706
111478347,109930111
111478527,109977782
111478646,109979364
111478646,110847396
111478861,111001108
111478967,110115570
111479149,110539685
111479351,110492223
111479523,110817733
111479651,110637469
111479757,110637469
111479948,110637469
111480112,110123107
111480389,110789885
111480572,109990909
111480793,110369726
111480922,110530384
111481038,110095518
111481237,110592880
111481428,110628588
111481597,111001108
111481762,110245565
111481868,110089215
111482082,110330858
111482227,110100435
111482227,110796250
111482437,110721951
111482695,109930111
111482870,110637469
111483010,110008570
111483193,110358612
111483396,110208072
111483558,110670842
111483803,110089215
111483982,110303873
111484234,110334795
111484427,110386368
111484427,110614993
111484657,110847396
111484882,109984397
111485059,110123107
111485263,110761621
111485432,109782039
111485659,110621104
111485856,110682849
111486000,109939302
111486000,110166273
111486216,110373748
111486418,110198510
111486569,110345139
111486700,110123107
111486848,110265998
111487030,110661110
111487348,110661110
111487729,110191522
111487729,111001108
111487926,110211207
111488121,110643729
111488297,110198510
111488443,110251332
111488698,110251332
111488912,110658963
111489069,110123107
111489227,110208072
111489227,110637469
111489398,111001108
111489566,110584148
111489783,110010946
111489891,110188541
111490057,110616626
111490057,111001108
111490340,110584148
111490472,110568384
111490654,110123107
111490654,110623765
111490866,110623765
111491066,110265998
111491294,111001108
111491490,110666444
111491685,109904527
111491685,110198510
111491870,111001108
111492130,109983175
111492228,110453323
111492228,110616626
111492451,111001108
111492586,109990909
111492760,110796250
111492911,110079632
111493052,110267580
111493188,110713957
111493368,110980659
111493516,110008570
111493701,110621104
111493965,110089215
111494092,110092179
111494387,109977782
111494512,109977782
111494695,110504740
111494916,109832904
111494916,110758281
111495096,109963941
111495316,110847396
111495536,111001108
111495771,110123107
111495771,110623765
111495918,110556949
111496176,110871974
111496400,111001108
111496529,110954773
111496720,110166273
111496853,109904527
111496853,110269229
111497068,110407912
111497294,110677743
111497433,111001108
111497633,111001108
111497825,110559291
111498073,110028504
111498325,110303873
111498594,109968596
111498594,110447831
111498765,109875962
111498765,110640530
111498975,110980659
111499102,110317207
111499257,110584148
111499415,110056503
111499574,111001108
111499706,110208072
111499706,110250159
111499854,110123107
111500033,110414344
111500222,110709631
111500222,110978298
111500578,110468068
111500720,110303873
111500720,110487053
111500955,110358612
111501120,111001108
111501281,110089215
111501485,110148437
111501677,109990909
111501894,111001108
111502047,110351569
111502047,110623065
111502275,110358612
111502441,110358612
111502672,109977068
111502863,110847396
111503037,110123107
111503037,110623765
111503273,110089215
111503483,110123107
111503698,110244312
111503698,110251332
111503698,110307712
111503955,110616626
111504077,110556949
111504219,110123107
111504421,110073220
111504617,110123107
111504787,110123107
111504787,110623765
111505055,110137266
111505188,110221662
111505352,110351569
111505352,110623065
111505582,110198510
111505582,110514667
111505582,110575492
111505582,110616626
111505834,110303873
111506146,110755827
111506453,110267580
111506565,110806087
111506796,111001108
111506942,110303873
111507126,110251332
111507344,109930111
111507465,110123107
111507655,110208072
111507763,110685586
111507947,110685586
111508168,110089215
111508344,110407252
111508555,110637469
111508675,110278585
111508870,110761621
111508975,110123107
111508975,110332434
111509142,110899426
111509266,109885919
111509266,110303873
111509515,110741791
111509796,109930111
111509898,110267580
111510082,110208072
111510082,110616626
111510082,110847396
111510374,110449917
111510521,110414344
111510720,110267580
111510869,109815627
111510869,110385486
111511046,110623765
111511182,110514667
111511348,111001108
111511537,110123107
111511704,110713957
111511956,110584148
111512103,110643729
111512356,110637469
111512454,110693944
111512628,110231253
111512827,110584148
111512990,110208072
111512990,110637469
111513258,110800332
111513413,109782039
111513622,109990909
111513730,110208072
111513730,111001108
111513933,110198510
111513933,110870565
111514073,110373748
111514223,110010284
111514223,110101704
111514396,110095518
111514396,110166273
111514569,109939302
111514569,110166273
111514708,110637469
111514826,111001108
111515057,109990563
111515251,110208072
111515389,110208072
111515550,109904527
111515777,110303873
111516034,110623065
111516197,110208072
111516334,110637469
111516469,110407252
111516665,110621104
111516885,110123107
111517067,111001108
111517227,110123107
111517361,109939302
111517532,110637469
111517630,110227206
111517750,109782039
111517972,110386368
111518209,110822433
111518348,110073220
111518348,110637469
111518561,111001108
111518776,110221662
111518776,110682849
111519012,110208072
111519162,110796250
111519162,110821427
111519297,109971066
111519297,110742410
111519480,110198510
111519692,110197986
111519962,109930111
111519962,110156643
111520124,110227206
111520124,110238861
111520349,111001108
111520515,111001108
111520672,110397071
111520672,110483185
111520877,110584148
111521047,110303873
111521455,109990909
111521631,109821066
111521631,110385486
111521944,110637469
111522072,110646981
111522304,110616262
111522411,110682849
111522619,109939302
111522761,109930111
111522862,110089215
111523109,110123107
111523208,110221662
111523352,110251332
111523561,110431591
111523695,110796250
111523801,110870565
111523958,110796250
111524125,110761621
111524247,110847396
111524423,111001108
111524569,110818893
111524569,110847396
111524722,110317207
111524882,110571702
111525061,111001108
111525241,110903898
111525418,109875564
111525418,110616626
111525612,110089215
111525784,110414344
111525962,110089215
111525962,110386368
111526145,110196126
111526145,111001108
111526421,110123107
111526545,111001108
111526649,110208072
111526764,110089215
111526902,109977782
111527040,110010443
111527040,110123107
111527216,110637469
111527370,110584148
111527501,110623065
111527665,111001108
111527824,110091042
111528010,109977782
111528133,110251332
111528373,110616626
111528373,110817733
111528575,110449447
111528575,110637469
111528731,110616626
111528885,110637469
111529063,109782039
111529063,110397071
111529225,110267580
111529339,111001108
111529502,110616626
111529692,110001332
111529886,110654437
111530028,111001108
111530189,110121155
111530431,110779335
111530625,110056503
111530778,109930111
111530778,110192810
111531080,110251332
111531080,110407252
111531426,110397071
111531576,110263597
111531576,110870565
111531795,110214765
111531795,110731308
111531980,110095518
111531980,110166273
111532188,111001108
111532289,110568384
111532385,110407252
111532584,110619805
111532754,111001108
111532880,111001108
111533057,110073220
111533228,110263597
111533337,110616626
111533467,110099979
111533679,110227206
111533679,110397071
111533859,110624222
111534122,110584148
111534260,110538588
111534368,111001108
111534548,110014743
111534686,111001108
111534788,110056503
111534947,110953919
111535089,111001108
111535205,109904527
111535460,110267580
111535567,110637469
111535670,110683410
111535900,110191522
111536069,111001108
111536211,110616626
111536343,109930111
111536537,110619805
111536651,110303873
111536899,111001108
111537051,111001108
111537194,110128442
111537361,109977782
111537471,110407252
111537628,110263597
111537628,110870565
111537762,110267580
111537868,110092179
111538102,110030416
111538303,110208072
111538463,109921221
111538463,111001108
111538689,110029022
111538879,110954261
111539109,109930111
111539109,110267390
111539354,110123107
111539505,110123107
111539748,110123107
111539942,110123107
111540169,109939302
111540279,109939302
111540279,110796250
111540445,109977782
111540582,110208072
111540728,109930111
111540859,110584148
111541038,110358612
111541195,109942095
111541417,111001108
111541549,110148119
111541549,110637469
111541681,111001108
111541822,110847396
111541950,110847396
111542191,110303873
111542313,110123107
111542529,110223732
111542720,110490207
111542886,110682000
111543003,109977782
111543251,110847396
111543370,110584148
111543524,110817733
111543639,110245565
111543768,110847396
111543972,110822433
111544113,110251332
111544275,110505032
111544275,110538588
111544554,109939302
111544712,110903898
111544851,110619510
111544990,110748023
111545120,110495541
111545284,110637469
111545394,110198510
111545519,110646981
111545685,111001108
111545791,110637469
111545885,110208072
111545885,110637469
111546105,110128442
111546226,110028504
111546430,110518735
111546430,110556949
111546665,110358612
111546855,110092179
111546855,110661110
111547071,110761621
111547171,110616626
111547171,111001108
111547422,110397071
111547422,110619805
111547648,110166273
111547831,110847396
111547949,110123107
111547949,110575492
111548167,110736231
111548369,110556949
111548487,110818893
111548645,109939302
111548833,110092179
111549121,109977782
111549221,110584148
111549350,109921221
111549458,110267580
111549600,111001108
111549827,110267580
111549962,110414344
111550226,110539975
111550408,110637469
111550581,110156142
111550581,110637469
111550730,110267580
111550846,110402957
111551050,110028504
111551229,110221662
111551410,110661110
111551563,109939302
111551774,110123107
111551774,110531841
111551935,110123107
111552203,110628588
111552434,110637469
111552536,110822433
111552647,109832737
111552828,110587263
111552828,110616626
111552992,110822433
111553144,110123107
111553260,110556949
111553445,110073220
111553549,110637469
111553710,109897498
111553710,110526372
111553914,110208072
111554097,110514667
111554097,110560352
111554395,110742410
111554583,109990563
111554763,109939302
111554887,110903898
111555069,110227206
111555069,110397071
111555421,111001108
111555550,109990909
111555550,110616626
111555848,110095518
111555848,110166273
111555998,110849736
111556218,110847396
111556391,110732151
111556703,110616626
111556886,110637469
111557015,109971066
111557015,110742410
111557281,110637469
111557395,110050221
111557601,110815841
111557774,110105608
111557909,110621104
111558145,109977068
111558386,110621104
111558667,110621104
111558898,110227206
111559080,110123107
111559248,111001108
111559393,110682849
111559542,109939302
111559649,109977782
111559754,109992826
111559889,110358612
111560035,110073220
111560035,110373748
111560245,110732151
111560466,110584148
111560576,109984667
111560715,110899426
111560893,110903898
111561041,109841949
111561196,110221662
111561331,111013480
111561499,110568384
111561624,110208072
111561798,110568384
111561916,110847396
111562156,110732151
111562307,109841949
111562415,110584148
111562558,110221662
111562660,111001108
111562872,110089215
111563076,110189369
111563374,111001108
111563538,110616262
111563538,111001108
111563735,111001108
111563896,109990909
111564062,110518735
111564253,110322847
111564485,110621104
111564632,110128442
111564766,110584148
111564971,110546419
111565483,110709631
111565739,110358612
111565941,109930111
111566096,110042291
111566284,110732151
111566497,110822433
111566610,109930111
111566610,110903731
111566806,110358612
111567057,110358612
111567303,110317207
111567437,109782039
111567583,110449447
111567698,111001108
111567809,110037766
111567809,110721951
111568126,110267580
111568230,110661110
111568568,110759940
111568795,110637469
111568902,110584148
111569023,109904527
111569214,109921221
111569214,110263597
111569468,109921221
111569721,110358612
111569877,110116561
111569877,110945810
111570059,109963941
111570225,110095518
111570225,110166273
111570380,110670842
111570583,111001108
111570740,110221662
111571046,110492223
111571249,110358612
111571431,110584148
111571644,110235340
111571776,110392473
111571776,110806087
111571993,110356893
111572110,110517309
111572447,110614052
111572615,109979364
111572759,110661110
111572947,110394897
111572947,110487514
111573357,110621104
111573696,110670842
111573861,110637469
111574042,110637469
111574151,110166273
111574283,110030827
111574283,110394897
111574797,111001108
111574897,111001108
111575006,111001108
111575126,109977782
111575250,110646981
111575452,110646981
111575731,110646981
111575993,110646981
111576193,110089215
111576558,109979364
111576744,109930111
111576744,110208072
111576904,110584148
111577053,110621104
111577295,109977782
111577416,110661110
111577560,110539975
111577734,110621104
111577910,110269229
111577910,110614993
111578135,110621104
111578281,109977782
111578441,110449447
111578441,111001108
111578611,110568384
111578785,110584148
111578938,110621104
111579074,109963941
111579297,110123107
111579507,110847396
111579658,111001108
111579802,110753308
111579905,110584148
111580069,109983722
111580069,110584148
111580204,110796250
111580366,110123107
111580538,110428893
111580694,110492223
111580803,110221662
111580976,110208072
111581110,110568384
111581233,110453323
111581354,110306434
111581681,109977782
111581816,110123107
111581960,110637469
111582065,110568384
111582227,111001108
111582367,110616262
111582486,110492223
111582637,110568384
111582776,110539975
111582981,110148437
111583089,110847396
111583265,109964381
111583416,110392473
111583416,110806087
111583645,110732151
111583946,110539975
111584146,110166273
111584362,110414344
111584550,110414344
111584764,110231688
111584764,110693706
111585016,111001108
111585139,110584148
111585312,110721951
111585455,110123107
111585565,110056503
111585694,110637469
111585802,110358612
111585961,110092179
111586138,110188541
111586379,110637469
111586528,110267580
111586672,110487710
111586672,110742410
111586857,110123107
111586857,110953919
111587023,110251332
111587187,110584148
111587315,110621104
111587585,111001108
111587788,111001108
111587982,110492223
111588198,110267580
111588391,110637469
111588519,110584148
111588644,110899426
111588802,110123107
111589036,109977782
111589169,111001108
111589282,110092179
111589522,110267580
111589622,110191522
111589622,110847396
111589958,110425022
111589958,110847396
111590093,111001108
111590222,110287841
111590411,110538588
111590590,111001108
111590746,110392473
111591022,110303873
111591237,110402957
111591367,110847396
111591594,110358612
111591594,111001108
111591794,110128442
111591891,110556949
111592094,111001108
111592226,110123107
111592374,110056503
111592545,109983722
111592667,110028504
111592892,110056503
111593080,111001108
111593296,110221662
111593296,110239148
111593463,110584148
111593604,110267580
111593802,110092179
111593965,110637469
111593965,111001108
111594100,110847396
111594431,110303873
111594431,110661110
111594690,110223732
111594922,110004117
111595082,109939302
111595082,110796250
111595214,110306434
111595413,110682849
111595595,109782039
111595791,109782039
111595791,110397071
111595988,110568384
111596115,110637469
111596115,110903898
111596240,111001108
111596387,110265998
111596387,110303873
111596655,110303873
111596803,109930111
111596942,110221662
111596942,110817733
111597178,111001108
111597345,110623065
111597553,110123107
111597553,110128442
111597753,110817733
111597896,110584148
111598020,110621104
111598199,110439270
111598308,110643729
111598427,110208072
111598527,110654437
111598627,110308542
111598799,110492223
111598920,110616626
111599016,110123107
111599143,110621104
111599267,110306434
111599555,110847396
111599781,109921221
111599894,109930111
111599894,110267580
111600049,110303873
111600049,110847396
111600319,111001108
111600583,111001108
111600709,111001108
111600810,110546419
111600966,110102927
111601106,110102927
111601254,110584148
111601420,109939302
111601420,110116561
111601540,111001108
111601697,110397071
111601830,110619805
111601938,111001108
111602073,110637469
111602243,110397071
111602243,110621104
111602421,109977068
111602568,110584148
111602689,110223732
111602910,111001108
111603060,109977782
111603165,110407252
111603302,111001108
111603434,110092179
111603733,110492223
111603733,110616626
111603922,110514442
111604153,110637469
111604293,110397071
111604293,110483185
111604444,110637469
111604609,109947768
111604778,110492223
111604915,110358612
111604915,111001108
111605172,110398057
111605304,110556949
111605512,110208072
111605512,111001108
111605669,110267580
111605858,110208072
111605858,111001108
111606019,110412102
111606226,110251332
111606345,110709631
111606528,110028504
111606705,110251332
111606858,110100435
111606972,110089215
111607139,110223732
111607322,110215758
111607322,110870565
111607520,110198510
111607737,110416292
111608040,110416292
111608226,110416292
111608549,110416292
111608764,110208072
111608902,110102927
111608902,110779335
111609184,110008570
111609341,110637469
111609453,110616626
111609647,110796250
111609647,110821427
111609832,110546419
111609975,110306434
111610159,110661110
111610427,110449447
111610538,110556949
111610683,110238413
111610891,109904527
111611063,110308542
111611219,110621104
111611386,110576903
111611514,111001108
111611672,111001108
111611863,109977068
111611863,109983722
111612078,110089215
111612267,110779335
111612478,110713957
111612669,110713957
111612800,111001108
111612900,109904527
111612900,110223732
111613182,110616626
111613396,111001108
111613568,110102114
111613752,110123107
111613845,111001108
111614011,111001108
111614202,109964381
111614333,110089215
111614333,110621104
111614578,110263597
111614578,111001108
111614845,110584148
111614988,111001108
111615165,110128442
111615287,109939302
111615392,110221662
111615520,110870565
111615751,110089215
111615948,110358612
111616080,111001108
111616356,110207942
111616356,110407252
111616507,109977068
111616684,110056503
111616901,110439270
111617070,110637469
111617298,110148437
111617507,111001108
111617608,109977782
111617757,110263597
111617902,109977782
111618024,110397071
111618196,110397071
111618368,111001108
111618536,111001108
111618687,110056503
111618860,110637469
111619034,109977782
111619130,110208072
111619280,110903898
111619540,110584148
111619644,109979364
111619644,110847396
111619904,110267580
111620008,110637469
111620133,110796250
111620266,109979364
111620438,110514442
111620623,110616626
111620711,110303873
111620711,110358612
111620847,110414344
111621046,110614993
111621226,109942827
111621376,110512269
111621569,110621104
111621807,110008570
111621929,110208072
111621929,110637469
111622092,110682849
111622283,110004117
111622497,110637469
111622724,110713957
111622960,110008570
111623104,110637469
111623196,110749638
111623347,110225974
111623347,110621104
111623659,110100435
111623799,109939302
111623921,110556949
111624185,109992826
111624416,111001108
111624516,110267580
111624740,110721951
111624883,110677743
111625001,110621104
111625248,110616626
111625390,110616626
111625587,110677743
111625705,110397071
111625878,110121155
111625878,110721951
111626037,110303873
111626292,110903731
111626498,110089215
111626655,110953919
111626782,110267580
111626909,110004117
111627072,110903898
111627220,110555879
111627344,110677743
111627494,110089215
111627696,110953919
111627803,111001108
111627898,110903898
111628088,110621104
113495711,113495536
114223653,114221785
114733693,114733445
115375525,115508227
115375748,115508227
115377091,115497859
115377304,115502175
115377488,115501673
115377674,115502424
115377825,115502424
115378058,115501673
115378295,115502424
115378491,115502424
115378651,115502424
115378817,115502424
115378972,115502424
115379147,115502175
115379333,115501673
115379578,115501673
115379764,115501673
115379976,115502175
115380210,115501673
115380380,115501673
115380591,115501673
115380844,115501673
115381131,115501673
115381377,115501673
115381572,115501673
115381786,115501673
115381976,115497859
115382262,115497859
115382485,115497859
115382837,115497859
115416103,115413076
115416364,115416240
115416506,115416240
115485313,115365746
115485663,115365746
115485862,115365746
115486134,115365746
115486304,115365746
115486611,115365746
115486798,115365746
115486946,115365746
115487138,115365746
115487310,115365746
115502967,115502719
115503251,115502719
115513303,115508227
115513511,115508227
115514039,115508227
115514357,115508227
115514504,115508227
115514663,115508227
115515533,115508227
115515698,115508227
115515885,115508227
115516116,115508227
115549000,115508227
115550411,115550224
115553105,107456612
115553105,115365746
115554890,101267265
115575414,109939302
115592057,115607921
115596844,115607921
115616957,115607921
115657109,115607921
115755384,104163708
115755699,108680459
115761844,115607921
115765921,100976385
115772757,115607921
115776396,108209473
116090436,116090770
116091244,116090770
116091454,116090770
