100008121,108091684
100009618,101335218
100011488,111750231
100390047,106447475
100390294,106447475
100587622,108535011
100601601,108535761
100601884,108535761
100602119,108535761
100602339,108535761
100602555,108535761
100602772,108535761
100602980,108535761
100603241,108535761
100603506,108535761
100603710,108535761
100603904,108535761
100604132,108535761
100604353,108535761
100604593,108535761
100725837,108231037
100726094,108231037
100726400,108231037
100726636,108231037
100726837,108231037
100727021,108231037
100727286,108231037
100727537,108231037
100727751,108231037
100728236,108231570
100728359,108231570
100728611,108231570
100728713,108583321
100728713,108583476
100729038,108583631
100729307,108231743
100729505,108231743
100729807,108231743
100729983,108231743
100730161,108231743
100730357,108231743
100730524,108231743
100730852,108231743
100731045,108231743
100731257,108231743
100731711,108232104
100940297,100940088
101022264,108103935
101343982,101894506
101352775,101355413
101352974,101355413
101353130,101355413
101353244,101355413
101353466,101355413
101353623,108259577
101354287,101353937
101354459,101353937
101354625,108259577
101354790,101354625
101354955,108259577
101355126,101354955
101355413,108259577
101355651,108259577
101355844,101355651
101355971,108259577
101363080,101355651
101363217,101355651
101364701,101364308
101364961,101335218
101369631,101410160
101369863,101364308
101370015,101369863
101372380,101379087
101374394,101377286
101374494,101377286
101375009,101377286
101375846,101377286
101376075,101383354
101376190,101390220
101376349,101376190
101376566,101378503
101376741,101376566
101376938,101376566
101377141,101376938
101377286,101364308
101377743,101377286
101378503,101377286
101378876,101378503
101379087,101378876
101379305,101378876
101379573,101379305
101379745,101379305
101379924,101379305
101380124,101377286
101380384,101377286
101380552,101380384
101380676,101380124
101380989,101380676
101381321,101380384
101381487,101380676
101381620,101381487
101381782,101381620
101381905,101380676
101382048,101381905
101382179,101382048
101382747,101377286
101383129,101382747
101383354,101383129
101383678,101383354
101383882,101383129
101384100,101383882
101384257,101382747
101384390,101382747
101384613,101384390
101384753,101384613
101384897,101384390
101385040,101384897
101385186,101382747
101385416,101385186
101385610,101385416
101385912,101382747
101386089,101385912
101386373,101386089
101386662,101385912
101386952,101386662
101387119,101386662
101387262,101386662
101387377,101378503
101387656,101387377
101388112,101387912
101388474,101388264
101388805,101378503
101389066,101389205
101389205,101388805
101389490,101389205
101389671,101388805
101389873,101389671
101390220,101378503
101390562,101390220
101390876,101390220
101391080,101390876
101391416,101390220
101391651,101391416
101391832,101390220
101392056,101391832
101392716,101390220
101392902,101392716
101393225,101390220
101393432,101393225
101393753,101390220
101393982,101393753
101394197,101377286
101394376,101394197
101394626,101394376
101394767,101394376
101395656,101394197
101395828,101395656
101395993,101395828
101396556,101377286
101396724,101396556
101396959,101396724
101397110,101396959
101398298,101377286
101398513,101398298
101398769,101398298
101398926,101398769
101399069,101398926
101399222,101398298
101399401,101399222
101399546,101399401
101400110,101398298
101400395,101400110
101400539,101400395
101401353,101377286
101401584,101401353
101401793,101401584
101401992,101401353
101402247,101377286
101402563,101402247
101402699,101402247
101402836,101402699
101403083,101364308
101403401,101403083
101403565,101403401
101403745,101403401
101403936,101403083
101404132,101403936
101404424,101403083
101404710,101404424
101404981,101377286
101405186,101404981
101405411,101405186
101405615,101404981
101405855,101404981
101406064,101405855
101406281,101406064
101406421,101405855
101406609,101406421
101406733,101406421
101406914,101405855
101407084,101406914
101407220,108571680
101407514,101407220
101407830,101407220
101407979,108571680
101410731,101410160
101410874,101410160
101411117,101410874
101411283,101410160
101411796,101410160
101412658,101364308
101412854,101410160
101413173,101412854
101413541,101412854
101413789,101413541
101413953,101413541
101414132,101413953
101414293,101413953
101414429,101414293
101414565,101413953
101414694,101414565
101414840,101413541
101415057,101414840
101415235,101414840
101415445,101415235
101415599,101415235
101415788,101415599
101416046,101415235
101416358,101415788
101416509,101414840
101416696,101416509
101416903,101416509
101417030,101416509
101417270,101416509
101417419,101417270
101417539,101414840
101417706,101417539
101417859,101417539
101418032,101417859
101418158,101418032
101418301,101417539
101418437,101418301
101418567,101412854
101418920,101418567
101419197,101418567
101419439,101419197
101419551,101418567
101419714,101419551
101419836,101418567
101419988,101419836
101420124,101418567
101420283,101420124
101420442,101418567
101420617,101420442
101423195,101410160
101423438,101410160
101423913,101423438
101424057,101423438
101424241,101423438
101424438,101423438
101424557,101423438
101424772,101424557
101424962,101423438
101425183,101424962
101425352,101425183
101425508,101425352
101425835,101426047
101426266,101425835
101426497,101425835
101426718,101426497
101426950,101426718
101427123,101426950
101427471,101425835
101427634,101426047
101427795,101427471
101428031,101427795
101428161,101427471
101428294,101427795
101428479,101427795
101428673,101428479
101428773,101428479
101428916,101428479
101429108,101427795
101429403,101427795
101429564,101429403
101429798,101410160
101429968,101429798
101430132,101429968
101430271,101430132
101430442,101430271
101430610,101429798
101430771,101410160
101431171,101430771
101431504,101430771
101431794,101430771
101431959,101431171
101432089,101431959
101432253,101432089
101432449,101432253
101432586,101431171
101432771,101432586
101432950,101432771
101433183,101432586
101433371,101433183
101433646,101431171
101433815,101433646
101434036,101433815
101434163,101433815
101434274,101433815
101434454,101434274
101434612,101431171
101434801,101434612
101435005,101434612
101435215,101435005
101435321,101431171
101435492,101435321
101435636,101435492
101435850,101430771
101436044,101435850
101436244,101436044
101436459,101436244
101436690,101436244
101436836,101436244
101436953,101435850
101437089,101436953
101437252,101437089
101437346,101410160
101437539,101437346
101437737,101437346
101438154,101437539
101438334,101438154
101438498,101438334
101438706,101437539
101438851,101438706
101439004,101438851
101439121,101437539
101439292,101439121
101439462,101439292
101440296,101412854
101440527,101440296
101440983,101440296
101441303,101440983
101441495,101440983
101441699,101441495
101441832,101440983
101442007,101441832
101442139,101441832
101442262,101440296
101442645,101442262
101442819,101442262
101442972,101442819
101443107,101442262
101443357,101443107
101443469,101443107
101443598,101443469
101443765,101443107
101443913,101443765
101444025,101443107
101444189,101443107
101444339,101443107
101444550,101444339
101444680,101440296
101444885,101444680
101445037,101410160
101445189,101445037
101445358,101445189
101445521,101412854
101445832,101445521
101446619,101445521
101446860,101446619
101447136,101446860
101447295,101447136
101447437,101446860
101447599,101446619
101447792,101447599
101447932,101446619
101448221,101447932
101448415,101447932
101448532,101445521
101448670,101448532
101448857,101447932
101449032,101448857
101449188,101448857
101449326,101448857
101449618,101449326
101449731,101447932
101449896,101449731
101450029,101449731
101450212,101445521
101450378,101450212
101450555,101450378
101450709,101450555
101450861,101450212
101451020,101450861
101451179,101445521
101451400,101451179
101451637,101451400
101451753,101451179
101451949,101451753
101452097,101451179
101452422,101452097
101452874,102569668
101453299,101452874
101454068,101496380
101457236,101496380
101462488,101452874
101462891,101462488
101463144,101462488
101463264,101463144
101463403,101462488
101463804,101463403
101464197,101463403
101464340,101463403
101464491,101464340
101465027,101463403
101465150,101465027
101465338,101463403
101465447,101465338
101465632,101463403
101465800,101465632
101465955,101465632
101466308,101463403
101466593,101466308
101466738,101463403
101467022,101463403
101467137,101467022
101467278,101463403
101467397,101467278
101467542,101463403
101467659,101467542
101467813,101463403
101467930,101467813
101468085,101463403
101468224,101468085
101468518,101468085
101468685,101462488
101468851,101468685
101469026,101468851
101469209,101462488
101469472,101469209
101469611,101469209
101469862,101469209
101469994,101469209
101470282,101469994
101470407,101469209
101470733,101469209
101470917,101470733
101471048,101462488
101471354,101471048
101471766,101471048
101471952,101471766
101472144,101471766
101472364,101471048
101472607,101472364
101472771,101471048
101472895,101472771
101473114,101471048
101473240,101473114
101473445,101471048
101473716,101462488
101473900,101473716
101474201,101473716
101474323,101474201
101474535,101473716
101474661,101474535
101474806,101473716
101474929,101474806
101475030,102594014
101475230,101475030
101475402,101475230
101475610,101475230
101475899,101475402
101476064,101475402
101476244,101475402
101476473,101475030
101476675,101476473
101476812,101476675
101477000,101476473
101477149,101476473
101477524,102594014
101477661,101477524
101477826,101477661
101477982,101477661
101478115,101477982
101478216,101477524
101478358,101478216
101478540,101478358
101478656,101478216
101478849,101478656
101478959,102569668
101479367,101478959
101479500,101479367
101479652,101479500
101479809,101478959
101479963,101479809
101480248,101479809
101480424,101480248
101480568,101480248
101480699,101478959
101480885,101480699
101481093,101480699
101481244,101481093
101481403,101480699
101481561,101481403
101481738,101480699
101481863,101481738
101482046,101478959
101482189,101482046
101482383,101478959
101482514,101482383
101482683,101478959
101482815,101482683
101482959,101482815
101491157,101335218
101491420,101491157
101491991,101491157
101492159,101491157
101492343,101491157
101492579,101492343
101492747,101492343
101492985,101492747
101493114,101492985
101493296,101491157
101493548,101493296
101493842,101493296
101494022,101493842
101494532,101493296
101494735,101494532
101494896,101494735
101495033,101494896
101495196,101494532
101495328,101495196
101495455,101495328
101495597,101493296
101495789,101495597
101495896,101495597
101496043,101495896
101496205,101493842
101496380,101491157
101496992,101496380
101497613,101496380
101497812,101497613
101499300,101496380
101499593,101499300
101499951,101499300
101500174,101499951
101500335,101499951
101500542,101500335
101500731,101499951
101500958,101500731
101501104,101499300
101501250,101501104
101501445,101499300
101501728,101501445
101502139,101499300
101502390,101502139
101502494,101502139
101502683,101502139
101502835,101502683
101503055,101502683
101503185,101503055
101503383,101502139
101503610,101502139
101503821,101503610
101504126,101503610
101504279,101504126
101504376,101503610
101504523,101504376
101504639,101503610
101504769,101504639
101504953,101496380
101505130,101504953
101505247,101496380
101505416,101505247
101505646,101496380
101505826,101505646
101506025,101505646
101506190,101506025
101506373,101506025
101506513,101506373
101506641,101506513
101506909,101505646
101507381,101506909
101508064,101506909
101508197,101508064
101508331,101508197
101508498,101506909
101508832,101508498
101509017,101508498
101509140,101509017
101509290,101508680
101509407,101509290
101510048,101508498
101510181,101510048
101510404,101508498
101510637,101506909
101510810,101510404
101511004,101506909
101511132,101511004
101511341,101511132
101511572,101506909
101511742,101511572
101511871,101511742
101512037,101511572
101512169,101512037
101512408,101506909
101512643,101512408
101512837,101512643
101513074,101506909
101513245,101513074
101513369,101513245
101513565,101506909
101513716,101513565
101513870,101506909
101514249,101513870
101514606,101513870
101514832,101514606
101515040,101514606
101515251,101514606
101515443,101514606
101515717,101514606
101515903,101513870
101516027,101515903
101516242,101513870
101516363,101516242
101516592,101513870
101516718,101516592
101516877,101513870
101517018,101516877
101517348,101506909
101517569,101517348
101517714,101517348
101518065,101517569
101518217,101517569
101518369,101517348
101518503,101518369
101518743,101506909
101518918,101518743
101519064,101518743
101519206,101519064
101519418,101519064
101519565,101506909
101519716,101519565
101519852,101519716
101520569,101506909
101520717,101520569
101520870,101520717
101521414,101506909
101521576,101521414
101521708,101521576
101521994,101506909
101522317,101521994
101522491,101522317
101522651,101522317
101522786,101522651
101522952,101521994
101523111,101522952
101523251,101521994
101523414,101523251
101523641,101523251
101523779,101523641
101523950,101523251
101524072,101523950
101524195,101521994
101524362,101524195
101524638,101524195
101524837,101524638
101525036,101524195
101525218,101525036
101525384,101521994
101525577,101525384
101525846,101525384
101525962,101525846
101526207,101525384
101526340,101526207
101526481,101521994
101526646,101526481
101526936,101526481
101527127,101526936
101527263,101526936
101527434,101526936
101527587,101526936
101527748,101496380
101528547,101527748
101528547,108140959
101529904,101496380
101532642,101496380
101540831,101527748
101541016,101540831
101541244,101527748
101541497,101541244
101541739,101541497
101542014,101541244
101542169,101542014
101542438,101541244
101542596,101542438
101542841,101541244
101542965,101542841
101543746,101527748
101543923,101527748
101544140,101543923
101544294,101544140
101544454,101544294
101544622,101527748
101544804,101544622
101544977,101544804
101545139,101544977
101545295,101544622
101545449,101545295
101545634,101527748
101545860,101545634
101546018,101545860
101546152,101546018
101546365,101527748
101546590,101546365
101546773,101546590
101546975,101546773
101547178,101546590
101547332,101547178
101547556,101527748
101547723,101547556
101547881,101547723
101548026,101547881
101548170,101527748
101548365,101548170
101548528,101548365
101548681,101548365
101548824,101548528
101548955,101548365
101549069,101548955
101549232,101527748
101549484,101527748
101549929,101549484
101550455,101549484
101551290,101550455
101552205,101550455
101552336,101552205
101552495,101550455
101552625,101552495
101552764,101552625
101553050,101550455
101553187,101553050
101553344,101553050
101553487,101553344
101553657,101550455
101553814,101553657
101553966,101553814
101554112,101553657
101554224,101554112
101554606,101550455
101555242,101554606
101555826,101554606
101556009,101555826
101556145,101555826
101556261,101554606
101556416,101554606
101556748,101556416
101556914,101556416
101557209,101556416
101557381,101556416
101557541,101556416
101557677,101554606
101557895,101557677
101558081,101557677
101558234,101554606
101558399,101558234
101558570,101558234
101558739,101554606
101558909,101558739
101559221,101558739
101559350,101554606
101559463,101559350
101559604,101554606
101559725,101559604
101559891,101554606
101560003,101559891
101560575,101554606
101560753,101560575
101560923,101554606
101561082,101560923
101561303,101560923
101561455,101554606
101561648,101561455
101561799,101561455
101561947,101561455
101562087,101554606
101562257,101562087
101562393,101562087
101562529,101554606
101562973,101562529
101563157,101562973
101563323,101562529
101563508,101563323
101563672,101563323
101563813,101563323
101563975,101563323
101564111,101562529
101564243,101564111
101564388,101550455
101564568,101564388
101564749,101564388
101564885,101564749
101564990,101550455
101565186,101564990
101565385,101564990
101565538,101565385
101565703,101565385
101566045,101554606
101566179,101566045
101566310,101554606
101566445,101566310
101566582,101554606
101566785,101566582
101566944,101554606
101567069,101566944
101567301,101554606
101567443,101567301
101567738,101554606
101568106,101567738
101568254,101554606
101568371,101568254
101568505,101550455
101568724,101568505
101568997,101568505
101569210,101568505
101569321,101569210
101569446,101568505
101569570,101569446
101569755,101568505
101569874,101569755
101570005,101568505
101570146,101570005
101570327,101570005
101570482,101550455
101570642,101570482
101570815,101570482
101570948,101570815
101571087,101549484
101571241,101571087
101571363,101571241
101571512,101571363
101571690,101571087
101571827,101571690
101571977,101571827
101572161,101549484
101572286,101572161
101572444,101572286
101572598,101549484
101572859,101572598
101573081,101549484
101573397,101572598
101573751,101573397
101574062,101573397
101574269,101574062
101575282,101573397
101575398,101575282
101575737,101573397
101575854,101575737
101576001,101573397
101576173,101576001
101576430,101573397
101576626,101576430
101576762,101576626
101576954,101576430
101577081,101576954
101577431,101572598
101577550,101577431
101577712,101577550
101577916,101576430
101578035,101577916
101578193,101576430
101578334,101578193
101578524,101572598
101578655,101578524
101578814,101578655
101578957,101572598
101579143,101578957
101579381,101578957
101579528,101579381
101579680,101578957
101579864,101579680
101579981,101578957
101580119,101579981
101580374,101572598
101580546,101580374
101580683,101580374
101580943,101573397
101581060,101580943
101581407,101574062
101581716,101550455
101581939,101581716
101582170,101581716
101582312,101582170
101582498,101581716
101582644,101582498
101582801,101550455
101583158,101581716
101583315,101582801
101583827,101582801
101584092,101583827
101584279,101583827
101584437,101583827
101584591,101583827
101584724,101583827
101584895,101583827
101585123,101583827
101585290,101583827
101585424,101582801
101585607,101585424
101585769,101585424
101586094,101582801
101586235,101586094
101586410,101586094
101586641,101582801
101586766,101586641
101587189,101582801
101587311,101587189
101587448,101582801
101587641,101587448
101587802,101582801
101587921,101587802
101588073,101583158
101588203,101588073
101588305,101582801
101588500,101588305
101588707,101588305
101588840,101550455
101589234,101581716
101589569,101588840
101589705,101589569
101589835,101588840
101590002,101589835
101590650,101588840
101590886,101588840
101591029,101590886
101591532,101588840
101591774,101588840
101592165,101588840
101592332,101592165
101592484,101588840
101592609,101592484
101592788,101550455
101592911,101592788
101593047,101592911
101593290,101550455
101593535,101593290
101593932,101593290
101594080,101593932
101594421,101593290
101594961,101593290
101595188,101594961
101595360,101594961
101595528,101594961
101595730,101594961
101595891,101594961
101596034,101594961
101596201,101593290
101596324,101596201
101596600,101593290
101596755,101596600
101596909,101596600
101597037,101593290
101597164,101597037
101597457,101550455
101597614,101597457
101597785,101597457
101598069,101550455
101598395,101598069
101598665,101598069
101598819,101598665
101599273,101598665
101599401,101598069
101599565,101599401
101599974,101598069
101600118,101599974
101600266,101598069
101600389,101600266
101600761,101598069
101600881,101600761
101601162,101598069
101601292,101601162
101601488,101598069
101601608,101601488
101601761,101598069
101601892,101601761
101602068,101550455
101602236,101602068
101602432,101602068
101602567,101602432
101602703,101602068
101602849,101602703
101602997,101550455
101603186,101602997
101603354,101602997
101603526,101603354
101603756,101603354
101603949,101603756
101604309,101602997
101604484,101604309
101604629,101602997
101604922,101550455
101605156,101604922
101605402,101604922
101605609,101605402
101605841,101605402
101605991,101605402
101606159,101605402
101606449,101604922
101606658,101606449
101606806,101606449
101606960,101606806
101607247,101606449
101607473,101607247
101607644,101606449
101607769,101607644
101608210,101604922
101608333,101608210
101608714,101604922
101608823,101608714
101609228,101550455
101609459,101609228
101609646,101609228
101609812,101609646
101609976,101609228
101610098,101609976
101610239,101609228
101610431,101610239
101610607,101549484
101610828,101610607
101611132,101610607
101611298,101611132
101611456,101611132
101611597,101610607
101611724,101611597
101612180,101610607
101612318,101612180
101612493,101610607
101612623,101612493
101612773,101610607
101612977,101612773
101613144,101550455
101613394,101613144
101613544,101613394
101613750,101613144
101613880,101613750
101614008,101613144
101614128,101614008
101614315,101613144
101614436,101614315
101614773,101550455
101615032,101614773
101615190,101614773
101615326,101615190
101615459,101614773
101615597,101615459
101615726,101550455
101615887,101615726
101616183,101615726
101616319,101616183
101616643,101615726
101616821,101616643
101617044,101550455
101617184,101617044
101617438,101617044
101617606,101617438
101617724,101617438
101617902,101617438
101618091,101550455
101618298,101618091
101618511,101618091
101618685,101618511
101619030,101618511
101619419,101618511
101619658,101618091
101619842,101619658
101619970,101618091
101620130,101619970
101620271,101618091
101620436,101620271
101620588,101550455
101620805,101620588
101620952,101620805
101621105,101550455
101621559,101621105
101621735,101621559
101621916,101621559
101622116,101621559
101622323,101621105
101622834,101621105
101623020,101622834
101623188,101621105
101623516,101623188
101623722,101621105
101624093,101623722
101624246,101550455
101624372,101624246
101624507,101624372
101624679,101550455
101624821,101624679
101625036,101624679
101625222,101625036
101625391,101625036
101625559,101625036
101625756,101625036
101625917,101550455
101626073,101625917
101626305,101625917
101626473,101626305
101627041,101626305
101627426,101625917
101627592,101627426
101627704,101627426
101627848,101627704
101627987,101550455
101628164,101627987
101628416,101627987
101628575,101628416
101628775,101627987
101628917,101628775
101629057,101550455
101629201,101629057
101629426,101629057
101629587,101629426
101629716,101629426
101629860,101550455
101630013,101629860
101630137,101630013
101630823,101550455
101631085,101630823
101631207,101631085
101631752,101527748
101632254,101527748
101632748,101632254
101633259,101632748
101633964,101632748
101634151,101633964
101634301,101633964
101634438,101633964
101634732,101632748
101634938,101634732
101635058,101634732
101635229,101634732
101635441,101634732
101635591,101634732
101635715,101632748
101635894,101635715
101636061,101632748
101636314,101632748
101636564,101632748
101636692,101636564
101636866,101632748
101637021,101636866
101637179,101632748
101637381,101637179
101637586,101637179
101637730,101637179
101637856,101637179
101638056,101632748
101638182,101638056
101638388,101632254
101638585,101638388
101638882,101638388
101639139,101638882
101639467,101638882
101639636,101638882
101639789,101638882
101639942,101638882
101640143,101638882
101640470,101638388
101640692,101640470
101640914,101640470
101641031,101632748
101641352,101527748
101641646,101632748
101641775,101641646
101641932,101632748
101642117,101641932
101642330,101641932
101642543,101632748
101642739,101642543
101642935,101642543
101643639,101632254
101643763,101643639
101643900,101643763
101644578,101632748
101644784,101632748
101644967,101644784
101645161,101632748
101645505,101632748
101645745,101645505
101645928,101632748
101646180,101645928
101646318,101632254
101646454,101646318
101646601,101646454
101646769,101632254
101647020,101646769
101647250,101646769
101647408,101647250
101647773,101646769
101647933,101647773
101648101,101646769
101648380,101646769
101648512,101648380
101648673,101646769
101648833,101648673
101649065,101527748
101649225,101649065
101649812,101649065
101650092,101649812
101650301,101650092
101650411,101649812
101650605,101650411
101650849,101649812
101651032,101650849
101651212,101650849
101651363,101650849
101651537,101649812
101651710,101651537
101651991,101651537
101652165,101650849
101652691,101649812
101652822,101652691
101652992,101649812
101653118,101652992
101653272,101649812
101653475,101653272
101653629,101649065
101653771,101653629
101653916,101653771
101654101,101496380
101654488,101496380
101654954,101496380
101655778,101654101
101656140,101654101
101656330,101656140
101656502,101654101
101656685,101656502
101656806,101654101
101657126,101656806
101657241,101656806
101657449,101657241
101658175,101657449
101658318,101657449
101658504,101657449
101658640,101657241
101658889,101657241
101659026,101658889
101659151,101657241
101659391,101657241
101659531,101659391
101659710,101659391
101660115,101656806
101660259,101660115
101660403,101660259
101661403,101656806
101661606,101661403
101661762,101661606
101661934,101661403
101662137,101661934
101662305,101656806
101662448,101662305
101662583,101662448
101662748,101662305
101662878,101662748
101663040,101656806
101663247,101663040
101663383,101663040
101663532,101663247
101663699,101663040
101663836,101663699
101664015,101656806
101664320,101664015
101664483,101664015
101664708,101664320
101664866,101664320
101665031,101664015
101665221,101665031
101665376,101664015
101665504,101665376
101665870,101664015
101666007,101665870
101666188,101664015
101666324,101666188
101666874,101656806
101667031,101666874
101667166,101667031
101667396,101656806
101667515,101667396
101667631,101667515
101667813,101654101
101668827,101667813
101669011,101668827
101669290,101668827
101669650,101669011
101669878,101669011
101670104,101669011
101670311,101669011
101670544,101669011
101670711,101669011
101670871,101669011
101671047,101669011
101671239,101669011
101671371,101667813
101671643,101671371
101671792,101671371
101671955,101671792
101672074,101671371
101672207,101672074
101672387,101671371
101672596,101672387
101672804,101667813
101672945,101672804
101673242,101667813
101673399,101673242
101673600,101673399
101673793,101667813
101673978,101673793
101674166,101673978
101674334,101667813
101674476,101674334
101674834,101674334
101674992,101674834
101676697,101667813
101676895,101676697
101677033,101676895
101677250,101676895
101677388,101676697
101677514,101677388
101677712,101667813
101677887,101677712
101678064,101677712
101678306,101677887
101678450,101677887
101678620,101677887
101678842,101667813
101679061,101678842
101679403,101678842
101679584,101679403
101679795,101679403
101679953,101679403
101680307,101678842
101680424,101680307
101680837,101678842
101680963,101680837
101681100,101678842
101681234,101681100
101681520,101667813
101681787,101681520
101681963,101681787
101682160,101681787
101682321,101681520
101682446,101682321
101682547,101667813
101682710,101682547
101682912,101682547
101683366,101682547
101683574,101683366
101683894,101654101
101684053,101683894
101684281,101684053
101684514,101654101
101684888,101684514
101685015,101684514
101685236,101654101
101685472,101684514
101685709,101496380
101686619,101496380
101689597,101496380
101689969,101689597
101690282,101689597
101690470,101690282
101691152,101690282
101691500,101691152
101692047,101691152
101692537,101692047
101692660,101692537
101692817,101692047
101692943,101692817
101693122,101692047
101693247,101693122
101693740,101692047
101693868,101693740
101694116,101691152
101694250,101694116
101694419,101694250
101694639,101691152
101694873,101694639
101695043,101694639
101695211,101695043
101695414,101694639
101695568,101695414
101695785,101691152
101695950,101695785
101696097,101695950
101696285,101695785
101696415,101696285
101696553,101691152
101696761,101696553
101696942,101696553
101697074,101696942
101697240,101696553
101697419,101697240
101697648,101697240
101697875,101697240
101698051,101696553
101698174,101698051
101698510,101696553
101698637,101698510
101698866,101691152
101699075,101698866
101699362,101698866
101699519,101699362
101699657,101698866
101699786,101699362
101699786,101699657
101699945,101698866
101700109,101699945
101700297,101698866
101700464,101699945
101700690,101699945
101700859,101691152
101701017,101700859
101701260,101700859
101701417,101701260
101701596,101701260
101701752,101689597
101701935,101701752
101702103,101701935
101702267,101702103
101702510,101701752
101702675,101702510
101703223,101702675
101703857,101702675
101704232,101703857
101704359,101704232
101704606,101703857
101704729,101704606
101704971,101702675
101705120,101704971
101705320,101702675
101705762,101705320
101706249,101705320
101706373,101706249
101706620,101705320
101706754,101706620
101706920,101705320
101707050,101706920
101707244,101705320
101707529,101705320
101707664,101707529
101707894,101705320
101708012,101707894
101708185,101705320
101708314,101708185
101708501,101705320
101708633,101708501
101708844,101705320
101708969,101708844
101709144,101705320
101709271,101709144
101710207,101705320
101710379,101710207
101710564,101705320
101710755,101710564
101710914,101705320
101711042,101710914
101711395,101705320
101711576,101711395
101711729,101705320
101711855,101711729
101712061,101702675
101712342,101712177
101712569,101702675
101712699,101712569
101712865,101702675
101713041,101712865
101713153,101712865
101713274,101712865
101713576,101712865
101713719,101713576
101713882,101713576
101714082,101702675
101714248,101714082
101714418,101702675
101714580,101714418
101714820,101714418
101714949,101714820
101716150,101714418
101716269,101716150
101716582,101702675
101716806,101716582
101716997,101716582
101717119,101716997
101717247,101716582
101717384,101717247
101717569,101716582
101717730,101717569
101717953,101716582
101718102,101717953
101718222,101717953
101718367,101702675
101718622,101718367
101718889,101718367
101719086,101718889
101719280,101718367
101719424,101719280
101719614,101718367
101719741,101719614
101719978,101702675
101720132,101719978
101720360,101702675
101720492,101720360
101720659,101702675
101720800,101720659
101721010,101720800
101721140,101702675
101721309,101721140
101721501,101721140
101721691,101721501
101721881,101721501
101722071,101702675
101722222,101722071
101722378,101722071
101722533,101722378
101722692,101722378
101722830,101702675
101723141,101722830
101723353,101722830
101723536,101723353
101723669,101723353
101723788,101702675
101723916,101723788
101724067,101723916
101724617,101689597
101725039,101724617
101725384,101724617
101725527,101724617
101725689,101724617
101726040,101725689
101726256,101725689
101726409,101726256
101726585,101726409
101727244,101726256
101727385,101727244
101727551,101725689
101727710,101727551
101727841,101727710
101728343,101727551
101728447,101728343
101728822,101725689
101728944,101728822
101729082,101728944
101729501,101724617
101729895,101729501
101730179,101729501
101730349,101730179
101730477,101729501
101730630,101730477
101730759,101729501
101730976,101730759
101731122,101730759
101731284,101731122
101731514,101730759
101731683,101731514
101731906,101731514
101732050,101729501
101732289,101732050
101732438,101732289
101732768,101732050
101732996,101732768
101733293,101732768
101733423,101732768
101733611,101732768
101733750,101733611
101733924,101732768
101734053,101733924
101734274,101732768
101734437,101734274
101734674,101729501
101735034,101734674
101735160,101734674
101735377,101735160
101735690,101735160
101735844,101735690
101735976,101735160
101736129,101735976
101736308,101735160
101736443,101736308
101736592,101734674
101736737,101736592
101736876,101734674
101737009,101736876
101737141,101737009
101737338,101724617
101737549,101737338
101737775,101737338
101738091,101737775
101738221,101737775
101738441,101738221
101738724,101738221
101738930,101738724
101739169,101738221
101739322,101739169
101739481,101738221
101739623,101739481
101739794,101738221
101739975,101739794
101740193,101739975
101740439,101739975
101740606,101740439
101740743,101739794
101740942,101740743
101741108,101737775
101741454,101741108
101741878,101741108
101742052,101741878
101742198,101741878
101742486,101741878
101742616,101742052
101742756,101741108
101742954,101742756
101743081,101742756
101743210,101743081
101743505,101742756
101743677,101743505
101743850,101741108
101743982,101743850
101744132,101741108
101744396,101744132
101744535,101741108
101744763,101744535
101744878,101741108
101745012,101744878
101745147,101745012
101745321,101741108
101745517,101745321
101745751,101745321
101745927,101745751
101746088,101745321
101746223,101746088
101746361,101741108
101746645,101746361
101746903,101746361
101747103,101746361
101747318,101747103
101747517,101746361
101747711,101747517
101747808,101747517
101748025,101747808
101748205,101747517
101748422,101748205
101748640,101746361
101748834,101748640
101749201,101689597
101749671,101749201
101749940,101749671
101750143,101749671
101750292,101750143
101750522,101749671
101750793,101750522
101750893,101750522
101751036,101749671
101751200,101751036
101751295,101751036
101751430,101749201
101751593,101751430
101751744,101749201
101751924,101751744
101752111,101751744
101752280,101752111
101752415,101752280
101752564,101751744
101752696,101752564
101752854,101724617
101753024,101752854
101753285,101752854
101753451,101753285
101753605,101753451
101753704,101724617
101753909,101753704
101754081,101724617
101754257,101754081
101754496,101754081
101754729,101754496
101754866,101754729
101754973,101754496
101755112,101754973
101755266,101724617
101755453,101755266
101755596,101755453
101755739,101755596
101755963,101755266
101756109,101755963
101756233,101756109
101756420,101702510
101756722,101756420
101756990,101756420
101757657,101756990
101758456,101756990
101758583,101758456
101758749,101756990
101758931,101758749
101759144,101756990
101759333,101759144
101759544,101756990
101759683,101759544
101759849,101756990
101759988,101759849
101760440,101756990
101760574,101760440
101760690,101756990
101760823,101760690
101761288,101760690
101761429,101756990
101761556,101761429
101762456,101756990
101762625,101762456
101762800,101762456
101763000,101762456
101763105,101756990
101763225,101763105
101763357,101756990
101763477,101763357
101763645,101756990
101763768,101763645
101764284,101756990
101764429,101764284
101765073,101756990
101765200,101765073
101765909,101756990
101766043,101765909
101766267,101756990
101766446,101766267
101766640,101756990
101766795,101766640
101767196,101756990
101767355,101756990
101767471,101767196
101767727,101767196
101768174,101756990
101768379,101768174
101768543,101756990
101768674,101768543
101769042,101756990
101769171,101769042
101769337,101756990
101769458,101769337
101769595,101756990
101769724,101769595
101770082,101756990
101770208,101770082
101770360,101756420
101770470,101756420
101770672,101770470
101770842,101770470
101771006,101770842
101771237,101756990
101771907,101756420
101772106,101771907
101772473,101771907
101772671,101772473
101772904,101771907
101773045,101772904
101773191,101771907
101773310,101773191
101773447,101771907
101773829,101773447
101774011,101773447
101774324,101774011
101774494,101774011
101774625,101774011
101774881,101756420
101775349,101774881
101776004,101774881
101776126,101776004
101776287,101774881
101776460,101776287
101776834,101774881
101776996,101776834
101777087,101774881
101777221,101777087
101777413,101774881
101777554,101777413
101777735,101774881
101777920,101777735
101778070,101774881
101778595,101778070
101778720,101778070
101778891,101774881
101779017,101778070
101779237,101778891
101779472,101774881
101779759,101774881
101779913,101779759
101780394,101774881
101780534,101780394
101780682,101774881
101780804,101780682
101780965,101774881
101781110,101780965
101781287,101774881
101781403,101781287
101781720,101774881
101781839,101781720
101781988,101756420
101782115,101781988
101782346,101756420
101782532,101782346
101782800,101782346
101782952,101782800
101783103,101782800
101783256,101782346
101783399,101783256
101783547,101783256
101783721,101782346
101783855,101783721
101784088,101756420
101784321,101784088
101784552,101784088
101784808,101784552
101784971,101784552
101785314,101784088
101785712,101784088
101786178,101785712
101786527,101785712
101786729,101785712
101786946,101785712
101787171,101785712
101787354,101785712
101787553,101785712
101787781,101785712
101787985,101784088
101788115,101787985
101788457,101784088
101788579,101788457
101789620,101335218
101792963,101335218
101797637,101335218
101798099,101797637
101798840,101797637
101799461,101798840
101799839,101799461
101800127,101799461
101800281,101800127
101800422,101800281
101800573,101800422
101800755,101799461
101800885,101800755
101801045,101799461
101801287,101801045
101801459,101801045
101801592,101801459
101801738,101799461
101801909,101801738
101802116,101801738
101802258,101802116
101802458,101799461
101802714,101802458
101803274,101802458
101803477,101803274
101803649,101803477
101803811,101803274
101804041,101803811
101804293,101803811
101804426,101802458
101804593,101804426
101804748,101804426
101804880,101804748
101805091,101802458
101805246,101805091
101805414,101802458
101805558,101805414
101805726,101805414
101805866,101805726
101806088,101802458
101806226,101806088
101806375,101799461
101806688,101806375
101806809,101806375
101807042,101806375
101807201,101807042
101807528,101807042
101807800,101807528
101807963,101807528
101808145,101807528
101808405,101807528
101808713,101807528
101808983,101807528
101809117,101807528
101809316,101807528
101809521,101807042
101809685,101809521
101809877,101806375
101810000,101809877
101810166,101806375
101810563,101806375
101810739,101810563
101810899,101806375
101811083,101810899
101811208,101806375
101811449,101811208
101811672,101811208
101811824,101811672
101812027,101806375
101812163,101812027
101812323,101806375
101812451,101812163
101812803,101806375
101812962,101812803
101813131,101812803
101813269,101813131
101813428,101797637
101813958,101797637
101814137,101797637
101814324,101814137
101814459,101814324
101814689,101797637
101815046,101814689
101815180,101797637
101815428,101815180
101816164,101815180
101816304,101816164
101816439,101816304
101816603,101815180
101816820,101816603
101816991,101816820
101817174,101797637
101817418,101817174
101817651,101798840
101817778,101817651
101817963,101798840
101818173,101817963
101818318,101818173
101818465,101818318
101818607,101818465
101818929,101818318
101819063,101818929
101819192,101817963
101819351,101819192
101819502,101797637
101819636,101819502
101819836,101527748
101820158,101819836
101820512,101821715
101821715,101833081
101821879,101821715
101824590,101819836
101824760,101824590
101824930,101824760
101825232,101824590
101825423,101825232
101825585,101819836
101825860,101825585
101825860,108141871
101826197,101825585
101826317,101826197
101826994,101825585
101827112,101826994
101827642,101825585
101827792,101827642
101827952,101825585
101828079,101827952
101828244,101825585
101828373,101828244
101828539,101825585
101828658,101828539
101828824,101825585
101829124,101825585
101829256,101829124
101829858,101819836
101830074,101829858
101830312,101829858
101830451,101830312
101830648,101829858
101830814,101829858
101830967,101830814
101831058,101829858
101831196,101831058
101831405,101831058
101831531,101819836
101831735,101831531
101831860,101831531
101832143,101831531
101832251,101832143
101832525,101831531
101832648,101832525
101832805,101831531
101832931,101832805
101833081,101819836
101833493,101833081
101833667,101833081
101833850,101833667
101834134,101833667
101834320,101833081
101834536,101833081
101834665,101834536
101834801,101833081
101834935,101834801
101835112,101833081
101835243,101835112
101835561,101833081
101835686,101835561
101835964,101833081
101836086,101835964
101836211,101833081
101836457,101833081
101836566,101836457
101837332,108141582
101837505,101833081
101837749,101833081
101837870,101837749
101838030,101833081
101838261,101838030
101838261,108141871
101838466,101838030
101838593,101838466
101838753,101838030
101838905,101838753
101839056,101838753
101839212,101838030
101839361,101839212
101839550,101833081
101839754,101839550
101839871,101839754
101840211,101819836
101840357,101840211
101840517,101840357
101840742,101543746
101840897,101840742
101841033,101840897
101841231,101527748
101841465,101841231
101841711,101841231
101841869,101841711
101842008,101841869
101842159,101841711
101842307,101842159
101842447,101841231
101842674,101842447
101843236,101842447
101843427,101843236
101843631,101843236
101843853,101843236
101844021,101842447
101844150,101844021
101844576,101842447
101844752,101844576
101844895,101842447
101845021,101844895
101845939,101842447
101846096,101845939
101846257,101841231
101846427,101846257
101846681,101846257
101846843,101846681
101846966,101846681
101847162,101846257
101847300,101847162
101847461,101527748
101847713,101847461
101848250,101847461
101848598,101848250
101848779,101848598
101848995,101848250
101849166,101848995
101849276,101848250
101849382,101849276
101849571,101848250
101849870,101849571
101849997,101848250
101850289,101849997
101850774,101848250
101850965,101850774
101851149,101848250
101851321,101851149
101851459,101848250
101851629,101851459
101851945,101851459
101852137,101851945
101852273,101851459
101852454,101852273
101852796,101848250
101852998,101852796
101853171,101848250
101853396,101853171
101853691,101848250
101853891,101853691
101854014,101527748
101854193,101854014
101854364,101854014
101854604,101854364
101854870,101854364
101855005,101854870
101855201,101854364
101855388,101855201
101855560,101854364
101855683,101855560
101855875,101854364
101855992,101855875
101856091,101854364
101856262,101856091
101856696,101854014
101856842,101856696
101856965,101856696
101857104,101527748
101857493,101527748
101857665,101857104
101857958,101857104
101858099,101857958
101858277,101857958
101858415,101858277
101858733,101857104
101859138,101858733
101859393,101858733
101859528,101859393
101859683,101858733
101859831,101859683
101860002,101858733
101860132,101858733
101860291,101860002
101860449,101857104
101860591,101860449
101860705,101860449
101860878,101857104
101861023,101860878
101861148,101860878
101861337,101857104
101861474,101861337
101861604,101861337
101861777,101861474
101861919,101857104
101862052,101861919
101862215,101862052
101862359,101857104
101862634,101862359
101862750,101862359
101862913,101857104
101863162,101862913
101863291,101863162
101863450,101527748
101863643,101863450
101863861,101863450
101864098,101863861
101864312,101863861
101864424,101864312
101864615,101863861
101864785,101864615
101864951,101863861
101865123,101864951
101865294,101863450
101865426,101865294
101865630,101863450
101865816,101865630
101866050,101865630
101866188,101866050
101866295,101865630
101866591,101865630
101866812,101866295
101866812,101866591
101866974,101527748
101867190,101866974
101867359,101866974
101867548,101867359
101867856,101867359
101868041,101867856
101868190,101867856
101868359,101867856
101868518,101867359
101868696,101868518
101868839,101867359
101869034,101868839
101869170,101866974
101869314,101869170
101869433,101869170
101869591,101866974
101869724,101869591
101869887,101869724
101870107,101527748
101870399,101870107
101870687,101870107
101870959,101870687
101871322,101870687
101871447,101871322
101871582,101870687
101871899,101870687
101872063,101871899
101872768,101870687
101872970,101872768
101873201,101870687
101873393,101873201
101873586,101870687
101873761,101873586
101874228,101870687
101874338,101874228
101874474,101870687
101874637,101874474
101874805,101870107
101874929,101874805
101875074,101870107
101875198,101875074
101875349,101870107
101875482,101875349
101875636,101870107
101875759,101875636
101875932,101870107
101876077,101875932
101876270,101875932
101876413,101876270
101876499,101527748
101876626,101876499
101876819,101876626
101876925,101876626
101877108,101876626
101877245,101877108
101877966,101527748
101878171,101877966
101878321,101877966
101878850,101877966
101879025,101878321
101880259,101878321
101880500,101880259
101880672,101880259
101880817,101880259
101881420,101880259
101881823,101880259
101882042,101880259
101882233,101878321
101882351,101882233
101882632,101878321
101882748,101882632
101882920,101878321
101883077,101882920
101883278,101882920
101883602,101878321
101883799,101883602
101883964,101883602
101884133,101883602
101884301,101883602
101884922,101878321
101885068,101884922
101885326,101884922
101885470,101878321
101885638,101885470
101886039,101878321
101886162,101886039
101886346,101878321
101886465,101886346
101886837,101886730
101887014,101878321
101887190,101887014
101887382,101887190
101887667,101887190
101887805,101887190
101887999,101887190
101888155,101887190
101888310,101887014
101888443,101888310
101888639,101878321
101888639,108142119
101889192,101878321
101889347,101889192
101889520,101889192
101889715,101889192
101889857,101889715
101890138,101878321
101890292,101890138
101890599,101890138
101890818,101890138
101890990,101878321
101891129,101878321
101891291,101891129
101891451,101878321
101891999,101878321
101892231,101891999
101892366,101891999
101892537,101891999
101893043,101891999
101893228,101891999
101893378,101877966
101893538,101893378
101893754,101893378
101893905,101893754
101894066,101893378
101894189,101894066
101894506,101496380
101894819,101894506
101895598,101496380
101897748,101496380
101904447,101894506
101904740,101904447
101905135,101904740
101905285,101905135
101905442,101905285
101905676,101905135
101905813,101905676
101906048,101904740
101906185,101906048
101906351,101906185
101906663,101894506
101906891,101894506
101907167,101906891
101907475,101907167
101907825,101907167
101907969,101907825
101908206,101907825
101908651,101908206
101908758,101907167
101908921,101908758
101909075,101908921
101909221,101907167
101909367,101909221
101909576,101909221
101909708,101909576
101909884,101907167
101910175,101909884
101910448,101909884
101910647,101910448
101911102,101910448
101911244,101909884
101911376,101911244
101911541,101909884
101911680,101911541
101911844,101909884
101911970,101911844
101912136,101909884
101912258,101912136
101912420,101909884
101912550,101912420
101912742,101909884
101912878,101912742
101913024,101909884
101913193,101913024
101913396,101913024
101913514,101913396
101913611,101913024
101913757,101913611
101913854,101913611
101913978,101907167
101914212,101913978
101914457,101913978
101914605,101914457
101914758,101913978
101914945,101914758
101915079,101913978
101915277,101915079
101915524,101913978
101915706,101915524
101915805,101913978
101916146,101907167
101916268,101916146
101916410,101907167
101916711,101916410
101916960,101916410
101917118,101916960
101917546,101916410
101917674,101917546
101917901,101916410
101918032,101917901
101918231,101916410
101918357,101918231
101918566,101916410
101918697,101918566
101918923,101907167
101919055,101918923
101919244,101919055
101919419,101894506
101919955,101919419
101921121,102442848
101921749,101919419
101922050,101921749
101922177,101921749
101922303,101921749
101922557,101921749
101922749,101922557
101922969,101922557
101923262,101922557
101923503,101921749
101923640,101923503
101923793,101923640
101923947,101922557
101924230,101923947
101924383,101923947
101924515,101922557
101924706,101924515
101924870,101921749
101925091,101924870
101925323,101924870
101925488,101925323
101925729,101924870
101925901,101925729
101926260,101925323
101926392,101924870
101926537,101926392
101926680,101926392
101926810,101924870
101927051,101921749
101927182,101927051
101927341,101927182
101927556,101921749
101927723,101927556
101927897,101927556
101928038,101927897
101928186,101921749
101928319,101928186
101928472,101928319
101939820,101335218
101940044,101939820
101940241,101940044
101940526,101940044
101940987,101940044
101941230,101940987
101941394,101940987
101941534,101941394
101941779,101335218
101941907,101335218
101942195,101335218
101942450,101942195
101942603,101942195
101942914,101942603
101943398,101942603
101943744,101942603
101944021,101942603
101944239,101942603
101944555,101944021
101944763,101944021
101944895,101944763
101945003,101942603
101945331,101945003
101945542,101945003
101945644,101945542
101945764,101945003
101945946,101945764
101946180,101945764
101946301,101946180
101946527,101945764
101946658,101946527
101947025,101945003
101947183,101947025
101947330,101942603
101947655,101947330
101947907,101947330
101948101,101947907
101948322,101947907
101948453,101947907
101948585,101947330
101948782,101948585
101948906,101948585
101949033,101948906
101949192,101949033
101949502,101948585
101949679,101949502
101950230,101947330
101950417,101950230
101950659,101950230
101950781,101950659
101950926,101950230
101951103,101950926
101951243,101950230
101951502,101335218
101951644,101335218
101951802,101335218
101952236,101951802
101952591,101951802
101952750,101952591
101952877,101952750
101952996,101951802
101953206,101952996
101953404,101952996
101953543,101953404
101953670,101951802
101953827,101951802
101953990,101953827
101954134,101952996
101954287,101954134
101954491,101954287
101954611,101954491
101954768,101952996
101955111,101335218
101955439,101335218
101956269,101959040
101956269,101961045
101956269,101963243
101956723,101335218
101956956,101956723
101957189,101335218
101957442,101957189
101957703,101957189
101957861,101957703
101957968,101957189
101958142,101335218
101958352,101958142
101958468,101958142
101958704,101958142
101958841,101958704
101959040,101958142
101959266,101959040
101959487,101959040
101959661,101959040
101959852,101959661
101960024,101959852
101960194,101959661
101960393,101960194
101960544,101959040
101960732,101960544
101960903,101960732
101961045,101958142
101961231,101961045
101961440,101961045
101961591,101961440
101961775,101961591
101961920,101961440
101962062,101961920
101962207,101335218
101962364,101962207
101962584,101335218
101962712,101962584
101962894,101335218
101963033,101962894
101963243,101335218
101963635,101963243
101963798,101963243
101964148,101963243
101964521,101963243
101964708,101964521
101964888,101964708
101965031,101964521
101965176,101965031
101965313,101963243
101965530,101965313
101965676,101965530
101966001,101963243
101966140,101966001
101966307,101966140
101966514,101963243
101966768,101966514
101966916,101966768
101967073,101963243
101967424,101967073
101967615,101963243
101967751,101967615
101967959,101963243
101968107,101967959
101968261,101968107
101968480,101335218
101968713,101968480
101968978,101968480
101969117,101968978
101969285,101968480
101969449,101969285
101969668,101969285
101970016,101969285
101970270,101970016
101970492,101968480
101970664,101970492
101970944,101970492
101971288,101970492
101971507,101971288
101971695,101971288
101971852,101971695
101971992,101968480
101972182,101971992
101972428,101971992
101972585,101972428
101972727,101972585
101972891,101972428
101973008,101972891
101973123,101335218
101973871,101335218
101974761,101335218
101975009,101974761
101975303,101974761
101975496,101975303
101975943,101974761
101976450,101975943
101976874,101975943
101976997,101976874
101977142,101976997
101977486,101975943
101977640,101977486
101977814,101977640
101978027,101977486
101978172,101978027
101978525,101986651
101978925,101978525
101979120,101978925
101979263,101978925
101979451,101978925
101979684,101978925
101979787,101975943
101979924,101979787
101980029,101979787
101980462,101975943
101980621,101980462
101980831,101980462
101980974,101980831
101981171,101980831
101981364,101980462
101981483,101981364
101981619,101975943
101981740,101981619
101981957,101975943
101982079,101981957
101982218,101975943
101982341,101982218
101982498,101975943
101982628,101982498
101982790,101982628
101982917,101975943
101983132,101975943
101983329,101983132
101983497,101983329
101983607,101975943
101983819,101983607
101983988,101983819
101984173,101975943
101984306,101984173
101984462,101984306
101984684,101975943
101984946,101984684
101985220,101984946
101985441,101984946
101985596,101985441
101985763,101985596
101985961,101984946
101986102,101985961
101986210,101975943
101986334,101986210
101986518,101986334
101986651,101975943
101986918,101986651
101987046,101986918
101987201,101987046
101987301,101975943
101987521,101987301
101987686,101987521
101987850,101987686
101988691,101975943
101988829,101988691
101989005,101988829
101989218,101974761
101989451,101989218
101989573,101989451
101989952,101974761
101990422,101989952
101990833,101989952
101991413,101989952
101991586,101991413
101991713,101991586
101991846,101991713
101992102,101991413
101992250,101992102
101992434,101992102
101992549,101992250
101993301,101991413
101993425,101993301
101993571,101993425
101993729,101989952
101993875,101993729
101994034,101993875
101994210,101989952
101994376,101994210
101994527,101994376
101994843,101989952
101995001,101994843
101995442,101994843
101995601,101995442
101995776,101995442
101996010,101994843
101996142,101996010
101996278,101989952
101996457,101996278
101996602,101996457
101996840,101989952
101996967,101996840
101997123,101996967
101997279,101989952
101997405,101997279
101997634,101989952
101997753,101997634
101997934,101997753
101998096,101997753
101998347,101989952
101998493,101998347
101998666,101998347
101998888,101998493
101999253,101989952
101999438,101999253
101999574,101999438
101999728,101999253
101999869,101999728
102000021,101999253
102000146,102000021
102000364,101989952
102000506,102000364
102000821,102000364
102000994,102000821
102001203,102000821
102001414,101989952
102001578,102001414
102001711,102001414
102001925,102001578
102002013,102001414
102002134,102002013
102002294,101989952
102002429,102002294
102002580,102002429
102002732,101974761
102002932,102002732
102003208,102002732
102003349,102003208
102003514,102003349
102003720,102002732
102004167,102003720
102004343,102004167
102004510,102004167
102004647,102004510
102004781,102004647
102004959,102004167
102005119,102004959
102005284,102005119
102005483,102003720
102005711,102005483
102006134,102005483
102006237,102006134
102006345,102005483
102006467,102006345
102006634,102005483
102006748,102006634
102006900,102005483
102007028,102006900
102007158,102007028
102007350,102005483
102007564,102007350
102007765,102007564
102007992,102003720
102008183,102007992
102008340,102008183
102009016,101797637
102009390,102009016
102009948,102009016
102010323,102009948
102010516,102009948
102010782,102010516
102011113,102017118
102011504,102011113
102011593,102011113
102012002,102011113
102012121,102012002
102012320,102011113
102012468,102012320
102012923,102012468
102013091,102012468
102013223,102012468
102013380,102011113
102013566,102013380
102013760,102013380
102013905,102013760
102014031,102013380
102014162,102014031
102014374,102013380
102014510,102014374
102014689,102011113
102014802,102014689
102014964,102011113
102015107,102014964
102015291,102015107
102015466,102015107
102015629,102011113
102015773,102015629
102015912,102015773
102016179,102011113
102016338,102016179
102016520,102016179
102016704,102016520
102016847,102016179
102016983,102016847
102017118,102010516
102017286,102017118
102017531,102017118
102017684,102017531
102017913,102017531
102018117,102017913
102018310,102017913
102018484,102017913
102018613,102010516
102018786,102018613
102019071,102010516
102019202,102019071
102019350,102019202
102019613,102010516
102019783,102019613
102019986,102019613
102020148,102019986
102020322,102019613
102020452,102020322
102020602,102010516
102020727,102020602
102020869,102020727
102021022,102010516
102021193,102021022
102021336,102021193
102021461,102021193
102021883,102021022
102022008,102021883
102022200,102022008
102022382,102022008
102022593,102021022
102022719,102022593
102022858,102022719
102023136,102009948
102023356,102023136
102023524,102023136
102023626,102009948
102023752,102023626
102023909,102023752
102024045,102023752
102024171,102023909
102024171,102024045
102024356,102009016
102024524,102024356
102024662,102024356
102024841,102024356
102025038,102024841
102025171,102025038
102025282,102009948
102025455,102025282
102025901,102025282
102026035,102025901
102026188,102026035
102026344,102025282
102026476,102026344
102026650,102025282
102026781,102026650
102026930,102026476
102026930,102026781
102027184,102009948
102027441,102027184
102027603,102027184
102027733,102027603
102027882,102027733
102028068,102027184
102028193,102028068
102028382,102027184
102028498,102028382
102028617,102009016
102028844,102009016
102029469,102028844
102029578,102029469
102029805,102028844
102029991,102029805
102030182,102029991
102030354,102029991
102030471,102028844
102030643,102030471
102030761,102028844
102030951,102030761
102031063,102009016
102031256,102031063
102031673,102031063
102031790,102031673
102032107,102031063
102032276,102032107
102032369,102009016
102032496,102032369
102032690,102009016
102032854,102032690
102033138,102032690
102033270,102033138
102033412,102033270
102033591,102032690
102033719,102033591
102033857,102033719
102034045,101797637
102034438,102034045
102034707,102034045
102034878,102034707
102035037,102034707
102035185,102035037
102035301,102034045
102035457,102035301
102036121,101527748
102036514,102036121
102036768,102036514
102037077,102036514
102037249,102037077
102037417,102037077
102037568,102036514
102037730,102037568
102037897,102037568
102038149,102036514
102038270,102038149
102038428,102036514
102038532,102038428
102038687,102036514
102038824,102038687
102039036,102036514
102039185,102039036
102039354,102036514
102039548,102039354
102039795,102036121
102039931,102039795
102040092,102039931
102040291,102036121
102040549,102040291
102040721,102040291
102040822,102040721
102040970,102040291
102041123,102040970
102041269,102036121
102041415,102041269
102041586,102041269
102041744,102041586
102041920,102041586
102042043,102041920
102042181,102036121
102042317,102042181
102042480,102036121
102042800,102042480
102043075,102042480
102043256,102043075
102043418,102043075
102043790,102042480
102044004,102043790
102044155,102043790
102044283,102043790
102044395,102042480
102044525,102043790
102044525,102044395
102044687,102043790
102044919,102042480
102045047,102044919
102045367,102042480
102045503,102045367
102045656,102042480
102045791,102045656
102045931,102042480
102046056,102045931
102046443,102042480
102046608,102046443
102046813,102046443
102046987,102042480
102047139,102046987
102047260,101527748
102047669,102047260
102047803,102047669
102047988,102047669
102048131,102047988
102048316,102047260
102048521,102047260
102048660,102047260
102048843,102047260
102049015,102048843
102049191,102049015
102049360,102048843
102049478,102049360
102049600,102047260
102049895,102049600
102050175,102049600
102050311,102050175
102050639,102049600
102050751,102050639
102050898,102049600
102051020,102050898
102051152,102049600
102051312,102051152
102051613,102051152
102051770,102051152
102052047,102049600
102052289,102049600
102052429,102052289
102052561,102049600
102052679,102052561
102052832,102049600
102052981,102052832
102052981,108141783
102053161,102052832
102053322,102052832
102053439,102047260
102053592,102047260
102053749,102053592
102053998,102053592
102054144,102053998
102054262,102053592
102054392,102054262
102054520,102047260
102054716,102054520
102054883,102054716
102055299,102054716
102055404,102054520
102055532,102055404
102055731,102047260
102055856,102055731
102056004,102055856
102056392,101527748
102057090,102056392
102057453,102056392
102057639,102057090
102058088,102057090
102058296,102058088
102058619,102058088
102058810,102058619
102058947,102058619
102059140,102058619
102059308,102058088
102059434,102059308
102059591,102058088
102059718,102059591
102059878,102058088
102059998,102059878
102060485,102057090
102061014,102060485
102061453,102060485
102061584,102061453
102061753,102060485
102061972,102061753
102062099,102061753
102062233,102060485
102062429,102062233
102062564,102062233
102062802,102060485
102063018,102062802
102063156,102062802
102063296,102062802
102063784,102060485
102064006,102063784
102064179,102063784
102064366,102063784
102064522,102060485
102064696,102064522
102064889,102060485
102065067,102064889
102065275,102060485
102065396,102065275
102065803,102060485
102065929,102065803
102066070,102060485
102066198,102066070
102066504,102060485
102066659,102066504
102066816,102060485
102066946,102066816
102067113,102060485
102067295,108142225
102067583,102067113
102067716,102067113
102067841,102067113
102068007,102060485
102068130,102068007
102068276,102060485
102068402,102068276
102068805,102060485
102068922,102068805
102069377,102060485
102069490,102069377
102069755,102057090
102070022,102069755
102070332,102069755
102070571,102069755
102070763,102069755
102071017,102069755
102071206,102057090
102071414,102071206
102071589,102071206
102071760,102057090
102071909,102071760
102072072,102071909
102072225,102057090
102072374,102056392
102072528,102072374
102072696,102057090
102072844,102072696
102073093,102072696
102073345,102073093
102073486,102073093
102073674,102073093
102073866,102057090
102074078,102073866
102074234,102074078
102074412,102073866
102074618,102073866
102074761,102074618
102074924,102073866
102075099,102074924
102075261,102057090
102075432,102075261
102075585,102075432
102075824,102056392
102076017,102056392
102076191,102076017
102076404,102076191
102076811,102076191
102076997,102076811
102077194,102076811
102077365,102076811
102077499,102076811
102077661,102076191
102077830,102077661
102077995,102076191
102078152,102077995
102078316,102076191
102078456,102078316
102078600,102078316
102078726,102078600
102078890,102076017
102079052,102078890
102079201,102079052
102079392,102076017
102079571,102079392
102079751,102079392
102079910,102079751
102080052,102079392
102080171,102080052
102080417,102056392
102080762,102080417
102081098,102080417
102081257,102081098
102081438,102080417
102081564,102081438
102081714,102080417
102081835,102081714
102082006,102080417
102082152,102082006
102082545,102080417
102082653,102082545
102083007,102080417
102083228,102080417
102083368,102083228
102083508,102083228
102083635,102080417
102083784,102083635
102083967,101527748
102084151,102083967
102084285,102083967
102084405,102084285
102084541,102084405
102084752,101527748
102084985,102084752
102085125,102084752
102085308,102085125
102085457,102085308
102086374,102085125
102086512,102086374
102086666,101527748
102087154,102086666
102087298,102087154
102087497,102087154
102087657,102087497
102087818,102087497
102087986,102086666
102088114,102087986
102088250,102088114
102088411,102086666
102088558,102088411
102088754,102088411
102088900,102088754
102089059,102088754
102089195,102086666
102089334,102089195
102089511,102089334
102089726,102086666
102089851,102089726
102089977,102089851
102090309,102086666
102090441,102090309
102090582,102090441
102090755,101527748
102090906,102090755
102091133,102090755
102091278,102090906
102091566,102090906
102091703,102091566
102091896,102090906
102092045,102091896
102092203,102091896
102092348,102090906
102092510,102092348
102092683,102090906
102092805,102092683
102092953,101527748
102093373,102092953
102093549,102092953
102093696,102093549
102093928,102093549
102094069,102093928
102094222,102093928
102094408,102092953
102094636,102094408
102094867,102094408
102095015,102094867
102095197,102094408
102095326,102095197
102095490,102094408
102095607,102095490
102095764,102094408
102095885,102095764
102096193,102092953
102096363,102096193
102096547,102096193
102096691,102096547
102096899,102096193
102097034,102096899
102097190,102092953
102097327,102097190
102097683,101919419
102097962,102097683
102097962,108145148
102098523,102097683
102098756,102098523
102099048,102098523
102099194,102099048
102099382,102099048
102099536,102099382
102099690,102098523
102099874,102099690
102100144,102099690
102100352,102100144
102100562,102100144
102100799,102100144
102100943,102100144
102101135,102099690
102101262,102101135
102101468,102098523
102101622,102101468
102101781,102101622
102101986,102097683
102102243,102101986
102102486,102101986
102102636,102102486
102102776,102102636
102102998,102102486
102103139,102102998
102103304,102102998
102103477,102101986
102103742,102103477
102103944,102103477
102104077,102103944
102104271,102101986
102104510,102104271
102104807,102104271
102104948,102104807
102105104,102104271
102105236,102105104
102105846,102104271
102105965,102105846
102106458,102104271
102106563,102106458
102106708,102104271
102106829,102106708
102107041,102104271
102107171,102107041
102107440,102101986
102107575,102107440
102107744,102097683
102107890,102107744
102108028,102107890
102108200,102107744
102108333,102108200
102108576,101919419
102108785,102108576
102109067,102108576
102109214,102109067
102109366,102109214
102109539,102108576
102109749,102109539
102109902,102109749
102110077,102109539
102110261,102110077
102110450,101919419
102110856,102110450
102111287,102110450
102111487,102111287
102111487,108145148
102112095,102111287
102112339,102112095
102112583,102112095
102112789,102112583
102113171,102112095
102113355,102113171
102113856,102112095
102113989,102113856
102114133,102112095
102114307,102114133
102114471,102114133
102114615,102112095
102114794,102114615
102114959,102111287
102115178,102114959
102115495,102114959
102115640,102115495
102115811,102114959
102115935,102115811
102116080,102114959
102116204,102116080
102116375,102114959
102116502,102116375
102116747,102114959
102116873,102116747
102117095,102111287
102117236,102117095
102117384,102117236
102117869,101919419
102118170,101919419
102118377,102118170
102118511,102118377
102118670,102118511
102118917,102110450
102119225,102118917
102119225,108144944
102119761,102118917
102119969,102119761
102149960,102119761
102150953,102119761
102151249,102118917
102151689,102118917
102151827,102151689
102151993,102118917
102152236,102118917
102152364,102152236
102152571,102118917
102152900,102110450
102153076,102152900
102153310,102152900
102153453,102153310
102153587,102153310
102153753,102152900
102153881,102153753
102154039,102152900
102154157,102154039
102154839,102118917
102155007,102154839
102155462,102154839
102155619,102154839
102155774,102154839
102155946,102118917
102156064,102155946
102156372,102118917
102156490,102156372
102156677,102110450
102156982,102156677
102157243,102156677
102157774,102157243
102157774,108145349
102160589,102157243
102161047,102157243
102161277,102157243
102161460,102157243
102161695,102157243
102161878,102157243
102162034,102157243
102162145,102157243
102162323,102157243
102162517,102157243
102162692,102157243
102162839,102157243
102163041,102156677
102163142,102163041
102163898,102156677
102164210,102156677
102164475,102164210
102164847,102164210
102165015,102164210
102165274,102164210
102165274,108145262
102165713,102164210
102166299,102156677
102166417,102166299
102166904,102156677
102167034,102166904
102167185,102156677
102167320,102167185
102167527,102110450
102167762,102167527
102168051,102167527
102168245,102168051
102169087,102167527
102169274,102169087
102169625,102167527
102169817,102169625
102170058,102167527
102170240,102170058
102170396,102167527
102170574,102170396
102170745,102110450
102171127,102170745
102171376,102170745
102171642,102170745
102171882,102170745
102172137,102170745
102172259,102172137
102172463,102170745
102172801,102170745
102172972,102172801
102173079,102170745
102173193,102173079
102173350,102170745
102173480,102173350
102173606,102170745
102173727,102173606
102174220,102170745
102174347,102174220
102174501,102170745
102174619,102174501
102175120,101919419
102175398,102175120
102175678,102175120
102175870,102175678
102176113,102175678
102176296,102176113
102176700,102175678
102176834,102176700
102177062,102175678
102177259,102177062
102177371,102175120
102177708,102177371
102178466,102177371
102178697,102178466
102178809,102178697
102178977,102178466
102179136,102178977
102179395,102178466
102179544,102179395
102179695,102177371
102179841,102179695
102179996,102177371
102180161,102179996
102180293,102180161
102180512,102179996
102180653,102180512
102180844,102177371
102181194,102180844
102181338,102181194
102181486,102177371
102181826,102181486
102182169,102181486
102182390,102182169
102182544,102181486
102182726,102182544
102183051,102181486
102183225,102183051
102183404,102183051
102183559,102181486
102183738,102183559
102184017,102181486
102184195,102184017
102184351,102181486
102184551,102184351
102184692,102184351
102184849,102184351
102184999,102181486
102185173,102184999
102185359,102181486
102185539,102185359
102185840,102177371
102186001,102185840
102186124,102186001
102186774,102185840
102186892,102186774
102187064,102177371
102187240,102187064
102187488,102187064
102187643,102187488
102187866,102187064
102187988,102187866
102196047,101797637
102196731,101797637
102196731,108146151
102198513,102196047
102198720,102196047
102199011,102198720
102199180,102198720
102199337,102199180
102199607,102198720
102199784,102199607
102199920,102196047
102200073,102199920
102200392,102196047
102200539,102200392
102200758,102196047
102201240,102200758
102201749,102200758
102201881,102201749
102202023,102200758
102202232,102202023
102202568,102202023
102202747,102202568
102202894,102202023
102203099,102202894
102203306,102202023
102203475,102203306
102203582,102202023
102203734,102203582
102203894,102200758
102204059,102203894
102204283,102203894
102204413,102204283
102204553,102203894
102204728,102204553
102205029,102200758
102205153,102205029
102205450,102200758
102205607,102205450
102205784,102205450
102205931,102205784
102206126,102205784
102206253,102200758
102206405,102206253
102206741,102206253
102206882,102206741
102207177,102200758
102207308,102207177
102207756,102200758
102207901,102207756
102208162,102200758
102208361,102208162
102208541,102208162
102208777,102208541
102209295,102208541
102209426,102209295
102210148,102208541
102210281,102210148
102210479,102208541
102210692,102210479
102211061,102208541
102211453,102211061
102211640,102211453
102211851,102211061
102211995,102211851
102212244,102208541
102212438,102212244
102212567,102212438
102212789,102208162
102212914,102212789
102213071,102200758
102213259,102213071
102213609,102213071
102213745,102213609
102213914,102213071
102214066,102200758
102214194,102214066
102214374,102200758
102214504,102214374
102214642,102200758
102214773,102214642
102215242,102200758
102215409,102215242
102215561,102215242
102215715,102215561
102215884,102200758
102216010,102215884
102216427,102200758
102216712,102216427
102216889,102216712
102217044,102216427
102217231,102216427
102217425,102217044
102217740,102200758
102217873,102217740
102218011,102200758
102218233,102218011
102218475,102218011
102218597,102218011
102218722,102218597
102218861,102200758
102219043,102218861
102219218,102218861
102219353,102219218
102219496,102218861
102219686,102219496
102219840,102218861
102219974,102219840
102220397,102196047
102220551,102220397
102220741,102196047
102220901,102220741
102221158,102220741
102221314,102221158
102221517,102221314
102221633,102221314
102221764,102221314
102221925,102220741
102222051,102221925
102222211,102222051
102222397,102196047
102222541,102222397
102222754,102222397
102222874,102222754
102223033,102196047
102223213,102223033
102223459,102223033
102223646,102223459
102223777,102223646
102223894,102223459
102224210,102223894
102224339,102223894
102224487,102223033
102224614,102224487
102224819,102223033
102225068,102224819
102225233,102196047
102225867,102225233
102226382,102225233
102226531,102226382
102226703,102226382
102226838,102226703
102226990,102225233
102227183,102225233
102227334,102225233
102227816,102227183
102227958,102227816
102228131,102225233
102228299,102228131
102228441,102228299
102228617,102225233
102228785,102228617
102228941,102228785
102229295,102228617
102229420,102229295
102229556,102228617
102229681,102229556
102229841,102225233
102229982,102229841
102230525,102225233
102230664,102230525
102230833,102230664
102230967,102225233
102231123,102230967
102231246,102230967
102231417,102231246
102231582,102225233
102231767,102231582
102231918,102231767
102232055,102231582
102232259,102232055
102232571,102225233
102232694,102232571
102232861,102225233
102232987,102232861
102233164,102225233
102233287,102233164
102233710,102225233
102233943,102233710
102234078,102233943
102234230,102233710
102234367,102234230
102234595,102225233
102234727,102234595
102234871,102234727
102235059,102234727
102235203,102233710
102235552,102225233
102235752,102235552
102235934,102235552
102236079,102235934
102236216,102235552
102236390,102236216
102236572,102225233
102236722,102236572
102236932,102225233
102237219,102236932
102237418,102237219
102237729,102237219
102237925,102237219
102238070,102237925
102238220,102237925
102238472,102237219
102238717,102238472
102238846,102238472
102238978,102237219
102239226,102238978
102239344,102238978
102239729,102236932
102239898,102239729
102240098,102239729
102240228,102236932
102240372,102240228
102240552,102240228
102240677,102236932
102240897,102240677
102241044,102236932
102241283,102241044
102241389,102241044
102241554,102241389
102241765,102236932
102241951,102241765
102242088,102241951
102242461,102236932
102242585,102242461
102242749,102225233
102242889,102242749
102243039,102242889
102243262,102196047
102243636,102243262
102243990,102243262
102244222,102243990
102244711,102243990
102245171,102243990
102245308,102243990
102245509,102245308
102245646,102245509
102246596,102245308
102246720,102246596
102246874,102245308
102246990,102246874
102247121,102245308
102247330,102247121
102247462,102243990
102247657,102247462
102247793,102247657
102247933,102248094
102248094,102243990
102248287,102247933
102248465,102243990
102248649,102248465
102248810,102248649
102248993,102248465
102249139,102248465
102249262,102249139
102249689,102243262
102249968,102249689
102250177,102249689
102250728,102249689
102250909,102250728
102251154,102250728
102251333,102249689
102251462,102251333
102251569,102249689
102251707,102251569
102251865,102251569
102252139,102252026
102252338,102243262
102252527,102252338
102252700,102252338
102252862,102252700
102252987,102252862
102253307,102252338
102253432,102253307
102253577,102253432
102253731,102252700
102253913,102243262
102254106,102253913
102254290,102253913
102254416,102253913
102254567,102253913
102254700,102243262
102254929,102254700
102255205,102254700
102255363,102254700
102255500,102255363
102255601,102243262
102255737,102255601
102255929,102243262
102256079,102255929
102256278,102255929
102256600,102243262
102256852,102256600
102257267,102256600
102257421,102257267
102257591,102257267
102257759,102256600
102257884,102257759
102258042,102256600
102258170,102258042
102258326,102256600
102258449,102258326
102258606,102256600
102258780,102258606
102259081,102258606
102259401,102258606
102259565,102256600
102259687,102259565
102259825,102256600
102259948,102259825
102260084,102196047
102260375,102260084
102260517,102260375
102260632,102260084
102261060,102260375
102261267,102261060
102261415,102261060
102261533,102260084
102261715,102260084
102261858,102261715
102262105,102261858
102262329,102261858
102262473,102261858
102262623,102260084
102262799,102262623
102262969,102262623
102263190,102262969
102263351,102196047
102263575,102263351
102263990,102263351
102264213,102263990
102264511,102263990
102264639,102264511
102264822,102263990
102264996,102264822
102265165,102263351
102265358,102265165
102265607,102265165
102265733,102265607
102265957,102265165
102266089,102265957
102266266,102263351
102266415,102266266
102266548,102266415
102266777,102263351
102266936,102266777
102267259,102266777
102267415,102267259
102267579,102267259
102267747,102266777
102267872,102267747
102268174,102196047
102268444,102268174
102268699,102268174
102268879,102268699
102269072,102268699
102269195,102269072
102269322,102268174
102269478,102269322
102269615,102269478
102269800,102196047
102269998,102196047
102270343,102269998
102270488,102269998
102270730,102270488
102270969,102270488
102271159,102270969
102271335,102271159
102271573,102270969
102271747,102271573
102271962,102271573
102272111,102270969
102272240,102272111
102272470,102270969
102272597,102272470
102272713,102270488
102272857,102272713
102272967,102269998
102273153,102272967
102273303,102273153
102273436,102273303
102273906,102196047
102274307,102273906
102274650,102273906
102274992,102274650
102275141,102274650
102275279,102275141
102275524,102274650
102275646,102275524
102275885,102273906
102276005,102275885
102276154,102273906
102276298,102276154
102276484,102276154
102276603,102276484
102276758,102273906
102276939,102276758
102277070,102276758
102277185,102277070
102277345,102276758
102277479,102277345
102277634,102273906
102277788,102277634
102277928,102277788
102278117,102273906
102278263,102278117
102278419,102278263
102278595,102273906
102278980,102278595
102279415,102278595
102279671,102279415
102279827,102278595
102279989,102279827
102280203,102279827
102280350,102279827
102280476,102278595
102280645,102280476
102280789,102280645
102280931,102278595
102281142,102280931
102281324,102280931
102281458,102281324
102281587,102278595
102281753,102281587
102281976,102281587
102282095,102281976
102282250,102281587
102282377,102282250
102282543,102278595
102282691,102282543
102282819,102282543
102283023,102282819
102283172,102273906
102283591,102283172
102283864,102283172
102284067,102283864
102284208,102283864
102284402,102283864
102284550,102284067
102284685,102283864
102284858,102284685
102285005,102283864
102285153,102285005
102285297,102285005
102285789,102283172
102286058,102285789
102286434,102285789
102286577,102286434
102286701,102286434
102286824,102286701
102287055,102285789
102287205,102287055
102287363,102287055
102287499,102287363
102287685,102285789
102287823,102287685
102287970,102287823
102288154,102285789
102288343,102288154
102288512,102288154
102288757,102288343
102288923,102288343
102289142,102288154
102289283,102289142
102289729,102283172
102289980,102289729
102290183,102289729
102290362,102290183
102290553,102290362
102290726,102290362
102291346,102290183
102291667,102291346
102291864,102290183
102292000,102291864
102292124,102289729
102292350,102292124
102292516,102292124
102292720,102292350
102292950,102292350
102293207,102292124
102293333,102293207
102293762,102289729
102293970,102293762
102294127,102293970
102294282,102283172
102294444,102294282
102294637,102283172
102294814,102294637
102294928,102294637
102295154,102294637
102295275,102295154
102295421,102294637
102295556,102295421
102295808,102283172
102295987,102295808
102296337,102295808
102296503,102296337
102296659,102295808
102296844,102296659
102296965,102296659
102297116,102283172
102297246,102283172
102297548,102297116
102297548,102297246
102297901,102283172
102298044,102297901
102298180,102283172
102298323,102298180
102298519,102196047
102298757,102298519
102298959,102298519
102299199,102298959
102299520,102298519
102299622,102298959
102299755,102299622
102299966,102298959
102300124,102299966
102300250,102196047
102300599,102300250
102300745,102300250
102300898,102300745
102301128,102196047
102301252,102301128
102301487,102196047
102301827,102301487
102302166,102301487
102302297,102302166
102302470,102302297
102302681,102302297
102303040,102303183
102303040,102303626
102303183,102301487
102303334,102303183
102303626,102301487
102303779,102303626
102303920,102301487
102304166,102303920
102304309,102304166
102304499,102304309
102304718,102304309
102304869,102304166
102305028,102303920
102305180,102305028
102305312,102305180
102305467,102303920
102305656,102305467
102305804,102301487
102305931,102305804
102306092,102301487
102306274,102306092
102306423,102196047
102306596,102306423
102306782,102306423
102307194,102306423
102307463,102196047
102307644,102307463
102308105,102307463
102308277,102196047
102308459,102308277
102308774,102308277
102308921,102308774
102309071,102308921
102309258,102308774
102309393,102309258
102309535,102308277
102309670,102309535
102309875,102196047
102310046,102309875
102310216,102309875
102310458,102310216
102310713,102310216
102310847,102310713
102310989,102310216
102311113,102310989
102311268,102196047
102311432,102311268
102311681,102311268
102311815,102311681
102311953,102311815
102312106,102196047
102312585,102312106
102313077,102312106
102313383,102313077
102313933,102313077
102314121,102313933
102314334,102313933
102314482,102313077
102314639,102314482
102314916,102314482
102315088,102313077
102315310,102315088
102315463,102315088
102315655,102315088
102315829,102315088
102316117,102312106
102316303,102316117
102316456,102313077
102316585,102316456
102316904,102313077
102317053,102316904
102317191,102313077
102317316,102313077
102317451,102317316
102317739,102313077
102317869,102317739
102318054,102312106
102318249,102318054
102318431,102318054
102318584,102318431
102318835,102312106
102319070,102318835
102319261,102318835
102319457,102318835
102319627,102319457
102319748,102319457
102320018,102318835
102320164,102312106
102320399,102320164
102320599,102320164
102320869,102320599
102320997,102320599
102321165,102320599
102321328,102320164
102321515,102321328
102321689,102321328
102322340,102312106
102322563,102322340
102322979,102322340
102323125,102322340
102323223,102322979
102323383,102322340
102323496,102322979
102323664,102322340
102323791,102323664
102323971,102312106
102324160,102323971
102324413,102323971
102324521,102323971
102324705,102324521
102324887,102323971
102325041,102324887
102325270,102324887
102325431,102312106
102325620,102325431
102325820,102325431
102325968,102325820
102326092,102325431
102326333,102326092
102326510,102325431
102326698,102325820
102326833,102326092
102327184,102312106
102327500,102327184
102327772,102327184
102327888,102327184
102328080,102327888
102328239,102327184
102328383,102328239
102328618,102327184
102328761,102328618
102328926,102327184
102329113,102328926
102329294,102327184
102329437,102329294
102329643,102329294
102329797,102312106
102329993,102329797
102330164,102329797
102330345,102330164
102330713,102330164
102330858,102330713
102331045,102330164
102331174,102331045
102331337,102330164
102331465,102331337
102331623,102329797
102331908,102312106
102332125,102331908
102332333,102331908
102332488,102332333
102332747,102331908
102332870,102332747
102333052,102331908
102333350,102333052
102333534,102312106
102333837,102333534
102334163,102333534
102334343,102333534
102334490,102333534
102334643,102334490
102334923,102333534
102335049,102334923
102335253,102333534
102335385,102335253
102335529,102333534
102335685,102335529
102335900,102333534
102336067,102335900
102336215,102335900
102336408,102333534
102336645,102336408
102336764,102336408
102336921,102336408
102337205,102312106
102337367,102337205
102337659,102337205
102337865,102337659
102337983,102337659
102338204,102337659
102338541,102337205
102338672,102338541
102338844,102312106
102338999,102338844
102339204,102338844
102339380,102339204
102339623,102339204
102339898,102312106
102340278,102339898
102340608,102339898
102340761,102340608
102340950,102339898
102341070,102340950
102341446,102339898
102341679,102339898
102341795,102341679
102341993,102339898
102342274,102339898
102342411,102342274
102342603,102342274
102342743,102339898
102342862,102342743
102343055,102339898
102343258,102343055
102343483,102343055
102343623,102343055
102343793,102339898
102343911,102343793
102344071,102312106
102344233,102344071
102344625,102344071
102344755,102344625
102344985,102312106
102345259,102344985
102345498,102344985
102345651,102345498
102345833,102344985
102346002,102345833
102346151,102345833
102346341,102345833
102346859,102344985
102346965,102344985
102347151,102344985
102347444,102347151
102347561,102347151
102347723,102344985
102347869,102347723
102347991,102347723
102348268,102312106
102348772,102327184
102349080,102331908
102349265,102333534
102349516,102319457
102349872,102344071
102350679,102569668
102352126,101335218
102352291,102352126
102352426,101335218
102352640,102352426
102352932,102352426
102353089,102352932
102353252,102352426
102353423,102353252
102353648,101335218
102353955,102353648
102354240,101335218
102354418,102354240
102354627,101335218
102354752,102354627
102354969,101335218
102355111,101335218
102355323,101335218
102355638,102355323
102356143,102355323
102356266,102356143
102356419,102355323
102356584,102356419
102356712,102356584
102356914,102356419
102357112,102356914
102357382,102356914
102357483,102356914
102357632,102357483
102357743,102356914
102357980,102355323
102358160,102357980
102358488,102357980
102358620,102358488
102358754,102357980
102358894,102358754
102359032,102355323
102359217,102359032
102359429,102359032
102359582,102359429
102359738,102359032
102360005,102359738
102360287,102360005
102360459,102355323
102360646,102360459
102360876,102360459
102361020,102360876
102361164,102361020
102362109,102362303
102362303,101919419
102362566,102362303
102362832,102362303
102363019,102362832
102363162,108146600
102363834,102362832
102363967,102363834
102364328,102362832
102364483,102364328
102365001,102364328
102365354,102362832
102365549,102365354
102365979,102365354
102366145,102365354
102366773,102365354
102367387,102362303
102367546,102367387
102367779,102367387
102367937,102367779
102368059,102367779
102368210,101919419
102368518,102368210
102369699,102368210
102369947,102369699
102370596,102369947
102371077,102370596
102371273,102371077
102371432,102370596
102371564,102371432
102371723,102370596
102371872,102371723
102372307,102371723
102372485,102370596
102372663,102372485
102373064,102372485
102373234,102370596
102373356,102373234
102373492,102370596
102373653,102373492
102373802,102370596
102373943,102373802
102374064,102370596
102374222,102374064
102374446,102374222
102374564,102369699
102375226,102374564
102375344,102374564
102375490,102375344
102375666,102374564
102376041,102375666
102376216,102375666
102376386,102375666
102376547,102375666
102376695,102374564
102376813,102376695
102376989,102374564
102377117,102376989
102377244,102374564
102377360,102377244
102377534,102374564
102377664,102377534
102377807,102374564
102377937,102377807
102378116,102374564
102378993,102374564
102379147,102378993
102379411,102378993
102379583,102378993
102379746,102374564
102379865,102379746
102380038,102374564
102380155,102380038
102380333,102374564
102380513,102380333
102380700,102380333
102380881,102380333
102381070,102374564
102381239,102381070
102381374,102374564
102381563,102381374
102381726,102374564
102381847,102381726
102382040,102374564
102382198,102382040
102382500,102374564
102382633,102382500
102382800,102374564
102382946,102382800
102383085,102382800
102383319,102374564
102383544,102383319
102383639,102383319
102383777,102383319
102383897,102374564
102384154,102374564
102384287,102384154
102384447,102384154
102384582,102374564
102384709,102384582
102384840,102374564
102384969,102384840
102385259,102374564
102385684,102368210
102386192,102385684
102386367,102386192
102386509,102386192
102386694,102386509
102386863,102386192
102387040,102386863
102387211,102387332
102387332,102385684
102387503,102387332
102387640,102387503
102387872,102394878
102388255,102387872
102388507,102387872
102388918,102388507
102389103,102388507
102389270,102388507
102389485,102387872
102389775,102389485
102389908,102387872
102390033,102389908
102390465,102387872
102390598,102390465
102390773,102369699
102390917,102390773
102391140,102390773
102391271,102391140
102391446,102369699
102391614,102391446
102391798,102391446
102391930,102391614
102392103,102391446
102392218,102392103
102392318,102369699
102392519,102392318
102392732,102392318
102392860,102392732
102392965,102392318
102393100,102392965
102393225,102392318
102393339,102393225
102393457,102394878
102393637,102393457
102393789,102393457
102394090,102393637
102394248,102393637
102394398,102393457
102394549,102394398
102394709,102394398
102394878,102368210
102395155,102395639
102395405,102396036
102395639,102394878
102396036,102395639
102396309,102396036
102396540,102396036
102396726,102396036
102396905,102396036
102397039,102396036
102397208,102395639
102397669,102395639
102398019,102397669
102399132,102395639
102399252,102399132
102399703,102395639
102399843,102399703
102400063,102395639
102400210,102400063
102400571,102395639
102400786,102400571
102401272,102395639
102401387,102401272
102402075,102395639
102402244,102402075
102402470,102402075
102402619,102402470
102402771,102394878
102402912,102402771
102403055,102402912
102403561,102402771
102403731,102394878
102403868,102403731
102404046,102403868
102404271,102385684
102404427,102404271
102404570,102404427
102405039,102404271
102405158,102405039
102405406,102405294
102405722,102385684
102405898,102405722
102406052,102405898
102406253,102405722
102406503,102405722
102406629,102406503
102406752,102385684
102406875,102406752
102407009,102406875
102407181,102385684
102407410,102407181
102407542,102407410
102407728,102407181
102407862,102407728
102408043,102407181
102408166,102408043
102408330,102407181
102408449,102408330
102408613,102369699
102408841,102408613
102408975,102408841
102409166,102385684
102409324,102409166
102409543,102409324
102409674,102409166
102409805,102409674
102409930,102368210
102410775,101894506
102411375,101894506
102411721,102410775
102411897,102411721
102412051,102411897
102412390,102412051
102412501,101919419
102412647,102412501
102412834,102412647
102413063,102412647
102413202,102413063
102413343,101919419
102413586,102413343
102413851,102413343
102414093,102413851
102414399,102413851
102414701,102414093
102415842,102413851
102416112,102415842
102416266,102413851
102416419,102416266
102416587,102413851
102416742,102416587
102416861,102414701
102417799,102413851
102429722,102414093
102429935,102414093
102430477,102414093
102430634,102414093
102430830,102414093
102431428,102414093
102431996,102414093
102432161,102413343
102432373,102432161
102432661,102432161
102432813,102432661
102432934,102432661
102433134,102432161
102433448,102432161
102433585,102433448
102433724,102413343
102433869,102433724
102434004,102433869
102434492,101919419
102434901,102434492
102435246,102434492
102435427,102435246
102435668,102435246
102435830,102435668
102436118,102435668
102436851,102435668
102437091,102435246
102437220,102437091
102437394,102435246
102437520,102437394
102437675,102434492
102437801,102437675
102437953,102437801
102438675,102434492
102438809,102438675
102438944,102438809
102439155,102434492
102439423,102439155
102440562,102439155
102441454,102440562
102441728,102440562
102441932,102440562
102442084,102440562
102442433,102442084
102442598,102442084
102442598,102450137
102442848,102442084
102442848,108144334
102443446,102442084
102444986,102442084
102445319,102442084
102445514,102442084
102445715,102442084
102445853,102442084
102448366,102440562
102448624,102440562
102448836,102448624
102449310,102440562
102449445,102449310
102449609,102448624
102449776,102440562
102449943,102449776
102450137,102440562
102450305,102450137
102450446,102450137
102450576,102450137
102450748,102440562
102450944,102450748
102451137,102450748
102451335,102450748
102451510,102440562
102451641,102451510
102451862,102440562
102452140,102451862
102452140,108141172
102452140,108144334
102452649,102451862
102452879,102451862
102453570,102451862
102455202,102451862
102455343,102451862
102455569,102451862
102455692,102451862
102456016,102451862
102456268,102451862
102456410,102440562
102456543,102456410
102456849,102440562
102456958,102456849
102458503,102440562
102458780,102440562
102458904,102458780
102459087,102440562
102459209,102459087
102459373,102440562
102459495,102459373
102459656,102440562
102459775,102459656
102459954,102440562
102460073,102459954
102460828,102440562
102460948,102460828
102461114,102440562
102461267,102461114
102461433,102440562
102461575,102461433
102461747,102440562
102461884,102461747
102462047,102440562
102462227,102462047
102462397,102440562
102462535,102462397
102462678,102440562
102462814,102462678
102462984,102440562
102463115,102462984
102463276,102440562
102463438,102463276
102463634,102463276
102463778,102463276
102463881,102440562
102464005,102463881
102464203,102440562
102464501,102464203
102464721,102464203
102465111,102464203
102465325,102464203
102465502,102464203
102465644,102464203
102465809,102440562
102465943,102465809
102466167,102440562
102466298,102466167
102466465,102440562
102466575,102466465
102466738,102440562
102466874,102466738
102467027,102440562
102467201,102467027
102467420,102467027
102467571,102467027
102467725,102440562
102468101,102467725
102468335,102440562
102468457,102468335
102468597,102440562
102468705,102468597
102469009,102440562
102469198,102469009
102469479,102439155
102469632,102469479
102469812,102469632
102470051,102439155
102470401,102470051
102471285,102470051
102471478,102471285
102471984,102471285
102472141,102471285
102472332,102471285
102472496,102470051
102472648,102472496
102472868,102472496
102473224,102470051
102473340,102473224
102473555,102470051
102473668,102473555
102473776,102470051
102473896,102473776
102474146,102470051
102474275,102474146
102474956,102470051
102475070,102474956
102475192,102470051
102475312,102475192
102475457,102470051
102475574,102475457
102475744,102470051
102475875,102475744
102476047,102439155
102476211,102476047
102476425,102476047
102476582,102476425
102476711,102476425
102476872,102476047
102477003,102476872
102477171,102434492
102477351,102477171
102477494,102477351
102478183,102477171
102478329,102478183
102478531,102478183
102478630,102478183
102478810,102477171
102478938,102478810
102479255,102479132
102479391,102479255
102479644,102479132
102479756,102479644
102481064,102110450
102481685,102481064
102482082,102481064
102482301,102482082
102483204,102482082
102483473,102482082
102483843,102482082
102484042,102481064
102484167,102484042
102484462,102481064
102484684,102484462
102484817,102484462
102484933,102481064
102485080,102481064
102485252,102485080
102485709,102481064
102485827,102485709
102485997,102481064
102486447,102481064
102486639,102486447
102486785,102486447
102486945,102481064
102487123,102486945
102487366,102481064
102487542,102487366
102487741,102481064
102488112,102481064
102488283,102488112
102488417,102481064
102488581,102488417
102488721,102481064
102488839,102488721
102489023,102481064
102489206,102489023
102489327,102481064
102489483,102489327
102489658,102481064
102489805,102489658
102490086,102481064
102490237,102481064
102490354,102490086
102490576,102481064
102490689,102490576
102491647,102481064
102491831,102491647
102491998,102481064
102492141,102491998
102494099,101919419
102494337,102494099
102494616,102494099
102494845,102494616
102495105,102494845
102495383,102494845
102495520,102495383
102495725,102494845
102495930,102495725
102496105,102494845
102496223,102496105
102496379,102494845
102496630,102496379
102496797,102494845
102497057,102494845
102497185,102497057
102497415,102494845
102497555,102497415
102497686,102494616
102497872,102497686
102498159,102497686
102498318,102498159
102498496,102494616
102498666,102498496
102498855,102498666
102499045,102498666
102499266,102494616
102499427,102499266
102499585,102499266
102499732,102499585
102499911,102494099
102500100,102499911
102500223,102499911
102500395,102500223
102500546,102499911
102500718,102494616
102500919,102500718
102501185,102500718
102501361,102501185
102501594,102500718
102501727,102501594
102501924,102500718
102502038,102501924
102502282,101919419
102502466,102502282
102502611,102502466
102502740,102502611
102510382,101654101
102510498,101919419
102510824,102510498
102511361,102510498
102511809,102511361
102511982,102511361
102512210,102511982
102512377,102511361
102512672,102512377
102512922,102512377
102513203,102512922
102514281,102512922
102515084,102512922
102515579,102512922
102515751,102512922
102516052,102512922
102516332,102512922
102516452,102512922
102516643,102512922
102516795,102512377
102517048,102512377
102517193,102516795
102517541,102516795
102517710,102516795
102517844,102516795
102518002,102516795
102518303,102516795
102518621,102512377
102518756,102518621
102518864,102512377
102519051,102518864
102519213,102518864
102519390,102512377
102519612,102512377
102519829,102511982
102520042,102519829
102520157,102511982
102520372,102511982
102520499,102520372
102520649,102511982
102520801,102520649
102521063,102511361
102521320,102521063
102521513,102521063
102521662,102521513
102521840,102521063
102522022,102521840
102522289,102521840
102522464,102521840
102522636,102521840
102522770,102521840
102522899,102521063
102523093,102522899
102523920,102522899
102524090,102511361
102524362,102524090
102524494,102524090
102524632,102524494
102524834,102524090
102524978,102524494
102525185,102511361
102525743,102525185
102526083,102525185
102526245,102526083
102527135,102525185
102527258,102527135
102527408,102525185
102527531,102527408
102527835,102525185
102528088,102525185
102528256,102528088
102528565,102525185
102528695,102528565
102529497,102525185
102529639,102529497
102529926,102525185
102530050,102529926
102530408,102525185
102530636,102511361
102530937,102530636
102531378,102530636
102531567,102531378
102531783,102531378
102531945,102531783
102532034,102531378
102532159,102532034
102532312,102531378
102532455,102532312
102532938,102530636
102533254,102532938
102533383,102533254
102533588,102532938
102533704,102533588
102533884,102532938
102534008,102533884
102534181,102532938
102534296,102534181
102534457,102532938
102534572,102534457
102534738,102532938
102534857,102534738
102535021,102532938
102535141,102535021
102535322,102532938
102535605,102532938
102535731,102535605
102535886,101919419
102536214,102535886
102536447,102536214
102536590,102536214
102536794,102536214
102536918,102536794
102537137,102510498
102537400,102537137
102537558,102510498
102537924,102510498
102538261,102537924
102538562,102510498
102538756,102537924
102538898,102538756
102539021,102538898
102539331,102539180
102539501,102539331
102539703,102537924
102539968,102539703
102540091,102539968
102540236,102539703
102540412,102540236
102540568,102539703
102540743,102540568
102540893,102539703
102541087,102540893
102541262,102539703
102541370,102541262
102541552,102537924
102541706,102541552
102541829,102541706
102542034,102541552
102542158,102542034
102542311,102510498
102542663,102510498
102542837,102542663
102542994,102542837
102543145,102542994
102543668,101919419
102543795,102543668
102543940,102543795
102544097,102543940
102544485,101919419
102544710,102544485
102544896,102544485
102545100,102544896
102545451,102544896
102545596,102545451
102545906,102544896
102546086,102545906
102546263,102544896
102546398,102546263
102546970,102544896
102547113,102546970
102547274,102544485
102547437,102547274
102547626,102547437
102547876,102547437
102548094,102544485
102548258,102548094
102548411,102548258
102548965,102110450
102549277,102548965
102549491,102548965
102549649,102549491
102550086,102548965
102550243,102548965
102550370,102550243
102550699,102548965
102550825,102550699
102551033,102548965
102551143,102551033
102551322,102548965
102551443,102551322
102551693,101919419
102551868,102548965
102552083,102551868
102553470,101496380
102553699,102553470
102553699,108145437
102555844,101496380
102555966,102555844
102556221,101496380
102556471,102556221
102556634,102556221
102556860,102556634
102557056,102556634
102557206,102557056
102557359,102557206
102557560,102556221
102557834,102557560
102558073,102557560
102558261,102558073
102558422,102558261
102558513,102558073
102558815,101452874
102559088,102558815
102559414,102558815
102559584,102559414
102559824,102559414
102559970,102559824
102560134,102559414
102560268,102560134
102560459,102558815
102560636,102560459
102560794,102560636
102561222,102560459
102561661,102560459
102561793,102561661
102562037,102558815
102562171,102562037
102562315,102558815
102562456,102562315
102562631,102562315
102562775,102562631
102562887,101452874
102563118,101452874
102563292,102563562
102563562,102562887
102563893,102563562
102564045,102563893
102564636,102563562
102564756,102564636
102564984,102563562
102565396,102563562
102565523,102565396
102565727,102563562
102565848,102565727
102566070,102563562
102566534,102563562
102566724,102566534
102566808,102563562
102566916,102566808
102567083,102563562
102567339,102562887
102567499,102567339
102567662,101452874
102567917,102567662
102568282,102567662
102568469,102568282
102568614,102568469
102568941,102567662
102569091,102568941
102569318,102567662
102569477,102569318
102569668,102556221
102570018,102569668
102570389,101452874
102570804,102570389
102570966,102570804
102571148,102570966
102571370,102570389
102571627,102571370
102571907,101453299
102572149,102571370
102572276,102572149
102572969,102572149
102573217,102571370
102573358,102571370
102573480,102573358
102573675,102571370
102573883,102573675
102574145,102573675
102574324,102573675
102574791,102573675
102574948,102571370
102575082,102574948
102575297,102571370
102575481,102575297
102575644,102570389
102575770,102575644
102576101,102575972
102576288,102570389
102576495,102576288
102576670,102576288
102577285,102576288
102577473,102577285
102577845,102576288
102578101,102577845
102578392,102577845
102578621,102577845
102578800,102577845
102579255,102577285
102579461,102577285
102579783,102576288
102579946,102579783
102580152,102579783
102580342,102579783
102580666,102570389
102580921,102580666
102581187,102580666
102581360,102581187
102581509,102581187
102581688,102580666
102581830,102581688
102582027,102581688
102582191,102570389
102582348,102582191
102582573,102582191
102582727,102582573
102582919,102582573
102583075,102582191
102583193,102583075
102583367,102570389
102583519,102583367
102583623,102583519
102583811,102583367
102583953,102583811
102584098,102570389
102584219,102584098
102584368,102584219
102584534,102570389
102584740,102584534
102584894,102584740
102585029,102570389
102585191,102585029
102585348,101452874
102585501,102585348
102585673,101452874
102585888,102585673
102586022,102569668
102586210,102586022
102586411,102586022
102586532,102569668
102586690,102586532
102586896,102586690
102587089,102586896
102587390,102586896
102587659,101452874
102587777,102587659
102587931,102587777
102588118,102587777
102588267,101452874
102588421,102588267
102588567,102588267
102588717,102588567
102588834,101452874
102588974,102588834
102589115,102588974
102589314,102594014
102589663,102589314
102589834,102589663
102590048,102589314
102590229,102590048
102590348,102590048
102590623,102589314
102590790,102590623
102591091,102589314
102591349,102591091
102591477,102591091
102591634,102569668
102591897,102591634
102592090,102591897
102592397,102591634
102592561,102592397
102593016,102591634
102593235,102593016
102593417,102591634
102593684,102593417
102593858,102593684
102594014,102569668
102594361,102594014
102594927,102685977
102595084,102594927
102595218,102595084
102595386,102594014
102596702,102595386
102596920,102595386
102598053,102595386
102598204,102595386
102598385,102598204
102598563,102598385
102598813,102595386
102599036,102598813
102599223,102598813
102599372,102599223
102599508,102599223
102599651,102598813
102599781,102599651
102600269,102598813
102600396,102600269
102600540,102595386
102600750,102600540
102600914,102595386
102601050,102600914
102601170,102595386
102601334,102601170
102601422,102595386
102601573,102601422
102601796,102595386
102602052,102601796
102602164,102601796
102602300,102601796
102602461,102601796
102602573,102601796
102602736,102602573
102603013,102595386
102603154,102603013
102603298,102603154
102604275,102595386
102604505,102604275
102604870,102604275
102604986,102604870
102605372,102595386
102605687,102604275
102605838,102605687
102605982,102605687
102606139,102605687
102606320,102604275
102606460,102604275
102606593,102606320
102606762,102604275
102606910,102606762
102607918,102595386
102608299,102607918
102608515,102607918
102608679,102608515
102608855,102608515
102609024,102607918
102609391,102607918
102609626,102609391
102609776,102607918
102609925,102609776
102610064,102609776
102610253,102607918
102610431,102610253
102610670,102607918
102610791,102610670
102610980,102607918
102611151,102610980
102611495,102607918
102611678,102611495
102611828,102611495
102611975,102611495
102612114,102607918
102612317,102612114
102612450,102607918
102612576,102612450
102612724,102607918
102612896,102612724
102613060,102595386
102613250,102613060
102613446,102613060
102613579,102613446
102613712,102595386
102613898,102613712
102614064,102613898
102614222,102613898
102614395,102595386
102614608,102614395
102614781,102614395
102615040,102614395
102615316,102595386
102615487,102615316
102615661,102615487
102615818,102595386
102615975,102615818
102616116,102615975
102616330,102595386
102616505,102616330
102616683,102616505
102616901,102594014
102617063,102616901
102617322,102617063
102617580,102617063
102617737,102617580
102617867,102617063
102618002,102617867
102618178,102595386
102618635,102618178
102618872,102618178
102618987,102618178
102619872,102618178
102620155,102618178
102620285,102620155
102620446,102618178
102620634,102620446
102620807,102618178
102621336,102618178
102621540,102621336
102621697,102621336
102621860,102621336
102622189,102618178
102622375,102622189
102622873,102618178
102623006,102622873
102623154,102618178
102623364,102618178
102623809,102618178
102623926,102623809
102624107,102618178
102624300,102624107
102624460,102624107
102624621,102595386
102624775,102624621
102625255,102595386
102625409,102625255
102625539,102625409
102625737,102595386
102625914,102625737
102626029,101462488
102626385,102626029
102626586,102626029
102626708,102626586
102626822,102626029
102626963,102626822
102627143,102626029
102627267,102627143
102628550,102595386
102628690,102628550
102628947,102628550
102629200,102595386
102629388,102629200
102629710,102629200
102629896,102629710
102630145,102629710
102630466,102629710
102630609,102629200
102630746,102630609
102630977,102595386
102631155,102630977
102631449,102630977
102631663,102631449
102631814,102631449
102631931,102631449
102632065,102631449
102632185,102631449
102632355,102630977
102632583,102632355
102632915,102630977
102633146,102632915
102633289,102595386
102633547,102633289
102633754,102595386
102634257,102633289
102634546,102634257
102634709,102633289
102634829,102634709
102634973,102633289
102635127,102634973
102635271,102634973
102635460,102633289
102635621,102635460
102635857,102633289
102636014,102635857
102636146,102633289
102636299,102636146
102636471,102636146
102636633,102633289
102637143,102595386
102637530,102637143
102638087,102637143
102638222,102638087
102638336,102638087
102638497,102637143
102638805,102638497
102639035,102637143
102639286,102639035
102639486,102637143
102639651,102639486
102639836,102639486
102640252,102637143
102640430,102640252
102640598,102637143
102640754,102640598
102640923,102637143
102641117,102640923
102641358,102640923
102641568,102640923
102642002,102640923
102642188,102637143
102642444,102642188
102642618,102637143
102642786,102642618
102643115,102637143
102643255,102643115
102643465,102643115
102643692,102595386
102643866,102643692
102644043,102643692
102644206,102644043
102644411,102644043
102644565,102643692
102644706,102644565
102644861,102595386
102645108,102644861
102645252,102645108
102645497,102645108
102645675,102645497
102645829,102645497
102645967,102645497
102646123,102644861
102646313,102646123
102646528,102646123
102646668,102646528
102646878,102644861
102647082,102646878
102647645,102569668
102647770,102647645
102647922,102595386
102648065,102647922
102648250,102647922
102648388,102648250
102648565,102595386
102648719,102648565
102648862,102648719
102649047,102595386
102649224,102649047
102649479,102649047
102649611,102649479
102649717,102649047
102649844,102649717
102650102,102595386
102650292,102650102
102650498,102650102
102650659,102650498
102650834,102650102
102651020,102650834
102651149,102650834
102651293,102650102
102651443,102651293
102651603,102595386
102652124,102651603
102652301,102652124
102652446,102651603
102652763,102651603
102652961,102652763
102653097,102652763
102653270,102651603
102653448,102653270
102653612,102651603
102653763,102653612
102653969,102653612
102654097,102651603
102654212,102654097
102654380,102651603
102654559,102654380
102654727,102595386
102654850,102654727
102655020,102595386
102655166,102655020
102655340,102655020
102655480,102655340
102655611,102595386
102655747,102655611
102655953,102595386
102656084,102655953
102656353,102656232
102656579,102595386
102656843,102656579
102657168,102656579
102657367,102657168
102657620,102657168
102657758,102657620
102657873,102657168
102658006,102657873
102658146,102656579
102658326,102658146
102658474,102658146
102658668,102658474
102658839,102658474
102658974,102656579
102659164,102658974
102659343,102658974
102659484,102659343
102659680,102656579
102660015,102659680
102660166,102660015
102660314,102660015
102660437,102659680
102660630,102660437
102660805,102656579
102660938,102660805
102661084,102660938
102661262,102656579
102661440,102661262
102661635,102661262
102661770,102661635
102661922,102661262
102662077,102661922
102662214,102661262
102662376,102662214
102662526,102595386
102662654,102662526
102662795,102662654
102662979,102595386
102663109,102662979
102663311,102595386
102663447,102663311
102663691,102663311
102663832,102663691
102664020,102595386
102664143,102664020
102664315,102595386
102664449,102664315
102664600,102595386
102664725,102664600
102664860,102664725
102665108,102595386
102665238,102665108
102665389,102595386
102665540,102665389
102665701,102665389
102665859,102665701
102666003,102595386
102666190,102666003
102666412,102666003
102666531,102666003
102666690,102666003
102666829,102666690
102667105,102595386
102667237,102667105
102667452,102595386
102667727,102667452
102668150,102667452
102668449,102668150
102668659,102668150
102668833,102668659
102669089,102668659
102669269,102668659
102669414,102668150
102669540,102669414
102669700,102668150
102669894,102669700
102670133,102669700
102670371,102669700
102670547,102669700
102670872,102668150
102671044,102670872
102671574,102670872
102671814,102670872
102671968,102668150
102672117,102671968
102672344,102671968
102672541,102671968
102672749,102668150
102672882,102672749
102673138,102668150
102673330,102667452
102673512,102673138
102673717,102667452
102673863,102673717
102673998,102673863
102674334,102667452
102674563,102674334
102674750,102674334
102674897,102674750
102675021,102674334
102675208,102674334
102675323,102675208
102676181,102674334
102676321,102676181
102676521,102667452
102676641,102676521
102676776,102676641
102676976,102595386
102677233,102676976
102677531,102677831
102677664,102677831
102677831,102676976
102678002,102677831
102678181,102676976
102678343,102678181
102678472,102676976
102678658,102678472
102678830,102676976
102678970,102678830
102679125,102676976
102679306,102679125
102679462,102595386
102679611,102679462
102679732,102679462
102680063,102595386
102680187,102680063
102680322,102680187
102680818,102595386
102681006,102680818
102681198,102680818
102681331,102681198
102681489,102680818
102681627,102681489
102681789,102596702
102681991,102681789
102682129,102681991
102682475,102569668
102682748,102682475
102682987,102682475
102683112,102682987
102683239,102683112
102683464,102682475
102683616,102683464
102683757,102683616
102683938,102683464
102684074,102683938
102684245,102682475
102684394,102684245
102684605,102684245
102684778,102684605
102685009,102684605
102685215,102682475
102685367,102685215
102685531,102685367
102685760,102594014
102685977,102594014
102686259,102685977
102686796,102686582
102687087,102686582
102687264,102687087
102687468,102687087
102687600,102686582
102687718,102687600
102687865,102686582
102687988,102687865
102688141,102686582
102688261,102688141
102689107,102685977
102689283,102689107
102689444,102689107
102689678,102689283
102689831,102689283
102689963,102689107
102690093,102689963
102690257,102689107
102690381,102690257
102690517,102685977
102690648,102690517
102690807,102690648
102691125,102685977
102691284,102691125
102691434,102691284
102691643,102685760
102691800,102691643
102692043,102691643
102692175,102692043
102692314,102691643
102692453,102692314
102692596,102685760
102692765,102692596
102692909,102692596
102693056,102692909
102693222,102692596
102693358,102693222
102693540,102685977
102693686,102693540
102693829,102685977
102694190,102693829
102694422,102693829
102694553,102694422
102694836,102693829
102695068,102693829
102695200,102695068
102695355,102693829
102695552,102693829
102695757,102695552
102695986,102685760
102696145,102695986
102696272,102695986
102696475,102594014
102696808,102696475
102697119,102696475
102697285,102697119
102697499,102697119
102697637,102697499
102697795,102696475
102697926,102697119
102698105,102697795
102698252,102698105
102698396,102696475
102698565,102698396
102698749,102698396
102698885,102698749
102699030,102696475
102699160,102699030
102699495,102696475
102699663,102699495
102699834,102699495
102699988,102699834
102700172,102699834
102700311,102699495
102700441,102700311
102700566,102696475
102700690,102700566
102700810,102700690
102701223,102594014
102701508,102701223
102701945,102701223
102702219,102701945
102702521,102701945
102702671,102702521
102702810,102701945
102702997,102702810
102703130,102701945
102703362,102703130
102703528,102701945
102704028,102701945
102704275,102704028
102704428,102701945
102704985,102701945
102705342,102701223
102705590,102705342
102705890,102705342
102706099,102705890
102706244,102705890
102706391,102705342
102706611,102706391
102706800,102705342
102707053,102706800
102707373,102706800
102707502,102705342
102707686,102707502
102707947,102705342
102708072,102707947
102708213,102701223
102708346,102708213
102708518,102701223
102708710,102708518
102708997,102708518
102709146,102708997
102709260,102708997
102709372,102708518
102709544,102709372
102709745,102708518
102709931,102709745
102710090,102708518
102710259,102710090
102732078,108446938
102790851,104243142
102822121,103957628
102834607,108617998
102908116,103406103
102912299,102912017
102956467,108385879
102972770,108446597
102979439,108446597
102981196,103449504
103008907,104535150
103050844,108209191
103104239,103830884
103123521,104243142
103124337,108385879
103160842,108385879
103173954,108581206
103180678,104464492
103215108,108385879
103229033,108213657
103240574,103830884
103259439,108213146
103405820,103406103
103406437,103406103
103406666,103406103
103448936,103449504
103465286,103406103
103522249,108445863
103547435,104243142
103551721,103406103
103552835,108385879
103563225,103772430
103602190,104485083
103670553,103670968
103696322,103406103
103727058,104485083
103742640,104535150
103769168,103769918
103791179,104243142
103858090,106611295
103907197,104243142
103957261,103957628
104026396,108106857
104066342,108385879
104092377,104243142
104096701,108106857
104131427,103406103
104145391,108213252
104226758,104227793
104259275,108446443
104332000,103772430
104336506,103406103
104344041,103406103
104352029,104485083
104388537,108224514
104416305,104464492
104416957,108106857
104464227,104464492
104465305,104464492
104480265,108585351
104528248,104243142
104580160,108385879
104620835,108445863
104679119,108385879
105363823,105363510
106044405,108298171
106412805,114042958
106413005,114042840
106469872,108128389
106511367,108146691
106698369,106695194
106941389,106941263
106944914,106597171
106947299,106597605
106947406,106597605
106947513,106597605
106947620,106597605
106947727,106597605
106947834,106597605
106947941,106597605
106948048,106597605
106948155,106597605
106948262,106597605
106948370,106597605
106948478,106597605
106948586,106597605
106948694,106597605
106948802,106597605
106948910,106597605
106949018,106597605
106949126,106597605
106949234,106597605
106949342,106597605
106949450,106597605
106949558,106597605
106949666,106597605
106949785,106597605
106949898,106597605
106950012,106597605
106950298,106598977
106950405,106598977
106950511,106598977
106950618,106598977
106950725,106598977
106950834,106598977
106950940,106598977
106951045,106598977
106951152,106598977
106951258,106598977
106951366,106598977
106951475,106598977
106951580,106598977
106951685,106598977
106951790,106598977
106951900,106598977
106952005,106598977
106952111,106598977
106952219,106598977
106952325,106598977
106952435,106598977
106952541,106598977
106952653,106598977
106952759,106598977
106952874,106598302
106952982,106598302
106953089,106598302
106953197,106598302
106953306,106598302
106953411,106598302
106953517,106598302
106953625,106598302
106953732,106598302
106953839,106598302
106953947,106598302
106954055,106598302
106954165,106598302
106954272,106598302
106954379,106598302
106954489,106598302
106956038,106600199
106981871,106973058
107516137,113788507
107919263,112541937
107940857,102018310
108091684,102513915
108124139,108531687
108141367,108299082
108143282,108143112
108143932,108143282
108153120,108219478
108154295,108226817
108162001,108473656
108180481,108180118
108218440,108218754
108220918,108220727
108221164,108220727
108225669,108225786
108230537,108384672
108230694,108384851
108231331,108385047
108231570,108385472
108231743,108385669
108232104,108385776
108248335,108247681
108248508,108247681
108249106,108248658
108249256,108248658
108249425,108248658
108249565,108246693
108249800,108248658
108252532,108252371
108252707,108252371
108253461,108262540
108254633,108090084
108255377,108254633
108255535,108147741
108255855,108254633
108259012,108255855
108259269,108259012
108259577,108259012
108260737,108259577
108260894,108259577
108261082,108259577
108261734,108261082
108262540,108261082
108263324,108262540
108272031,108201892
108275385,108509402
108277188,108493417
108285406,108493417
108288477,108493417
108290927,108493417
108293008,108493417
108299488,108239586
108313975,108314141
108314141,108509703
108314355,108314141
108315075,108472679
108315244,108472679
108315657,108201892
108317896,108201892
108318628,108201892
108327693,108327455
108328160,108327958
108341694,108340312
108343359,108343835
108344137,108344306
108346881,108493417
108347161,108493417
108348412,108348639
108350001,108493417
108351089,108350828
108365275,108343835
108365953,108365275
108366455,108365953
108367022,108366601
108367211,108366455
108367211,108367022
108367445,108367211
108372743,108372468
108373689,108201892
108373689,108212436
108375304,108332188
108381819,108200615
108381819,108382621
108385333,108385172
108391036,108339626
108391329,108313451
108395273,108351716
108395972,108365095
108397235,108398345
108398345,108398232
108404759,108541139
108409506,108521190
108423731,109632013
108425863,108372034
108427148,108542919
108430928,108431083
108431083,108439286
108435455,108438880
108440307,108429443
108445863,108344306
108449280,108448801
108449417,108448801
108449553,108448801
108449721,108448801
108449941,108448801
108450132,108448801
108452528,108448801
108452714,108448801
108455689,108455478
108459172,108447089
108459601,108459895
108483540,108510231
108489132,108510231
108494253,108493417
108500975,108493417
108501362,108493417
108504190,108503741
108509402,108509119
108509703,108509119
108510231,108509119
108510586,108610383
108511112,108201892
108511320,108158536
108511922,108626315
108513277,108521190
108521190,108531951
108525627,108525739
108531951,108116294
108533959,108534356
108534827,108316969
108549117,108493417
108549972,108493417
108550690,108343359
108554400,108158536
108567611,108482695
108572208,108503741
108572610,108503741
108573561,108224514
108573855,108218168
108576875,108577067
108583321,108231743
108583476,108231743
108583631,108231743
108587077,108418906
108587205,108418906
108590393,108143112
108593128,108592149
108624908,108624690
108631779,108632057
108634827,108313451
108704454,108700579
108811117,108700579
108862513,108324562
108862513,108329490
108865033,108329490
108866839,108328537
108869151,108328537
108871309,108326858
108872567,108641847
108873922,108641847
108877688,108328537
108889373,108328537
108893364,108328537
108894313,108328537
108894988,108328537
108895544,108328537
108896478,108328537
108898163,108328537
108904906,109015757
108906226,115771210
108906543,115771210
108907212,115771210
108907930,108328537
108908722,108905319
108909090,108328537
108909617,108328537
108911529,108328537
108912810,108328537
108913798,108328537
108918889,108325974
108918889,108326858
108918889,108918155
108920140,108324562
108920838,108328537
108921752,108326858
108921752,108918155
108922960,108457365
108923535,108325974
108923535,108918155
108924633,108325974
108924633,108326858
108927658,108457365
108928363,108457365
108929952,108457365
108930743,108457365
108930981,108457365
108931324,108457365
108931525,108457365
108932349,108457365
108934332,108328537
108934332,108329490
108937231,108325974
108938608,108325974
108938608,108326858
108959494,108325974
108959494,108326858
108977963,108201203
108977963,108326858
108977963,109015757
108988927,108201203
108988927,109015757
109002593,108201203
109003591,108325974
109005321,108328537
109006147,108324562
109007806,108325974
109007806,108326858
109007806,108458996
109009087,108457365
109010896,108328537
109011820,108328537
109016323,109015757
109016604,109015757
109016788,109015757
109018179,108325974
109018179,108326858
109039476,109031693
109040222,109031693
109040502,109031693
109042802,109031693
109046723,108201203
109046723,108325974
109054142,108641847
109055117,108324562
109058568,108201203
109058568,109015757
109065282,108329490
109065282,108641847
109066185,109000597
109066415,109000597
109068395,108329490
109071160,108324562
109071160,108329490
109084910,108324562
109086967,108324562
109086967,108329490
109087646,108325974
109087646,108326858
109101144,108905319
109104829,108328537
109106266,109015757
109107013,108325974
109107013,108326858
109107013,108458996
109107013,115771210
109111234,108326858
109114734,108641847
109115355,108324562
109117657,108324562
109117657,108329490
109118964,108325974
109118964,108326858
109118964,108458996
109121400,108641847
109127717,108324562
109130202,108324562
109133443,108201203
109133443,109015757
109134698,108329490
109136047,108324562
109139371,108328537
109140082,108328537
109142272,108641847
109144799,108457365
109145845,108325974
109145845,108326858
109147962,108324562
109147962,108329490
109148480,108328537
109149722,108328537
109150144,108328537
109154433,108324562
109154433,108329490
109158508,108641847
109159415,108324562
109160337,108201203
109167345,108448359
109172518,108448359
109174137,108457365
109174755,108457365
109175490,108457365
109176010,108448359
109176403,108448359
109178969,108448359
109179624,108448359
109180330,108448359
109181174,108448359
109181888,108448359
109182409,108448359
109182951,108448359
109183724,108448359
109184780,108325974
109184780,108326858
109190918,108324562
109192224,108328537
109194816,108324562
109197948,108641847
109198890,108324562
109200928,108326858
109205718,108324562
109205718,108329490
109206390,108326858
109206390,108328537
109214882,109211879
109220979,109211879
109233548,109211879
109237707,109211879
109252938,109211879
109265273,109266038
109265767,109266038
109266333,109211879
109268219,109211879
109289629,109211879
109301536,109211879
109303683,109211879
109305092,109211879
109312643,109211879
109324099,108328537
109325661,108328537
109325661,108329490
109327050,108641847
109328419,108324562
109356625,109620947
109356729,109555364
109357935,109404524
109358096,109606725
109359101,109366338
109363158,109591402
109369574,109391146
109372749,109417580
109383730,109404524
109383848,109606725
109384112,109545222
109396980,108723472
109397588,109400551
109399108,109375348
109402222,109452161
109404054,108723472
109423197,109620947
109430017,109427098
109430117,109502583
109435532,109604806
109438448,109375348
109481082,109368048
109487113,109604806
109489924,108723472
109492230,109604806
109512270,109604806
109516204,109604806
109520419,109604806
109533643,109604806
109538327,109427098
109543904,109404524
109546599,109604806
109559163,109604806
109560937,109620947
109561073,109604806
109561886,109504826
109561886,109505302
109562324,109452161
109564673,109397443
109565378,109404524
109572187,109502583
109589901,109604806
109595399,108723472
109601323,109397295
109606725,109519780
109607869,109637893
109609473,108423731
109609473,109417580
109611177,109560937
109615806,109604806
109633180,109604806
109635807,109509458
109636661,109604806
109669387,108551902
109670240,109669982
109671492,108305720
109690909,108136602
109694719,108136602
109695913,108136602
109699555,109699367
109699695,109699367
109699824,109699367
109704039,109702789
109704934,108531198
109716244,109716019
109731455,109731051
109731591,109731051
109731739,109731051
109777761,108247194
109778097,108391329
109791972,108318993
109792827,108525518
109802843,115608423
109803116,115657369
109804052,115555142
109804452,108674816
109804613,109180837
109809994,108457092
109811950,108320990
109812384,108320990
109812708,108320990
109820238,108457092
109826356,108457092
109837621,109058568
109840837,109840714
109841367,108245127
109841653,108245829
109841770,108242563
109841949,108234472
109842521,108242819
109843256,108239586
109843648,108302864
109843865,108235190
109844175,108239997
109844327,108238662
109844444,108235469
109844848,108238009
109845047,108239003
109845174,108239219
109845291,108633260
109846249,108247681
109846761,108247681
109847246,108248335
109847499,108248508
109847697,108250746
109847864,108251067
109848022,108251302
109848166,108251526
109848416,108251698
109848549,108248658
109849025,108250230
109849173,108249800
109849338,108249256
109849504,108249106
109849651,108249425
109849746,108252371
109849862,108445525
109853375,108860570
109853898,108861938
109854023,108862513
109854311,109178969
109854436,109184577
109854561,108865033
109854804,108904465
109854964,108867080
109855089,108869151
109855219,108988927
109855393,108994269
109855562,109003591
109855687,109005321
109855816,109006147
109855952,109006784
109856083,109116804
109856208,109087646
109856208,109184780
109856388,109006784
109856873,108856770
109856873,108865033
109856873,109010442
109857058,108873403
109857058,108972946
109857202,108891642
109857330,109010442
109857330,109116804
109857330,109160337
109857576,109010442
109857576,109160337
109857767,108873403
109857767,108972946
109857940,108912810
109858067,109007806
109858227,108917052
109858350,108867855
109858487,109010262
109858622,109010896
109858729,109001229
109858852,109011820
109858977,109014341
109859337,109054142
109859443,108871309
109859570,108872567
109859694,108873403
109859802,109172518
109859947,108958492
109859947,108958915
109860103,108873922
109860279,108874393
109860408,108977963
109860893,109077656
109861069,109141668
109861224,108892962
109861473,108877244
109861594,109120641
109861594,109329498
109861594,109330986
109861809,108877688
109861931,108880234
109861931,108887807
109862365,108889373
109862492,108891642
109862636,108893364
109862749,108907930
109862868,108914331
109863048,108915184
109863251,108914879
109863384,108916645
109863490,108918889
109863865,108919342
109863973,108920140
109864101,108999946
109864219,108934332
109864340,109055117
109864671,108895544
109864812,109017017
109864996,109028593
109865469,109028593
109865699,109028593
109867596,109035306
109867697,109038773
109867820,109038773
109867945,109030493
109868045,108308148
109868256,108307343
109868397,109034672
109868518,109030846
109868764,109034244
109868891,109035097
109869012,108935725
109869175,108917052
109869175,108917631
109869175,109104107
109869672,108935208
109869797,108936876
109869917,108937231
109870020,109007806
109870143,109168668
109870284,109168668
109870436,109168668
109870634,108937557
109871054,109174476
109871177,109175232
109871288,109168668
109871475,109166644
109871623,109166644
109871880,109168668
109872006,109168668
109872135,109166644
109872293,109087646
109872648,109090273
109872787,109090273
109872899,109099044
109873127,109098126
109873230,108870930
109873692,108942085
109873938,109103449
109874061,108938608
109875564,108943114
109875752,108944203
109875867,108945466
109875962,108941335
109876093,108945011
109876186,108948124
109876302,108946847
109876410,109057809
109876522,109073510
109876627,108894313
109876756,109106266
109876880,108909090
109877002,108894988
109877128,108999946
109877128,109121400
109877128,109122806
109877399,109141948
109877540,109107013
109877717,109102481
109877958,109060459
109878442,109110100
109878577,109111234
109878721,109065282
109878886,109068395
109879151,109071160
109879409,109017229
109879622,109017229
109879778,109017229
109879920,109047238
109880178,108950044
109880326,108950297
109880540,108959494
109881136,108971695
109881330,108963380
109881426,108964712
109881522,108958074
109881708,108959494
109881929,108971152
109882041,108969051
109882171,108969833
109882264,108962937
109882392,108962937
109882567,108911325
109882692,109079557
109883286,109084910
109883784,109085917
109884128,109086967
109884269,109114734
109884508,109115186
109884731,109184290
109885070,109115355
109885177,109072885
109885317,109117228
109885442,109117657
109885563,109118525
109885719,109118964
109885919,109073098
109886122,109120218
109886234,109120641
109886358,109121400
109886539,109125480
109886634,109126148
109886754,109126495
109886874,109127717
109887005,109128381
109887133,108898163
109887721,108868477
109888057,109130202
109888182,109131947
109888312,108856770
109888437,108999473
109888559,109064024
109889026,109133443
109889149,108896092
109889278,109134698
109889617,109134252
109889722,109537498
109889895,108921752
109890171,109136047
109890290,109136843
109890638,108896478
109890764,109139371
109890892,109139849
109891017,109140082
109891888,109142272
109892075,109143625
109892274,108999657
109892457,109145845
109892585,109147962
109892733,108971866
109892851,109168668
109893604,109180330
109893719,109152306
109893835,109154433
109893978,109005747
109894393,109153305
109894525,109125743
109894652,108918155
109895006,109048144
109895330,109156883
109895457,109157504
109895588,109166644
109895731,109157892
109895849,109160337
109895984,109605773
109896373,109184780
109896514,108876307
109896640,109190918
109896763,109192705
109896911,108923535
109897498,109064024
109897498,109064602
109897947,109194816
109898068,109195419
109898299,109151054
109898405,108887807
109898512,109182409
109898691,109196046
109898800,109197948
109899041,108917631
109899145,109336335
109899266,109198890
109899391,109200928
109900687,109181174
109901092,108886883
109901404,109204580
109901509,109176403
109902824,108325489
109902824,108325624
109902824,108325748
109903150,109206390
109911378,109324099
109911504,109325661
109911633,109327050
109911771,109052506
109911962,109103741
109912085,109127305
109912189,108924633
109912568,108926292
109912875,108927290
109913008,108927481
109913115,108933429
109913356,109104107
109913489,109190302
109913620,109051021
109913738,109104829
109913864,109105239
109913987,108972946
109914092,109158508
109914231,108976305
109914368,109159415
109914534,108876307
109914645,109066630
109914770,109002315
109914898,109198629
109915012,108946658
109915129,109007806
109915258,109328419
109915379,108974136
109915564,108974833
109915744,108973758
109915891,108924633
109915984,109160337
109916110,108891642
109916260,109329498
109916383,109330986
109916511,109132615
109924128,108432883
109948873,108221555
109952626,108426102
109979668,108316494
109980043,108541416
109989294,108200615
109993667,108556128
110000975,108525166
110007745,108340312
110011842,108241436
110019225,108522943
110021168,108299082
110021726,108250384
110021726,108250537
110024997,108409273
110032206,108578750
110032379,108630755
110032559,108410896
110033800,108093994
110036861,108368578
110038082,108426227
110041277,108482118
110043618,108306395
110043870,108334251
110045782,108624690
110046677,108460189
110048949,108409273
110049104,108409273
110051136,108227065
110051723,108364894
110060326,108394971
110061512,109056666
110066904,108306596
110068891,108237732
110071333,108306746
110072981,108301491
110077265,108542919
110077564,108551291
110080083,108570015
110082465,108535247
110082677,108535247
110092872,108535247
110093659,108120502
110096006,108341243
110096154,108341054
110099045,108312659
110100898,108510586
110102927,108305268
110108397,108344966
110113431,108527377
110119786,108477741
110119924,108477741
110120581,108462639
110121439,108411061
110129930,108461727
110131658,108242989
110134317,108239997
110134917,108404569
110135702,108619522
110140340,108425863
110153492,108395972
110153628,108425863
110158584,108619921
110158941,108303977
110159096,108303716
110161288,114075805
110161704,114078626
110165707,108977065
110169439,108538200
110171863,108095571
110173422,108095863
110179071,108398068
110179447,108411694
110193080,108476208
110198510,114076804
110202595,108909617
110221662,108265505
110234228,108343087
110235001,108585572
110235127,108341976
110237013,108551614
110239431,108412924
110240783,108240488
110254040,108397024
110256310,108376350
110263597,100805549
110266432,108513081
110270922,108273327
110274466,108368223
110277046,108970039
110277298,108409273
110287338,108462456
110290950,108388686
110292278,108301088
110299952,108397920
110300084,108397235
110303151,108363002
110303341,109194087
110303444,108966267
110311172,108625165
110322121,108180118
110326680,108938608
110326783,108366190
110328457,108409273
110328605,108409273
110330992,108544822
110331173,108350586
110335522,108427786
110340730,108307343
110342630,108246900
110346305,108264813
110346644,108374908
110351219,108529183
110356476,108305820
110357913,108442655
110363459,108397920
110363789,108098278
110364227,108535247
110372676,107286058
110372676,108337032
110374510,108581829
110375250,108441332
110378110,109145624
110378260,109180109
110393441,108341976
110394226,108519381
110396664,108098147
110402551,109065924
110404036,108301960
110410952,108567611
110411798,108536376
110413099,108208164
110414344,108305820
110418446,108119791
110420609,108180118
110423388,108208359
110425318,108413858
110425781,108541845
110431426,108243591
110431591,108241221
110433026,114078626
110433603,108305485
110436613,108556519
110436837,108424497
110437021,108382134
110451011,108385333
110455988,108535247
110459156,108629458
110461489,108243760
110464254,108398975
110464404,108398722
110467935,108230537
110483693,108514159
110485027,108345575
110496690,108351716
110499282,108476208
110499389,108119791
110499520,108380368
110501555,108308583
110503760,108244356
110503933,108244729
110506675,108966980
110508756,108364038
110509014,108543945
110512746,108230694
110512880,108341976
110515871,108524902
110519617,109128765
110522158,108245437
110528235,108374908
110529674,108359354
110530117,108533208
110532297,108399786
110533434,108542647
110540618,108346063
110542758,108963380
110548096,109210481
110551153,108542303
110554844,108241813
110556639,108659217
110559291,114076989
110573166,108187508
110577461,108246693
110588602,108567873
110591590,108543808
110592062,108120502
110592679,108376775
110593008,108315075
110595071,108212088
110598373,114076804
110598373,114076989
110600268,108482355
110603789,108334876
110605806,108541845
110606139,108315244
110607747,108239335
110612952,108334698
110613313,108568764
110633953,108374908
110634487,108097219
110642369,108362435
110646981,108204476
110649927,108558927
110656914,108582923
110659637,108243907
110666444,108305820
110667727,108305820
110674056,108418684
110674533,108440307
110675532,108333138
110686905,108523833
110693430,108305820
110693944,108305820
110696526,108266111
110697452,108398232
110704436,108641662
110710300,108247460
110710731,108477334
110717267,108415727
110717976,108359151
110730598,108524206
110734546,108389424
110735077,108363418
110742410,108305138
110745064,108542175
110755827,108429443
110769941,108396743
110772497,108476698
110772661,108476698
110778710,108351089
110781659,108303063
110788231,108100667
110790508,108460670
110791407,108120502
110798721,108383631
110798951,108227324
110799176,108227324
110804034,108524528
110807634,108397705
110818221,108227065
110825116,108241971
110825241,109212365
110837740,108139358
110841809,108593607
110842603,108396868
110859690,108361308
110863064,108310843
110863307,114079517
110867014,108425863
110868699,108362267
110877551,108624190
110886341,109141328
110892222,114079517
110894757,108539764
110900553,108544822
110900553,108545388
110901046,108512291
110912476,108913648
110915977,108525902
110920759,108438436
110920866,108409273
110926243,108535247
110927398,108119791
110931691,108311414
110932385,108383833
110937612,108244056
110937813,108244206
110943791,108460497
110947965,108633016
110948098,108633016
110948465,108382134
110948465,108382288
110955027,109142272
110959814,108313451
110969735,108363730
110974260,108904465
110978101,108301314
110978298,108301647
110978506,108301801
110978664,108300475
111009385,109214324
111040595,108640865
111050297,108394139
111095250,108640865
111114184,108622683
111161845,108310192
111162083,108312123
111167780,108311414
111168223,108312123
111191008,108307901
111191617,108307901
111191829,108307901
111192058,108307901
111192254,108307901
111192447,108307901
111195353,108394139
111206094,108307343
111206331,108307343
111206537,108307343
111206872,108307343
111207164,108310192
111207164,108312123
111207404,108312123
111223205,108394139
111227635,108311414
111240982,108333968
111244125,108523248
111253392,108309068
111253665,108311847
111253897,108309068
111254133,108311847
111254309,108308148
111254682,108306395
111255019,108308148
111255249,108308148
111255620,108311414
111256122,108311414
111293207,108310843
111293596,108310843
111293795,108310843
111299941,108309068
111317243,108394139
111333369,108333968
111341063,108523248
111375735,108139726
111375935,108139726
111376132,108139726
111376315,108139726
111376764,108311414
111377347,108310843
111383209,108523248
111387523,108640865
111455990,108943114
111464480,108309331
111464751,108309331
111477041,108309068
111477439,108309068
111477760,108312307
111527216,108622683
111531795,108523248
111538689,108394139
111584764,108307343
111596942,108397024
111616080,108394139
111617070,108622683
111752095,111750231
111755072,111750231
111755315,111750231
111757416,111750231
111757965,111757416
111758303,111757416
111758524,111757416
111758761,111757416
111758979,111758761
111759220,111758761
111759386,111759220
111759516,111758979
111759631,111757416
111760371,111759631
111760521,111760371
111760696,111759631
111760926,111759631
111761135,111760926
111761327,111761135
111761443,111759631
111761666,111761443
111761807,111761666
111762018,111761443
111762275,111762018
111762409,111759631
111762615,111762409
111762833,111762615
111763037,111757416
111763336,111763037
111763616,111763037
111763801,111763616
111763960,111763616
111764125,111763037
111764298,111764125
111764488,111764298
111764711,111764488
111764827,111763037
111765010,111764827
111765236,111765010
111765465,111750231
111765910,111765465
111766046,111765910
111766220,111765465
111766410,113396912
111771907,111750231
111772355,111750231
111772594,111750231
111774459,111815972
111774871,111815972
111776109,111885314
111776883,112632985
111777553,111887132
111781924,112632985
111783443,111885314
111784954,111886682
111785430,112535528
111785736,112023204
111786081,112581003
111786926,112131144
111787378,112435209
111788107,111885314
111792603,111886682
111793869,112535528
111794356,112023204
111796121,112581003
111800114,112131144
111806036,112435209
111811479,113218447
111812842,113218447
111815372,113218447
111815972,111771907
111816768,111815972
111817146,111815972
111817505,111817146
111817786,111817505
111818056,111817786
111818317,111818056
111818584,111817505
111818760,112971949
111818947,111818760
111819112,111818584
111819346,111819112
111819651,111817505
111819825,111819651
111819984,111819825
111820354,111815972
111820799,111820354
111821331,111820799
111821560,111821331
111821993,111821560
111822147,111820799
111822417,111822147
111822578,111822417
111822964,111822147
111823138,111822964
111823331,111822147
111823533,111823331
111823705,111822147
111823906,111823705
111824122,111823705
111824290,111822147
111824495,111824290
111824706,111824290
111824885,111820354
111825053,111824885
111825236,111825053
111825358,111815972
111825564,111825358
111826056,111825564
111826368,111815972
111827039,111826368
111827321,111827039
111827506,111827321
111827731,111826368
111828052,111826368
111828399,111828052
111828715,111828399
111828910,111828715
111830135,111828715
111830522,111828715
111839410,111828399
111839521,111839410
111840908,111828399
111841049,111840908
111841220,111828399
111841333,111841220
111843648,111828399
111843765,111843648
111845027,111828399
111845191,111845027
111847688,111828399
111847828,111847688
111849003,111828399
111849175,111849003
111849930,111828399
111850073,111849930
111850220,111828052
111850736,111850220
111851070,111850220
111851208,111851070
111853621,111850220
111853756,111853621
111853943,111850220
111854111,111853943
111854286,111850220
111855123,111850220
111855333,111855123
111855567,111850220
111855749,111855567
111856030,111855567
111856427,111855567
111856665,111850220
111856801,111856665
111856986,111850220
111857343,111856986
111857810,111856986
111857987,111856986
111859230,111850220
111859412,111859230
111859634,111859230
111859773,111859230
111859937,111850220
111860191,111850220
111860460,111860191
111860799,111850220
111861109,111860799
111861350,111850220
111861569,111861350
111861863,111850220
111862328,111850220
111863100,111850220
111863462,111863100
111863642,111863100
111863878,111863100
111864128,111850220
111864288,111864128
111864457,111828399
111864579,111864457
111864687,111828052
111865006,111864687
111865199,111864687
111865330,111865199
111866547,111864687
111866722,111866547
111867119,111866547
111867455,111866547
111867684,111866547
111867844,111828052
111868033,111867844
111868192,111868033
111868428,111867844
111868566,111868428
111868775,111868428
111869013,111828052
111869165,111869013
111869294,111869165
111870675,111828052
111871147,111870675
111871455,111871147
111871633,111871147
111871792,111871147
111871994,111871147
111872169,111871147
111872382,111871147
111872542,111871147
111872739,111870675
111872986,111872739
111873144,111870675
111873540,111870675
111873709,111873540
111873854,111873540
111874083,111870675
111874400,111874083
111874568,111874083
111874823,111870675
111875008,111874823
111875180,111870675
111875539,111875180
111875796,111870675
111875965,111875796
111876187,111875796
111876390,111870675
111876569,111876390
111876730,111870675
111877001,111876730
111877179,111870675
111877320,111877179
111877520,111870675
111877747,111877520
111877960,111877520
111878125,111877520
111878288,111870675
111878484,111870675
111878664,111878484
111878916,111870675
111879095,111878916
111879377,111828052
111879589,111879377
111879768,111879589
111880005,111826368
111880316,111826368
111880447,111828052
111880675,111880447
111880840,111880447
111881377,111880675
111881596,111880675
111881839,111880675
111882053,111880675
111882232,111880447
111882405,111882232
111882604,111880447
111882796,111882604
111882982,111815972
111883346,111882982
111883623,111883346
111883834,111883623
111884210,111755072
111884462,111771907
111884905,111884462
111885314,111884462
111886387,111885314
111886387,113063043
111886682,111885314
111887132,111884462
111887687,111887132
111887687,112835979
111887947,111887132
111888180,111887132
111888559,111887132
111912612,111886682
111913226,111912612
111913472,111913226
111913641,111913472
111915145,111913226
111915259,111915145
111915473,111913226
111915634,111915473
111915998,111913226
111916436,111913226
111916595,111916436
111916818,111912612
111917048,111916818
111917220,111917048
111918093,111916818
111918222,111918093
111918555,111916818
111918731,111918555
111918943,111916818
111919575,111916818
111919718,111919575
111920061,111912612
111920336,111920061
111920524,111920336
111921152,111920061
111921358,111921152
111921563,111912612
111921741,111921563
111921912,111921741
111922088,111912612
111922226,111922088
111922373,111922226
111922659,111912612
111922865,111922659
111923046,111912612
111923329,111923046
111923595,111923046
111923753,111923595
111924061,111923046
111924280,111924061
111924451,111924061
111924831,111924061
111925233,111924061
111925581,111923046
111925780,111923046
111925985,111925581
111926289,111923046
111926421,111926289
111926602,111926289
111926769,111923046
111926889,111926769
111927328,111923046
111927487,111927328
111927841,111912612
111928102,111927841
111928318,111928102
111928517,111928102
111928705,111928102
111928865,111928102
111929110,111927841
111929334,111929110
111931631,111927841
111931813,111927841
111931942,111931813
111932487,111912612
111932694,111932487
111932824,111932487
111933030,111932694
111933288,111932487
111933423,111933288
111933620,111912612
111933810,111933620
111934042,111933810
111934278,111912612
111934513,111934278
111934867,111934278
111935090,111934867
111935338,111934867
111935470,111934867
111935945,111934278
111936082,111935945
111936537,111935945
111936667,111934278
111936899,111936667
111937237,111936899
111937480,111934278
111937756,111937480
111937956,111937756
111938181,111937480
111938341,111938181
111938571,111912612
111938780,111938571
111938946,111938780
111939128,111912612
111939748,111939128
111940013,111939748
111940551,111939748
111940997,111939748
111941302,111939748
111941504,111939748
111941696,111939748
111942429,111939128
111942642,111942429
111943315,111939128
111943430,111943315
111944189,111939128
111944320,111944189
111944482,111939128
111944675,111944482
111946229,111939128
111946367,111946229
111946585,111939128
111946751,111946585
111947018,111946585
111947200,111946585
111947398,111946585
111947636,111939128
111947759,111947636
111948010,111939128
111948190,111948010
111948975,111939128
111949138,111948975
111951503,111939128
111951694,111951503
111951951,111939128
111952209,111951951
111952499,111939128
111952696,111952499
111953066,111939128
111953190,111953066
111953411,111939128
111953546,111953411
111954514,111939128
111954695,111954514
111954967,111939128
111955212,111954967
111955464,111939128
111955619,111955464
111955858,111939128
111956004,111955858
111956211,111939128
111956336,111956211
111956958,111939128
111957176,111956958
111958095,111939128
111958264,111958095
111958549,111939128
111958714,111958549
111958916,111939128
111959082,111958916
111959247,111912612
111959526,111959247
111959695,111959526
111959925,111959247
111960131,111959925
111960372,111885314
111960541,111960372
111960727,111960541
111960892,111960727
111961067,111960727
111961892,111960541
111962027,111961892
111962248,111960372
111962462,111962248
111962595,111962462
111962826,112633320
111963011,111962826
111963287,111962826
111963489,111963287
111964300,111750231
111964576,111750231
111965941,112842657
111966136,112842657
111966317,111966136
111966493,112842657
111967185,111966493
111968047,111966493
111968218,111968047
111968653,111966493
111969179,111966493
111969320,111969179
111969459,111966493
111969637,111969459
111970076,111966493
111970225,111970076
111970572,111966493
111970701,111970572
111971310,111966493
111971477,111971310
111972116,111966493
111972290,111972116
111973648,111966493
111973900,111966493
111974345,111973900
111974605,111974345
111974822,111974345
111975031,111974345
111975406,111973900
111975804,111975406
111976041,111975406
111976582,111975406
111976729,111975406
111976902,111975406
111977365,111975406
111977563,111975406
111977834,111975406
111977988,111975406
111978195,111975406
111978340,111973900
111978511,111978340
111978761,111973900
111978936,111978761
111979840,111973900
111980006,111979840
111980272,111973900
111980497,111980272
111980719,111973900
111980914,111980719
111981196,111973900
111981362,111981196
111981548,111981196
111981730,111981196
111981949,111973900
111982145,111981949
111982418,111973900
111982639,111982418
111982854,111982418
111983185,111973900
111983337,111983185
111983784,111973900
111983943,111973900
111984190,111983943
111984526,111983943
111984811,111973900
111984989,111984811
111986321,112512229
111986908,111986321
111987066,111986908
111987954,111986321
111988217,111987954
111988528,111987954
111988714,111986321
111988888,111988714
111989195,111986321
111989333,111989195
111989725,111986321
111989968,111989725
111990238,111986321
111990465,111990238
111990681,111986321
111990859,111990681
111991095,111986321
111991251,111991095
111991866,111986321
111992120,111991866
111992414,111986321
111992591,111992414
111992850,111986321
111993120,111992850
111993340,111992850
111993572,111986321
111993699,111993572
111993991,111986321
111994225,111993991
111994872,111986321
111995052,111994872
111995492,111986321
111995671,111995492
111996049,111986321
111996223,111996049
111996573,111986321
111996792,111996573
111997077,111986321
111997264,111997077
111997491,111986321
111997641,111997491
111998103,111888180
111998246,111998103
111999012,111998246
111999513,111998246
111999860,111999513
112000136,111999513
112000301,111998246
112000459,111998246
112000642,112000301
112001142,111998246
112001370,112001142
112001562,111998246
112001748,112001562
112002234,111998246
112002473,112002234
112002590,112002234
112002874,112002234
112003200,112002234
112003435,111998246
112003632,112003435
112004035,111998246
112004209,112004035
112004537,112004035
112004812,111998246
112004988,112004812
112005204,111998246
112005397,112005204
112005746,111998246
112005860,112005746
112006094,111998246
112006268,112006094
112006712,111998246
112006919,112006712
112007120,111998246
112007354,112007120
112007621,111998246
112007768,112007621
112007952,111998246
112008111,112007952
112008265,111998246
112008456,112008265
112008655,111998246
112009009,111998246
112009167,112009009
112009525,111998246
112009691,112009525
112009968,111998246
112010119,112009968
112010353,111998246
112010517,112010353
112010884,111998246
112011070,112010884
112011175,111998246
112011298,112011175
112011548,111998246
112011758,112011548
112011884,111998246
112012070,112011884
112012327,111998246
112012471,112012327
112012761,111998246
112012981,111998246
112013132,112012981
112013380,111998246
112013508,112013380
112013996,111998103
112014248,112013996
112014520,112013996
112014778,112014520
112014945,112014520
112015095,112013996
112015309,112015095
112015503,112013996
112015734,112015503
112016047,112013996
112016302,112016047
112016473,112435596
112016745,112016473
112017050,112016745
112017237,112016745
112017451,112016745
112017710,112016745
112017999,112016745
112018225,112016745
112018580,112016473
112018707,112018580
112018887,112016473
112019060,112018887
112019249,112016473
112019461,112019249
112019749,112019249
112020088,112016473
112020294,112020088
112020528,111885314
112020767,112020528
112020976,112020767
112021121,112020976
112021805,112020767
112021941,112021805
112022529,112021805
112022847,112020528
112023006,112020528
112023204,111885314
112023722,112023204
112024244,112023722
112024895,112024244
112025020,112024244
112025184,112025020
112025477,112024244
112025596,112025477
112026615,112024244
112026748,112026615
112027489,112024244
112027619,112027489
112029563,112024244
112029722,112029563
112029882,112024244
112030050,112029882
112030251,112024244
112030432,112030251
112030641,112024244
112030782,112030641
112031031,112024244
112031196,112031031
112032081,112024244
112032296,112024244
112032633,112032296
112032800,112032296
112033032,112024244
112033213,112033032
112033553,112024244
112033782,112024244
112033961,112033782
112034163,112024244
112034307,112034163
112034547,112024244
112034719,112034547
112034917,112024244
112035214,112034917
112035444,112034917
112035641,112034917
112035844,112034917
112036059,112034917
112036372,112034917
112036723,112024244
112036883,112036723
112037052,112024244
112037224,112037052
112037497,112024244
112037637,112037497
112038238,112024244
112038359,112038238
112038668,112023722
112039077,112038668
112039232,112039077
112039474,112038668
112039635,112039474
112040046,112038668
112040186,112040046
112040474,112038668
112040688,112040474
112041138,112038668
112041257,112041138
112041500,112038668
112041652,112041500
112041890,112038668
112042023,112041890
112042280,112023722
112042572,112042280
112042766,112042572
112044067,112042572
112044271,112042280
112044470,112044271
112044736,112042280
112044934,112044736
112045258,112042280
112045472,112045258
112045711,112042280
112045921,112045711
112046139,112042280
112046292,112046139
112046722,112042280
112046892,112023722
112047071,112046892
112047264,112047071
112047498,112023722
112047836,112047498
112047970,112047836
112050293,112047498
112050437,112050293
112050629,112050293
112051453,112047498
112051597,112051453
112051937,112051831
112052931,112047498
112053229,112052931
112053433,112047498
112053690,112053433
112053940,112053433
112054089,112047498
112054213,112054089
112054462,112047498
112055055,112047498
112055192,112055055
112055392,112047498
112055509,112055392
112055747,112023722
112056078,112055747
112056268,112056078
112056497,112055747
112056663,112056497
112058207,112055747
112058354,112058207
112058682,112055747
112058857,112058682
112059238,112055747
112059401,112059238
112059509,112059238
112060008,112059238
112061002,112055747
112061188,112061002
112061309,112023204
112061470,112061309
112062145,112061470
112062802,112061470
112063226,112061470
112063382,112063226
112063650,112061470
112063837,112063650
112064144,112061470
112064312,112064144
112064592,112061470
112064833,112064592
112064960,112061470
112065218,112064960
112065328,112061470
112065498,112065328
112066028,112061470
112066253,112066028
112066366,112066028
112066523,112061470
112066706,112066523
112066911,112061470
112067110,112066911
112067355,112061470
112067556,112061470
112067782,112061470
112067950,112067782
112068194,112061470
112068420,112068194
112068551,112061470
112068808,112068551
112068958,112061470
112069212,112068958
112069572,112061470
112069777,112069572
112070042,112061470
112070243,112061470
112070427,112070243
112070654,112061470
112070824,112070654
112071007,112061470
112071164,112071007
112071301,112061470
112071484,112071301
112071745,112071301
112072161,112061470
112072437,112072161
112072720,112061470
112072985,112072720
112073097,112061470
112073262,112073097
112073550,112061470
112073719,112073550
112074138,112061470
112074385,112074138
112074666,112023722
112075028,112074666
112075180,112075028
112075961,112074666
112076177,112074666
112076295,112074666
112076479,112076295
112076721,112074666
112076887,112023722
112077434,112076887
112077602,112077434
112077983,112077434
112078324,112076887
112078621,112078324
112078732,112078324
112078942,112076887
112079193,112078942
112079390,112078942
112079655,112078942
112079899,112076887
112080126,112079899
112080473,112079899
112080719,112076887
112080939,112080719
112082007,112076887
112082218,112082007
112082516,112076887
112082753,112082516
112083160,112082516
112083385,112082516
112083635,112082516
112084032,112082516
112084282,112581003
112084653,112084282
112084957,112084653
112085122,112084957
112086129,112084653
112086299,112086129
112086993,112084653
112087121,112084653
112087362,112087121
112087576,112084282
112088865,112087576
112089402,112087576
112089740,112087576
112089941,112087576
112090095,112089941
112090263,112087576
112090469,112090263
112090658,112087576
112090955,112090658
112091267,112091124
112091502,112087576
112092124,112087576
112092354,112092124
112092532,112092124
112092681,112092124
112092866,112119741
112093058,112087576
112093181,112093058
112093604,112087576
112093820,112093604
112094508,112087576
112094631,112094508
112094915,112087576
112095086,112094915
112095308,112087576
112095731,112095308
112095899,112095308
112097011,112095308
112097184,112095308
112097491,112095308
112097854,112095308
112098068,112095308
112098309,112095308
112098491,112095308
112098841,112095308
112099016,112095308
112099262,112095308
112099499,112095308
112099713,112095308
112099930,112095308
112100426,112087576
112100619,112100426
112100818,112087576
112100999,112100818
112101271,112087576
112101397,112101271
112101634,112087576
112101771,112087576
112101950,112101634
112103345,112087576
112103536,112103345
112103836,112103345
112104007,112087576
112104198,112104007
112104451,112087576
112104637,112104451
112104920,112087576
112105220,112104920
112105401,112087576
112105545,112105401
112105777,112105401
112105950,112087576
112106109,112105950
112106633,112087576
112106790,112106633
112107041,112087576
112107372,112107041
112107563,112107041
112107729,112107041
112108003,112107041
112108314,112107041
112108524,112087576
112108677,112108524
112108874,112087576
112109053,112108874
112109458,112109331
112109726,112087576
112109850,112109726
112110078,112087576
112110253,112110078
112110381,112110078
112110560,112087576
112110738,112110560
112110975,112087576
112111136,112110975
112111302,112087576
112111427,112111302
112111647,112087576
112111793,112111647
112112090,112087576
112112281,112112090
112112712,112087576
112112889,112112712
112113069,112112712
112113256,112087576
112113440,112113256
112113760,112087576
112113949,112113760
112114117,112087576
112114482,112087576
112114636,112114482
112114867,112114482
112115079,112114482
112115579,112087576
112115781,112115579
112116023,112115579
112116289,112087576
112116450,112116289
112116674,112087576
112117213,112087576
112117425,112117213
112117651,112087576
112117775,112117651
112118069,112087576
112118209,112118069
112118388,112087576
112118580,112118388
112118783,112087576
112118948,112118783
112119084,112118783
112119336,112087576
112119532,112119336
112119741,112087576
112119904,112087576
112120071,112119904
112120230,112087576
112120367,112084282
112120878,112120367
112121295,112120367
112121603,112121295
112121761,112121295
112121906,112121295
112122068,112121295
112122286,112121295
112122509,112121295
112122698,112121295
112122904,112120367
112123018,112122904
112123476,112120367
112123642,112123476
112123834,112120367
112123980,112123834
112124190,112120367
112124418,112124190
112124583,112124190
112125205,112120367
112125344,112125205
112125545,112120367
112125701,112125545
112125893,112120367
112126058,112125893
112126298,112120367
112126436,112126298
112126668,112120367
112126823,112126668
112127022,112120367
112127226,112127022
112127409,112127022
112127576,112120367
112127714,112127576
112127863,112120367
112127998,112127863
112128248,112120367
112128386,112128248
112128740,112120367
112129027,112120367
112129155,112129027
112129357,112084282
112129662,112129357
112129836,112129662
112130054,112129357
112130379,112129357
112130580,112130379
112130769,112130379
112131144,111885314
112131583,112131144
112131900,112131583
112135523,112131900
112135967,112131900
112136208,112131900
112136577,112131900
112136776,112136577
112137716,112137495
112137942,112131900
112138144,112137942
112138440,112131900
112138595,112138440
112138940,112131900
112139117,112138940
112139335,112131900
112139541,112131900
112139756,112139335
112140653,112131900
112140807,112140653
112141176,112131900
112141307,112141176
112141509,112131900
112141704,112141509
112141931,112131900
112142101,112141931
112142258,112131900
112142501,112142258
112142683,112142258
112143423,112131900
112143581,112143423
112143804,112143423
112144044,112143423
112144234,112131900
112144421,112144234
112144737,112131900
112144852,112144737
112145547,112131900
112145710,112145547
112145857,112145547
112146127,112131900
112146345,112146127
112146632,112131900
112146812,112146632
112147087,112131900
112147280,112147087
112147423,112147087
112147662,112147087
112148063,112131900
112148187,112148063
112148348,112131900
112148799,112148348
112148996,112131900
112149305,112148348
112149474,112131900
112149738,112148348
112149924,112148348
112150190,112148348
112150327,112148348
112150485,112148348
112150800,112148348
112151018,112148348
112151441,112148348
112151582,112148348
112151761,112148348
112152205,112131900
112152367,112152205
112158608,112131900
112158777,112158608
112159050,112131900
112159346,112159050
112159641,112159050
112159817,112159050
112160062,112131900
112160265,112160062
112160465,112131900
112160576,112160465
112160972,112131900
112161091,112160972
112162409,112131900
112162626,112162409
112162867,112131900
112163072,112162867
112163292,112131900
112163514,112131900
112163723,112163514
112164111,112131900
112164369,112164111
112164535,112131900
112164643,112164535
112165060,112131900
112165228,112165060
112165432,112131900
112165805,112131900
112165987,112165805
112166190,112165805
112166464,112131900
112166603,112166464
112167166,112131900
112167287,112167166
112167820,112131900
112167963,112167820
112168315,112131900
112168487,112168315
112169038,112168315
112169728,112168315
112170476,112131900
112170661,112170476
112170966,112131900
112171116,112170966
112171287,112131900
112171604,112131900
112171945,112171287
112172136,112171287
112172311,112171287
112172644,112131900
112172770,112172644
112173438,112131900
112173631,112173438
112173826,112173438
112174185,112131900
112174323,112174185
112174624,112174185
112175047,112131900
112175169,112175047
112176683,112131900
112176817,112176683
112177055,112131900
112177181,112177055
112177493,112131900
112177633,112177493
112177956,112131900
112178135,112177956
112178447,112177956
112179197,112131900
112179365,112179197
112179601,112131900
112179784,112179601
112180027,112131900
112180173,112180027
112180389,112131900
112180544,112180389
112180774,112131900
112180917,112180774
112181147,112180774
112181369,112131900
112181530,112181369
112181825,112131900
112181958,112181825
112182228,112131900
112182629,112131900
112182809,112182629
112183049,112131900
112183234,112183049
112183471,112131900
112183635,112183471
112183863,112131900
112184030,112183863
112184216,112131900
112184357,112184216
112184521,112131900
112184668,112184521
112184935,112184521
112185118,112131900
112185295,112185118
112185632,112131900
112185809,112185632
112186051,112131900
112186211,112186051
112186417,112131900
112186581,112186417
112186741,112131900
112186990,112186741
112188934,112131900
112189106,112188934
112189466,112131900
112190066,112189466
112190293,112189466
112190528,112189466
112190772,112131900
112190969,112190772
112191168,112190772
112191339,112131900
112191463,112191339
112191791,112131900
112191948,112191791
112192456,112131900
112192610,112192456
112192962,112131900
112193145,112192962
112193289,112192962
112193503,112131900
112193653,112193503
112193931,112131900
112194121,112193931
112194521,112131900
112194703,112194521
112195250,112131900
112195488,112195250
112195919,112195250
112196250,112195250
112196462,112131900
112196616,112196462
112196844,112131900
112197020,112196844
112197215,112131900
112197532,112197215
112197676,112197215
112197873,112197215
112198077,112131900
112198295,112198077
112198487,112131900
112198665,112198487
112199397,112131900
112199595,112199397
112201450,112131900
112201939,112131900
112202044,112201939
112202229,112131900
112202554,112202229
112202676,112131900
112202837,112202676
112203179,112131900
112203477,112203179
112203704,112203179
112204086,112131900
112204301,112204086
112204522,112131900
112204737,112204522
112204968,112204522
112205101,112131900
112205272,112131900
112205506,112205272
112205759,112131900
112205904,112205759
112206216,112131900
112206415,112206216
112206948,112131900
112207101,112206948
112207453,112131900
112207668,112207453
112207873,112207453
112208091,112207453
112208262,112207453
112209084,112131900
112209318,112131900
112209494,112209318
112209781,112131900
112209958,112209781
112210136,112131900
112210255,112210136
112210628,112131900
112210755,112210628
112210998,112131900
112211297,112210998
112211595,112210998
112211741,112210998
112212055,112210998
112212232,112131900
112212508,112131900
112212691,112212508
112213421,112131900
112213594,112213421
112213768,112131900
112213907,112213768
112214102,112131900
112214234,112214102
112214435,112131900
112214631,112214435
112214872,112214435
112215103,112214435
112215360,112131900
112215578,112215360
112215764,112215360
112216255,112131900
112216520,112216255
112216824,112216255
112217111,112131900
112217268,112217111
112217520,112131900
112217679,112217520
112217918,112131900
112218105,112217918
112218220,112131900
112218460,112218220
112218588,112218220
112218837,112218220
112219203,112131900
112219397,112219203
112220076,112131900
112220316,112220076
112220568,112131900
112220706,112220568
112220883,112131900
112221084,112220883
112221386,112131900
112221619,112221386
112222037,112131900
112222279,112222037
112222505,112222037
112222722,112222037
112222993,112131900
112223135,112222993
112223352,112222993
112223625,112131900
112223856,112223625
112224079,112223625
112224254,112223625
112224385,112131900
112224595,112224385
112224835,112131900
112225124,112224835
112225242,112224835
112225760,112131900
112225997,112225760
112226136,112131900
112226437,112226136
112226598,112131900
112226779,112226598
112226950,112131900
112227106,112226950
112227320,112131900
112227532,112131900
112227757,112227532
112227954,112131900
112228217,112227954
112228647,112227954
112228857,112227954
112229011,112131900
112229217,112229011
112229468,112131900
112229703,112229468
112229938,112229468
112230200,112229468
112230498,112229468
112230701,112131900
112230871,112230701
112231067,112131900
112231243,112231067
112231472,112131900
112231639,112231472
112231909,112131900
112232079,112231909
112232518,112131900
112232821,112232518
112233071,112232518
112233289,112232518
112233562,112232518
112233704,112232518
112234206,112232518
112234348,112131900
112234486,112234348
112234774,112131900
112234962,112234774
112235262,112131900
112235536,112235262
112235806,112235262
112235975,112235262
112236190,112131900
112236374,112236190
112236527,112131900
112236672,112236527
112236835,112131900
112236976,112236835
112237291,112131900
112237410,112237291
112240250,112131900
112240370,112240250
112240800,112131900
112240985,112240800
112241285,112131900
112241437,112241285
112241658,112131900
112241794,112241658
112241998,112131900
112242115,112241998
112242728,112131900
112243107,112242728
112243490,112242728
112243662,112242728
112243990,112242728
112244429,112242728
112244716,112242728
112245015,112242728
112245334,112242728
112245604,112131900
112245784,112245604
112246627,112131900
112246828,112246627
112247115,112246627
112247457,112131900
112247626,112247457
112247914,112131900
112248084,112247914
112248372,112131900
112248830,112248372
112249266,112248372
112249472,112131900
112249620,112249472
112249804,112131900
112250032,112249804
112250426,112249804
112250647,112249804
112250934,112131900
112251243,112250934
112251537,112131900
112251700,112251537
112251873,112131900
112252087,112131900
112252262,112251873
112253347,112131900
112253535,112253347
112253823,112131900
112254037,112253823
112254294,112253823
112254547,112131900
112254747,112254547
112254918,112131900
112255112,112254918
112255317,112254918
112255547,112131900
112255749,112255547
112256436,112581544
112256672,112256436
112256821,112256672
112257031,112256436
112257239,112257031
112257515,112257031
112258141,112131583
112258389,112258141
112258547,112258389
112261132,112632985
112261351,112261132
112263054,112261351
112264856,112261351
112265052,112264856
112265877,112261351
112266075,112265877
112266179,112261351
112266392,112266179
112266612,112261351
112266765,112266612
112266960,112261351
112267183,112266960
112267364,112261351
112267529,112267364
112267697,112267364
112267920,112261351
112268097,112267920
112268289,112261351
112268484,112268289
112268842,112261351
112269014,112268842
112269255,112261351
112269553,112269255
112269725,112269255
112269900,112261351
112270068,112269900
112270206,112269900
112270441,112261351
112270597,112270441
112270803,112261351
112270951,112270803
112271081,112261351
112271465,112261351
112271683,112271465
112271964,112261351
112272202,112271964
112272435,112261351
112272628,112272435
112272772,112272435
112272954,112261351
112273183,112272954
112273461,112272954
112273722,112261351
112273936,112273722
112274116,112273722
112274299,112261351
112274456,112274299
112274807,112261351
112275074,112274807
112276168,112261351
112276347,112276168
112276571,112261351
112276742,112276571
112276986,112261351
112277185,112276986
112277508,112261351
112277768,112277508
112277886,112277508
112280130,112261351
112280331,112280130
112280523,112280130
112280791,112261351
112281015,112280791
112281180,112261351
112281326,112281180
112281552,112261351
112281819,112261351
112282081,112261351
112282247,112282081
112282517,112261351
112282805,112282517
112283081,112282517
112283315,112282517
112283550,112261351
112283806,112283550
112283928,112261351
112284169,112283928
112284327,112283928
112284482,112283928
112284767,112261351
112284939,112284767
112285142,112261351
112285367,112285142
112285615,112261351
112285911,112261351
112286117,112285911
112286319,112285911
112286542,112261351
112286724,112261351
112287044,112286724
112287377,112286724
112287505,112286724
112290552,112261351
112290817,112290552
112291025,112290552
112291296,112261351
112291487,112291296
112291629,112261351
112291824,112291629
112291985,112261351
112292189,112291985
112292391,112291985
112292520,112291985
112292758,112261351
112293067,112292758
112293285,112292758
112293552,112292758
112293773,112261351
112294018,112293773
112294227,112261351
112294530,112294227
112294815,112261351
112295025,112294815
112295218,112261351
112295470,112295218
112295660,112261351
112295907,112295660
112296121,112261351
112296324,112296121
112296594,112261351
112297067,112296594
112297411,112261351
112297746,112297411
112297991,112261351
112298139,112297991
112298297,112261351
112298493,112298297
112298768,112298297
112298978,112261351
112299160,112298978
112299421,112261351
112299648,112261351
112299860,112299648
112300088,112299648
112300512,112261351
112300765,112300512
112300972,112261351
112301138,112300972
112301370,112261351
112301541,112301370
112301755,112261351
112301981,112301755
112302217,112261351
112302413,112302217
112303040,112261351
112303233,112303040
112303506,112261351
112303667,112303506
112303869,112261351
112304149,112303869
112304375,112261351
112304611,112261351
112304782,112261351
112304998,112261351
112305206,112304998
112305432,112261351
112305684,112305432
112305940,112305432
112306251,112305432
112306493,112305432
112306664,112305432
112306855,112261351
112306999,112306855
112307226,112261351
112307376,112307226
112307578,112261351
112307773,112307578
112307949,112261351
112308121,112307949
112308301,112307949
112308471,112261351
112308648,112308471
112308887,112308471
112309334,112261132
112309535,112309334
112309777,112633320
112309964,112309777
112310143,112309964
112311091,112309964
112311502,112309964
112311807,112309777
112312028,112311807
112312223,111885314
112312500,112312223
112312884,112312500
112313072,112312884
112314309,112312500
112314444,112314309
112314948,112312500
112315112,112314948
112315270,112312500
112315511,112315270
112315782,112315270
112315951,112312500
112316067,112315951
112316303,112312500
112316500,112316303
112317042,112312500
112317276,112317042
112318479,112312500
112318651,112318479
112319054,112312223
112319269,112319054
112319446,112319054
112319662,112319446
112319822,112319446
112320012,112312223
112320193,112312223
112320493,112320193
112320669,112320493
112320790,112320493
112320931,112320193
112321093,112320931
112321486,112320193
112321608,112321486
112321822,112312223
112322069,112321822
112322238,112322069
112322453,112322069
112322648,111888559
112322804,112322648
112324136,112322804
112326861,112322804
112326981,112326861
112327190,112322804
112327372,112327190
112328787,112322804
112329037,112328787
112329740,112322804
112329961,112329740
112330500,112322804
112330683,112330500
112330993,112322804
112331122,112330993
112331440,112322804
112331749,112331440
112331970,112322804
112332078,112331970
112332902,112322804
112333050,112332902
112334154,112322804
112334280,112334154
112334760,112322804
112334881,112334760
112335190,112335061
112335743,112322804
112335929,112335743
112336062,112335743
112336498,112322804
112337253,112322804
112337452,112337253
112337835,112322804
112338020,112337835
112338330,112337835
112338539,112322804
112338855,112322804
112339153,112322804
112339289,112339153
112339909,112322804
112340097,112339909
112340314,112339909
112340625,112322804
112340816,112340625
112341063,112340625
112341314,112322804
112341501,112341314
112341640,112341314
112342349,112322804
112342516,112342349
112343214,112322804
112343435,112343214
112343589,112343214
112343807,112322804
112344012,112343807
112344237,112343807
112344420,112343807
112344526,112322804
112344647,112344526
112344983,112322804
112345452,112322804
112345646,112345452
112346648,112322804
112346795,112322804
112346917,112346795
112347688,112322804
112347874,112347688
112348072,112322804
112348180,112348072
112348528,112322804
112348650,112348528
112349201,112322804
112349320,112349201
112350180,112322804
112350361,112350180
112350596,112350180
112350780,112350180
112350935,112322804
112351115,112350935
112351424,112350935
112351639,112350935
112351815,112322804
112352028,112351815
112352276,112351815
112352450,112351815
112352698,112322804
112352839,112352698
112353049,112322804
112353227,112353049
112353506,112322804
112353695,112353506
112353840,112322804
112354057,112353506
112354382,112353506
112354589,112322804
112354792,112354589
112355441,112354589
112355622,112322804
112356160,112322804
112356315,112356160
112356590,112322804
112356776,112356590
112357560,112356590
112358188,112322804
112359234,112322804
112359410,112359234
112361657,112322804
112361865,112361657
112362426,112322804
112362647,112362426
112362800,112362426
112363192,112362426
112363326,112322804
112363456,112363326
112364179,112322804
112364374,112364179
112365861,112322804
112365965,112365861
112368132,112322804
112368249,112368132
112368430,112322804
112368641,112368430
112369361,112322804
112369556,112369361
112370029,112369361
112370165,112370029
112370409,112369361
112370583,112370409
112370769,112370409
112370940,112369361
112371087,112370940
112371292,112369361
112371474,112371292
112371680,112371292
112371851,112371292
112372081,112322648
112372358,112372081
112373052,112372777
112373299,112372777
112373500,112372777
112373695,112372777
112373945,112372777
112374144,112372081
112374361,112374144
112374581,112374144
112374736,112372081
112374862,112374736
112375199,112372081
112375363,112375199
112375554,112375199
112375723,112372081
112375910,112375723
112376558,111888180
112376756,112376558
112376958,112376756
112377103,112376958
112377589,112376558
112377789,112377589
112377913,112377789
112378638,112376558
112378814,112378638
112379009,112378814
112379606,112131583
112380100,112379606
112380479,112379606
112380774,112380479
112381129,112380479
112381386,112380479
112382821,112380479
112383387,112380479
112383616,112380479
112383908,112380479
112384756,112380479
112385236,112379606
112385366,112385236
112385989,112379606
112386405,112385989
112386555,112379606
112386703,112386555
112387724,112386555
112387966,112379606
112388116,112387966
112388361,112379606
112388486,112388361
112388670,112379606
112388782,112388670
112389640,112379606
112389794,112389640
112389960,112389640
112390107,112131583
112390313,112390107
112390484,112131583
112390743,112258141
112390923,112390743
112391884,112581003
112392134,112391884
112392773,112392134
112392943,112392134
112393456,112392773
112393674,112392773
112393861,112392773
112394108,112392134
112394324,112394108
112394839,112394108
112395073,112392134
112395264,112395073
112395427,112395073
112395765,112392134
112396022,112395765
112396270,112395765
112396482,112392134
112396669,112396482
112396879,112396482
112397100,112392134
112397284,112397100
112398155,112392134
112398307,112398155
112399950,112392134
112400202,112399950
112403072,112392134
112403243,112403072
112403505,112392134
112403710,112403505
112403970,112403505
112404209,112392134
112404407,112404209
112404772,112392134
112404973,112404772
112405216,112392134
112405384,112405216
112405676,112392134
112405810,112405676
112405994,112392134
112406274,112392134
112406453,112406274
112406695,112392134
112406826,112406695
112407082,112392134
112407270,112407082
112407436,112392134
112407612,112407436
112408045,112392134
112408217,112408045
112408474,112392134
112408710,112408474
112408912,112408474
112409197,112408474
112409388,112392134
112409605,112409388
112409808,112392134
112410021,112409808
112410478,112392134
112410993,112410478
112411343,112391884
112411651,112411343
112411787,112411651
112411978,112411343
112412137,112411978
112412345,112411978
112412599,112411343
112413070,112411343
112413227,112413070
112413433,112411343
112413598,112413433
112413819,112411343
112413945,112413819
112414323,112411343
112414490,112414323
112414731,112391884
112415080,112414731
112415235,112415080
112415816,112414731
112416023,112415816
112416322,112414731
112416505,112416322
112416820,112414731
112416967,112416820
112417130,112391884
112417540,112417130
112417745,112417540
112418319,112417130
112418483,112418319
112419565,112417130
112419713,112419565
112420119,112417130
112420255,112420119
112420494,112417130
112420640,112420494
112420982,112417130
112421147,112420982
112421384,112417130
112421620,112421384
112421918,112417130
112422669,112417130
112422858,112422669
112423101,112417130
112423259,112423101
112423520,112417130
112423685,112423520
112423810,112417130
112423934,112423810
112424115,112417130
112424292,112424115
112424733,112391884
112425093,112424733
112425317,112425093
112426786,112424733
112426927,112424733
112427111,112426927
112427306,112424733
112427485,112427306
112427689,112424733
112427841,112427689
112435209,111885314
112435596,112435209
112435884,111885314
112436034,112435884
112436644,112436034
112437008,112436034
112437192,112437008
112437425,112437008
112437613,112437008
112437792,112436034
112437998,112437792
112438447,112436034
112438634,112438447
112438801,112436034
112439047,112438801
112439255,112436034
112439387,112439255
112439630,112436034
112439872,112439630
112440005,112439630
112440473,112439630
112440692,112439630
112441039,112436034
112441286,112441039
112441483,112441039
112441707,112441039
112441913,112436034
112442086,112441913
112442293,112436034
112442437,112442293
112442665,112436034
112442914,112442665
112443072,112436034
112443247,112443072
112443412,112436034
112443609,112443412
112443786,112443412
112443940,112443412
112444219,112443412
112444361,112436034
112444508,112444361
112444752,112436034
112444884,112444752
112445106,112436034
112445291,112445106
112445551,112445106
112445796,112436034
112445941,112445796
112446136,112445796
112446322,112436034
112446512,112446322
112446681,111885314
112446894,112446681
112447041,112446894
112447350,112447041
112447594,112447041
112447721,112447041
112447935,112447041
112448381,112581003
112449304,112448694
112449592,112448694
112449792,112449592
112451654,112448694
112451815,112451654
112452518,112448694
112452719,112452518
112453403,112448694
112453564,112453403
112454290,112453403
112455055,112448694
112455223,112455055
112455466,112448694
112455621,112455466
112455782,112448694
112455947,112455782
112456177,112448694
112456416,112456177
112456594,112448694
112456736,112456594
112456931,112448694
112457087,112456931
112457331,112448694
112457681,112448694
112457897,112457681
112458183,112457681
112458578,112457681
112458781,112448694
112458964,112458781
112459768,112448694
112459904,112459768
112460724,112448694
112460909,112460724
112461174,112460724
112461331,112460724
112461518,112448694
112461658,112461518
112461876,112448694
112462065,112461876
112462298,112461876
112462568,112461876
112462753,112448694
112462895,112462753
112463133,112448694
112463383,112463133
112463610,112463133
112463844,112463133
112464117,112448694
112464298,112464117
112464541,112464117
112464705,112448694
112464827,112464705
112465086,112448694
112465268,112465086
112465527,112465086
112465710,112448694
112465877,112465710
112466111,112465710
112466345,112448694
112466571,112466345
112467508,112466345
112467760,112467508
112467913,112448694
112468136,112467913
112468673,112467913
112472283,112448381
112472455,112472283
112472875,112448381
112473170,111885314
112473336,112472875
112473463,112473336
112473599,112472875
112473740,112473599
112474039,112472875
112474202,112474039
112474459,112472875
112474630,112474459
112475082,112448381
112475328,112475082
112475545,112475082
112475691,112475545
112476476,112475082
112476630,112476476
112476940,112475082
112477129,112476940
112477353,112476940
112477548,112475082
112477687,112477548
112477914,112448381
112478121,112448381
112478396,112478121
112478574,112478396
112479602,112478121
112479805,112478121
112480032,112479805
112480382,112478121
112480563,112480382
112480842,112448381
112481125,112480842
112481347,112481125
112481584,112480842
112481778,112481125
112482077,112480842
112482250,112482077
112482483,112535528
112482670,112482483
112483055,112482670
112483261,112483055
112483821,112483055
112484033,112483055
112484270,112483055
112484480,112483055
112484647,112483055
112484789,112482670
112485015,112484789
112485500,112484789
112485872,112484789
112486050,112484789
112486200,112484789
112486449,112484789
112486716,112482670
112486974,112486716
112487083,112482670
112487248,112487083
112487545,112487083
112487728,112482670
112487856,112487728
112488362,112482670
112488679,112488362
112489107,112488362
112489259,112488362
112489447,112488362
112489596,112488362
112489728,112488362
112489874,112488362
112490019,112488362
112490581,112482670
112490731,112490581
112497802,112490581
112501545,112490581
112502972,112482483
112503371,112502972
112503726,112503371
112504273,112503371
112504459,112503371
112504720,112503371
112505012,112503371
112505222,112503371
112505418,112503371
112505632,112503371
112505880,112503371
112506027,112503371
112506275,112503371
112506466,112502972
112506747,112506466
112507306,112506466
112507534,112506466
112507680,112506466
112507854,112506466
112507997,112506466
112508190,112506466
112508385,112506466
112508553,112506466
112508682,112506466
112508857,112502972
112509066,112502972
112509311,112509066
112509473,112509066
112509680,112509066
112509873,112502972
112510127,112509873
112510321,112509873
112510490,112509873
112510673,112502972
112510907,112502972
112511083,112502972
112511308,112511083
112512229,111885314
112512602,112512229
112513008,112512602
112513234,112513008
112514249,112512602
112514445,112514249
112514771,112512602
112514949,112514771
112515141,112512602
112515363,112515141
112515666,112515141
112515905,112512602
112516209,112512602
112517357,112515905
112517519,112515905
112518046,112512602
112518282,112518046
112518531,112518046
112518704,112512602
112518918,112518704
112519596,112518704
112520164,112512602
112520332,112520164
112520489,112512602
112520667,112520489
112521306,112512602
112521481,112521306
112521688,112512229
112521948,112521688
112522163,112521948
112522511,112512229
112522964,111885314
112523148,112522511
112523363,112523148
112523703,112523148
112524136,112523148
112524289,112523148
112524440,112522511
112524594,112524440
112524941,112522511
112525088,112524941
112525497,112522511
112525606,112525497
112525872,112522511
112525985,112525872
112529042,112522511
112529240,112529042
112530134,112522511
112530279,112530134
112531926,112522511
112532153,112531926
112532373,112522511
112532544,112532373
112532676,112522511
112532872,112532676
112534417,112633320
112534633,112534417
112534799,112534417
112534928,112534417
112535251,112534928
112535528,111885314
112536097,112535528
112536258,112535528
112536477,112535528
112536669,112535528
112536838,112535528
112537175,112536838
112537331,112537175
112537947,112536838
112538121,112537947
112538341,112536838
112538522,112538341
112538823,112536838
112538967,112538823
112539095,112538823
112539687,112536838
112539819,112539687
112540134,112536838
112540286,111885314
112540442,112540286
112540687,112540442
112540901,112540687
112541305,112540687
112541488,112540687
112541727,112540687
112541937,112540687
112542210,112540442
112542533,112542210
112542937,112542210
112543150,112542210
112543329,112542210
112543600,112542210
112543918,112542210
112544192,112542210
112544396,112542210
112544622,112542210
112544882,112540442
112545018,112544882
112545404,112435209
112545928,112545404
112546182,112545928
112546337,112545928
112546573,112546337
112546739,112546337
112546905,112546337
112547075,112546337
112547273,112545928
112547610,112545928
112547751,112547610
112548014,112545404
112548184,112548014
112548304,112548184
112549121,112545404
112549359,112549121
112549539,112549359
112549726,112545404
112549924,112549726
112550045,112549924
112550235,112549726
112550363,112550235
112550543,112545404
112550758,112550543
112550915,112550758
112551084,112550758
112551318,112550758
112551537,112550543
112551777,112551537
112551990,112551537
112552416,112545404
112552756,112552416
112552853,112552416
112553104,112552853
112553268,112552416
112553408,112553268
112553583,112553268
112553932,112552416
112554172,112553932
112554305,112553932
112554547,112553932
112554735,112553932
112554957,112552416
112555090,112554957
112555253,112552416
112555401,112552416
112555588,112555401
112555932,112552416
112556065,112555932
112556306,112555932
112557221,112552416
112557426,112557221
112561854,112552416
112562061,112561854
112562507,112545404
112562737,112562507
112562918,112562737
112563661,112545404
112563947,112563661
112564077,112563947
112564578,112563661
112564834,112564578
112565033,112564578
112565387,112564578
112565841,112563661
112566015,112565841
112566666,112563661
112566818,112563661
112567531,112545404
112567671,112567531
112567815,112567671
112568030,112545404
112568244,112568030
112568434,112568244
112568714,112545404
112568983,112568714
112569113,112568983
112570025,112568714
112570174,112570025
112570427,112545404
112570662,112570427
112570829,112570662
112571309,112545404
112571626,112571309
112572026,112571309
112572246,112572026
112572451,112571309
112572567,112572451
112572769,111888559
112572968,112572769
112573113,112572968
112573293,112573113
112573822,112572769
112574012,112573822
112574135,112574012
112574510,112572769
112574685,112574510
112574822,112574685
112576139,112574510
112576272,112576139
112576586,112572769
112576892,112576586
112577137,112576892
112577367,112576586
112577541,112577367
112577838,112572769
112578112,112577838
112578278,112578112
112578773,112577838
112578913,112578773
112579186,112577838
112579478,112579186
112579618,112579186
112579861,112579186
112580003,112579186
112580320,112577838
112580486,112580320
112580691,112577838
112580811,112580691
112581003,111885314
112581544,112581003
112582096,112581003
112582252,112581544
112582470,112582252
112582626,112582470
112585362,112581544
112585628,112585362
112585819,112585628
112586098,112585362
112586286,112586098
112586506,112581544
112586897,112586506
112587122,112586897
112587458,112586897
112587676,112586897
112587803,112586897
112587980,112586897
112588188,112586506
112588418,112588188
112588571,112588188
112588704,112588188
112588831,112588188
112589025,112586506
112589193,112589025
112589388,112589025
112589640,112581544
112589824,112586506
112590129,112589824
112592529,112586506
112592692,112592529
112592902,112586506
112593067,112592902
112593360,112581544
112593520,112593360
112593720,112593520
112593957,112593520
112594222,112593520
112594429,112581544
112594642,112594429
112594798,112594642
112595273,112581544
112595497,112595273
112595665,112595497
112595926,112581544
112596091,112595926
112596304,112596091
112596574,112581544
112596810,112596574
112596990,112596810
112597866,112596574
112598090,112597866
112598954,112596574
112599125,112598954
112599312,112598954
112599522,112581544
112599770,112599522
112599900,112599522
112600066,112599900
112600381,112581544
112600652,112600381
112600821,112600652
112601118,112600381
112601325,112601118
112601535,112601118
112601850,112600381
112602103,112601850
112602353,112601850
112602769,112600381
112602922,112602769
112603214,112600381
112603378,112603214
112603543,112600381
112603712,112603543
112603938,112581544
112604283,112603938
112604548,112604283
112604850,112604283
112605101,112581544
112605316,112605101
112605492,112605316
112605690,112581544
112605873,112605690
112606019,112605873
112607663,112581544
112607836,112607663
112608046,112607836
112608183,112607836
112608447,112607836
112608656,112581544
112608880,112608656
112609079,112608880
112609341,112608656
112609562,112609341
112609818,112581544
112610095,112609818
112610250,112610095
112613531,112609818
112613728,112609818
112613897,112609818
112614094,111885314
112614362,112614094
112615002,112614362
112615166,112615002
112615382,112615002
112615560,112614362
112615703,112615560
112615886,112615560
112616144,112614362
112616340,112616144
112616559,112614362
112616735,112616559
112616945,112616559
112617111,112614362
112617255,112617111
112617477,112614362
112617684,112617477
112617905,112617477
112618079,112617477
112618333,112614362
112618522,112618333
112618707,112618333
112618871,112614094
112619282,112618871
112619540,112619282
112620198,112618871
112620468,112620198
112621286,112614094
112621594,112621286
112621736,112621594
112622388,112621286
112622865,112621286
112623093,112622865
112623324,112622865
112623528,112622865
112623726,112621286
112623939,112623726
112624655,112623726
112626117,112623726
112626466,112621286
112626598,112626466
112626918,112614094
112627088,112626918
112627333,112627088
112627547,112614094
112627813,112627547
112628318,112627813
112628908,112627813
112629092,112627813
112629319,112627813
112629506,112627813
112629683,112627813
112629826,112627813
112630000,112627813
112630149,112627813
112630319,112627813
112630494,112627813
112630681,112627813
112630884,112627813
112631070,112627813
112631321,112627813
112631477,112627813
112631620,112627547
112631835,112631620
112632074,112631620
112632255,112631620
112632444,112631620
112632636,112627547
112632809,112627547
112632985,111887132
112633320,112632985
112633689,112633320
112634066,112633689
112634527,112634315
112634960,112634315
112635211,112634315
112635455,112634315
112635592,112636024
112638516,112633689
112638770,112638516
112638975,112633689
112639185,112638975
112639679,112633689
112639824,112639679
112640035,112633689
112640144,112640035
112640448,112633689
112640667,112640448
112640896,112633689
112641052,112640896
112641187,112633689
112641338,112641187
112641511,112633320
112641868,112641511
112642048,112641511
112642225,112642048
112642423,112641511
112642709,112642423
112642955,112642423
112643166,112641511
112643366,112643166
112643553,112643166
112643822,112641511
112643968,112643822
112644165,112641511
112644298,112644165
112645230,112641511
112645390,112645230
112645582,112633320
112645762,112645582
112646042,112645762
112646396,112633320
112648112,112646396
112648931,112646396
112649079,112648931
112649454,112648931
112651746,112646396
112651979,112651746
112652183,112651746
112652420,112646396
112652601,112652420
112652773,112646396
112653029,112652773
112653302,112652773
112653506,112652773
112653709,112646396
112653959,112646396
112654265,112653959
112654692,112653959
112654900,112653959
112659091,112646396
112659321,112646396
112659508,112659321
112660142,112646396
112660344,112660142
112660877,112646396
112661155,112646396
112661402,112661155
112661614,112661155
112661808,112646396
112661985,112661808
112662231,112646396
112662457,112662231
112662661,112662231
112662959,112646396
112663216,112646396
112663454,112646396
112663700,112646396
112664014,112663700
112664221,112663700
112664383,112663700
112664601,112646396
112664888,112646396
112665150,112646396
112665478,112665150
112665627,112665150
112665795,112646396
112666074,112646396
112666253,112666074
112666498,112646396
112666687,112666498
112666880,112646396
112667046,112666880
112667212,112646396
112667441,112667212
112667617,112646396
112667849,112667617
112668089,112646396
112668338,112668089
112668579,112668089
112668799,112646396
112669151,112668799
112669470,112668799
112669688,112668799
112669859,112668799
112670072,112668799
112670297,112668799
112670532,112668799
112670842,112668799
112671087,112668799
112671312,112668799
112671975,112646396
112672247,112671975
112672477,112671975
112672735,112671975
112672885,112671975
112673050,112646396
112673295,112673050
112674517,112673050
112674740,112646396
112674866,112674740
112676972,112646396
112677110,112676972
112678052,112646396
112678293,112646396
112678491,112678293
112678738,112646396
112678901,112678738
112679229,112646396
112679478,112646396
112679796,112679478
112680042,112679478
112680201,112646396
112680470,112646396
112680722,112680470
112680953,112646396
112681175,112646396
112681334,112681175
112681999,112646396
112682226,112681999
112682422,112646396
112682626,112682422
112683546,112646396
112683732,112683546
112684361,112646396
112684501,112684361
112684844,112646396
112685067,112684844
112685256,112684844
112685436,112646396
112685617,112685436
112686005,112646396
112686188,112686005
112686376,112646396
112686628,112646396
112686797,112686628
112687332,112646396
112687530,112687332
112687957,112646396
112688120,112646396
112688336,112646396
112688572,112688336
112688811,112646396
112689156,112646396
112689328,112689156
112689572,112646396
112689849,112689572
112690140,112689572
112690319,112689572
112690555,112689572
112690714,112689572
112690933,112633320
112691203,112690933
112691365,112691203
112692494,112646396
112692639,112692494
112692847,112646396
112693089,112646396
112693245,112693089
112693665,112693089
112694303,112646396
112694519,112646396
112694697,112694519
112694978,112646396
112695177,112694978
112695479,112694978
112695712,112694978
112695931,112694978
112696164,112646396
112696324,112696164
112696558,112646396
112696761,112696558
112696993,112696558
112697159,112646396
112697320,112697159
112697773,112646396
112698084,112697773
112698291,112698084
112698498,112698084
112698706,112633320
112698849,112698706
112699030,112698849
112699292,112633320
112699766,112699292
112700158,112699292
112700419,112700158
112700657,112700158
112700839,112700158
112701003,112700158
112701239,112700158
112701539,112699292
112701762,112701539
112702024,112701539
112702322,112699292
112702559,112699292
112702793,112702559
112703077,112699292
112703260,112703077
112703489,112699292
112703712,112703489
112703933,112699292
112704151,112703933
112705062,112699292
112705287,112705062
112707669,112512229
112707868,112707669
112708040,112707868
112708378,112512229
112708587,112708378
112708779,112708378
112708909,112708779
112709067,112708378
112709237,112709067
112709653,112709510
112709830,112709653
112709988,111966493
112710131,112709988
112710643,111966493
112710896,111966493
112711370,112710896
112711703,112711370
112711958,112711370
112712295,112711370
112712517,112711370
112712925,112711370
112713064,112711370
112713303,112711370
112713579,112710896
112713739,112713579
112713920,112710896
112714076,112713920
112714266,112713920
112714449,112710896
112714684,112714449
112714875,112710896
112715075,112714875
112716339,112710896
112716457,112716339
112716948,112710896
112717364,112710896
112717607,112717364
112717878,112710896
112718043,112717878
112718395,111966493
112718758,112710896
112718919,112718758
112719144,112718758
112719456,112710896
112719676,112719456
112719984,112710896
112720198,112719984
112720741,112710896
112720918,112720741
112721304,112720741
112721565,112710896
112721706,112721565
112721988,112711370
112722177,112710896
112722412,112722177
112723558,112722177
112723767,112722177
112724284,111966493
112724451,112724284
112724786,111966493
112724994,111966493
112727157,112724994
112727343,112727157
112728281,112724994
112728502,112728281
112728812,112724994
112729001,112728812
112729236,112724994
112729430,112729236
112729590,112729236
112729863,112724994
112730033,112729863
112730240,112729863
112730485,112724994
112730628,112730485
112730919,112724994
112731072,112730919
112731326,112724994
112731558,112731326
112732185,112724994
112732358,112732185
112732546,112724994
112732725,112732546
112733446,112724994
112733592,112733446
112733818,112724994
112734023,112733818
112734295,112724994
112734488,112734295
112734737,112734295
112734952,112724994
112735105,112734952
112735709,112724994
112735923,112735709
112736196,112724994
112736421,112736196
112736675,112724994
112736862,112736675
112737595,112724994
112737863,112737595
112738073,112724994
112738263,112738073
112738490,112724994
112738664,112738490
112738868,112724994
112739311,112724994
112739436,112739311
112739703,112724994
112739855,112739703
112740524,112724994
112740716,112740524
112741091,112724994
112741284,112741091
112741576,112724994
112741752,112741576
112741996,112724994
112742150,112741996
112742360,112741996
112742599,112724994
112742834,112742599
112743095,112742599
112743286,112742599
112743494,112724994
112743677,112743494
112743932,112724994
112744135,112724994
112744457,112743932
112744665,112743932
112745118,112724994
112745952,112745118
112746168,112745118
112746415,112745118
112746749,112745118
112747124,112745118
112747792,112724994
112747907,112747792
112748218,112724994
112748442,112748218
112748621,112724994
112748787,112748621
112749027,112748621
112749249,112724994
112749452,112749249
112749655,112724994
112749791,112749655
112750221,112724994
112750356,112750221
112750666,112724994
112750844,112724994
112751013,112750844
112752628,112724994
112752775,112752628
112753005,112724994
112753180,112753005
112753483,112724994
112753714,112753483
112753904,112753483
112754093,112753483
112754419,112724994
112754603,112754419
112754827,112724994
112755002,112754827
112755283,112724994
112755443,112755283
112755995,112724994
112756161,112755995
112756522,112755995
112756920,112724994
112757062,112756920
112757324,112724994
112757540,112757324
112757784,112724994
112757956,112757784
112758193,112757784
112758432,112724994
112758792,112724994
112758924,112758792
112759151,112724994
112759371,112759151
112759786,112724994
112759996,112724994
112760202,112759996
112760768,112724994
112760900,112760768
112761319,112724994
112761540,112761319
112761711,112761319
112761934,112724994
112762405,112761934
112762637,111966493
112763163,112761934
112763332,112761934
112763581,112761934
112763819,112761934
112763978,112761934
112764131,112761934
112764297,112761934
112764488,112761934
112764734,112761934
112764937,112761934
112765136,112761934
112765374,112761934
112765571,112761934
112765797,112761934
112765980,112724994
112766241,112765980
112766517,112765980
112766786,112765980
112766970,112765980
112767157,112765980
112767358,112724994
112767977,112724994
112768193,112767977
112768421,112724994
112768966,112768421
112769346,112724994
112769514,112769346
112769948,112769346
112770293,112769346
112770989,112724994
112771203,112770989
112771611,112771465
112772980,112724994
112773130,112772980
112773307,112724994
112773541,112773307
112774299,112724994
112774504,112774299
112774788,112774299
112775412,112724994
112775640,112775412
112775989,112724994
112776224,112775989
112776445,112775989
112776645,112724994
112776904,112776645
112777073,112776645
112777360,112776645
112777573,112724994
112777857,112777573
112778400,112724994
112778586,112778400
112778884,112778400
112779051,112724994
112779190,112779051
112779361,112724994
112779638,111966493
112780124,112779361
112780395,112779361
112780611,112779361
112780887,112779361
112781561,112779361
112781756,112779361
112782011,112779361
112782233,112724994
112782375,112782233
112782633,112724994
112782849,112782633
112783173,112724994
112783347,112783173
112783751,112783173
112785027,112724994
112785228,112785027
112785472,112785027
112785751,112724994
112785908,112785751
112786735,112724994
112786898,112724994
112787033,112786898
112787244,112724994
112787414,112787244
112787712,112724994
112787944,112787712
112788171,112724994
112788433,112788171
112788699,112788171
112789061,112788171
112789243,112788171
112789662,112788171
112790140,112724994
112790285,112790140
112790647,112724994
112790821,112790647
112791099,112724994
112791281,112791099
112791517,112791099
112791980,112791099
112792196,112724994
112792368,112792196
112792564,112724994
112792757,112792564
112793182,112792564
112793457,112724994
112793725,112793457
112794034,112793457
112794303,112793457
112794525,112724994
112794661,112794525
112794937,112724994
112795112,112794937
112795352,112724994
112795519,112795352
112795704,112724994
112795877,112795704
112796409,112724994
112796587,112796409
112797091,112724994
112797242,112797091
112797474,112724994
112797651,112797474
112797801,112797474
112798058,112724994
112798197,112798058
112798420,112724994
112798653,112798420
112799010,112798420
112799360,112798420
112800169,112798420
112800331,112724994
112800693,112800331
112801017,112800331
112801226,112800331
112801586,112800331
112802200,112800331
112802612,112800331
112802816,112724994
112802978,112802816
112803167,112724994
112803396,112803167
112803586,112803167
112803778,112724994
112804031,112803778
112804784,111888180
112804935,112804784
112805785,112804935
112807083,112804935
112807235,112807083
112807611,112804935
112807745,112807611
112808126,112804935
112808282,112808126
112808537,112804935
112808704,112808537
112809079,112804935
112809196,112809079
112809677,112804935
112809865,112809677
112810434,112804935
112810556,112810434
112810933,112804935
112811054,112810933
112811253,112804935
112811370,112811253
112811723,112804935
112811887,112811723
112812347,112811723
112812556,112804935
112812709,112812556
112812853,112804935
112813025,112812853
112813254,112817259
112813408,112812853
112813684,112804935
112813799,112813684
112814409,112804935
112814584,112814409
112814762,112804935
112814918,112814762
112815090,112804935
112815467,112804935
112815628,112815467
112815921,112804935
112816114,112815921
112816692,112815921
112817259,112804935
112817396,112804935
112817735,112804935
112817894,112817735
112818316,112804935
112818559,112818316
112819371,112804935
112819534,112819371
112820095,112804935
112820279,112820095
112820419,112820095
112820576,112804935
112820704,112820576
112820903,112804935
112821036,112820903
112821210,112804935
112821368,112821210
112821597,112821210
112821817,111885314
112821979,112821817
112822199,112821979
112822396,112822199
112823987,111885314
112824143,112823987
112824457,112824143
112824675,112824457
112824904,112824143
112825063,112824457
112825374,112824457
112825687,112824143
112825831,112825687
112826419,112824143
112826549,112826419
112826842,112826419
112827353,112824143
112827528,112827353
112828588,111888559
112828884,112828588
112829088,112828884
112829252,112829088
112829534,112828588
112829796,112829534
112830007,112829796
112830114,112829534
112830366,112829534
112830476,112828588
112830767,112830476
112831025,112830767
112831286,112830476
112831465,112830476
112831696,112831465
112832016,112828588
112832189,112832016
112832347,112828588
112832510,112828588
112832697,112832510
112832948,112832697
112833207,112828588
112833411,112833207
112833537,112833411
112833755,112833207
112833897,112833755
112834178,112833207
112834309,112834178
112834502,111887132
112834812,112834502
112835048,112834812
112835209,112835048
112835384,112834502
112835589,112835384
112835739,112835589
112835979,112835384
112836546,112834502
112836918,112836546
112837041,112836918
112837229,112836546
112837397,112837229
112837659,112836546
112837787,112837659
112838008,112836546
112838168,112838008
112838653,112836546
112838788,112836546
112838923,112838788
112839118,112834502
112839401,112839118
112839677,112839118
112839939,112839677
112840133,112839677
112840345,112839677
112840540,112839118
112840711,112840540
112840855,112834502
112841099,112840855
112841274,112841099
112841454,112834502
112841665,112841454
112842051,112834502
112842239,112839118
112842442,112842239
112842657,112435209
112843021,112842657
112843746,112843021
112843911,112843746
112846386,112843021
112846608,112846386
112847101,112843021
112847257,112847101
112847982,112843021
112848114,112847982
112848606,112843021
112848736,112848606
112848948,112843021
112849116,112848948
112849763,112843021
112850086,112849763
112850407,112849763
112850611,112849763
112850852,112849763
112851080,112849763
112851259,112849763
112851483,112849763
112851793,112849763
112852089,112849763
112852605,112843021
112852719,112852605
112852920,112843021
112853038,112852920
112853256,112843021
112853399,112853256
112853679,112843021
112853877,112853679
112854211,112853679
112854374,112853679
112854496,112853679
112854732,112853679
112854957,112843021
112855064,112854957
112856608,112843021
112856794,112856608
112857119,112843021
112857371,112857119
112857727,112857119
112858467,112857119
112858719,112857119
112858884,112857119
112859840,112843021
112859957,112859840
112860163,112843021
112860438,112843021
112860618,112860438
112861052,112843021
112861218,112861052
112861462,112843021
112861951,112861462
112864168,112861462
112864340,112861462
112864740,112861462
112864913,112861462
112865146,112861462
112866467,112861462
112866846,112861462
112868197,112843021
112868446,112868197
112868635,112861462
112870683,112861462
112871293,112861462
112871778,112861462
112871929,112861462
112872157,112861462
112873456,112861462
112874289,112861462
112874795,112843021
112874962,112874795
112875198,112843021
112875344,112875198
112876789,112843021
112876951,112876789
112878120,112876789
112881751,112843021
112881929,112881751
112883014,112843021
112883167,112883014
112883541,112131144
112883820,112883541
112884412,112883820
112884607,112883820
112884856,112884607
112885231,112883820
112885349,112885231
112885684,112883820
112885885,112885684
112886034,112883820
112886190,112886034
112886465,112883820
112886583,112886465
112887365,112883820
112887615,112887365
112887816,112887365
112887998,112887365
112888280,112887365
112888708,112883820
112888859,112888708
112890413,112883820
112890579,112890413
112890990,112883820
112891217,112890990
112891393,112890990
112891628,112883820
112891775,112891628
112892175,112883820
112892328,112892175
112892543,112883820
112892728,112892543
112892968,112883820
112893173,112892968
112893452,112883820
112893614,112893452
112893983,112883820
112894145,112893983
112894369,112883820
112894569,112894369
112894773,112894369
112894968,112883541
112895340,112894968
112895462,112895340
112895709,112894968
112895894,112895709
112896100,112895709
112896442,112896308
112896654,112894968
112896823,112896654
112896989,112894968
112897139,112896989
112897399,112896989
112897566,112894968
112897931,112897566
112898295,112897566
112898496,112897566
112898706,112897566
112898911,112897566
112899110,112897566
112899326,112897566
112899527,112897566
112899687,112897566
112899945,112897566
112900345,112897566
112900514,112897566
112900751,112897566
112900931,112897566
112901238,112894968
112901423,112894968
112901652,112901238
112901870,112894968
112902035,112901870
112902605,112901870
112902834,112901870
112903523,112894968
112903699,112903523
112903972,112894968
112904249,112903972
112904499,112903972
112904711,112903972
112904988,112903972
112905223,112903972
112905426,112903972
112905615,112894968
112905740,112905615
112905901,112883541
112906111,112905901
112906258,112906111
112907095,112905901
112907254,112907095
112907797,112908487
112908000,112907797
112908226,112908000
112908487,112435209
112909061,112908487
112909278,112909061
112909526,112909061
112909678,112909526
112911058,112909061
112911309,112911058
112911545,112911058
112911804,112911058
112912034,112911058
112912219,112911058
112912373,112909061
112912563,112912373
112913488,112908487
112913893,112913655
112914087,112913655
112914235,112908487
112914500,112914235
112915036,112914235
112915275,112915036
112915508,112915036
112915681,112914235
112915871,112915681
112916007,112915681
112916170,112914235
112916368,112916170
112916561,112916170
112916880,112914235
112917091,112916880
112917265,112916880
112917541,112908487
112917685,112917541
112917816,112917685
112917999,112908487
112918144,112917999
112918287,112918144
112918658,112908487
112919095,112918658
112919711,112918658
112919926,112919711
112920273,112918658
112920443,112920273
112920972,112918658
112921103,112920972
112921311,112918658
112921465,112921311
112921833,112918658
112921977,112921833
112922233,112918658
112922385,112922233
112922855,112918658
112922981,112922855
112923107,112918658
112923251,112923107
112923435,112918658
112923568,112923435
112923728,112918658
112923872,112923728
112924169,112918658
112924307,112924169
112924781,112918658
112924946,112924781
112925128,112908487
112925441,112925128
112925616,112925441
112925851,112925128
112926074,112925851
112926393,112908487
112926656,112926393
112926898,112926656
112928141,112926393
112928586,112908487
112928794,112928586
112928963,112928794
112930594,112908487
112930990,112930594
112931149,112930990
112931382,112930594
112931732,112931382
112932244,112931382
112932605,112931382
112933054,112931382
112933639,112931382
112933852,112931382
112934791,112931382
112935015,112931382
112935280,112931382
112935496,112931382
112935694,112931382
112935915,112931382
112936083,112931382
112936248,112930594
112936419,112936248
112936587,112930594
112936919,112930594
112937162,112936919
112937457,112936919
112937763,112930594
112937965,112937763
112938213,112930594
112938353,112938213
112938649,112930594
112938854,112938649
112939048,112938649
112939294,112938649
112939668,112908487
112940013,112939668
112940265,112939668
112940499,112940265
112940693,112940265
112940960,112939668
112941171,112940960
112941323,112940960
112941623,112939668
112941743,112941623
112942013,112939668
112942173,112942013
112942413,112939668
112942582,112942413
112942906,112939668
112943094,112942906
112943376,112908487
112943554,112943376
112943783,112943554
112944631,112908487
112944992,112944631
112945221,112944992
112945456,112944631
112945576,112945456
112945963,112944631
112946170,112945963
112946666,112945963
112946983,112944631
112947161,112946983
112947545,112944631
112947709,112947545
112947956,111885314
112948106,112947956
112948322,112948106
112949063,112948322
112949642,112948322
112949859,112948322
112950061,112948322
112950280,112948322
112950478,112948322
112950649,112948322
112950791,112948322
112951023,112948322
112951222,112948322
112951422,112948322
112951639,112948322
112951850,112948322
112952081,112948322
112952285,112948322
112952443,112948322
112952629,112948322
112952777,112948322
112952985,112948322
112953144,112948322
112953285,112948322
112953436,112948322
112953642,112948322
112953850,112948322
112954071,112948322
112954264,112948322
112954491,112948322
112954665,112948322
112954897,112948322
112955150,112948322
112955323,112948106
112955522,112955323
112958567,112581003
112958843,112958567
112959130,112958843
112959281,112959130
112959787,112958843
112959938,112959787
112960185,112958843
112960349,112960185
112960576,112958843
112960724,112960576
112960961,112958843
112961120,112960961
112961504,112958567
112961866,112961504
112962019,112961866
112962208,112961504
112962380,112962208
112962601,112961504
112962821,112962601
112963081,112958567
112963294,112963081
112963554,112963294
112963817,112963081
112964023,112963817
112964418,111885314
112964899,112964418
112965352,112965464
112965464,112964899
112965607,112965794
112965794,112964899
112965971,112965794
112966178,112965794
112966427,112964899
112966676,112966427
112966932,112964899
112967127,112966932
112967618,112964899
112967738,112967618
112968066,112964899
112968209,112968066
112968663,112964899
112968773,112968663
112969042,112964899
112969236,112969042
112969546,112964899
112969772,112969546
112969950,112969546
112970174,112964418
112970362,112970174
112970492,112970362
112971119,112970174
112971270,112971119
112971949,112964418
112972217,112972347
112972347,112971949
112972634,112972347
112972920,112972347
112973177,112971949
112973411,112973177
112974059,112973177
112974232,112973177
112974456,112973177
112974686,112964418
112974957,112974686
112975147,112974957
112975423,112974686
112975552,112975423
112975782,112964418
112975934,112975782
112976055,112975934
112976203,112964418
112976419,112976203
112976585,112976419
112980439,112976203
112980666,112964418
112980837,112981242
112981242,112980666
112981495,112981242
112983376,112964418
112983857,112983376
112984010,112983857
112984233,112983376
112984405,112984233
112984750,112983376
112984869,112984750
112985459,112983376
112985612,112985459
112985860,112983376
112986021,112985860
112986208,112983376
112986439,112986208
112986642,112986208
112986786,112986208
112986982,112983376
112987142,112986982
112987320,112983376
112987633,112987320
112989440,112983376
112989696,112989440
112989883,112989440
112990170,112983376
112990337,112990170
112990534,112990170
112990732,112983376
112991086,112990732
112991360,112990732
112991682,112990732
112991897,112990732
112992122,112990732
112992425,112964418
112992651,112992425
112992843,112992651
112993904,112964418
112994137,112993904
112994289,111885314
112994542,112994289
112994751,112994542
112995003,112994751
112995366,112994751
112995666,112994751
112995864,112994751
112996071,112994751
112996555,112994289
112996893,112996555
112997031,112996555
112997227,112997031
112997808,112996555
112997962,112996555
112998125,112997962
112998601,112996555
112999365,112996555
112999544,112999365
112999771,112996555
112999939,112999771
113000105,112996555
113000292,113000105
113000517,113000105
113000810,112994289
113000989,113000810
113001156,113000989
113001544,112994289
113001892,113001544
113002034,113001892
113002643,113001544
113002817,113002643
113003524,111885314
113003831,113003524
113004035,113003831
113004261,113003524
113004509,113004035
113004978,113004035
113005216,113004035
113005505,113003831
113005660,113005505
113005894,113003831
113006074,113005894
113006312,113003524
113006467,113006312
113006673,113006467
113006841,113003524
113007071,113006841
113007263,113007071
113007507,113006841
113007648,113007507
113007906,113006841
113008049,113007906
113008334,113006841
113008578,113008334
113008844,113003524
113009021,113008844
113009219,113009021
113009391,112842657
113009586,113009391
113009737,113009586
113009958,112842657
113010160,113009958
113010347,113009958
113010572,113010347
113010737,113010347
113010945,113010347
113011121,113010347
113011312,113010347
113011532,113009958
113011684,113011532
113011855,112842657
113012044,113011855
113012212,113012044
113012413,112842657
113012694,113012413
113013049,113012694
113013335,113012694
113013526,113012694
113013702,113012694
113013902,113012694
113014074,113012694
113014247,113012413
113014402,113014247
113014615,113012413
113014825,113014615
113015033,113012413
113015278,113015033
113015504,113012413
113015683,113015504
113015912,113015683
113016177,113015683
113016387,113012413
113016638,113016387
113016889,112842657
113017486,113016889
113017863,113017486
113018132,113017486
113018342,113017486
113018543,113017486
113018734,113017486
113018983,113017486
113019215,113017486
113019416,113017486
113019701,113016889
113019833,113019701
113020677,113016889
113020870,113020677
113021040,113016889
113021233,113021040
113021465,113016889
113021697,113021465
113021873,113021465
113022061,113016889
113022282,113022061
113022607,113016889
113022774,113022607
113022955,113016889
113023198,113022955
113023546,113022955
113023824,113022955
113024033,113016889
113024183,113024033
113024494,113016889
113024690,113024494
113024963,113024494
113025241,113016889
113025500,113025241
113025746,113025241
113025986,113025241
113026237,113016889
113026434,113026237
113026695,113026237
113026880,113026237
113027162,113016889
113027356,113027162
113027621,113027162
113027901,113016889
113028140,113027901
113028431,113016889
113028668,113028431
113028872,113028431
113029130,113016889
113029266,113029130
113029535,112842657
113029780,113029535
113030060,113029780
113030287,113029780
113030475,113029780
113030676,113029780
113030813,113029780
113031005,113029780
113031260,112842657
113031445,113031260
113031722,113031445
113032241,113031445
113032399,113031445
113032614,113031445
113032763,113031445
113032997,113031445
113033217,112131144
113033741,111885314
113033923,113033217
113034223,113033923
113034355,113034223
113035308,113033923
113035585,113035308
113035837,113035308
113036284,113033923
113036491,113036284
113036703,113036284
113036846,113033217
113037111,113036846
113037225,113037111
113037655,113036846
113037791,113037655
113038014,113036846
113038179,113038014
113038383,113033217
113038743,113038383
113038860,113038383
113038993,113038860
113039407,113038383
113039633,113039407
113040050,113038383
113040188,113040050
113040424,113038383
113040658,113040424
113040915,113033217
113041349,113040915
113041498,113041349
113041743,113040915
113041932,113041743
113042119,113041743
113042325,113040915
113042454,113042325
113043137,113040915
113043336,113043137
113043591,113043137
113043732,113040915
113043956,113043732
113044131,113043732
113044344,113043732
113044576,113040915
113044744,113044576
113044969,113040915
113045129,113044969
113045450,113040915
113045685,113045450
113045869,113045450
113046064,113045450
113046273,113040915
113046521,113046273
113046752,113040915
113046911,113046752
113047131,113046752
113047300,113040915
113047482,113047300
113047666,113040915
113047785,113047666
113048180,113033217
113048547,113048180
113048733,113048547
113048875,113048180
113049069,113048547
113049597,113048180
113049751,113049597
113049925,113048180
113050077,113049925
113050317,113048180
113050513,113050317
113050737,113050317
113050965,113048180
113051159,113050965
113051411,113048180
113051532,113051411
113054115,113033217
113054598,113054115
113054825,113054115
113054991,113054825
113055096,113054115
113055238,113055096
113055420,113054115
113055584,113055420
113055990,113054115
113056157,113055990
113056405,113054115
113056551,113056405
113056792,113054115
113056948,113056792
113057156,113054115
113057331,113054115
113057554,113057156
113057706,113054115
113057838,113057706
113057992,113054115
113058165,113057992
113058357,113054115
113058542,113058357
113058809,113054115
113059001,113058809
113059206,113058809
113059424,113033217
113059687,113059424
113059814,113059687
113060212,113059424
113060347,113060212
113060594,113059424
113060782,113060594
113061049,113059424
113061228,113061049
113061353,113061049
113061679,113059424
113061878,113061679
113062659,113059424
113062819,113062659
113063043,113033217
113064426,113063043
113064591,113064426
113064856,113063043
113064996,113064856
113065657,113063043
113065766,113065657
113066703,113063043
113066889,113066703
113067122,113063043
113067319,113067122
113067536,113067122
113067743,113067122
113067940,113063043
113068062,113067940
113069029,113063043
113069155,113069029
113069405,113063043
113069594,113069405
113069882,113063043
113070124,113069882
113070917,113063043
113071093,113070917
113071328,113063043
113071520,113071328
113071731,113063043
113071875,113071731
113072054,113063043
113072193,113072054
113072439,113063043
113072559,113072439
113072974,113063043
113073152,113072974
113073568,113063043
113073724,113073568
113074095,113063043
113074286,113074095
113074504,113074095
113074641,113074095
113074822,113063043
113074942,113074822
113075943,113063043
113076131,113075943
113076319,113075943
113076529,113063043
113076694,113076529
113076898,113063043
113077085,113076898
113077274,113063043
113077459,113077274
113077653,113077274
113077795,113077274
113077951,113063043
113078155,113063043
113078305,113077951
113078512,113077951
113078707,113077951
113078931,113077951
113079126,113063043
113079259,113079126
113079654,113063043
113079811,113079654
113080136,113063043
113080253,113080136
113082235,113063043
113082415,113082235
113082667,113082235
113082805,113063043
113082990,113082805
113083230,113063043
113083361,113083230
113084699,113063043
113084890,113084699
113085084,113063043
113085197,113085084
113085465,113063043
113085576,113085465
113086053,113063043
113086189,113086053
113086350,113063043
113086556,113086350
113086752,113086350
113086962,113063043
113087103,113086962
113087523,113063043
113087723,113087523
113087859,113063043
113088039,113087859
113088237,113063043
113088445,113088237
113088669,113063043
113088835,113088669
113089249,113063043
113089371,113089249
113089574,113063043
113089756,113089574
113092035,113063043
113092179,113092035
113092890,113063043
113093459,113063043
113093629,113063043
113093845,113063043
113094091,113093845
113094272,113093845
113094459,113063043
113094689,113094459
113095603,113063043
113095746,113095603
113096285,113063043
113096483,113096285
113096695,113096285
113097203,113033217
113097468,113097203
113097669,113097468
113097909,113097203
113098125,113097909
113098393,113097203
113098552,113098393
113098857,113033217
113099045,113099640
113099195,113099045
113099442,113033217
113099640,113033217
113099853,113099640
113099994,113099853
113100207,113099640
113100480,113100207
113100908,113100207
113101072,113100207
113101243,113033217
113101895,113101243
113102110,113101895
113102252,113101243
113102455,113102252
113103230,113101243
113103380,113103230
113103736,113101243
113103995,113103736
113104279,113103736
113104561,113101243
113104738,113104561
113104930,113101243
113105174,113104930
113106174,113101243
113106316,113106174
113106640,113101243
113106842,113106640
113107124,113106640
113107369,113106640
113107532,113101243
113107802,113101243
113107990,113107802
113108606,113101243
113108839,113108606
113108944,113101243
113109134,113101243
113109471,113109134
113109734,113101243
113110256,113109734
113110476,113109734
113110721,113109734
113110965,113109734
113111167,113109734
113111396,113109734
113111613,113109734
113111811,113109734
113112042,113109734
113112276,113109734
113112504,113109734
113112743,113109734
113112924,113109734
113113227,113109734
113113445,113109734
113113668,113109734
113113944,113101243
113114117,113113944
113115220,113101243
113115476,113115220
113115701,113115220
113115896,113115220
113116304,113115220
113116680,113115220
113117437,113033217
113118305,113117437
113118674,113118305
113119458,113118305
113119649,113118305
113119818,113118305
113120789,113118305
113121022,113118305
113121211,113118305
113122329,113118305
113122704,113118305
113122999,113118305
113123210,113118305
113123437,113117437
113123553,113123437
113123839,113117437
113123985,113123839
113124170,113117437
113124377,113124170
113124544,113117437
113124748,113124544
113124963,113124544
113125359,113117437
113125673,113125359
113125994,113125359
113126198,113125359
113126475,113125359
113126776,113125359
113126935,113125359
113127232,113125359
113127508,113117437
113127677,113127508
113127873,113127508
113128098,113117437
113128225,113128098
113128451,113117437
113128568,113128451
113128995,113117437
113129165,113128995
113129349,113117437
113129515,113129349
113129763,113129349
113129921,113117437
113130139,113129921
113130613,113129921
113130856,113117437
113131222,113130856
113131535,113117437
113131699,113131535
113132127,113117437
113132258,113132127
113132488,113117437
113132666,113132488
113133633,113117437
113133846,113133633
113134055,113133633
113134269,113133633
113134453,113117437
113134622,113134453
113135342,113117437
113135486,113135342
113136280,113135342
113137306,113117437
113137475,113137306
113137699,113117437
113137871,113137699
113138205,113117437
113138345,113138205
113138553,113117437
113138725,113138553
113138846,113117437
113138992,113138846
113139249,113117437
113139394,113139249
113139634,113033217
113139932,113139634
113140124,113139932
113140341,113139932
113140507,113139634
113140677,113139634
113140845,113140507
113141088,113140507
113141302,113139634
113141456,113141302
113141633,113139634
113141788,113141633
113142212,112908487
113142615,113142212
113143159,113142615
113143662,113142615
113143867,113142615
113144068,113142615
113144249,113142615
113144453,113142615
113144661,113142615
113144904,113142615
113145105,113142615
113145301,113142615
113145618,113142615
113145816,113142615
113146052,113142615
113146223,113142615
113146412,113142615
113146596,113142615
113146757,113142615
113146965,113142615
113147216,113142615
113147380,113142212
113147555,113147380
113147697,113142212
113147860,113147697
113148205,113147697
113148536,113142212
113148749,113148536
113148936,113142212
113149133,113148936
113149381,113148936
113149549,113142212
113149720,113149549
113150081,113142212
113150276,113150081
113150491,113142212
113150680,113150491
113150933,113142212
113151413,113142212
113151577,113151413
113152451,113142212
113152591,113152451
113152855,113152451
113153018,113142212
113153168,113153018
113153787,113142212
113154158,112581544
113154334,113154158
113154500,113154334
113154880,113154334
113155141,112435596
113155875,113155141
113156206,113155141
113156328,113156206
113156546,113155141
113157003,113156835
113157629,113155141
113157803,113157629
113158063,113157629
113158261,113155141
113158371,113158261
113158924,113155141
113159133,113158924
113159465,113155141
113159576,113159465
113159873,113155141
113160082,113159873
113160263,113159873
113160554,113155141
113160706,113160554
113161079,113155141
113161252,113161079
113161566,113161430
113161810,113155141
113162096,113155141
113162227,113162096
113162485,113162096
113162919,113155141
113163178,113162919
113163290,113162919
113163542,113162919
113163764,113162919
113163994,113155141
113164201,113163994
113164761,113155141
113164971,113164761
113165157,113155141
113165323,113165157
113165524,113155141
113165706,113165524
113165875,113155141
113166036,113165875
113166317,113165875
113166633,113166457
113167367,113155141
113167492,113167367
113168027,113155141
113168146,113168027
113168399,113155141
113168540,113168399
113169335,113155141
113169487,113169335
113169687,113155141
113169820,113169687
113170057,113155141
113170274,113170057
113170463,113170057
113170646,113170057
113170805,113155141
113170925,113170805
113171185,112435596
113171529,113171185
113171675,113171185
113171946,113171675
113173730,113171185
113173946,113171185
113174075,113171185
113174257,113174075
113174458,113174075
113174646,113171185
113174819,112883541
113175052,113174819
113175223,113175052
113175598,113174819
113175766,113175598
113176081,113174819
113176243,113176081
113176562,113397367
113176765,113176562
113176932,113176765
113177119,113176562
113177262,113177119
113177949,113397367
113178176,113177949
113178303,113178176
113179282,113177949
113179450,113179282
113179731,113177949
113179896,113179731
113180075,113396912
113180288,113180075
113180511,113180288
113180736,113180075
113180937,113180736
113181126,113180075
113181267,113181126
113181888,113180075
113182019,113181888
113182395,113396912
113182691,113182395
113182860,113182691
113183176,113182691
113183392,113182395
113183513,113183392
113183722,113182395
113183867,113183722
113184024,113396912
113184246,113184024
113184399,113184246
113184551,113397367
113184696,113184024
113184863,113184696
113185127,113396912
113185292,113185127
113185536,113185292
113185703,113185536
113186054,113185292
113186188,113186054
113187014,113185292
113187204,113187014
113188465,113254662
113188632,113188465
113188819,113188632
113188953,113188819
113189121,113254662
113189455,113189121
113189646,113189455
113189897,113189121
113190075,113189897
113190245,113190075
113190381,113254662
113190534,113189121
113190789,113190534
113190952,113190789
113191761,113189121
113191956,113191761
113192179,113191956
113192320,113191956
113192499,113191761
113192656,113249884
113192879,113192656
113193127,113192879
113193247,113192656
113193499,113193247
113193680,113193499
113193853,113193247
113193952,113265536
113194202,113193952
113194426,113194202
113194675,113194426
113194969,113194426
113195214,113194426
113195471,113194426
113195923,113193952
113196104,113195923
113196265,113196104
113196404,113265536
113196689,113196404
113196932,113196689
113197156,113196689
113197336,113197156
113197488,113196689
113197668,113197488
113197946,113221017
113198161,113197946
113198350,113198161
113198498,113198350
113198734,113198498
113198975,113198734
113199073,113198498
113199323,113199073
113199469,113199073
113199594,113199073
113199818,113198161
113199989,113199818
113200194,113199989
113200739,113218447
113201140,113200739
113201336,113201140
113201514,113200739
113201730,113201514
113201921,113201514
113202102,113201921
113202236,113218447
113202549,113221017
113202860,113202549
113203129,113202549
113203359,113203129
113203640,113204693
113203796,113203359
113203945,113203129
113204218,113203945
113204390,113204218
113204533,113203359
113204693,113204533
113204880,113204693
113205042,113202860
113205194,113205042
113205393,113205194
113205644,113205194
113205795,113202860
113206042,113205795
113206216,113206042
113206404,113206042
113206650,113206216
113206865,113206216
113207007,113206216
113207159,113205795
113207355,113207159
113207518,113207355
113207667,113205795
113207902,113207667
113208032,113207902
113208287,113207667
113208479,113208287
113208612,113208287
113208781,113202860
113208968,113208781
113209218,113208968
113210525,113249884
113210733,113210525
113210959,113210733
113211143,113210959
113211352,113224406
113211580,113211352
113211807,113224406
113211950,113211807
113212060,113211807
113212170,113218447
113212581,113212170
113212779,113212170
113213375,113212170
113213557,113212170
113213716,113213557
113213881,113213716
113214295,113213716
113214426,113212170
113214701,113214426
113214850,113214701
113214985,113212170
113215189,113214985
113215350,113212170
113215627,113215350
113215826,113215627
113215980,113215350
113216138,113215350
113216295,113215350
113216485,113216295
113216688,113212170
113216883,113216688
113217129,113216883
113217433,113212170
113217628,113217433
113217820,113217628
113218005,113217433
113218160,113218005
113218851,113190534
113218851,113218447
113221017,113218447
113221473,113221017
113221639,113221017
113221762,113221017
113222106,113221762
113222263,113221017
113222879,113222263
113223166,113222879
113223470,113222879
113223692,113222879
113223957,113228508
113224187,113222263
113224406,113222263
113224872,113224406
113226429,113224406
113226725,113226429
113227441,113226725
113227604,113226725
113227818,113242784
113228005,113227818
113228284,113227818
113228508,113226429
113228826,113228508
113229001,113228508
113229137,113228508
113229330,113228508
113229598,113228508
113229788,113228508
113230408,113226429
113230671,113230408
113230888,113230408
113231074,113230408
113231240,113230408
113231414,113242784
113231577,113231414
113231816,113226429
113232083,113224406
113232232,113231816
113232419,113231816
113232625,113226429
113232879,113232625
113232990,113226429
113233143,113232990
113233444,113226429
113233666,113233444
113233878,113233444
113234019,113236468
113234406,113234019
113234564,113234019
113234734,113234019
113234938,113234019
113235088,113234019
113235334,113234019
113235493,113234019
113235678,113234019
113235905,113234019
113236029,113226429
113236313,113224406
113236468,113224406
113236650,113236468
113236943,113236650
113237200,113236650
113237470,113236650
113238105,113224406
113238353,113238105
113238576,113238353
113238792,113238353
113238936,113224406
113239158,113238936
113239514,113238936
113239861,113239514
113240091,113239514
113240292,113239514
113240424,113239514
113240592,113239514
113240736,113239514
113240908,113239514
113241068,113239514
113241206,113239514
113241367,113224406
113241556,113241367
113241836,113241556
113242015,113241556
113242153,113241367
113242403,113242153
113242616,113242153
113242784,113224406
113243285,113242784
113243776,113243285
113243975,113243285
113244146,113243285
113244325,113243285
113244515,113243285
113244624,113243285
113244768,113243285
113244943,113243285
113245115,113224406
113245285,113245115
113245442,113245285
113245553,113224406
113245794,113245553
113246088,113245794
113246235,113245794
113246427,113245794
113246603,113245553
113246783,113246603
113247073,113246603
113247215,113242784
113247556,113247215
113247758,113247215
113247924,113247215
113248135,113247215
113248281,113247215
113248459,113247215
113248670,113242784
113248802,113248670
113249726,113249884
113249884,113221017
113250375,113249884
113250604,113249884
113250940,113250375
113251355,113249884
113251559,113251355
113251789,113251559
113252013,113251789
113252239,113251559
113252446,113252013
113252607,113252013
113252738,113251559
113252931,113252738
113253121,113249884
113253355,113253121
113253641,113253355
113253782,113253355
113253967,113253782
113254262,113253782
113254471,113254262
113254662,113249884
113254929,113250375
113255203,113254929
113256538,113254929
113256749,113256538
113257030,113256749
113257208,113257030
113257444,113257030
113257599,113256749
113258282,113250375
113258548,113261545
113258707,113258548
113258973,113258548
113259210,113258282
113259515,113258282
113259988,113258282
113260169,113258282
113260471,113258282
113260654,113258282
113260869,113256538
113261545,113256538
113261833,113261545
113261981,113261545
113262113,113261545
113262299,113262113
113262517,113262113
113262708,113262113
113262904,113262113
113263184,113261545
113263499,113263184
113263716,113261545
113264177,113263716
113264397,113263716
113264660,113263716
113264968,113263716
113265169,113263716
113265336,113263716
113265536,113222263
113265941,113265536
113266145,113265536
113266462,113266145
113266700,113266462
113266895,113266145
113267221,113266700
113267388,113266700
113267563,113266462
113267764,113266462
113267904,113266145
113268140,113265536
113268358,113268140
113268549,113268140
113268731,113268140
113268929,113266145
113269109,113268929
113269229,113268929
113269397,113269229
113269679,113265536
113269931,113269679
113270161,113269931
113270341,113269931
113270564,113269931
113270790,113270564
113270956,113269679
113271193,113270956
113271442,113270956
113271844,113270956
113272009,113271844
113272249,113270956
113272700,113265536
113272927,113272700
113273084,113272927
113273302,113272927
113273426,113272700
113273631,113265536
113273952,113273631
113274108,113273952
113274458,113273631
113274693,113274458
113274912,113273631
113275178,113274912
113275351,113274912
113275531,113222263
113275807,113275531
113276801,113275807
113277016,113275807
113277251,113275807
113277507,113275807
113277831,113275807
113278031,113275807
113278179,113275807
113278351,113275807
113278535,113275807
113278769,113278952
113278952,113275807
113279191,113278952
113279452,113278952
113279708,113275531
113279971,113279708
113280129,113279971
113280337,113275807
113280594,113280337
113280732,113224406
113281081,113280732
113281530,113280732
113281944,113281530
113282098,113281530
113282313,113281530
113282470,113281530
113282656,113281530
113282870,113281530
113283128,113281530
113283320,113281530
113283575,113281530
113283763,113281530
113283943,113281530
113284160,113281530
113284366,113280732
113284719,113284366
113284954,113284366
113285129,113280732
113285358,113285129
113285546,113280732
113285776,113285546
113285952,113280732
113286274,113285952
113286461,113280732
113286633,113286461
113286828,113280732
113287088,113286828
113287522,113222879
113287760,113287522
113287983,113287760
113288243,113287983
113288419,113287983
113288542,113287983
113288775,113287983
113288992,113222879
113289183,113287522
113289343,113289183
113289492,113289343
113289701,113287522
113289939,113289701
113290117,113222879
113290340,113290117
113290855,113290117
113291007,113290855
113291182,113291007
113291318,113290855
113291528,113291318
113291749,113290117
113291923,113291749
113292160,113291923
113292286,113291749
113292585,113292286
113292773,113222263
113292973,113222263
113293200,113292973
113293702,113292973
113294050,113293874
113294262,113293702
113294401,113293874
113294603,113293702
113294743,113294603
113294916,113292973
113295144,113294916
113295326,113295144
113295505,113295144
113295636,113294916
113295988,113295636
113296419,113222263
113296606,113296419
113296844,113296606
113297074,113224406
113297379,113297074
113297779,113297074
113298004,113297779
113298158,113297074
113298575,113298158
113298757,113298158
113299019,113298158
113299235,113298158
113299413,113298158
113299554,113298158
113299732,113298158
113299910,113298158
113300067,113298158
113300259,113298158
113300415,113297074
113300584,113300415
113300730,113297074
113300983,113300730
113301364,113224406
113301624,113301364
113302161,113301624
113302367,113301624
113302619,113301624
113302788,113301624
113303031,113301624
113303194,113301624
113303388,113301624
113303528,113301364
113303752,113303528
113303990,113303528
113304178,113303528
113304902,113221762
113305234,113304902
113305444,113305234
113305556,113304902
113305906,113305556
113306075,113305556
113306232,113305556
113306496,113306232
113306626,113304902
113306842,113306626
113306990,113306626
113307198,113305556
113307376,113305556
113307597,113304902
113307894,113304902
113308097,113307894
113308289,113308097
113308473,113307894
113308652,113308473
113308792,113304902
113308988,113308792
113309201,113308792
113309500,113221762
113309716,113309500
113309991,113309716
113310134,113309500
113310252,113309500
113328100,112379606
113331501,108592149
113336086,111815972
113337157,111884462
113340088,108593346
113347427,111884462
113367978,111885314
113368228,113367978
113368522,113368228
113368670,113368522
113370224,113368228
113370436,113370224
113370626,113368228
113370814,113370626
113371012,113370626
113371155,113368228
113371287,113371155
113371459,113368228
113371613,113371459
113371832,113367978
113372040,113371832
113372323,113372040
113372569,113372040
113372779,113372040
113372973,113372040
113375554,113371832
113375743,113375554
113375919,113375554
113376137,111885314
113376326,113376137
113376574,113376326
113376850,113376574
113377078,113376574
113377401,113376574
113377542,113376574
113377744,113376574
113378307,113376326
113378460,113378307
113378831,113376137
113379005,113378831
113379134,113376137
113379386,113379134
113379541,113379386
113379769,113379134
113379905,113379769
113380158,113379134
113394031,111765465
113394771,111765465
113396912,111765465
113397367,113396912
113397753,113397367
113397979,113397753
113398191,113397753
113398354,113397753
113398533,113398354
113398734,113397753
113398903,113398734
113399140,113397367
113399342,113399140
113399529,113399342
113399707,113399342
113399839,113397367
113400457,113399839
113400655,113400457
113401938,113399839
113402086,113401938
113402247,113399839
113402402,113402247
113403056,113399839
113403216,113399839
113403414,113403216
113403579,113399839
113403732,113403579
113403933,113399839
113404095,113403933
113404255,113399839
113404446,113404255
113404605,113399839
113404780,113404605
113405086,113399839
113405261,113405086
113405616,113405086
113405839,113399839
113406016,113405839
113406232,113399839
113406439,113406232
113406615,113399839
113406948,113396912
113407142,113397367
113407380,113407142
113407536,113407380
113407704,113397367
113408036,113407704
113408377,113408036
113408898,113408036
113409459,113407704
113410899,113408036
113411094,113399839
113411332,113408036
113411512,113407704
113411717,113407704
113411879,113411717
113412042,113399839
113412370,113397367
113412751,113412370
113413012,113412751
113413314,113412370
113413536,113413314
113413698,113412370
113413876,113412370
113414088,113412370
113414276,113414088
113414989,113396912
113415125,113414989
113415325,113415125
113415562,113396912
113415865,113415562
113416135,113415865
113416307,113415865
113416501,113415865
113416658,113415865
113416806,113415865
113417012,113396912
113417320,113417012
113417526,113417320
113417754,113417012
113417942,113417754
113418158,113417754
113418316,113397367
113418567,113418316
113418845,113418567
113419015,113418316
113419246,113419015
113419416,113418316
113419718,113419416
113419868,113418316
113420035,113419868
113420176,113396912
113420776,113420176
113421049,113420176
113421294,113421049
113421793,113421049
113422479,113420176
113422723,113422479
113423069,113422479
113423302,113420176
113423698,113420176
113423912,113423698
113424696,113420176
113424889,113424696
113425093,113420176
113425236,113420176
113425425,113425236
113425821,113420176
113425951,113420176
113426205,113425951
113426505,113420176
113426879,113420176
113427065,113426879
113427395,113420176
113427596,113420176
113427868,113427596
113428121,113427596
113428892,113427596
113429047,113420176
113429227,113429047
113429480,113420176
113429664,113429480
113429807,113429480
113429966,113420176
113430210,113429966
113430990,113396912
113431174,113430990
113431356,113430990
113431492,113396912
113431646,113431492
113431792,113396912
113431949,113431792
113432083,113397367
113432440,113432083
113432614,113432440
113432820,113432083
113432984,113432083
113433164,113432984
113433820,113397367
113434339,113433820
113434599,113434339
113434859,113433820
113435005,113433820
113435238,113435005
113436559,113433820
113436723,113436559
113436889,113433820
113437126,113436889
113437550,113436889
113438068,113433820
113438229,113438068
113438427,113433820
113438626,113438427
113438771,113438427
113439248,113433820
113439441,113439248
113439600,113433820
113439726,113433820
113439937,113433820
113440211,113439937
113440446,113439937
113440980,113439937
113441172,113433820
113441487,113441172
113441656,113441172
113441818,113441172
113441998,113441172
113442189,113433820
113442452,113442189
113442638,113442189
113442761,113442189
113442906,113442189
113443066,113396912
113443234,113443066
113443484,113443234
113443679,113443484
113443883,113443234
113444007,113443883
113444220,113443234
113444357,111765465
113444659,113444357
113444896,113444659
113445094,113444896
113445233,113445094
113445644,111765465
113445925,113445644
113446055,113445644
113446194,113446055
113446424,113446194
113446545,113445644
113446712,113446545
113446935,113446545
113447153,111765465
113447331,113447153
113447498,113447331
113447689,113447498
113447853,113447689
113449273,111765465
113449674,111750231
113449814,113449273
113449960,113449273
113450238,113449273
113450466,113450238
113450658,113449273
113450908,113450658
113451100,113450908
113452930,113449273
113453100,113452930
113453298,113453100
113453517,113453298
113454573,113449273
113454799,113454573
113454979,113454799
113455164,113454979
113455370,113192656
113455542,113455370
113455715,113455542
113455853,113396912
113456079,113396912
113456401,113456079
113456622,113456401
113457038,113456079
113457201,113456079
113457380,113457201
113457536,113456079
113457862,113456079
113458071,113456079
113458202,113456079
113458387,113458202
113458591,113456079
113458795,113458591
113459034,113458591
113459265,113456079
113459506,113459265
113460280,113242784
113460522,113460280
113460763,113460280
113461359,113242784
113461623,113461359
113461856,112512229
113462279,113461856
113462392,113461856
113462571,113462392
113464791,113461856
113464944,113464791
113465198,113461856
113465357,113465198
113465600,113461856
113465761,113465600
113466217,113461856
113466382,113466217
113466662,113461856
113466862,113466662
113467052,113461856
113467249,113467052
113467528,113467052
113467702,113461856
113467862,113467702
113468051,113467702
113468345,113461856
113468610,113468345
113562537,113584029
113613608,113644492
113636106,113634392
114912102,114912347
114929947,114912347
114971953,114912347
114972190,114912347
114972337,114912347
114972704,114912347
114972887,114912347
115570779,111861863
115572466,111856986
115599871,111861863
115612428,115664730
115614365,111850220
115656414,111861863
115665771,115657369
115668936,111854286
115759954,115754264
115815376,113376574
