100006741,100004511
100021579,100023210
100037766,113678794
100067242,100482934
100076289,100348239
100076514,100348239
100087188,100488880
100090039,101054047
100100398,100036965
100106119,100481629
100119865,100118874
100124574,100477011
100136479,100481629
100149528,100659887
100161934,101054731
100162991,100504023
100173847,100149528
100208866,100566673
100221085,100622251
100223742,114388407
100223742,114388769
100236512,100464246
100245481,100244968
100245589,100241463
100245951,100241463
100275060,113771334
100277528,100844169
100280470,100047894
100284607,100282286
100286700,107605086
100296710,100441222
100298489,100524125
100298869,100524125
100298996,100524125
100305564,100305090
100317878,100314650
100339489,100488880
100341591,100445900
100369920,114290706
100390584,106447475
100396509,100253504
100437794,100436660
100438538,100434545
100440301,107612067
100440514,107612913
100451554,107605086
100451742,107605086
100457822,100477011
100461530,100461637
100461848,107609328
100462783,100462468
100471994,100471683
100477410,100036965
100477410,107613830
100477410,107613993
100482302,100481629
100490148,100488880
100492834,100492652
100501066,100500710
100501066,100501866
100501235,100500710
100501235,100501866
100501455,100500710
100501455,100501866
100501713,100500710
100501713,100501866
100521040,109254047
100527462,100530409
100530409,100529852
100530585,100529852
100530696,100529852
100535107,100528898
100541901,100541151
100542095,100541151
100542235,100541151
100542378,100541151
100542679,101042656
100549526,100551971
100557684,100463913
100564306,100464246
100564865,100481629
100567669,100482934
100575600,100571437
100575803,100571737
100575803,100572654
100575981,100572431
100576163,100572225
100576298,100572054
100576456,100576587
100610733,101120202
100611073,101120202
100611506,101120202
100619816,101120202
100619946,101120202
100620091,101120202
100628440,100628855
100661689,100838393
100662007,113738079
100664199,100702619
100671890,100672659
100679243,100673760
100679708,100182524
100680419,100673760
100718901,100673760
100732192,100894211
100732318,100894211
100732451,100894211
100732617,100894211
100752973,100804665
100808522,100488880
100818278,100448089
100820480,100313133
100837686,100838393
100841069,100836958
100842590,100836958
100843477,100840402
100855388,100855733
100870862,103719773
100896038,100895380
100900423,100895380
100901394,106778935
100901894,100896989
100903832,100895380
100904059,100903832
100906281,100906124
100907337,100906490
100930268,100927929
100933295,100927929
100966799,100986925
100973272,100906490
100978044,100986925
100988274,100986469
101051099,101050758
101051238,101050758
101068197,100096127
101100637,100488880
101110137,101112704
101111146,101110137
101120824,101105764
101128765,101128114
101128948,101128114
101191619,101189544
101193226,101192832
101216733,101214672
101217115,101214672
101217558,101214672
101252515,100895380
101257563,100986925
101266381,100509812
101276992,100488880
101280030,100488880
101280199,100491318
101285541,100464246
101285679,100478884
101289570,101329397
101289842,101329009
101290621,101323656
101290845,101328427
101291355,101334221
101291668,101334221
101292167,101334221
101292488,101333664
101292758,101334221
101293004,101332933
101293244,101328427
101293498,101333189
101293945,101332662
101294410,101328053
101294695,101323656
101294966,101324112
101295231,101329397
101295402,101333664
101296227,101323656
101296489,101328053
101296760,101323656
101297098,101323656
101297622,101334221
101297864,101324112
101298062,101327193
101298716,101333664
101299204,101326167
101299387,101334221
101299702,101334221
101300038,101334221
101300423,101332473
101300670,101324112
101300922,101323656
101301195,101323656
101301660,101334221
101301936,101323656
101302168,101328805
101302446,101328427
101302644,101327597
101303722,101334221
101304010,101328427
101304187,101333664
101304432,101323656
101304687,101334221
101304928,101329397
101305739,101324112
101305963,101334221
101306977,101324961
101307181,101331207
101308057,101330766
101308644,101328427
101308857,101326167
101309098,101329397
101309375,101333664
101309752,101334221
101310027,101330536
101310242,101324112
101310519,101326167
101311031,101334221
101311621,101329188
101312508,101323656
101313070,101334221
101314832,101331207
101315025,101330536
101315264,101309375
101315560,101334221
101315772,101334221
101315954,101330766
101316249,101324112
101316644,101323656
101316933,101333664
101317543,101334221
101317933,101321695
101318557,101333664
101318749,101334221
101319810,101328427
101320082,101330358
101320514,101333664
101320757,101323656
101320997,101328427
101321184,101334221
101321436,101328427
101321695,101323656
101321974,101327597
101322242,101324112
101322508,101333664
101322782,101333664
101323080,101333664
101323449,101329397
101324961,108870930
101326866,101330536
101347695,102443768
101347695,102452515
101347695,102456958
101347936,102470401
101352072,101352213
101483117,101413173
101483409,101377743
101483409,105539240
101483616,101958468
101484349,101486810
101486127,101485621
101487372,101486810
101488108,101487707
101488278,101488108
101490007,101485621
101490876,101904306
101490876,102436851
101490876,102545100
101497948,101497812
101497948,105392068
101498249,101497812
101498249,105392068
101498498,101498249
101785175,101785314
101788746,101528547
101823027,101820158
101928735,101820512
101928735,105641514
101928871,101528547
101929027,107791074
101929366,105318605
101929547,101528547
101930151,101879025
101930260,101886162
101930376,101888639
101930469,101891451
101931083,102188383
101931267,102037897
101931407,101929547
101931601,101931407
101931744,102191396
101932147,101894819
101932322,101932478
101933162,102165274
101933310,102414701
101933422,101933310
101934135,102507042
101934253,101927341
101934253,102385996
101934764,101815046
101935548,101348569
101935690,102414701
101936602,102553699
101936990,101798099
101937123,102196731
101937248,101691662
101937248,101798099
101937248,101975009
101937521,101691662
101938613,101798099
101939035,101942914
101952077,101952236
101954992,101952236
102009753,102009390
102031256,101407220
102188206,102355638
102188383,101528547
102188383,102175398
102188383,102196731
102188383,109704934
102188698,102196731
102188970,102225867
102189204,101528547
102190735,102411056
102190909,102190735
102191192,101528547
102193189,102191192
102193308,102009390
102194191,101496992
102194333,101496992
102194989,101496992
102195130,101528547
102195395,102097962
102195515,102363162
102195515,102470401
102195622,102119969
102195622,102470401
102195748,102194333
102195893,102414701
102227633,102227334
102355956,102355638
102361330,101939153
102361504,102355638
102361741,102553699
102361829,102553699
102410515,101895440
102410610,102443897
102410610,102452434
102410610,102457403
102439847,102439423
102440071,102439423
102440214,102439423
102440365,102439423
102456709,102456958
102479926,102435830
102479926,102452140
102480086,102193647
102480187,102193647
102480287,102119225
102480287,102156982
102480479,102505695
102480882,102480287
102480882,105649492
102493190,105621271
102493363,102493190
102493693,102545100
102493693,102546398
102502976,102195893
102503123,102502976
102503259,102195893
102503374,102195893
102503512,102414701
102503512,102443446
102503512,102452140
102503512,102470401
102503738,102411056
102503738,102505237
102503934,102503738
102504115,102411056
102504115,102505536
102504313,102193647
102504313,102513203
102504521,101528547
102504521,102193647
102504720,102193647
102504823,102414701
102504823,102505536
102504975,102505536
102505133,102193647
102505237,102193647
102505237,102194061
102505536,102193647
102505875,102193647
102505994,101499116
102505994,102097491
102506839,101655778
102506839,102553699
102507042,102553699
102507867,102553699
102508401,102553699
102508656,101528547
102508794,102196731
102508927,101528547
102509088,102339623
102509088,102341446
102509278,102505875
102509527,101929547
102509774,102188383
102553156,101939153
102553279,101528547
102628264,102017286
102628264,102021461
102628264,102025455
102710422,102493834
102710552,102196731
102714768,102714579
102715094,112619826
102715231,103456842
102715728,102736683
102715728,103007214
102720462,103986030
102721482,102722208
102723149,103523633
102723149,103670968
102724743,103026637
102726016,103827971
102729062,103375571
102730159,104265683
102730763,104661405
102730875,103007214
102731211,103851641
102732933,102732078
102733348,102737797
102733519,104540613
102733800,104594821
102734422,108348845
102735175,103011201
102735488,103011201
102737651,104075064
102738828,102737797
102740358,109216720
102742282,109187323
102742635,104485512
102745817,103323964
102747013,103078037
102751912,104081190
102751912,104107525
102751912,104381441
102755335,104598423
102756568,102746011
102758787,109326272
102759619,102961705
102760449,103329771
102760449,104561653
102760669,104393877
102760669,104608833
102761363,104124566
102761363,104539907
102761647,102961705
102771867,109048144
102772143,103438563
102772576,102772952
102773412,102991491
102773412,104469969
102775549,108959494
102777680,102733519
102777808,102777487
102777955,103078037
102780157,102778990
102780157,102779846
102780157,102947149
102780850,104614927
102781468,103344264
102784264,102785139
102784875,103326896
102784875,103330086
102785345,102910145
102785582,103474338
102788231,103012971
102788437,108548357
102789224,102732682
102789509,102928762
102789806,102789509
102793159,108103935
102797132,102797464
102798435,109055117
102800705,103895225
102802647,103344264
102803575,104470761
102805424,109143625
102805608,103007214
102808421,103007214
102808698,103007214
102811337,102810908
102811444,102810908
102811718,104644723
102812003,103017652
102812003,103020028
102812003,104611230
102814475,103019864
102814475,103051356
102815479,103880372
102816506,103446786
102817124,103197968
102818068,104573075
102823287,104541647
102824484,104504574
102828070,102829932
102828918,103011996
102831148,102835323
102831886,103474338
102835323,102824816
102836482,103498200
102836981,103172436
102837365,103592403
102837365,103949853
102837533,102789806
102837533,103588947
102837533,104336231
102837761,102838034
102838335,102838481
102842757,103523633
102844378,104081434
102845264,102846978
102845500,104538813
102845957,102931714
102845957,103693871
102845957,104598955
102846978,102828070
102849215,102910145
102853014,109090273
102853413,116152802
102855234,103312988
102855918,102855234
102857319,109253536
102857749,102846978
102858947,103533268
102859415,103441026
102860110,102732078
102860264,104259275
102860568,109275819
102864546,104175343
102865769,103569387
102866347,102869142
102867396,104063182
102868930,102870101
102869142,103312988
102869914,102870101
102870101,102866347
102870387,102773716
102871841,102874450
102872380,102904211
102872380,103458840
102872380,104655499
102874853,109287467
102875916,102875205
102876733,103172436
102877313,104160327
102877911,109299817
102879683,104377088
102881832,112620035
102882082,102777487
102883720,102882463
102883840,102882463
102884580,109030846
102884948,103883745
102885381,104172638
102885849,104598423
102886013,104598423
102886180,104259275
102886412,104259275
102886563,102846706
102886563,103667816
102887663,104489314
102888524,102918439
102891691,104271658
102892221,103293107
102892628,102948598
102892916,103670255
102893490,103728242
102893677,102912897
102896032,103433646
102896130,102810908
102896130,103680607
102896130,103707212
102896130,104212816
102896130,104335284
102896130,104335487
102896130,104439807
102896437,103568397
102896437,103898076
102896437,104074807
102896437,104566036
102896437,104655988
102896720,103615032
102897333,102945369
102897799,104377088
102905881,103613988
102907882,102906320
102908292,103971053
102909484,103290080
102911693,103851641
102912017,103565220
102912017,104374506
102912897,103995827
102913969,103897052
102914235,103740304
102914428,104154471
102916566,103105056
102916755,102916037
102920016,104193374
102920718,103859917
102920914,103128621
102922839,102921137
102922944,102921137
102923928,102924117
102924386,103474338
102924495,109203302
102926104,102924978
102928087,102928762
102928377,104598423
102929767,104007536
102929916,100463471
102930384,102930853
102930671,102930853
102931264,102930853
102931471,102928087
102932595,102825009
102932820,103106120
102932977,102828070
102934252,104484172
102934405,104296074
102934553,102932595
102934553,103508417
102934969,103446786
102935277,102936173
102937766,104644723
102938197,102939529
102938337,103607690
102938529,103262067
102938692,103303554
102938854,102939281
102939003,103262067
102939145,103607690
102939281,103303554
102939529,103851641
102940733,102910145
102943553,102910145
102943727,103107471
102944280,102842398
102944473,102944280
102947149,104540613
102947877,104337412
102948132,104404116
102948598,103550756
102950538,103553743
102950709,104598955
102950994,102956699
102952068,104107911
102952068,104472723
102954509,109282103
102955060,109282103
102955564,102955216
102956467,109300667
102957105,103326896
102957105,103489225
102958043,108924633
102958402,104631625
102959711,103007214
102960038,104116692
102960618,103253528
102960872,102959885
102964033,103809290
102964033,104442831
102964228,104259275
102964457,103095139
102964903,103020888
102966555,102829932
102966921,104259275
102967169,103007214
102967169,104557504
102967722,102967169
102968222,102842398
102968943,103501992
102969866,103228508
102971646,103597218
102973367,103133660
102973367,103739276
102973367,104059454
102976559,103011201
102977603,103474338
102979821,103851641
102980692,102732078
102980692,104330236
102980900,103730568
102982153,103741525
102982533,104432257
102982859,102982681
102982859,104469077
102983142,102983332
102986649,103052320
102987997,109048144
102989633,109233548
102990600,102849215
102990982,109035306
102992033,102991491
102992033,104471346
102992257,103820262
102995616,103341784
102997492,102996845
102998475,112619540
102999322,102916037
102999472,102910145
102999666,104455168
103000949,103949505
103001077,103111991
103002295,104188250
103002642,104157185
103004076,103083722
103004076,103266125
103004916,104488311
103005094,103124482
103005347,109232651
103006298,104614927
103007214,115786589
103009335,103335160
103009484,102738460
103010226,103323964
103011201,103456842
103012637,103011996
103012971,103007214
103013784,104259275
103014951,103007214
103015104,109300217
103017512,103717967
103018189,103703541
103018189,104572641
103018502,103360888
103019864,103007214
103021137,104128356
103021730,103523633
103021911,103523633
103022214,103523633
103022433,103020028
103023200,103851641
103023416,103007214
103026818,103277170
103026818,104656232
103027021,104034168
103027404,102910145
103028598,103028080
103030800,103905402
103033102,103033259
103033897,103329771
103033897,104561653
103034135,104393877
103034135,104608833
103034335,103133660
103034335,103918804
103034335,104470761
103037433,103037581
103039654,103535788
103039654,104170263
103040583,103041313
103040836,103150856
103040836,103841485
103041313,104068555
103043425,104193016
103043670,103920693
103044432,104469077
103044919,103133660
103048990,102882463
103048990,103050259
103048990,103051011
103054589,103078037
103056410,102822565
103059311,109258042
103059995,109093249
103060330,103851641
103061378,100503738
103061378,100504023
103061942,102948598
103064246,108147376
103064369,108147376
103067987,103067357
103068900,108880234
103069643,104604777
103069992,103133660
103070885,109249619
103070885,109305092
103074022,103054589
103074291,103456842
103074476,103083722
103077208,103293107
103077208,103293521
103077208,103703541
103078865,109252035
103079155,103078037
103080693,103080295
103081158,103080923
103082034,103550756
103083379,104484172
103083722,103332245
103085630,103085238
103087606,102871970
103088659,102821216
103088659,102936311
103089063,104210794
103091715,103091899
103093279,102913969
103093279,103865380
103093279,104159603
103093742,103597218
103097089,103096671
103104942,103104762
103105352,104539424
103105610,103105352
103105987,108986341
103106818,103120901
103107323,102882463
103108027,103107471
103109722,103107471
103111991,102732078
103112160,104100737
103113137,102944841
103115049,103265940
103115422,103485893
103116969,104309347
103117111,104309347
103118686,103874853
103119212,102921137
103119212,104264037
103119886,104538813
103120424,103853592
103121092,104338449
103122945,103122706
103123333,108964712
103123889,103840216
103124337,109282103
103124482,104474116
103127942,109299628
103128404,103128621
103128621,103626649
103133660,104025099
103134940,103133660
103135157,103133660
103138778,104384493
103139786,103139595
103141206,103141085
103143113,104413370
103143259,104620835
103149917,103894661
103150361,102737797
103152317,104071328
103154602,103851641
103155156,109282103
103159208,103764190
103159396,103894661
103159561,103765226
103159561,104116692
103159947,103160116
103160345,104660353
103160842,109280091
103161185,102961705
103161373,102961705
103161824,102961705
103161962,102961705
103162533,103344264
103167647,103957628
103168600,102921137
103168600,104264037
103169903,103168188
103171687,104614927
103171856,102961705
103172436,103172957
103174232,104303308
103176716,103044919
103178880,104126134
103179085,104126134
103182017,102859415
103182715,103109248
103186173,104646263
103187333,103498593
103188468,104147014
103188740,104374506
103190230,103553743
103190677,104160327
103191694,104259275
103194393,104623978
103194626,103194969
103194626,103195114
103194626,103195286
103194626,103195711
103196620,102910145
103197024,104310818
103197592,103711879
103197592,104301743
103197968,116079799
103198110,102910145
103198455,102961705
103201565,103200742
103208195,102778186
103208321,103133488
103208321,103342294
103208321,104084833
103210175,108924633
103210612,103965761
103211983,103212168
103213707,103067357
103213875,103990813
103214741,103474338
103215108,109273861
103215825,103133660
103217010,104259275
103218294,104049361
103219747,104259275
103220624,104582485
103224760,109232221
103224972,102991491
103227315,103312988
103233563,104107525
103233771,104107525
103239290,104504574
103239412,103240197
103239862,106676998
103240770,104412295
103241723,102991491
103241951,103328432
103244315,104262395
103245879,103246387
103247602,103693871
103247602,103724737
103249388,103249991
103249388,103250127
103252602,103312988
103253528,103312988
103253862,103253528
103260339,104103037
103260339,104108508
103262270,103133660
103263039,103133660
103264918,104268769
103265535,104344898
103266125,103617195
103266472,103266125
103266649,103266125
103266937,103266125
103269945,108795839
103273229,103272993
103273229,103273100
103274339,103374987
103274854,103277170
103275856,103277170
103275991,103275856
103276093,103361609
103276300,103012971
103276300,103361609
103276824,103277170
103277170,104614927
103279549,103279712
103281030,103281190
103282700,104485257
103285870,104288787
103287232,102960618
103287232,103065183
103287232,103066882
103287232,103231953
103288525,104301367
103288905,103289141
103289562,103289768
103289925,103289562
103291512,102854495
103291512,103312988
103291512,104484172
103293521,103294273
103295284,103728242
103295645,104134682
103297042,103851641
103297648,103297042
103298336,103297042
103299141,102822565
103300070,103438563
103300205,103300350
103301037,103983166
103303744,103303024
103304565,104080606
103304745,103304417
103304998,104262239
103307672,102829932
103307988,109291924
103311675,104585589
103314520,103003132
103314764,103314896
103316595,104169438
103319206,103364168
103319206,104182454
103319206,104459539
103320651,109090273
103321213,103111991
103322056,104301743
103323964,103851641
103326531,104059826
103326896,103293521
103326896,103304053
103326896,103325059
103326896,103325373
103326896,103325942
103326896,103326397
103326896,103326775
103326896,103327784
103326896,103328136
103326896,103328306
103326896,104235310
103326896,104554399
103328008,103693871
103328667,102857950
103328667,103329771
103328667,103332245
103328667,104561653
103330086,103324494
103330086,104136933
103331056,103034335
103331056,103333523
103335160,102961705
103335539,103593191
103337842,104538813
103337988,109282103
103342294,103636794
103342294,104126134
103344264,104474116
103346032,102829247
103346431,102910145
103350033,102736683
103350033,104413370
103350186,104504574
103350322,103350186
103350702,104382139
103354659,103354432
103357154,102808421
103357549,103357154
103357726,103357154
103357885,103357154
103358954,103359800
103361609,102961705
103362632,103876913
103363194,102921137
103363194,103202957
103363194,103474338
103363806,102889220
103363806,103725204
103363806,103913664
103363806,104282124
103364028,116107754
103368016,104026396
103368016,104623978
103368287,103501732
103368287,103557737
103368287,104102570
103368641,103433932
103370255,103118686
103370255,103197592
103371960,103371790
103373451,103990340
103373925,103374987
103374213,103312988
103374514,103154602
103374730,103154602
103374889,103325373
103375571,103375858
103375571,104075462
103376100,102729201
103376271,103376382
103377264,103376527
103377657,103376527
103379752,102910145
103381124,104643511
103381716,108669948
103382341,103007214
103382707,103742640
103386181,103386402
103386853,104604777
103388062,104361336
103388433,103314005
103388433,103326896
103391175,103723245
103392675,103080295
103395052,103395209
103395327,104259275
103395469,102991491
103395469,103526227
103395469,104469969
103395899,103496556
103396043,102834794
103396043,102928915
103396043,103523166
103396043,103756347
103396043,103775858
103396454,102930671
103396454,103239412
103396597,104667246
103397697,103666676
103399159,104375493
103400804,103401124
103401124,103067357
103402007,103626649
103403537,103523633
103403689,103398503
103404680,103007214
103411359,108959494
103412420,104661405
103412876,103413430
103414027,103413841
103414497,103832908
103416122,104048031
103417958,102732682
103418291,103418491
103420116,103988354
103420334,103535788
103420334,104170263
103420733,102961705
103421100,103356703
103421520,103007214
103424224,104539424
103424457,102755335
103424584,103551721
103427896,103474338
103430279,104439807
103432841,104027906
103433305,103711879
103433796,103434085
103434342,102870101
103435015,104076342
103435360,103742640
103437003,104259275
103437312,104635356
103437432,102918439
103437607,104217341
103440381,104439807
103442049,104407302
103442539,102961705
103445360,103105056
103447950,103014450
103448241,103448366
103448558,102849936
103450883,103560138
103450883,104225609
103452111,103344264
103456075,103456842
103456232,103456842
103456621,103456842
103456842,102732078
103456842,103851641
103457201,103716595
103458628,104259275
103463129,103096671
103463318,102736683
103465070,103863143
103465411,104193374
103465687,104193374
103467484,104259275
103467651,102735900
103479427,103481280
103479954,103007214
103480186,103456842
103481093,103480919
103481280,103626649
103481458,103456842
103481898,103375571
103481898,103482195
103483233,102738828
103485113,102910145
103485433,102832820
103485433,104430268
103486912,104539424
103487087,103341784
103487471,103851641
103487857,103487708
103491209,109282103
103492384,103406103
103494935,109219016
103496789,103007214
103498041,104421062
103498593,103498200
103500054,109227276
103501732,103501523
103503717,103457632
103503717,103466343
103503717,104574760
103504054,102910145
103504278,108923535
103510076,103459641
103510076,104395924
103511028,103510573
103512449,109254047
103512630,103939268
103513073,102910145
103513073,116079799
103513759,104484172
103514183,104561653
103514384,104393877
103514592,104192421
103515406,103007214
103515796,103515671
103521467,103521811
103523029,103896542
103524824,104455168
103524995,103418291
103525142,103523633
103525527,103523633
103526227,103523633
103526469,103523633
103527030,103474338
103527313,103464855
103527619,104477560
103529067,103528918
103529067,103529305
103529305,104259275
103530192,113481291
103530736,102810578
103530736,102810908
103530736,103210829
103530736,103391439
103530736,103680607
103530736,104278458
103530736,104439807
103530958,109203302
103533001,104504574
103533959,103435766
103536555,103550756
103536809,103118991
103537528,103990813
103537678,103525142
103537982,103537008
103538377,104504574
103539491,103851641
103541923,102794995
103541923,102821694
103541923,102846558
103541923,102949143
103541923,102956699
103541923,103016579
103541923,103019713
103541923,103062428
103541923,103113559
103541923,103114175
103541923,103183753
103541923,103205273
103541923,103318759
103541923,103379552
103541923,103455334
103541923,103538940
103541923,103539955
103541923,103543016
103541923,103544364
103541923,103545070
103541923,103690295
103541923,103857932
103541923,104102570
103541923,104203685
103541923,104335487
103541923,104463635
103541923,104574760
103541923,104628695
103543016,102882463
103546393,103703541
103546393,104586973
103546593,103703541
103546593,104367655
103546593,104586973
103547435,109074558
103547668,103468206
103548562,103262795
103549353,103133660
103551089,103949505
103552092,103551721
103552835,109258955
103553268,112620035
103554420,103553743
103554640,103555265
103556680,102840706
103557275,103501992
103557411,102913969
103557411,103865380
103557411,104002596
103557411,104218513
103557737,103537008
103557737,104114345
103557934,113618232
103558323,102870101
103559238,104614927
103559859,103550756
103560138,103323964
103561384,103019864
103562205,102948598
103563418,103401124
103563731,103401124
103564823,103326056
103564823,103327611
103564823,103480919
103565220,102961705
103566267,104330236
103567621,102921137
103567621,104264037
103568036,103501732
103569161,103850636
103569161,104193374
103569161,104259275
103569161,104563322
103569644,102910145
103569913,103364168
103574936,103007214
103575987,103253366
103576967,103210829
103576967,104439807
103577389,102884318
103577389,103012971
103577389,103361609
103577389,103449673
103577389,103482620
103577389,104437892
103578212,104556364
103581075,103580904
103583135,103501992
103584005,104444651
103584260,108952566
103586608,103521811
103587477,102736683
103587477,103007214
103588413,102991491
103588413,104471346
103588792,103587477
103589295,103108406
103589295,103509751
103590595,102842398
103590595,104611844
103591052,103591203
103591513,109272915
103592745,103593191
103593191,104450115
103593554,104390589
103594036,102808698
103597714,103597218
103599465,103598938
103604263,103023200
103604263,103325373
103604263,104074807
103604692,103023200
103605232,104598423
103605403,109034477
103606338,103957498
103612170,103612268
103614320,103327784
103616469,109216720
103617195,103323964
103617488,103617195
103617797,103617195
103620091,104176056
103624159,109299817
103625503,104538496
103625978,102809033
103625978,104330236
103627057,104443030
103628398,103334659
103628398,103443216
103629524,103479954
103629697,104034168
103630540,102921137
103630540,104264037
103630953,102921137
103630953,104264037
103630953,104389349
103633555,103456842
103633731,103208321
103633866,103069992
103634594,103576294
103636350,102961705
103636794,103850636
103636794,103851641
103637956,104160327
103646540,100463471
103648788,103474338
103648942,103474338
103649717,104658195
103651206,102964457
103651206,103077208
103651206,104029549
103651206,104606463
103651206,104675307
103653256,103652813
103657336,103530007
103657689,109256600
103663464,103172436
103663836,109155235
103665341,109079557
103666676,103605232
103667093,103605232
103667232,103029676
103670553,102723149
103670968,103133660
103670968,103915041
103670968,103990340
103670968,104479715
103670968,104572375
103670968,104572641
103671743,103740304
103672094,102780157
103673052,104296074
103673389,102882463
103673389,103850918
103673724,103850918
103674555,104472274
103676851,103312988
103677350,102772576
103678877,103678524
103679749,103711879
103680389,102910145
103681505,103680607
103681602,102896130
103681602,103318759
103683459,103576967
103683947,103454343
103685777,109164982
103687466,103687190
103688196,108942085
103688649,104264037
103689781,103689933
103690545,103078037
103691393,109219016
103691393,109272915
103691673,109219016
103691673,109310683
103691927,109104107
103694113,103904774
103694249,103856518
103694403,104401489
103694540,103693871
103695566,108795839
103695756,104363763
103696128,102736683
103696475,103568397
103696605,103695566
103697701,103840216
103699192,104296538
103699192,104556364
103700498,103986550
103701152,104646263
103702822,103702975
103702975,103238879
103703111,108965369
103703393,103704215
103704990,108747823
103707476,103692872
103708387,103709403
103709042,102733970
103709529,103255221
103709833,108967746
103711278,104111273
103711677,103920693
103711879,104556364
103712129,103051356
103712129,103166143
103712129,103443582
103712129,103508205
103712129,103597537
103712129,104344898
103712129,104445266
103712129,104552400
103713787,103913256
103716161,103015958
103716161,104431622
103716989,103717253
103718212,103600965
103718643,102931714
103718643,103064634
103718643,103650470
103721695,103567621
103723701,103249388
103726299,103901476
103726299,104245774
103726487,102928087
103727849,109232651
103728920,104540613
103730811,103474338
103736602,103297042
103737435,103312988
103739612,103573301
103740304,103274854
103740304,103287232
103740304,103482620
103740304,103718643
103740694,103617797
103740896,102996021
103741158,103398503
103741274,102996021
103741525,102799135
103741525,104670757
103743960,103600965
103744488,104259275
103744833,103817769
103745278,103744488
103749289,104081190
103750560,103649613
103750902,109090273
103752909,104259275
103753082,103636794
103753412,103436675
103753576,103754733
103754025,103007214
103754555,103660711
103754555,103754432
103755652,104591364
103761715,109261878
103763187,102991491
103763945,109087646
103764619,104515231
103765807,104459230
103766240,103765040
103766634,113605869
103766634,113606644
103767293,103617195
103770019,103626649
103771318,103097603
103774561,103977345
103776514,103776339
103777473,103777945
103778253,103401124
103782775,103550756
103784858,109258955
103785669,104193374
103786647,103785669
103788735,103787346
103790091,102866347
103803656,103133660
103808338,103807614
103810097,102859415
103819901,103980437
103822025,103848565
103822193,104060993
103823318,103822994
103826544,103516548
103826812,104629825
103827354,103848565
103827455,109081730
103827971,103120901
103828541,103827971
103831699,103841485
103838548,104443030
103838948,104330236
103840053,103840216
103840488,103994007
103842247,104470761
103842431,103133660
103845435,104433370
103847325,102714579
103847601,103847892
103848417,104471346
103848971,103848868
103852740,102846978
103854274,103853895
103854934,102924978
103854934,103650470
103855082,104295064
103855340,104655499
103855499,103081430
103855499,104007536
103855665,104467419
103855961,104144943
103856300,103096671
103856300,104623978
103857147,102882463
103857147,103850918
103858810,104656232
103866010,103865380
103870341,103078037
103870457,102848576
103871216,109281435
103871440,108286298
103872664,104620835
103873240,108344592
103873819,103078037
103874110,102736683
103874853,103474338
103875269,104435938
103876019,102902882
103876019,103290080
103876019,104435938
103882437,109030846
103882809,109319896
103883932,103968891
103885105,103885202
103886609,102925605
103887947,103136070
103888995,103301977
103890385,103547668
103890385,103701623
103891487,102732078
103891487,103833144
103892034,102948598
103892189,103566267
103892520,102910145
103892765,103696128
103894185,103477396
103894185,103904045
103894185,104354650
103895457,103301977
103896792,103897052
103898260,103898352
103898952,103132961
103898952,103913664
103901161,113618232
103901796,103851641
103902319,103902665
103903030,103136670
103903521,109294544
103904284,103753082
103905279,103753082
103912855,103386181
103912855,103386587
103914154,104484172
103914267,104484172
103915791,103915041
103917311,104599981
103918804,103011996
103918804,103842431
103918804,104103037
103920693,102828070
103922265,103922424
103923184,102921137
103923184,104264037
103923525,104649289
103925536,102980900
103929671,109035097
103930056,102778186
103934892,103826812
103934892,103935486
103935189,103935486
103940925,102910145
103942254,108896478
103943113,104656232
103943831,103361609
103943831,104304458
103943831,104437892
103943831,104614927
103944237,103941543
103946541,104556364
103949147,104132556
103951961,109090273
103953354,104484172
103953592,104484172
103954210,100003589
103955051,108943114
103961544,103473073
103963400,104119115
103964072,103980437
103965276,102882463
103965276,103851641
103965276,103915041
103965761,103124482
103966946,103537982
103967624,103252728
103967841,104404116
103969548,103626649
103969801,103613988
103970724,103875647
103970724,103970913
103976827,104172354
103978646,103133660
103978977,104413370
103982454,109121860
103983166,103302759
103986425,103986996
103990813,103990340
103991038,102717909
103991038,103915041
103991038,103990340
103992176,103992537
103996231,102947149
103996340,104614927
103996714,108987226
103998087,103997748
104001995,102947695
104002340,109256600
104003353,103208683
104005057,104325057
104005285,104002596
104006389,103577389
104011319,104126134
104011514,104011319
104011686,104011319
104012301,103127712
104014672,104118730
104016297,104296074
104016885,103919638
104017867,102735900
104018319,104018535
104018709,103346805
104021519,103292260
104021623,102909484
104022886,104407302
104023346,104561653
104025708,104127328
104030454,103840216
104031448,104032373
104032005,104031787
104033419,102799868
104034168,102883840
104034168,103023200
104035270,103474338
104035545,104045229
104036148,104035270
104036691,102736683
104036961,102810578
104036961,103614635
104036961,103680607
104036961,103876913
104036961,103970097
104036961,104002596
104039014,104421780
104039706,103764190
104041199,108694660
104042956,104188250
104043110,104043256
104043982,109147123
104044263,102750461
104044365,104044559
104046727,103636794
104047180,103600965
104049361,103463318
104049361,104259275
104050175,104050065
104050308,104303157
104057817,103851641
104058334,104059826
104059454,104059826
104059826,103626649
104061666,102761846
104061959,103078037
104065151,102997330
104065518,104538496
104066342,109276784
104068265,102890598
104068265,104338449
104068265,104469969
104071328,103370856
104073018,104072884
104073527,104076342
104073888,102875916
104073888,102958885
104073888,103438865
104073888,103439128
104073888,104550271
104075240,103832908
104076156,104485257
104076342,104485257
104076580,104076156
104076991,103301977
104082136,104540613
104082370,103626649
104083122,103426692
104083333,102901680
104084538,104103037
104084538,104325057
104084833,103154602
104084833,103456842
104085505,104154471
104085505,104271444
104085937,108835536
104089922,104089651
104090275,104090619
104094876,104582106
104095046,104635356
104096454,108987226
104096923,109282103
104103948,103154602
104104258,103565220
104105035,104103948
104105200,103154602
104105868,104124566
104105868,104128356
104107203,102804286
104107525,104105336
104107525,104107203
104107911,103128621
104108877,104105336
104109047,102736683
104110253,104110130
104111273,102835323
104111706,103728719
104111947,103728719
104114248,104114001
104114535,104116692
104115760,103440518
104118730,103264246
104118965,105337853
104119115,104345423
104119382,104119115
104119796,104259275
104121150,104120982
104122031,103104762
104122031,103717967
104123984,103007214
104127109,104128356
104128356,102804286
104131427,103406666
104133958,103905402
104134500,104134682
104134500,104134919
104135491,103459641
104135831,103803656
104136524,102948598
104136933,103083722
104138491,100660365
104138972,104139169
104141603,102910145
104142775,104631079
104143216,104143065
104144043,103083722
104144815,108797596
104147014,103363806
104147777,104384493
104149145,103007214
104149309,113618232
104150001,103336075
104151272,103605232
104151272,104574760
104151272,104661405
104152204,104572641
104153005,108648950
104153190,103605232
104153360,103464855
104153584,104259275
104153730,104259275
104153874,103530007
104154908,104154471
104156083,103920693
104156549,104643511
104158142,103949505
104158287,102829247
104158665,104158477
104158947,104380407
104160994,104160327
104162774,103177388
104162774,103579946
104162774,104164267
104163436,104163708
104165849,104166637
104166053,104166970
104169295,103078037
104169438,102961705
104169808,102972770
104169808,103007214
104169808,104557504
104170161,104169438
104170263,102961705
104171968,104301367
104172113,104170263
104173859,104173987
104175578,104175343
104176056,103568397
104176056,103653256
104176350,103326896
104176350,103489225
104176350,104566036
104176535,103266125
104176640,103770985
104176818,103770985
104178483,102910145
104178483,116079799
104179577,104355714
104180945,103970097
104181649,104598423
104181897,104598140
104182072,104181649
104182180,104181649
104183524,103017652
104183663,104161634
104184185,103689481
104184326,103431431
104184326,103574750
104184326,104164267
104184326,104396861
104184527,104300639
104184773,103007214
104185276,102733519
104185276,102738652
104188497,104264037
104190890,103523633
104192421,104193374
104197115,103823559
104200224,108839781
104201218,104656232
104201508,104656232
104202481,103128404
104202839,103128404
104205666,104204772
104206113,104206402
104206263,103632467
104208109,102961705
104208236,103841708
104210794,104211720
104211720,103626649
104213970,102816336
104213970,103289562
104216311,104217809
104217341,103034335
104218914,103919976
104218914,104259275
104219700,104218513
104220651,103841485
104223219,104259275
104225864,109245328
104226135,104226758
104227228,104296538
104227228,104556364
104227501,103019864
104227501,104017867
104228797,104538496
104228994,102825009
104229324,103851641
104229784,100003589
104232554,104026059
104235310,103636794
104237155,104534810
104237985,106715383
104239960,103136070
104241341,103128621
104241702,104362931
104243710,103626649
104243939,104243710
104244084,104243710
104246447,103935792
104247382,103827971
104247382,104565475
104247576,103124482
104247758,102961705
104247944,104248085
104248531,104324268
104248687,102892221
104248825,102913969
104248963,102755335
104248963,103541923
104248963,103670255
104248963,103865380
104248963,104002596
104248963,104660739
104253254,104259275
104254974,102919265
104254974,102960618
104254974,102981785
104254974,103065183
104254974,103099889
104254974,103352875
104254974,103517034
104255687,103508058
104258363,104573075
104262785,104262395
104263019,104262395
104263359,104262395
104263457,104262395
104263807,104431987
104265683,104264037
104268578,103370856
104268769,104267463
104269686,102846978
104269822,103083722
104270847,103025840
104272036,104160327
104272239,103474338
104272561,103823559
104273153,103823559
104274024,104274701
104274327,104274701
104274471,104274024
104274701,102855234
104274701,104274597
104275817,103949505
104276095,103083722
104276450,103280358
104276622,102991491
104277667,104354650
104279518,103078037
104281651,108924633
104282124,103398503
104282124,104431355
104283303,104283432
104283725,103357154
104287468,104287631
104289865,108964712
104291516,104382139
104291731,102732078
104291731,102961705
104291731,104259275
104294074,103079580
104295341,102732078
104296538,103474338
104296710,102910145
104296710,116079799
104297366,102894923
104299784,104593441
104299784,116263141
104301743,103474338
104303512,104026059
104303705,103012217
104303705,103290080
104303705,104296074
104303705,104556364
104304602,104255937
104306448,103890385
104306448,104314239
104310021,104309785
104314417,104314803
104316238,104413370
104320551,102826873
104320551,102934804
104320551,104320734
104322509,103990340
104323076,104202152
104323272,104323076
104323424,104324018
104324268,103435766
104324268,103501732
104324754,102910145
104325057,104413370
104326673,102871970
104327314,104327465
104327465,103990340
104327465,104404116
104327714,103709250
104328273,104327172
104329950,104573075
104330875,109317947
104332917,104259275
104333905,103617195
104334020,103625503
104334139,103617195
104334610,103617195
104336729,103997748
104336729,104336231
104337412,103446335
104339181,103851641
104341078,104264037
104342788,104344368
104342788,104344898
104342929,103296635
104343416,102918439
104346406,104101734
104346811,104592152
104347007,104644723
104347185,104396861
104348308,104110827
104348814,102883840
104348814,103022433
104348814,104611844
104352607,104007041
104352607,104628695
104354238,102780157
104354904,104355031
104355145,102882463
104355282,102991491
104355714,102921137
104356400,102842008
104356524,104040442
104356966,103061378
104358027,103634831
104359881,104450115
104360069,103007214
104360069,104557504
104361026,103717967
104362017,104484172
104362931,103832908
104363399,104363763
104363763,102961705
104364825,104360334
104365535,102858261
104366196,102829932
104366196,104361336
104367789,104361336
104367789,104484172
104368195,109226187
104369810,103323964
104370451,104377088
104371076,103949505
104372027,103326896
104372027,103489225
104372027,104566036
104372704,102842398
104374372,104374506
104374506,104374805
104374506,104375493
104376214,102912017
104376214,102989461
104378249,104378713
104378409,104378713
104378996,104378713
104379264,104007536
104380407,104363763
104382139,104259275
104386484,104188250
104387315,103197269
104387315,103406666
104387315,104646263
104387537,102793159
104387537,103523633
104387537,103759907
104387537,104010828
104389349,103947152
104392872,103915041
104394128,104393877
104394251,102715427
104394494,103229619
104398713,102821694
104399084,102935859
104399084,102941108
104399084,103063509
104399084,103501070
104401019,104554624
104402248,104100919
104407012,104407302
104409356,108673661
104410644,103600965
104411403,104411211
104411619,104650985
104412295,103021137
104412841,104209526
104420690,104296074
104421545,103346805
104422948,103007214
104423765,103636794
104424709,104259275
104429081,104429283
104431987,103008907
104431987,103851641
104432901,103990340
104434386,103292435
104434386,103846487
104436197,104436683
104436365,104436683
104437134,103719182
104437687,104026059
104439177,104469077
104440521,108991218
104444842,109310683
104445119,104573075
104447883,104445266
104448017,104445266
104449500,109318501
104450115,103463318
104450316,113618232
104450523,103007214
104450710,102862012
104450710,104557504
104451027,103323964
104451653,103357154
104457008,104081190
104457112,102842398
104458661,102804286
104458899,104458661
104458899,104459230
104459822,109280091
104461515,102910145
104462649,102733519
104467230,104331008
104467419,104469077
104468911,104467419
104471676,104471346
104471907,104470761
104472274,104470761
104472723,103128621
104472925,104470761
104473060,104473190
104474274,108944626
104474604,108952566
104476207,103847892
104478262,104478131
104478393,103429309
104479197,104540613
104479447,102857950
104479447,103323146
104481200,103848128
104484796,104485257
104485257,104484172
104489314,103154602
104489314,103623751
104489314,116227002
104492507,103007214
104495503,104264037
104497479,103496556
104497608,102930671
104497741,104667246
104498664,103252728
104500206,104111947
104500906,102751093
104500906,104361336
104500906,104484172
104501152,104378409
104501801,104502274
104502380,104181649
104503296,104504574
104506224,103438865
104506224,104012736
104509553,116190474
104510959,103435766
104511086,103501732
104511263,102921137
104511263,104264037
104511490,102921137
104511490,104264037
104513300,102855234
104513300,104513017
104513826,104513300
104514907,104513300
104516336,108776726
104517511,104128356
104518040,102921137
104518040,104264037
104519966,103125360
104519966,103125620
104519966,104058944
104519966,104204772
104520155,103485893
104521658,104259275
104522578,103729115
104522971,104259275
104527734,109074558
104528047,109030846
104529534,103550756
104530806,104111947
104530806,104536148
104531545,104531979
104532195,104532348
104533078,104160327
104533314,104160994
104533531,103576294
104534452,104534810
104535044,102733970
104535621,103505694
104538329,103078037
104539279,104081986
104539424,103297042
104539744,103486912
104540613,103626649
104544030,104380407
104544290,104034168
104545856,103345620
104546893,104547232
104547022,102947149
104555886,104556364
104556098,104556364
104559491,104559200
104559806,104560180
104561653,103083722
104563514,109090273
104563652,109090273
104563883,102910145
104563883,116079799
104564518,103740304
104566404,104059454
104567191,103297805
104567191,104160327
104568397,104160327
104569119,104128356
104569516,103029676
104569951,104569766
104572950,104572641
104573075,104572641
104576094,103947152
104577695,108293333
104578061,108292036
104578311,103297042
104579437,109224297
104579576,109245328
104579697,109262605
104579821,109272375
104579976,109291589
104580160,109297963
104580336,109300217
104580467,109040877
104580617,109306590
104580764,109312335
104580887,109317947
104581013,109320467
104581145,109321840
104581574,104226758
104582106,102921137
104582106,104264037
104582876,103498593
104583377,104362017
104583476,102961705
104587356,102940129
104587707,102910145
104587840,104582106
104588604,102789509
104588604,103833144
104591200,109325256
104591670,102834944
104594098,102736468
104594657,104594377
104594821,104594377
104595167,103011201
104597169,109282103
104597343,109087646
104597819,104598140
104598140,104450115
104599748,104494299
104600379,103078037
104606926,103569644
104607687,102910145
104607687,116079799
104608469,103323964
104608833,104608619
104609734,102750765
104610401,102780157
104611708,103022433
104611708,104611844
104611844,104611230
104612210,104614927
104612877,104598423
104614667,104614553
104614927,102961705
104614927,103535788
104614927,104170263
104616575,104614927
104617348,109299817
104618050,103597218
104618557,103101990
104618677,103165221
104619514,103521811
104620089,104636792
104621824,102855234
104622288,104598423
104623178,109232651
104624614,104623978
104625192,103153845
104625192,103401124
104629570,104631079
104630386,103154333
104631079,103626649
104631625,104629825
104632871,104103037
104633174,104540613
104633515,104262239
104633709,104633174
104633851,104634751
104638477,104638612
104642137,104080606
104643511,104644723
104649289,109232651
104650360,102996845
104650360,103904774
104654312,104259275
104656232,102961705
104656949,102972770
104656949,103007214
104657171,104658036
104657323,103136357
104658195,104656232
104658347,104656232
104658865,104658195
104659155,102736683
104659155,103850636
104659155,103851641
104659386,103851641
104660157,104655328
104661405,102736683
104662040,104662188
104662530,104150940
104662530,104234232
104665156,103172436
104667629,104636792
104672722,109282103
104673245,104673538
104673789,104673538
104676131,104301743
104676715,104447473
104678543,104678383
104679119,109231221
104679427,104193374
104680156,104679427
104681820,103474338
104684863,104686366
104686366,100008121
104688991,104686366
104691966,104686366
104699579,104692465
104700188,104692465
104722032,104687696
104729659,104688991
104738388,104688991
104746250,104745599
104746678,106691042
104802158,104797219
104943054,104688991
105004713,115514039
105134868,111671745
105135189,111689918
105135541,111671745
105135653,111671745
105135760,111671745
105135863,111671745
105135971,111671745
105136073,111671745
105136183,111671745
105136295,111671745
105136403,111671745
105159568,106332217
105181273,105180987
105297868,100008121
105297868,102513203
105300015,109788548
105300138,110093018
105300279,109771956
105300442,109790703
105300641,109785418
105300844,110987712
105301024,110471407
105301179,100004511
105302263,105301179
105304560,105574141
105304817,105574141
105305322,105576513
105306176,101798099
105308212,105308346
105308346,105580906
105308794,105579141
105309148,101543542
105310840,105579141
105311453,105622767
105312247,105623159
105312442,105329536
105312790,105357367
105312924,105554353
105313071,105362075
105313353,105624291
105313541,105623877
105313822,105356982
105313950,105356982
105314088,105624518
105314270,105354899
105314591,105356982
105314725,105624839
105314866,105623877
105315288,105623877
105315587,105356982
105316067,105358609
105316200,105624291
105316311,105623159
105316457,105356982
105317002,105556494
105319132,105543045
105319889,105319132
105320549,105629186
105321080,105319132
105321719,105386333
105321719,105402778
105321719,105508743
105321719,105611098
105321941,105319132
105322087,105321080
105322696,105320677
105323491,105404326
105323621,105466875
105323946,105321080
105324128,105321080
105324304,105321080
105324573,105321080
105324748,105319132
105325803,105319132
105326061,105319132
105326256,105319132
105326495,105319132
105326632,105319132
105326775,105319132
105327084,100670961
105327084,100696018
105328047,105414310
105328238,105328047
105328490,105328238
105328673,105328238
105329536,105405194
105329790,105676353
105330101,105671241
105331410,102097962
105335169,105331649
105335365,101894819
105335767,105543045
105336569,102513203
105337076,102513203
105337211,105335767
105337349,105335767
105337553,105337211
105338728,105337853
105342530,105301024
105342530,105683864
105343149,105342530
105344069,105682789
105344627,105300279
105344909,105297077
105345306,105319132
105347298,105827858
105350978,105669513
105352460,105661443
105352762,105677994
105352891,105667995
105353187,105667995
105354761,105365414
105354899,105622767
105355182,105669513
105355324,105671241
105355324,105679823
105355523,105363823
105355667,105623159
105355885,105646235
105356036,105679823
105356392,105679823
105356543,105679176
105356543,105679823
105357502,105599702
105358177,102196731
105358177,112263054
105358338,105677043
105358482,105677740
105358609,105682375
105358805,105406359
105359472,105656603
105359661,105649085
105359791,105679823
105360103,101496992
105360484,105679823
105360765,105631707
105360765,105669513
105361030,105360765
105361231,105363077
105361442,105360765
105361908,105350978
105362075,105622767
105362266,105635253
105362266,105670355
105362529,105362266
105362661,105362266
105362768,105362266
105362951,105677994
105363077,105623159
105363510,105383690
105364403,105363823
105364897,105681319
105365101,105363077
105365414,105671241
105365717,105671241
105365951,105354899
105366201,105678255
105366375,105622767
105366580,105391629
105366723,105350978
105366723,105542736
105367267,105546760
105367372,105408114
105367512,105408863
105368982,105477707
105370030,105605736
105370175,105543683
105371892,105370997
105372366,105650730
105372740,105650205
105373081,105645218
105373209,105645218
105373336,105645218
105373992,105647292
105374733,105678255
105374909,105662945
105375080,105656603
105375204,105686082
105375955,105645218
105376517,105543683
105377389,105543683
105377775,105297077
105377911,105544182
105378104,105544182
105378299,105586684
105380350,105592854
105381099,105579141
105381847,105381679
105382244,105383690
105382244,105630154
105382698,105612223
105382924,105614308
105383099,105683864
105383690,105383099
105384090,105383690
105384423,105601400
105384593,105297077
105385992,105402370
105386129,105383690
105386333,105382244
105386333,105382924
105386333,105391003
105386333,105630154
105386586,105386333
105387003,105383099
105388128,105300138
105388755,105363823
105389393,105363823
105389562,105335767
105389562,105363823
105389562,105664694
105389759,105364403
105389933,105389393
105390088,105389562
105390228,105363823
105390328,105611348
105390523,105390670
105390670,105391003
105390869,105365213
105390869,105391003
105391003,105383690
105391484,105628686
105391629,105628686
105391874,105603014
105392332,105382098
105392332,105683864
105393892,105393705
105394060,100006741
105394393,105392332
105394622,105392332
105394813,105683864
105395100,105392332
105395353,105392332
105395533,105392332
105395942,105392332
105396222,105395100
105396416,105392332
105396416,105395100
105397346,105392332
105397496,105392332
105398675,105392332
105399281,105392332
105399458,105392332
105400079,105632476
105400304,105402370
105400501,105622767
105400617,105356728
105401409,105392332
105401656,105401409
105401835,105392332
105402107,105401835
105402370,105381679
105402370,105404507
105402370,105621271
105402615,105402370
105402778,105381847
105403135,105402778
105403388,105402778
105403574,105402778
105403718,105402778
105403903,105403135
105404041,105403135
105404206,105408114
105404326,105408114
105404699,105402778
105404699,105404507
105405059,105405360
105405194,105381847
105405360,105405194
105405605,105405360
105406024,105400304
105406162,105635695
105406359,105381847
105406624,105406359
105406849,105402370
105407414,105406359
105407531,105350978
105407671,105401835
105407811,105406359
105407955,105406359
105408114,105402778
105409740,105543045
105409740,105600572
105410723,105297077
105411041,105297077
105411243,105411041
105412167,105319132
105412679,105414310
105412912,105595959
105413161,105487063
105413320,105487063
105413496,105487063
105413733,105366375
105414077,105542736
105414077,105629186
105414310,105593213
105414767,105591604
105414975,105477707
105416818,105391629
105418162,105639721
105418275,105635253
105418582,105646235
105418705,105414310
105419382,105619611
105419552,105402370
105419693,105632222
105419937,105621271
105420141,105646739
105420574,105468885
105420695,105686082
105420884,105629186
105422126,105392332
105422322,105567702
105423447,105629186
105423596,105588800
105423740,105392332
105423900,105563243
105424199,105645218
105424380,105631707
105424744,105631707
105424934,105639721
105425068,105563243
105425244,105470146
105426040,105646235
105426040,105647559
105426374,105681319
105426773,105645218
105427107,105477031
105427933,105639103
105428129,105466875
105428258,105617263
105428692,105356392
105430244,105617263
105430430,105387003
105430991,105402778
105431205,105392332
105431452,105612223
105431607,105414975
105431802,105383099
105433837,105647559
105433979,105646235
105434616,105597583
105435784,105620357
105435927,105414310
105436126,105355182
105437073,105607101
105437436,105601400
105437629,105603426
105437988,105647292
105439582,105414310
105440490,105647292
105442669,105646739
105448682,105683864
105448849,105645218
105449076,105477031
105449253,105477031
105449441,105656603
105449785,105605887
105449935,105608828
105450595,105466875
105451751,105646235
105451751,105647559
105452259,105629186
105453004,105387003
105453466,105604027
105453631,105402778
105453769,105392332
105453934,105612223
105454265,105383099
105455131,105647559
105455265,105646235
105458185,105643755
105459006,105458856
105459575,105468885
105460380,105647292
105460588,105414310
105461075,105643755
105461873,105618420
105462038,105585857
105462163,105414975
105464070,105607101
105464808,105635253
105465641,105643755
105466032,105647292
105466158,105602794
105466502,105635253
105466704,105639721
105466875,105410723
105466875,105593770
105467650,105466875
105467767,105466875
105468186,105466875
105468369,105466875
105468508,105410723
105468736,105468508
105468885,105592510
105469183,105468885
105469300,105468885
105469456,105469868
105470146,105593770
105470966,105476439
105471280,105470146
105471574,105475618
105472459,105472610
105472881,105635253
105473689,105474571
105473903,105474571
105476439,105470146
105476627,105470146
105477031,105614719
105477707,105297077
105478031,105477707
105478148,105477707
105478674,105593438
105481063,105480922
105483387,105593770
105484012,105300844
105485510,105593770
105486833,105486648
105487063,105392332
105487455,105410723
105497711,105615438
105499488,105593770
105499690,101484898
105500230,105593770
105502927,105593770
105503236,105608828
105505292,105394813
105505395,105414310
105505587,105466875
105505712,105414310
105506484,105330289
105506724,105330289
105508743,105392332
105509890,105509700
105510399,105510227
105510548,105510227
105511849,105542736
105511849,105593770
105513038,114480744
105513338,100006741
105514701,100006741
105515249,105514701
105516114,105514701
105516310,105514701
105516680,100006741
105517030,105516680
105517230,105523902
105517833,105516680
105517833,105523902
105518134,105516680
105518301,105516680
105518505,105523902
105518505,115078131
105521817,105521978
105522824,105521978
105523902,105516680
105525946,105523902
105526095,105523902
105527439,100006741
105528742,105541819
105528858,100006741
105528989,105392332
105529370,105350978
105531039,105481283
105532388,105367636
105533155,105477707
105537146,105508743
105537334,105508743
105537461,105508743
105537683,105508743
105537853,105508743
105538028,105508743
105538227,105508743
105538503,105591298
105539240,105485772
105539240,105595959
105539585,105539240
105539763,105595681
105541022,105370415
105541635,105370997
105541819,105541635
105542029,105541819
105542625,105542157
105543215,105542736
105543477,105543215
105543683,105543924
105543924,105297077
105544182,105297077
105546085,105556494
105546609,105546760
105546760,105546453
105547014,105546085
105547642,105544182
105547962,105563243
105548099,105568658
105548099,105585857
105548487,105547303
105548790,105556886
105548986,105557282
105549148,105562942
105549526,105549148
105549852,105549713
105550016,105565825
105550445,105550305
105550617,105546760
105550833,105550617
105550943,105547642
105551126,105550943
105551334,105319132
105551518,105319132
105551955,105547642
105553777,105350978
105553985,105356982
105554180,105350978
105554353,105356982
105554542,105656896
105554686,105656896
105555252,105365414
105555883,105380350
105556076,105556494
105557124,105556886
105557545,105557282
105557829,105544182
105558902,105578132
105559063,105574141
105559453,105559834
105560094,105592854
105560287,105559834
105560484,105382098
105560484,105579141
105561462,105683864
105561651,105381679
105562942,105544182
105563243,105562942
105563243,105621271
105563697,105563243
105564824,105564476
105564948,105564476
105565070,105408390
105566038,105579141
105566346,105566038
105566503,105566038
105566721,105566503
105566859,105567010
105567010,105566038
105567462,105468508
105567702,105582746
105568004,105567702
105568136,105567702
105568307,105567702
105568467,105567702
105568658,105574141
105569068,105568658
105569571,105581305
105570533,105571542
105570898,105575906
105571057,105577081
105571218,105576278
105571379,105576513
105571542,105559260
105572518,105571542
105573131,105412679
105573302,105414310
105573456,105412679
105573609,105578132
105573760,105562942
105574141,105578953
105574574,105574141
105574954,105575906
105575289,105576278
105575451,105378659
105575906,105568658
105576140,105568658
105576278,105568658
105576513,105568658
105576765,105576513
105577081,105568658
105577319,105583337
105577722,105577081
105577722,105580906
105578132,105563243
105578412,105580906
105578743,105580906
105578953,105578132
105579141,105578132
105579496,105573760
105579496,105579141
105579874,105581694
105580181,105581694
105580433,105580181
105580593,105580181
105580714,105581177
105581177,105581305
105581305,105579141
105581531,105579141
105581980,105563243
105582158,105581980
105582464,105581980
105582617,105581980
105582746,105563243
105582964,105582746
105583144,105583337
105583337,105563243
105583863,105544182
105584242,105583337
105584527,105584242
105584708,105563243
105585857,105562942
105586259,105584708
105586259,105585857
105586488,105544182
105586684,105544182
105587283,105586684
105587631,105587283
105587831,105586684
105590887,105587283
105591095,105477031
105591298,105591604
105592041,105297077
105592325,105592041
105592854,105297077
105593213,105591604
105593438,105297077
105593438,113311009
105593770,105297077
105594489,105591604
105594489,105593213
105594822,105595172
105594822,105603426
105594987,105591604
105594987,105593213
105595172,105591604
105595172,105593213
105595172,105604027
105595172,105608828
105595454,105591298
105595681,105300641
105595959,105300442
105596600,105300641
105596600,105595681
105596930,105300641
105597118,105300442
105597118,105595959
105597370,105300442
105597583,105595681
105598662,105409257
105599702,105597118
105600764,105597583
105600929,105600764
105601185,105595681
105601185,105601400
105601400,105595681
105601716,105601400
105602135,105601400
105602483,105601400
105602794,101483949
105602794,101484898
105603014,105601400
105603426,105595681
105603426,105596600
105604027,105595681
105604344,105603426
105604693,105604027
105604693,105641333
105604885,105604027
105605122,105604027
105605232,105604027
105605465,105604027
105605575,105604027
105605887,105604027
105606115,105595959
105606345,105595681
105606729,105607101
105607101,105595959
105607101,105597118
105607696,105597118
105607835,114334783
105608072,105607101
105608072,105609710
105608251,105607101
105608414,105608072
105608619,105595959
105608619,105607101
105608619,105609710
105608828,105595959
105608828,105597118
105609451,105608828
105609579,105605887
105609710,105599702
105609883,105609710
105610091,105595959
105610342,105607101
105610554,105592041
105610889,105468885
105611098,105592658
105611098,105681319
105611348,105630154
105611506,105630154
105611653,105630154
105611780,105630154
105612223,105592658
105612586,105612223
105612790,105612223
105612923,105612223
105614005,105592510
105614160,105592510
105614308,105592658
105614308,105629186
105614544,105592041
105614719,105410723
105615289,105410723
105615438,105383690
105615438,105410723
105616442,105614719
105616725,105616442
105616884,105639721
105617129,105616884
105617263,105614719
105618035,105614719
105618921,105618035
105619409,105618035
105619611,105618035
105619794,105618035
105619968,105618035
105620127,105618921
105620357,105618035
105620567,105620357
105621271,100009618
105621271,105297077
105621658,102414701
105621658,102443897
105621784,102513203
105622241,105621784
105622593,105621784
105622767,105621271
105622767,105670355
105623053,105623159
105623159,105622767
105623622,105621784
105623743,105621784
105623877,105623159
105624155,105623877
105624291,105623159
105624518,105623159
105624698,105624518
105624839,105363077
105625062,105363077
105625185,105362075
105626563,105623159
105626724,105623159
105626910,105365213
105627078,105681319
105627221,105623159
105627371,105623159
105627552,105623159
105627693,105623159
105627858,105300138
105627858,105623159
105628525,105623159
105628686,105622767
105629029,105354899
105629186,105297077
105630042,105629186
105630154,105592658
105630154,105614719
105630154,105629186
105631486,105632476
105631707,105632476
105631996,105688273
105632222,105631486
105632476,105297077
105632976,105632476
105633964,105632476
105634140,105300641
105634263,105300442
105634357,105635253
105635253,101496992
105635253,105632476
105635695,105635253
105635934,105635253
105636302,101798099
105636452,105635253
105636452,105670355
105636735,105637108
105636873,101895440
105637108,105300844
105637393,105636873
105637563,105637108
105638251,105632476
105638466,105632476
105638695,105632476
105638982,105632476
105639103,105632476
105639250,105632476
105639373,105639721
105639721,105632476
105640117,105639721
105641123,105639721
105641514,105632476
105641820,105641514
105641919,105641514
105642053,105632476
105642657,105632476
105643212,105670101
105643599,105363823
105643599,105643212
105643755,105297077
105644358,105643755
105645218,105643755
105645725,105643755
105645871,105643755
105646003,101496992
105646003,105644475
105646235,102513203
105646235,105643755
105646739,102513203
105646739,105297077
105647292,105646739
105647559,102513203
105647559,105646739
105648665,105647559
105648925,105648665
105649085,101496992
105649492,105647559
105649907,105643212
105650105,105649492
105650878,105643755
105651107,105645218
105651352,105643755
105651770,105646739
105653130,105642657
105654133,105616442
105654714,105620567
105654905,105654714
105655058,105654714
105655228,105595172
105655397,105594489
105655630,105468186
105655783,105468736
105655941,105392332
105656100,105617646
105656603,105643755
105656896,105645218
105657152,105656896
105657333,105645725
105657634,105657333
105658583,105657333
105659195,105647559
105659195,105660191
105659951,105646235
105660191,105646235
105660305,105660411
105660411,105646235
105660655,102190735
105660742,105646235
105660970,105646235
105661096,105646235
105661443,105643755
105661741,105657333
105661741,105661096
105662054,105645218
105662437,105646739
105662754,105646739
105662945,105646739
105663663,105662945
105664694,105543045
105664694,105649085
105665058,105664694
105665211,105664694
105665325,105350978
105665325,105367636
105665325,105369191
105667332,105649492
105667457,105650205
105667553,105660411
105667995,105646739
105668272,105649492
105668450,105543924
105668732,105668450
105669178,105670101
105669347,105669178
105670101,105669513
105670355,105669513
105670695,105365414
105670881,105354761
105671064,105354761
105671241,105670355
105671618,105629186
105672058,105671907
105672199,105641514
105672445,105641514
105672663,105360484
105672823,105355324
105673538,105629186
105673912,105631486
105674428,105643755
105675474,105360103
105676042,105356728
105676189,105646739
105676189,105669513
105676353,105646739
105676490,105647292
105676648,105647292
105676826,105676648
105677043,105647559
105677209,105643755
105677209,105669513
105677373,105643755
105677539,105643755
105677740,105646003
105677994,105646003
105678255,105377775
105678255,105669513
105679176,105645218
105679176,105679823
105679396,105356036
105679614,105414310
105679823,105670101
105680608,105297077
105680766,105632476
105680906,105680766
105681319,105592658
105681319,105683864
105682375,105681319
105682789,105683864
105683281,105681319
105683864,102513203
105683864,105621271
105684425,100009618
105684584,105621784
105685005,105683864
105685379,105683864
105685795,105683864
105685930,105621271
105686082,105683864
105686229,105683864
105686407,105683864
105687681,105639721
105688273,105631707
105688515,105577319
105688515,105583144
105690925,105367636
105692434,105587283
105692847,105587283
105693207,105630154
105693521,105382698
105693843,105523902
105694057,105303847
105694057,105622767
105696958,105696607
105697127,105696607
105734913,105734665
105735087,105734665
105738965,105743702
105743467,105743702
105846110,115972858
105846245,115972858
105853732,105765014
105879436,105878882
105882880,105882693
105883120,105708180
105883416,105882693
105884512,100641738
105884806,100641738
105951359,114054634
105954929,105957105
105956300,107427901
105960485,106078470
105965961,106232174
105969388,106079134
105976450,106078470
105978783,105978514
106019155,106018555
106067526,106067375
106069853,105990515
106083005,106089378
106084150,106240390
106085343,106240390
106089378,106089121
106098707,105812307
106099496,106099348
106099799,106099668
106110653,106108363
106117523,106118280
106118519,106118280
106118825,106119163
106119584,106118280
106121526,106120108
106127199,106127368
106156500,106156247
106156695,106156247
106172601,106233711
106193792,106191077
106215028,106214013
106219119,106232968
106229414,106233711
106257122,106256863
106259915,106242709
106260097,106234392
106264588,106233711
106272527,106260813
106284756,106276100
106335820,106066243
106349503,106508605
106349691,106445438
106351389,106490170
106351511,106691042
106351708,106696742
106352236,106350159
106355732,106740528
106360572,106360744
106362166,106360744
106362383,106360744
106362383,106696742
106362613,106696742
106362729,106360744
106364478,106362729
106364654,106362729
106371467,106370908
106371800,106370908
106378072,107150609
106382975,100460376
106386105,106395377
106386259,106410979
106387228,106591497
106395186,106395377
106395377,106516693
106395584,107386577
106399299,106380242
106402883,106380242
106407886,106378937
106409064,106378937
106409346,106379406
106409518,106379406
106409731,106379406
106412805,106414248
106413005,106415568
106413984,106416790
106414112,106418782
106415854,106410979
106430774,106431144
106434779,106445103
106440002,108618123
106440661,106360744
106441331,106508605
106442881,106715383
106443091,107135553
106443788,106715383
106444029,107163801
106444214,106474688
106444214,106476239
106445248,106785406
106452125,106902453
106470939,106467021
106471183,106467021
106481611,106474688
106482050,106474688
106484057,106478048
106484196,106478048
106485344,106691042
106486780,106350159
106486935,106572529
106487329,106485344
106489148,106695194
106490170,106360744
106490318,106569031
106490636,106620941
106491665,106620941
106491947,106636852
106491947,106665236
106492084,107363017
106492084,107380838
106492248,106485344
106493525,106485344
106494313,107363017
106494313,107380838
106495286,106485344
106495473,106569031
106495784,107363017
106495784,107380838
106496144,106459667
106496662,107383695
106497167,106488187
106497406,106362729
106497531,106485344
106497807,106485344
106515265,106555267
106517420,106524906
106529071,106529431
106530311,106547793
106530311,106549949
106530650,106547793
106530650,106549949
106530970,106547793
106530970,106549949
106531184,106547793
106531184,106549949
106531410,106549949
106531607,106531410
106531858,106547793
106531858,106550677
106532100,106547793
106532100,106550677
106532303,106547793
106532303,106551410
106532585,106547793
106532585,106550677
106532761,106547793
106532761,106550677
106532939,106547793
106532939,106550677
106533133,106547793
106533133,106550677
106533586,106533329
106533586,106547793
106533586,106551410
106533851,106533329
106533851,106547793
106533851,106551410
106534118,106547793
106534118,106551410
106534378,106547793
106534378,106551410
106534652,106547793
106534652,106551410
106534874,106547793
106534874,106551410
106535072,106547793
106535072,106551410
106535243,106547793
106535243,106551410
106535243,106559837
106535466,106547793
106535466,106551410
106535466,106559837
106535759,106547793
106535759,106551410
106535759,106559837
106536061,106547793
106536061,106550677
106536225,106547793
106536225,106550677
106536412,106547793
106536412,106551410
106536683,106547793
106536683,106550677
106536930,106547793
106536930,106551410
106537188,106547793
106537188,106550677
106537343,106547793
106537343,106550677
106537495,106547793
106537495,106550677
106537647,106547793
106537647,106550677
106537859,106547793
106537859,106550677
106538037,106547793
106538037,106550677
106538248,106547793
106538248,106550677
106538424,106547793
106538424,106550677
106538598,106547793
106538598,106550677
106538872,106547793
106538872,106550677
106539130,106547793
106539130,106550677
106539562,106551945
106539778,106551945
106539965,106551945
106540231,106551945
106540414,106551945
106540625,106551945
106541172,106551945
106541407,106551945
106541667,106551945
106541931,106551945
106542157,106551945
106542467,106551945
106542720,106551945
106542968,106551945
106543223,106551945
106543482,106551945
106543738,106551945
106543998,106551945
106544485,106551945
106544720,106551945
106544869,106551945
106545048,106551945
106545230,106551945
106545409,106551945
106545616,106551945
106545821,106551945
106545955,106551945
106547793,106529675
106549949,106547793
106549949,106550421
106550677,106550421
106551410,106550421
106551819,106529675
106551945,106529675
106553234,106551945
106553593,106553234
106555538,106555267
106555708,107386577
106556052,106547793
106556785,106556052
106556936,106556052
106557246,106556052
106557496,106556052
106557759,106556052
106557886,106556052
106558117,106556052
106558270,106556052
106558414,106556052
106558603,106556052
106558731,106556052
106558731,106559837
106558960,106556052
106558960,106559837
106559229,106556052
106559536,106556052
106560590,106560369
106561428,106561168
106561579,106561168
106565628,106547793
106569646,106570695
106575707,106570695
106581421,106580304
106581888,106584289
106582081,106592375
106582191,106637123
106582359,106360744
106585581,106585337
106589370,106691042
106589679,106715383
106591497,106488187
106600516,106992662
106601373,106601062
106607957,106608144
106614997,106615240
106632329,108594855
106635221,106636226
106635979,106634131
106638894,106639177
106644657,106644142
106659954,106660205
106662790,107377611
106669168,104025099
106677582,108127558
106678686,106674899
106681687,106669168
106683739,106670030
106684514,108127558
106684981,106676409
106685126,108127558
106685265,106678549
106685712,106681687
106685872,106682202
106686038,106682746
106686227,106670030
106690615,106355478
106703517,106383278
106703692,106385423
106716444,106715383
106722976,106724266
106723424,106723100
106725845,106369254
106725845,106725285
106726919,108617019
106754565,108104319
106757711,106765937
106768592,106768868
106790549,106600688
106794664,106791417
106842087,106634131
106842363,106842087
106842712,106842087
106843159,106634131
106843488,106634131
106843798,106634131
106851737,100491318
106852019,100491318
106853448,106852906
106853638,106852906
106866781,106865575
106867837,105864554
106868989,105864554
106869220,105864554
106869463,106867837
106869463,106868989
106869621,106867837
106869621,106869220
106869777,106868989
106869777,106869220
106876882,106620941
106879511,106725845
106885874,106885238
106893958,106893283
106895909,106691042
106902453,106725845
106904200,108104319
106904383,107144856
106910612,106350159
106916668,111640722
106921330,106451879
106921466,106451879
106924293,106846776
106930530,106931428
106932499,106932649
106936211,106453231
106937574,106933835
106937838,106933835
106944914,106449718
106954597,106598302
106954703,106598302
106954812,106598302
106954920,106598302
106955028,106598302
106955135,106598302
106955243,106598302
106956038,106446170
106956828,116294447
106957390,106956828
106957596,106447475
106978585,106930530
106978585,106978386
106978728,106930530
106978728,106978386
106978925,106930530
106984626,106984463
106990226,106989907
106991343,103149542
106992799,106992352
107007360,106502247
107135068,106691042
107137425,107136597
107140165,106360744
107140165,106697755
107140381,107140165
107140485,100138746
107140870,100138746
107142336,107142083
107144337,107143844
107144577,107142932
107146368,107144577
107146605,100529852
107146605,107144856
107146605,107163801
107146773,107146605
107147877,107147521
107149590,106725845
107149590,107190436
107168875,107179284
107169000,107179284
107171370,101057431
107171530,101057627
107174079,101048250
107177365,107008165
107177365,107175349
107183516,107165972
107184502,107181921
107187659,107163801
107188322,107186127
107189662,107189330
107190120,107186127
107190436,106474688
107210002,107220953
107213648,106620941
107225861,107203079
107233504,106474688
107236368,106474688
107237962,107211227
107241098,107246254
107251181,107249906
107254136,107022194
107256792,107256402
107256931,107256402
107314383,106529675
107332187,101046945
107334364,100488880
107337524,107336844
107337659,107336844
107364312,106074611
107382221,100240918
107382422,107382561
107386298,107598425
107389233,101128114
107393248,106909208
107399472,108571497
107399638,108571497
107404967,103323964
107408290,102939529
107412305,106676998
107414367,104026396
107449966,107432455
107464674,107511436
107464877,107511436
107544881,107545127
107546925,107545253
107547254,107545253
107547609,107545253
107569015,107567917
107610636,107612755
107610778,107612913
107611053,107609007
107611433,107609007
107611614,107609007
107613082,107612913
107614766,107612755
107615592,107615467
107615735,107615467
107616681,107616548
107618888,100491318
107619485,100482934
107681544,114629637
107702832,107719866
107703296,107719866
107711428,103810564
107724518,107719866
107725034,107724518
107726211,107719866
107747397,107897615
107768329,107703296
107768814,107768614
107791074,101528547
107791398,101820512
107791659,101822397
107792855,101821329
107792976,101839871
107793095,101845174
107793270,101879025
107793513,101888639
107793807,101825860
107794013,101837332
107794294,101834134
107794580,107791074
107794977,107791074
107795118,107791659
107795118,107794423
107795259,107791074
107795427,107794423
107795524,107791659
107795806,107791074
107796074,107791074
107796195,107791074
107797369,107791074
107797369,107794580
107797369,107794977
107802866,107810574
107803241,107802579
107805250,107804546
107805739,107810574
107805883,107805739
107806121,107805883
107806233,107805883
107806350,107805883
107806485,107805883
107806609,107805883
107806990,107806893
107807782,107805739
107808147,107803241
107808565,107803241
107808932,107803530
107809257,107809138
107809600,107809815
107809960,107809815
107810474,102451137
107810574,102442848
107810999,107844146
107812300,101921121
107812587,107812300
107812705,107808339
107813398,102414701
107813513,102363967
107813513,102364483
107813513,102365549
107813725,102453570
107813925,107808339
107814143,102453570
107814318,107814143
107814864,107814143
107815694,102435830
107815894,107815694
107816203,107816580
107816359,107816203
107816462,107815694
107817924,107817455
107818017,107816462
107823642,107844583
107826396,107842993
107830657,107845296
107831013,107830826
107837047,107844583
107842993,107719866
107850128,107710730
107854580,112428075
107855786,107877964
107856802,112172311
107857735,113122704
107858666,107857735
107858994,113119649
107859258,113052700
107860269,113121211
107860628,112088865
107861128,112095899
107862223,112097011
107862336,112096842
107862454,112096640
107862640,112098309
107862794,112381129
107862954,112381386
107863267,112381719
107863591,112382135
107863775,112381886
107863920,112382273
107864021,112382456
107864177,112382634
107864341,112382821
107864681,112383188
107864827,112384075
107864985,112383387
107865129,112383616
107865466,112384512
107865600,112384300
107865743,112387724
107866018,112180917
107866191,107866018
107866484,112664014
107866601,112370165
107867110,112052203
107867289,112052203
107867586,112052394
107867751,113125673
107867924,113126475
107868765,113126198
107869361,113127232
107870366,112657070
107870504,112656009
107870886,112207873
107871080,112208262
107871596,112208262
107871981,112208488
107872146,112208711
107872270,112779638
107872503,112787414
107872600,112801586
107872813,112767571
107873653,112738982
107873788,112734023
107873944,112784640
107874230,112802200
107874354,112780124
107876362,112781326
107876558,112781561
107876783,112781756
107877043,112755443
107877591,112181147
107877765,113162485
107877964,113158500
107878266,113158713
107878413,112174323
107879145,112174624
107879325,112174624
107879510,112365965
107880194,112367807
107880563,112110738
107880775,112246053
107880952,112394324
107881125,112097491
107881270,112048300
107881405,112048300
107881405,112048696
107881575,113131018
107881850,113131222
107882113,113136641
107882302,107882437
107882737,112248830
107882852,112234486
107882962,113166814
107883068,112380774
107883245,112114636
107883361,112097681
107883539,112097854
107883645,112098068
107883814,112097854
107883929,112827797
107884085,112828414
107884250,112055509
107884371,112006268
107885152,111866110
107885303,111968218
107885546,112376071
107885919,107853006
107886326,107897228
107886471,107895253
107886691,112857727
107886910,112858162
107890332,113364870
107890852,112471036
107891012,112459186
107891172,112469848
107891172,112470105
107891351,112458183
107891530,112468326
107891667,112472004
107892058,113031005
107892187,113030475
107892310,113030287
107892439,112877745
107892439,112878392
107892674,112878590
107892825,112879084
107892825,112879537
107892985,112878795
107893094,112880339
107893094,112880496
107893289,112847257
107893431,112923251
107893568,112854211
107893814,112995864
107893814,112996071
107893962,112918437
107894179,112928293
107894377,112009318
107894538,111991636
107894683,112931732
107895101,107894683
107895253,112932244
107895457,112935015
107895597,112933852
107895922,112934604
107896062,112934246
107896220,112935280
107896399,112932605
107896558,112934791
107897092,112937162
107897228,112935694
107897377,112936083
107897615,112933639
107897792,112933054
107897945,112936419
107898095,112933300
107898250,112868907
107898536,112864740
107898668,112871778
107898812,112871929
107898944,112062994
107899115,112861951
107899419,112863643
107899659,112863109
107899791,112862486
107900795,112624288
107900957,112831025
107901130,112550045
107901274,112575174
107901274,112575738
107901425,112606019
107901662,112606511
107901662,112606654
107901837,112607297
107901961,112606992
107902133,112623093
107902366,112623324
107902944,113000292
107903093,112386164
107903389,112386703
107903611,112386996
107903778,112387221
107904323,112387510
107904633,112386405
107904814,112865146
107904994,112865933
107905549,112866697
107905800,112867421
107905935,112867610
107906082,112848736
107906355,113372323
107906625,113372569
107907099,113372779
107907491,113372973
107908534,111913641
107908816,111913960
107908984,111914324
107909136,111914526
107909286,111914745
107909461,111914129
107909638,111914945
107909798,111915259
107909928,112595665
107910057,112601325
107910218,112601535
107910424,112966676
107910597,112413227
107910795,112555090
107910978,112969236
107911171,112891393
107911317,112593957
107911480,112853399
107911675,112589193
107911843,112986021
107912003,112999115
107912174,113000517
107912318,112724451
107912535,111926421
107912761,112817564
107912896,112902359
107913049,112556065
107913205,112990534
107913300,112990337
107913416,112862901
107913550,112555588
107913687,113370814
107913861,112968773
107914097,112967738
107914218,112592692
107914411,112623528
107914579,112859957
107914690,112894569
107914859,112621736
107915032,112523703
107915535,112875344
107916129,112575525
107916296,112864168
107916400,112567815
107916564,112071484
107916711,112070427
107916808,112072437
107917012,112960724
107917171,112960724
107917290,112852719
107917437,112969772
107917592,112969950
107917740,112554735
107917886,112882657
107917995,112412137
107918145,112412345
107918487,112380774
107918593,112807919
107918806,112483261
107918936,112540901
107919129,112541727
107919455,112550363
107919615,112541488
107919750,112596304
107919871,112984010
107919998,112485015
107920137,112486200
107920137,112486449
107920355,111937237
107920512,112511308
107920659,112811370
107921424,112941743
107921756,112730628
107921906,112807409
107922019,112543918
107922019,112544396
107922320,112443940
107922443,112543600
107922566,111830344
107922566,111832418
107922774,112986439
107922921,112200075
107924913,102633754
107925082,102605372
107925236,102606460
107925459,102607514
107925564,102607262
107925669,102609024
107925948,102611303
107926066,102640041
107926218,102566382
107926218,102641117
107926404,102564756
107926534,102567178
107926662,102624775
107926847,101464491
107926987,101470118
107927099,102603298
107927259,102603704
107927471,102590348
107927619,101469611
107927897,102599372
107927897,102599508
107928031,102604505
107928210,102604986
107928351,102671044
107928598,102671319
107928746,102672117
107928931,102671574
107929043,102668833
107929221,102669089
107929221,102669894
107929413,102622375
107929525,102005897
107929696,102699160
107930089,102004781
107930934,101975009
107931274,101998888
107931691,102568614
107932091,102645252
107932246,102573883
107932534,102641358
107932534,102670547
107932715,102595218
107933355,102572969
107933507,102616116
107933611,102673998
107933729,102659484
107933729,102677233
107933888,101995001
107934208,101995601
107934410,101990970
107934580,101992549
107935153,101991846
107935337,101994719
107935439,107728185
107935704,102014510
107936159,102015912
107936333,102012923
107936454,102012121
107936609,102020148
107936609,102020452
107936787,102564368
107936964,102565848
107937265,102565523
107937805,102636959
107937970,102636733
107938524,102703362
107938659,102702671
107938763,102708072
107938998,102708710
107939259,102704275
107939387,102703839
107939532,102704781
107939943,102688261
107940194,102643255
107940194,102643465
107940449,102017684
107940650,102018117
107940984,102019350
107941245,102018900
107941519,107940449
107941670,107940449
107941883,102021461
107942077,102022382
107942329,102579461
107942468,102579255
107942617,102580152
107942743,102579946
107942857,102580921
107943189,102581509
107943481,102576670
107943735,102577473
107943895,102578101
107944051,102578392
107944198,102578800
107944919,102629388
107944919,102636299
107945087,102629896
107945248,102688809
107945371,102000506
107945643,102001203
107945755,102000994
107946087,102572492
107946284,102582348
107946458,102582727
107946602,102582919
107946715,102574791
107947468,102685009
107947604,102572492
107949527,112772751
107949640,112799360
107949900,112352839
107950841,112345852
107951058,112825063
107951156,107956692
107951293,112365163
107951740,107951293
107951900,112332340
107952075,112348374
107952523,112368249
107956884,107703296
107961961,112553583
107962157,111924451
107962588,113161923
107962879,112578541
107963378,111934042
107963542,113377078
107964006,111926889
107964118,113085753
107964250,111923753
107964352,113041498
107964529,113073724
107964680,113159576
107964793,113157803
107964978,112657983
107965114,113047971
107965269,113161566
107965419,113161566
107965553,112243107
107965712,113164379
107965825,113164576
107965983,113164379
107966087,112797801
107966231,112657606
107966526,112658608
107966643,113079811
107966779,113165323
107966949,113078512
107967120,113080253
107967257,112099713
107967257,112116828
107967741,112943783
107968008,112861218
107968117,113089371
107968269,112931149
107968469,113091035
107968673,113090248
107968950,113092395
107969097,113092660
107969250,112889082
107969394,113165706
107969600,112150650
107969748,113095893
107969909,112578913
107970043,112085925
107970313,112580811
107974643,113168146
107974939,111928865
107975139,111858437
107975293,112639465
107975419,113099994
107975563,113159576
107975759,112122698
107975905,113156639
107976050,113156639
107976165,113158500
107976655,112308887
107977425,107703296
107989099,107988866
107989407,107988866
107999072,107998444
108016896,101669290
108021269,108021127
108028780,107845839
108062467,108060622
108078605,112886583
108082113,113154880
108097033,113393102
108107329,108107023
108107682,108107463
108116873,108116294
108116873,108520063
108124139,108116294
108145601,108145840
108181218,108196134
108191219,108172990
108199123,108411694
108219828,108219628
108228854,108231037
108229519,108205633
108234472,108234106
108234769,108234106
108234953,109178969
108237443,108235469
108237556,108235469
108237732,108235469
108241643,108241436
108244555,108244356
108246029,108633260
108253136,108262540
108274568,108509402
108274978,108509402
108275914,108509402
108276187,108287024
108276473,108285753
108276866,108285753
108276866,109238569
108277637,108277188
108277939,108277188
108279774,108279521
108281838,108281485
108282100,108281485
108282509,108282100
108282693,108282100
108282929,108281485
108283222,108282929
108283471,108282929
108284263,108283747
108284540,108283747
108285406,108285172
108286072,108285753
108286298,108285753
108287987,108287559
108288244,108287559
108288477,108287559
108288719,108287024
108288990,108288719
108289251,108287024
108289492,108292036
108290500,108289979
108290707,108289979
108290927,108289979
108291511,108291241
108291878,108291241
108292460,108292036
108292747,108292036
108293008,108292036
108293333,108548357
108293667,108287559
108293957,108287559
108294463,108287559
108294663,108287559
108295094,108292036
108295265,108292036
108295456,108292036
108295614,108292036
108296219,108295946
108296609,108295946
108298001,108297854
108298435,108272031
108298893,108205633
108316969,108201892
108318759,108201892
108319824,108321437
108322136,109439993
108326627,108326858
108327455,108326858
108327958,108326858
108344592,108283747
108345162,108295946
108345575,108344592
108345827,108344592
108346063,108344592
108346260,108344592
108346469,108344592
108346689,108344592
108346881,108344592
108347161,108345575
108347542,108348845
108348845,108283747
108349237,108348845
108349507,108348845
108349764,108348845
108350001,108348845
108362134,108187132
108362267,108361308
108364508,108364672
108366190,108548357
108367807,108367673
108368776,108582744
108368964,108545388
108369875,108401423
108369875,108402304
108371368,108365095
108372468,108372305
108375620,115806272
108375818,115806272
108376224,108376053
108377518,108302268
108386229,108626894
108421010,108420774
108423106,103061378
108430928,108427628
108438880,108427628
108441567,108440565
108446597,102974555
108446938,102735608
108463970,108326858
108472810,108473048
108473179,108473048
108474445,108175345
108481942,108482695
108485576,108294244
108485731,108294244
108487827,109030846
108494017,108493417
108494253,108283747
108494594,108283747
108494815,108494594
108495062,108283747
108499034,108498877
108500975,108283747
108501362,108283747
108501671,108287024
108502409,108289736
108502952,108281485
108504651,108504378
108505048,108504803
108509901,108509703
108517858,108520063
108526572,113380308
108526708,113392979
108529183,108316969
108530938,108589018
108544641,108543945
108545131,108544822
108548357,108283747
108548733,108548357
108548900,108548357
108549117,108548357
108549426,108283747
108549642,108283747
108549972,108283747
108550195,108283747
108550425,108548357
108556872,106356926
108558561,108558332
108564383,109038600
108564523,109038175
108577211,108287279
108586707,108407022
108647980,109184780
108648212,109365497
108648680,108647466
108649501,109362250
108649706,108676459
108650336,108768736
108651053,108725191
108653625,108655583
108653794,109435532
108654241,109559163
108655197,108656935
108655583,108655197
108655753,108655197
108656329,109519780
108656651,108655197
108656815,108655197
108656935,100023210
108657561,109271930
108657561,109302637
108658024,109353574
108658304,108658024
108658763,108859058
108658993,108658763
108659217,109353574
108659952,109332325
108660107,109332325
108661352,108660429
108664107,108680459
108670209,109136558
108671163,104045229
108672719,107404371
108672959,108672837
108675108,108674816
108675593,108676459
108678798,105685795
108679702,108680459
108680220,111682883
108693580,108696646
108696873,108696646
108696873,108822423
108697197,109362250
108698627,108812258
108698824,108680459
108699239,108680459
108699379,108680459
108699891,112365965
108702948,108701968
108702948,108743872
108705201,108709275
108705454,108709275
108707349,108707141
108707781,108707141
108709946,108696646
108710180,108847774
108710842,109254047
108711309,108653794
108711450,102961705
108712231,108700579
108718195,108717984
108718618,108718463
108719041,109206390
108719339,108719041
108719488,108839781
108719843,108719041
108719992,108839781
108720160,109206390
108720592,108980697
108720592,109206390
108720592,109296561
108720592,109316684
108720859,108720160
108720859,109210481
108722941,109362250
108725191,103501992
108725463,109443085
108726684,104361336
108727083,108680459
108727219,108726684
108727964,109030846
108728670,102828070
108728821,102930384
108728954,108747228
108729618,108661497
108734156,109457621
108735762,103501992
108736429,109282103
108737130,109030846
108738165,108744961
108738345,108744961
108738621,108744961
108739102,109435532
108739299,103107471
108739299,103290080
108739299,104296074
108739561,103474338
108741664,104745599
108742860,108706687
108744640,108700579
108744961,108653794
108745396,104635716
108746487,104635716
108747228,102849936
108750880,102733519
108751223,108751051
108752856,109030846
108753167,109030846
108753360,109030846
108753660,109353574
108757151,108676459
108758428,109254635
108758645,109310683
108758847,109302637
108759041,109305092
108759213,109305092
108759388,109233548
108759549,109310683
108759699,109310683
108759916,109310683
108760095,109277411
108760315,109222480
108760476,109296561
108760674,109216720
108760914,109233548
108761148,109216720
108761367,109219016
108761599,109322819
108761737,109289629
108761737,109303683
108761969,109305092
108762196,109240125
108762339,109240125
108762522,109220979
108762716,109261878
108762908,109216720
108763076,109216720
108763262,109222480
108763443,109216720
108763640,109216720
108763845,109222480
108764022,109251244
108764189,109229020
108764366,109316684
108764572,109316684
108764772,109316684
108764929,109219016
108765120,109295197
108765293,109222480
108765465,109229020
108765638,109222480
108765783,109312643
108765930,109292955
108766174,108912125
108766372,109264398
108766545,109302637
108766828,109216720
108766992,109243138
108766992,109270642
108766992,109322819
108767333,109222480
108767497,109310683
108771451,100520314
108771706,108706687
108772079,108832861
108772793,108801496
108775156,108768736
108776397,108696646
108779117,105297077
108780037,114979817
108780037,115278875
108782074,104362017
108782461,104362017
108785192,109362250
108795839,108790632
108796633,108795839
108797388,108797596
108797847,103501992
108805415,108661497
108807148,103995827
108809474,109362250
108812258,109206390
108814542,109032593
108814912,108704136
108815103,108704136
108816125,108816036
108818178,103501992
108829316,108783060
108833654,109435532
108835174,109362250
108836728,108836483
108839146,109362250
108839781,109206390
108841751,108676459
108842001,108842170
108842170,108676459
108842659,108842170
108845572,108707349
108853795,109439993
108854010,109439993
108854943,109439993
108855242,108870930
108855495,109353574
108856542,109353574
108856770,109353574
108857249,108856770
108857371,109371541
108858277,108859058
108858412,108859058
108858526,108859058
108858671,108858526
108858835,108859058
108859058,109371541
108859518,109605773
108859921,109537498
108860151,108892962
108860570,109371541
108861088,108860570
108861232,108860570
108861353,108860570
108861525,108860570
108861670,108860570
108861938,108870930
108862207,108861938
108862367,108861938
108862513,108753660
108863174,108862513
108863363,108862513
108863515,108862513
108863618,108862513
108863779,108862513
108863939,108862513
108864151,108862513
108864261,108862513
108864448,108862513
108864547,108862513
108864703,108862513
108864826,109342392
108865033,109353574
108865439,108865033
108865616,108865033
108865744,108865033
108865877,108904465
108866005,109017229
108866005,109451026
108866534,108904465
108866728,108866534
108866839,108866173
108866839,108907009
108867080,108866839
108867248,108866839
108867384,108866839
108867502,108866839
108867855,109373555
108868128,109373555
108868320,109606321
108868477,108904465
108868645,108869151
108868645,108877688
108868832,108869151
108868832,109011820
108868832,109139371
108869151,109605773
108870034,108869151
108870294,108869151
108870443,108869151
108870563,108869151
108870697,108869151
108870813,108869151
108870930,109439993
108871309,109439993
108871635,108871309
108871972,108871309
108872143,108871309
108872287,109371541
108872567,108888863
108872567,109122806
108872954,108872567
108873136,108872567
108873403,108856542
108873403,109353574
108873701,108873403
108873922,108888863
108874243,108873922
108874393,109353574
108874694,108874393
108874813,108874393
108874914,109373555
108875099,108874914
108875278,108875099
108875437,108874914
108875586,109373555
108875772,109353574
108875996,108875772
108876157,109475869
108876672,108876307
108876912,108876307
108877099,108876307
108877244,109353574
108877487,108877244
108877688,109605773
108878352,108877688
108878493,108877688
108878787,108877688
108879024,108877688
108879189,108877688
108879312,108877688
108879498,108877688
108879622,108869151
108879622,108877688
108879873,108877688
108880072,108880234
108880234,109371541
108881773,109371541
108881954,108880234
108882200,108881954
108882389,108880234
108882682,108880234
108882920,108837321
108882920,108880234
108883154,108880234
108883300,108880234
108883533,108880234
108883691,108880234
108883810,108882920
108883973,108880234
108884231,108880234
108884231,108883973
108884458,108880234
108884624,108880234
108884624,108883973
108884855,108880234
108885055,108880234
108885194,108880234
108885315,108880234
108885517,108880234
108885711,108880234
108885844,108880234
108885998,108880234
108886131,108880234
108886343,108880234
108886532,108880234
108886701,108880234
108886883,108880234
108887228,108880234
108887475,108887228
108887611,109606480
108887807,109606480
108888152,108887807
108888314,108887807
108888405,108880234
108888863,108872287
108889210,108888863
108889373,109605773
108890064,108889373
108890236,108889373
108890420,108889373
108890548,108889373
108890672,108889373
108890820,108889373
108890947,109475869
108891154,108890947
108891301,109353574
108891507,108891301
108891642,109353574
108892110,108891642
108892265,108891642
108892421,108891642
108892602,108891642
108892821,109537498
108892962,109184290
108892962,109359778
108892962,109537498
108893364,108892962
108893633,108893364
108893774,109353574
108894036,108893774
108894313,108892962
108894648,108894313
108894793,108892962
108894988,108892962
108895286,108894988
108895423,108894988
108895544,108892962
108895803,108895544
108895987,108895544
108896092,108892962
108896319,108896092
108896478,109484898
108896784,108896478
108896941,108896478
108897101,108896478
108897294,108898163
108897639,108897502
108897889,108897755
108898017,108902630
108898163,108892821
108899493,108898163
108899867,108899743
108900049,108898163
108900198,108898163
108900309,108898163
108900438,108898163
108900542,108898163
108900698,108898163
108900885,108898163
108901019,108898163
108901139,108898163
108901298,108898163
108901458,108898163
108901589,108898163
108901862,108898163
108901979,108898163
108902103,108898163
108902238,108898163
108902378,108898163
108902630,108898163
108902788,108898163
108902924,108898163
108903098,108898163
108903211,108898163
108903312,108898163
108903434,108898163
108903558,109508611
108903774,108898163
108903886,108898163
108904047,108898163
108904208,109548090
108904353,109400368
108904465,108866173
108904465,109373555
108904906,108904465
108905169,108904465
108905319,108904465
108905508,108905169
108905712,108905169
108905931,108905712
108906226,108905931
108906393,108905931
108906543,108905931
108906712,108905931
108906857,108905931
108907009,108905712
108907212,108907009
108907460,108905712
108907747,108905508
108907930,108866173
108907930,108907747
108908208,108907930
108908418,108907930
108908582,108907930
108908722,108907009
108908913,108905508
108909090,108866173
108909090,108908913
108909481,108909090
108909617,108866173
108909617,108908913
108909889,108909617
108910267,108909617
108910410,108910570
108910570,108866173
108910570,108905508
108910890,108910570
108911008,108910570
108911157,108910570
108911325,108905508
108911529,108866173
108911529,108911325
108911834,108911529
108911984,108911529
108912125,108904465
108912410,108912125
108912599,108912125
108912810,108905712
108913032,108866173
108913032,108912810
108913260,108913032
108913448,108904465
108913448,108913798
108913648,108904465
108913648,108913798
108913798,108866173
108914107,108913448
108914331,109514844
108914480,108914331
108914747,108914480
108914879,109439993
108915184,109439993
108915406,108914879
108915541,108914879
108915787,108914879
108915966,108914879
108916119,108914879
108916311,108914879
108916645,109439993
108916895,108916645
108917052,109353574
108917316,108917052
108917497,108917052
108917631,109353574
108917873,108917631
108918038,109439993
108918155,109439993
108918501,109439993
108918889,108918684
108919342,108918889
108919513,108918889
108919749,108918889
108919888,108918889
108920025,108918889
108920140,109160009
108920140,109353574
108920468,108920140
108920655,108907460
108920838,108866173
108920838,108920655
108921032,108920838
108921145,109353574
108921410,108921577
108921577,108921145
108921577,109463019
108922206,108921752
108922206,109369217
108922362,108922206
108922544,108921752
108922544,109539341
108922714,108921752
108922960,108921752
108923105,108921752
108923268,108921752
108923416,108921752
108923881,108923535
108924100,108923535
108924216,108923535
108924312,108923535
108924491,108923535
108924633,109439993
108926974,108924633
108927084,108924633
108927290,108924633
108927481,108927290
108927658,108924633
108927919,108924633
108928163,108924633
108928363,108924633
108928577,108924633
108928761,108924633
108928922,108924633
108929045,108924633
108929241,108924633
108929486,108924633
108929673,108929241
108929782,108924633
108929952,108924633
108930196,108924633
108930312,108924633
108930439,108924633
108930567,108924633
108930743,108924633
108930981,108924633
108931324,108924633
108931525,108924633
108931718,108924633
108931872,108929241
108932019,108924633
108932191,108924633
108932349,108924633
108932557,108924633
108932824,108924633
108932942,108924633
108933084,108924633
108933242,108933429
108933429,108924633
108933429,109143625
108933783,108924633
108933965,108924633
108934080,108872287
108934080,109066415
108934332,109605773
108934794,108934332
108934897,108934332
108935012,108934332
108935208,109160009
108935479,108935208
108935583,108935208
108935725,109160009
108935725,109353574
108936065,108935725
108936261,108994570
108936600,108936261
108936734,108936261
108936876,108936261
108937102,108936876
108937231,109439993
108937557,108937231
108937557,109167345
108937745,108937231
108938009,108937231
108938107,108937231
108938237,108937231
108938237,109462032
108938447,108937231
108938608,109439993
108940217,108938608
108940379,109352772
108940599,108938608
108940728,108938608
108940901,108938608
108941038,108938608
108941196,108938608
108941335,108938608
108941335,108941856
108941564,108938608
108941564,108941038
108941856,108859058
108942085,108938608
108942085,109514844
108942498,108938608
108942657,108969051
108942657,109514844
108942903,108938608
108943114,108938608
108943514,108943114
108943729,108943114
108943932,108938608
108944054,108938608
108944203,108938608
108944431,108938608
108944626,108938608
108944820,108938608
108945011,108948266
108945237,108861938
108945237,108938608
108945466,108938608
108945649,108859058
108945775,108859058
108945961,108938608
108946097,108859058
108946658,108859058
108946847,108947014
108947014,108938608
108947218,108947014
108947376,108938608
108947606,108938608
108947741,108938608
108947970,108947741
108948124,108938608
108948266,108938608
108948519,108938608
108948519,109352772
108948724,108948266
108949832,108948938
108950044,108948938
108950297,108948938
108951078,108950297
108951257,108950297
108951514,108951257
108951682,108950297
108951961,108951682
108952134,108950297
108952342,108950297
108952566,108950297
108953000,108951257
108953260,108950297
108953422,108950297
108953742,108950297
108953987,108952566
108954119,108952566
108954492,109028593
108954629,109028593
108954629,109048144
108954798,109028593
108955039,108964712
108955197,108955039
108955420,108952566
108955656,108950297
108955878,108950297
108956011,108955656
108956198,109371541
108956939,108956198
108957087,108956198
108957278,108956198
108957522,108956198
108957774,109439993
108958074,109353574
108958074,109371541
108958074,109439993
108958492,108958074
108958727,108958074
108958915,108958492
108959180,108959494
108959362,109193125
108959494,109439993
108961680,108959494
108961846,108959494
108961951,108959494
108962126,108961951
108962294,108959494
108962473,108959494
108962656,108959494
108962773,108959494
108962937,108959494
108963201,108959494
108963380,108962937
108963616,108969051
108963768,108962937
108963957,108962937
108964126,108959494
108964273,108964126
108964432,108959494
108964550,108959494
108964712,108959494
108965369,108964712
108965531,108959494
108965709,108959494
108965892,108959494
108966107,108959494
108966267,108966107
108966429,108959494
108966607,108966429
108966794,108966107
108966980,108966429
108967199,108959494
108967328,108959494
108967432,108959494
108967585,108959494
108967746,108969833
108967887,108969051
108968056,108967585
108968194,108959494
108968341,108968194
108968467,109514844
108968622,108959494
108968835,109514844
108969051,108959494
108969309,108969051
108969489,108968835
108969663,108969051
108969833,108959494
108970039,108969833
108970272,108959494
108970425,108970272
108970605,108959494
108970715,108959494
108970840,108959494
108971044,108970840
108971152,108970840
108971474,108971152
108971587,108970840
108971695,108959494
108971866,109439993
108972221,108971866
108972362,108971866
108972552,108971866
108972946,108856542
108972946,109353574
108973246,108972946
108973758,108870930
108974833,108974136
108975080,108974136
108975279,108974136
108975279,108974833
108975996,108975491
108976108,108975491
108976578,108976305
108976677,108973758
108976858,108973758
108976970,108973758
108977239,109369217
108977239,109373555
108977525,108977963
108977525,109369217
108977725,108982779
108977725,109493003
108977963,109537498
108978991,108979382
108979123,108977963
108979382,108977963
108980022,108977963
108980247,108980022
108980388,108980022
108980584,108980022
108980697,108977963
108980998,108980697
108981156,108980697
108981322,108980697
108981570,108980697
108981810,108977963
108981994,108981810
108982165,108981810
108982326,108979382
108982496,108982326
108982613,108982326
108982779,108977963
108983053,109373555
108983163,108982779
108983319,108977963
108983506,108977963
108983829,108977963
108984022,108983319
108984178,108979382
108984571,108984178
108984713,108984178
108984874,108984178
108984998,108977963
108985358,108984998
108985561,108984998
108985725,108984998
108985885,108984998
108986042,108984998
108986205,108984998
108986341,108984998
108986659,108979382
108986837,108986659
108986980,108977963
108987226,108986980
108987442,108986980
108987684,108977963
108987914,108987684
108988025,108987684
108988165,108988379
108988379,108977963
108988643,108988379
108988805,108988379
108988927,109375558
108990192,108988927
108990370,108988927
108990614,108988927
108990800,108990614
108991053,108988927
108991218,108991053
108991447,108991053
108991605,108988927
108991732,108991605
108991904,109375558
108992046,108988927
108992203,108992046
108992331,108988927
108992466,108992331
108992577,108988927
108992729,108992577
108992856,108988927
108992998,108992856
108993128,108988927
108993330,108988927
108993615,109216720
108993615,109548090
108993815,109548090
108994105,109548090
108994269,109548090
108994570,108993815
108994570,108994269
108994826,108993815
108994826,108994269
108994988,108994826
108995397,108994988
108995492,108994988
108995804,108995492
108996010,108995804
108996259,108995492
108996496,109548090
108996656,108994988
108996827,108994988
108997032,108996827
108997236,108996827
108997430,108996827
108997686,108996827
108997906,108998739
108998190,108994988
108998364,108998190
108998647,108998364
108998739,108994988
108998954,108998739
108999065,108994988
108999199,108994988
108999473,108999199
108999657,108993815
108999657,108994269
108999946,109548090
109000272,108999946
109000441,109000272
109000597,109000272
109000833,108994570
109000833,109002593
109001099,109000833
109001229,108999946
109001585,109002593
109001585,109159088
109001771,109158831
109001994,109000833
109002144,108994570
109002315,109548090
109002593,109002315
109002959,109002593
109003089,109002593
109003261,109000833
109003402,109439993
109003591,109439993
109004171,108959494
109004171,109003591
109004360,109003591
109004662,109003591
109004775,109003591
109004921,109003591
109005060,109003591
109005201,109003591
109005321,108866173
109005321,108904465
109005623,109005321
109005747,109371541
109006147,109068087
109006147,109371541
109006474,109555552
109006621,109006147
109006784,109371541
109007279,109006784
109007425,109006784
109007602,109439993
109007806,109439993
109008503,109007806
109008794,109007806
109009087,109007806
109009417,109007806
109009553,109007806
109009740,109007806
109009883,109007806
109010118,109007806
109010262,109371541
109010442,109353574
109010738,109010442
109010896,109605773
109011361,109010896
109011563,109010896
109011691,109010896
109011820,109605773
109012804,109011820
109012930,109011820
109013201,109011820
109013383,109011820
109013580,109011820
109013684,109011820
109013838,109011820
109013984,109011820
109014112,109011820
109014341,109011820
109014550,109011820
109014705,109011820
109014868,109011820
109015020,109011820
109015174,109011820
109015335,109011820
109015480,109011820
109015604,109011820
109016323,109373555
109016788,109342561
109017017,109016323
109017229,109016323
109018179,109016323
109028593,109018179
109028593,109439993
109030493,109028593
109030636,109028593
109030636,109038924
109030846,109028593
109031497,109030846
109031927,109030846
109032144,109030846
109032281,109030846
109032426,109030846
109032593,109030846
109032792,109030846
109033088,109032792
109033217,109032792
109033384,109030846
109033523,109032792
109033704,109032792
109034042,109030846
109034244,109028593
109034477,109028593
109034672,109028593
109034903,109028593
109035097,109028593
109035306,109028593
109035492,109028593
109035657,109028593
109035823,109028593
109035998,109028593
109036175,109028593
109036318,109043331
109036487,109028593
109036487,109041853
109036678,109028593
109036996,109028593
109037183,109028593
109037399,109028593
109037539,109028593
109037539,109038600
109037691,109043545
109038029,109028593
109038175,109039780
109038333,109028593
109038469,109028593
109038600,109028593
109038773,109028593
109038924,109028593
109039049,109028593
109039049,109048144
109039319,109028593
109039476,109028593
109039639,109028593
109039780,109028593
109039945,109039780
109040222,109028593
109040502,109028593
109040747,109028593
109040877,109028593
109041195,109040877
109041362,109028593
109041613,109040502
109041853,109028593
109042032,109028593
109042169,109028593
109042354,109042169
109042514,109028593
109042647,109028593
109042802,109028593
109042940,109028593
109043052,109028593
109043221,109028593
109043331,109028593
109043545,109028593
109043753,109028593
109043901,109043753
109044017,109043753
109044127,109028593
109044282,109028593
109044437,109028593
109044641,109028593
109044819,109028593
109045018,109016323
109045018,109437967
109045245,109045018
109045371,109045018
109045510,109028593
109045763,109016323
109045888,109017229
109045888,109018179
109045888,109439993
109046414,109045888
109046526,109045888
109046723,109017229
109046723,109439993
109047238,109046723
109047447,109046723
109047568,109046723
109047704,109046723
109047831,109046723
109047991,109046723
109048144,109017017
109048144,109018179
109048144,109439993
109049424,109048144
109049604,109048144
109049919,109048144
109050108,109048144
109050236,109048144
109050478,109048144
109050646,109050816
109050816,109048144
109051021,109048144
109051273,109048144
109051542,109051273
109051767,109051542
109051918,109051542
109052061,109051542
109052183,109051542
109052369,109051273
109052506,109018179
109053198,109052506
109053304,109052506
109053436,109052506
109053547,109052506
109053673,109052506
109053821,109052506
109053978,109052506
109054142,109001229
109054697,109055117
109055117,108948938
109055117,109353574
109055876,109055117
109056035,109055117
109056220,109055117
109056490,109055117
109056666,109055117
109056974,109055117
109057182,109055117
109057384,109055117
109057511,109056035
109057610,109055117
109057809,109055117
109058080,109055117
109058237,109055117
109058410,109055117
109058568,109371541
109060092,109058568
109060212,109058568
109060337,109058568
109060459,109058568
109060606,109058568
109060759,109058568
109060900,109058568
109060900,109136843
109061055,109058568
109061168,109058568
109061303,109058568
109061452,109058568
109061688,109058568
109061931,109058568
109062085,109058568
109062208,109058568
109062349,109058568
109062547,109058568
109062674,109058568
109062770,109058568
109062901,109058568
109063002,109058568
109063129,109058568
109063283,109058568
109063462,109058568
109063567,109058568
109063674,109058568
109063799,109058568
109063922,109058568
109064024,109371541
109064459,109064024
109064602,109371541
109065053,109064602
109065282,108872287
109065282,108994269
109065924,109065282
109066185,109065282
109066415,109065282
109066630,109065282
109066783,109065282
109066909,109065282
109067230,109001229
109067230,109065282
109067412,109065924
109067626,109065924
109067799,109066630
109067923,109065924
109068395,108948938
109068395,109068087
109068395,109371541
109069148,109068395
109069329,109068395
109069453,109068395
109069595,109068395
109069739,109068395
109069880,109068395
109070006,109068395
109070154,109068395
109070263,109068395
109070407,109068395
109070552,109371541
109070795,109068395
109071160,108948938
109071160,109068087
109071160,109371541
109071919,109071160
109072139,109071160
109072299,109071160
109072576,109071160
109072743,109071160
109072885,108948938
109073098,108870930
109073510,108870930
109073837,109200928
109074042,109071160
109074558,109074042
109075210,109071160
109075210,109074042
109075588,109071160
109075588,109074042
109075955,109071160
109075955,109075210
109076507,109075955
109076651,109071160
109076651,109074042
109076948,109071160
109076948,109076651
109077182,109071160
109077182,109076651
109077656,109077400
109077914,109077400
109078088,109548090
109078429,109078088
109078631,109078088
109079099,109078088
109079320,109078088
109079557,109371541
109080884,109078429
109080884,109079557
109081055,109078631
109081055,109079557
109081293,109078631
109081293,109079557
109081462,109078631
109081462,109079557
109081591,109078631
109081591,109079557
109081730,109078631
109081730,109079557
109081945,109078631
109081945,109079557
109082107,109082415
109082284,109079557
109082284,109082107
109082415,109079557
109082637,109078631
109082817,109078631
109082817,109079557
109083011,109078631
109083276,109078429
109083276,109079557
109083424,109079099
109083424,109079557
109083554,109079099
109083554,109079557
109083681,109079099
109083681,109079557
109083955,109078631
109083955,109079557
109084105,109078631
109084105,109079557
109084267,109078631
109084267,109079557
109084405,109078631
109084405,109079557
109084601,109079557
109084601,109548090
109084792,109079557
109084910,108948938
109084910,109371541
109085272,109084910
109085402,109084910
109085560,108951257
109085807,109084910
109085917,108856542
109085917,109353574
109086306,109085917
109086466,109085917
109086657,109085917
109086826,109085917
109086967,108948938
109086967,109068087
109086967,109371541
109087279,109086967
109087646,109439993
109090273,109087646
109090789,109090273
109091006,109090273
109091156,109090273
109091340,109090273
109091489,109090789
109091659,109090273
109091800,109090273
109091907,109090273
109092046,109087646
109092265,109087646
109092427,109087646
109092601,109087646
109092945,109087646
109093114,109087646
109093249,109087646
109093407,109087646
109093603,109087646
109093935,109087646
109094058,109087646
109094231,109087646
109094402,109087646
109094402,109103030
109094588,109087646
109094751,109087646
109094864,109087646
109095006,109087646
109095169,109087646
109095349,109087646
109095750,109087646
109095918,109087646
109096106,109087646
109096233,109087646
109096374,109087646
109096574,109087646
109096783,109087646
109096956,108959494
109096956,109087646
109097192,109096956
109097317,109087646
109097964,109087646
109098126,109087646
109098272,109087646
109098444,109087646
109098628,109087646
109098729,109102481
109098893,109087646
109099044,109087646
109099262,109087646
109099393,109087646
109099539,109099393
109099753,109087646
109099949,109514844
109100135,109087646
109100250,109087646
109100366,109102481
109100531,109087646
109100682,109087646
109100867,109087646
109101006,109087646
109101144,108907460
109101363,109101846
109101503,109087646
109101619,109087646
109101730,109087646
109101846,109087646
109102009,109087646
109102144,109087646
109102298,109087646
109102481,109087646
109102738,109087646
109102880,109087646
109103030,109102298
109103197,108959494
109103197,109087646
109103197,109193125
109103449,109353574
109103625,109103449
109103741,109353574
109103962,109103741
109104107,109353574
109104484,109104107
109104635,109104107
109104732,109104107
109104829,108907460
109105100,109104829
109105239,109353574
109105537,109105239
109105692,109353574
109105947,109105692
109106075,109605773
109106266,109106075
109106624,109106266
109106878,109106266
109107013,109439993
109107647,109107013
109107945,109107013
109108140,109107013
109108317,109107013
109108559,109107013
109108697,109107013
109108817,109107013
109108987,109107013
109109188,109107013
109109295,109107013
109109423,109109687
109109687,109439993
109109867,108918889
109109867,108924633
109109867,109107013
109110100,109439993
109110333,109110100
109110538,109373555
109110939,109110538
109111061,109373555
109111234,109111061
109111234,109439993
109111506,109111234
109111739,109048144
109111739,109373555
109111739,109539071
109111967,109048144
109111967,109373555
109112353,108977239
109112531,109371541
109112992,109112531
109112992,109371541
109113326,109112992
109113555,109112531
109113555,109371541
109113899,109113555
109114088,109113555
109114253,109113555
109114419,109113555
109114540,109113555
109114734,108888863
109115038,109114734
109115186,109439993
109115355,108948938
109115355,109371541
109115780,109115355
109115967,109115355
109116186,109115355
109116308,109115355
109116509,109115355
109116804,109353574
109117079,109116804
109117228,109353574
109117469,109117228
109117657,109353574
109118076,109117657
109118340,109117657
109118525,109439993
109118820,109118525
109118964,109439993
109119379,109118964
109119607,108870930
109119883,109119607
109120001,109475869
109120218,109120001
109120218,109353574
109120496,109120218
109120641,109353574
109120982,109120641
109121126,109120641
109121275,109120641
109121400,108888863
109121860,109122335
109122016,109121400
109122146,109001229
109122146,109121400
109122335,109121400
109122335,109122806
109122806,109371541
109123051,109121400
109123426,109122335
109123589,109122335
109123752,109122335
109123924,109122335
109124122,109122335
109124323,109122335
109124475,109122335
109124668,109122335
109124855,109122335
109125060,109122335
109125266,109122335
109125480,109001229
109125480,109122146
109125743,109001229
109125743,109122146
109125952,109475869
109126148,109125952
109126372,109126148
109126495,109353574
109126855,109126495
109126982,109126495
109127136,109514844
109127305,109127136
109127544,109127305
109127717,109353574
109128073,109127717
109128226,109475869
109128381,109128226
109128585,109128381
109128765,109439993
109129022,109128765
109129136,109128765
109129301,109371541
109129301,109439993
109129588,109371541
109129790,109129588
109129790,109371541
109130034,109129790
109130202,108753660
109130709,109130202
109130859,109130202
109130986,109130202
109131111,109130202
109131240,109130202
109131367,109130202
109131533,109130202
109131755,109130202
109131947,109353574
109132326,109131947
109132476,109131947
109132615,109160337
109132836,109548090
109133070,109132836
109133257,109132836
109133443,109132836
109133842,109133443
109133986,109133443
109134124,109133443
109134252,109353574
109134569,109134252
109134698,109353574
109135112,109134698
109135271,109134698
109135409,109134698
109135545,109134698
109135759,109134698
109135915,109134698
109136047,109005747
109136047,109068087
109136047,109371541
109136376,109136047
109136558,109058568
109136558,109136843
109136843,109371541
109137740,109136843
109137896,109136843
109138018,109136843
109138194,109136843
109138411,109136843
109138560,109136843
109138698,109136843
109138878,109136843
109138981,109548090
109139194,109138981
109139371,109605773
109139695,109139371
109139849,109371541
109140082,109605773
109140618,109140082
109140906,109140082
109141147,109140082
109141328,109548090
109141668,109141328
109141842,109141328
109141948,109141328
109142151,109141328
109142272,108872287
109142272,109141328
109142774,109142272
109142950,109142272
109143065,109142272
109143209,109142272
109143480,109141328
109143625,109439993
109144162,109143625
109144331,109143625
109144470,109143625
109144613,109143625
109144799,109143625
109145067,109143625
109145179,109143625
109145280,109143625
109145389,109143625
109145514,109143625
109145624,109439993
109145845,109145624
109145845,109439993
109146402,109145845
109146616,109146781
109146781,109145845
109147015,109145845
109147123,109145845
109147431,109145845
109147583,109145845
109147748,109005747
109147962,109068087
109147962,109147748
109147962,109371541
109148319,109147962
109148480,108866173
109148480,108907009
109148936,109148480
109149125,109148480
109149273,109148480
109149416,109148480
109149566,109149722
109149722,108866173
109149722,108907460
109149974,109149722
109150144,108866173
109150144,108907460
109150437,109150144
109150669,109150437
109150810,108999657
109151054,109151457
109151316,109151054
109151457,109150810
109151635,109150810
109151825,109150810
109151968,109150810
109152123,109150810
109152306,108999657
109152615,109152306
109152876,109152615
109153002,109152306
109153191,109153002
109153305,108959180
109153305,109439993
109153632,109153305
109153793,109373555
109154182,109153793
109154289,109153793
109154433,108948938
109154433,109005747
109154433,109068087
109155016,109154433
109155235,109154433
109155235,109156536
109155484,109154433
109155484,109156536
109155685,109154433
109155847,109154433
109156026,109154433
109156133,109154433
109156263,109005747
109156263,109154433
109156536,109005747
109156536,109154433
109156883,109353574
109157139,109156883
109157305,109475869
109157504,109157305
109157735,109157504
109157892,109353574
109158153,109157892
109158331,109606480
109158508,108872287
109158508,109158331
109158831,108994570
109159088,109158831
109159306,109159088
109159415,109160009
109159415,109353574
109159708,109159415
109159904,109159415
109160009,109353574
109160337,109353574
109161127,109160337
109161317,109160337
109161520,109160337
109161709,109160337
109161862,109160337
109162039,109160337
109162228,109160337
109162456,109160337
109162757,109162228
109163201,109160337
109163309,109160337
109163704,109439536
109164174,109439536
109164808,109163704
109164982,109167345
109165272,109167345
109165409,109167345
109165539,109167345
109165906,109167345
109166067,109167345
109166187,109166644
109166187,109167345
109166389,109166187
109166543,109167345
109166644,109167345
109167137,109164174
109167345,109439536
109168403,109167345
109168403,109439993
109168545,109371541
109168668,109164174
109168668,109439536
109169122,109167345
109169343,109167345
109169537,109167345
109169806,109167345
109170076,109167345
109170257,109167345
109170473,109167345
109170695,109167345
109170914,109167345
109171094,109167345
109171256,109167345
109171383,109167345
109171598,109167345
109171751,109167345
109171901,109167345
109172037,109167345
109172152,109167345
109172341,109167345
109172518,109439993
109172885,109172518
109173046,109172518
109173187,109172518
109173289,109172518
109173481,109439993
109173677,109439993
109173932,109173677
109174137,109173677
109174300,109173677
109174300,109174476
109174476,109439993
109174755,109174476
109175005,109174476
109175126,109174476
109175490,109175232
109175697,109175232
109175894,109175232
109176010,109439993
109176274,109176010
109176403,109439993
109176884,109176403
109177331,109176403
109177523,109176403
109177656,109176403
109177789,109176403
109178303,109176403
109178448,109176403
109178611,109176884
109178744,109176884
109178969,108675108
109179492,109178969
109179624,108675108
109179888,109179624
109180330,108675108
109180676,109180330
109180837,109180330
109181031,109180330
109181174,109371541
109181747,109181174
109181888,109371541
109182240,109181888
109182409,109371541
109182761,109182409
109182951,109371541
109183260,109182951
109183417,109166644
109183591,109166644
109183724,109371541
109183997,109183724
109184126,109183724
109184577,109145624
109184577,109439993
109184780,109145624
109184780,109439993
109185927,109184780
109186128,109184780
109186304,109184780
109186304,109186128
109186432,109184780
109186649,109184780
109186911,109184780
109187044,109184780
109187188,109184780
109187323,108647980
109187664,109184780
109187820,109184780
109188075,109184780
109188241,109184780
109188372,109184780
109188550,109184780
109188753,109184780
109188921,109184780
109189140,109184780
109189314,109184780
109189523,109184780
109189665,109184780
109189938,109184780
109190104,109186432
109190104,109373555
109190302,109439993
109190302,109557303
109190703,109353574
109190918,109353574
109191345,109190918
109191557,109190918
109191682,109190918
109191854,109190918
109191939,109190918
109192068,109190918
109192224,109106075
109192533,109192224
109192705,109353574
109192973,109192705
109193125,109439993
109193674,109193125
109193804,109193125
109193966,109193125
109194087,109193125
109194326,109193125
109194464,109193125
109194600,109193125
109194816,108948938
109194816,109371541
109195419,109194816
109195782,109194816
109195898,109194816
109196046,108856542
109196046,109353574
109196463,109196046
109196649,109196046
109196801,109196046
109196954,109196046
109197128,109196046
109197231,109196046
109197348,109196046
109197447,109196046
109197594,109196046
109197791,109197594
109197948,108888863
109197948,109122806
109198376,109197948
109198629,108999657
109198890,108753660
109199334,109198890
109199487,109198890
109199596,109198890
109199687,109198890
109199789,109198890
109199956,109198890
109200114,109353574
109200114,109371541
109200114,109439993
109200507,109068395
109200507,109071160
109200507,109194816
109200507,109200928
109200777,109071160
109200777,109200507
109200928,108859058
109200928,108870930
109200928,108948938
109201816,109200928
109201992,109200928
109202118,109200928
109202356,109200928
109202515,109200928
109202716,109203302
109202888,109200928
109203099,109200928
109203302,109200928
109203730,109200928
109203839,109200928
109203968,109200928
109204203,109200928
109204452,108859058
109204580,108856542
109204580,109353574
109204939,109204580
109205084,109204580
109205330,109204580
109205454,109204939
109205622,109204580
109205718,109005747
109205718,109068087
109205718,109371541
109206064,109205718
109206242,109205718
109206390,109537498
109209645,108719041
109209855,108839781
109210046,109206390
109210481,109206390
109210904,109206390
109211200,109212365
109211544,109211879
109211724,109213986
109212365,109206390
109212896,109212365
109213387,109206390
109213570,109212365
109213772,109212365
109214324,109206390
109214532,109212365
109214716,109206390
109214882,109206390
109214882,109211200
109214882,109212365
109214882,109212896
109215506,109214882
109215652,109214882
109215815,109214882
109215938,109214882
109216055,109214882
109216185,109214882
109216321,109214882
109216502,109214882
109216620,109214882
109216720,109206390
109217491,109216720
109217611,109216720
109217760,109216720
109217983,109216720
109218181,109216720
109218382,109216720
109218542,109216720
109218726,109216720
109218875,109218726
109219016,108719488
109219016,109206390
109219635,109219016
109219776,109219016
109219924,109219016
109220081,109219016
109220340,109219016
109220440,109219016
109220546,109219016
109220830,109219016
109220979,109206390
109221453,109220979
109221588,109220979
109221736,109220979
109221888,109220979
109221992,109220979
109222192,109220979
109222327,109220979
109222480,108719488
109222480,109206390
109223727,109222480
109223896,109223727
109224032,109222480
109224190,109222480
109224297,109222480
109224503,109222480
109224673,109222480
109224837,109222480
109224971,109222480
109225189,109222480
109225385,109222480
109225799,109222480
109225983,109222480
109226187,109222480
109226313,109222480
109226448,109222480
109226580,109222480
109226685,109222480
109226910,109222480
109227047,109222480
109227276,109222480
109227618,109227276
109227736,109222480
109227968,109222480
109228094,109222480
109228253,109222480
109228384,109222480
109228518,109222480
109228667,109225385
109228667,109548090
109228881,109222480
109229020,109206390
109229472,109229020
109229629,109229020
109229858,109229020
109230071,109229020
109230195,109206390
109230195,109210481
109230727,109230195
109230878,109230195
109230996,109230195
109231221,109230195
109231375,109230195
109231558,109230195
109231668,109206390
109231668,109210904
109232091,109231668
109232221,109231668
109232345,109206390
109232651,109232345
109233207,109232651
109233429,109232651
109233548,109206390
109233548,109211200
109234476,109233548
109234675,109233548
109234899,109233548
109235003,109233548
109235123,109233548
109235307,109233548
109235449,109233548
109235562,109233548
109235803,109233548
109236005,109233548
109236150,109233548
109236296,109233548
109236461,109233548
109236572,109233548
109236699,109233548
109236872,109233548
109237035,109233548
109237194,109233548
109237361,109233548
109237553,109236005
109237707,109206390
109237707,109212365
109237707,109212896
109238427,109237707
109238569,109237707
109238876,109237707
109239005,109237707
109239450,109237707
109239575,109237707
109239715,109237707
109239871,109237707
109239996,109237707
109240125,109206390
109240125,109241054
109240555,109240125
109240555,109241413
109240685,109242464
109240902,109242464
109241054,108999657
109241413,109241054
109241655,109241054
109241783,109241054
109241914,109241054
109242054,109241054
109242181,109241054
109242323,109241054
109242464,109241054
109242692,109242464
109242899,109241054
109243138,109206390
109243491,109243138
109243619,109243138
109243761,109243138
109243886,109243138
109243989,109243138
109244089,109243138
109244204,109243138
109244326,109243138
109244471,108720160
109244471,109206390
109244926,109244471
109245089,109244471
109245193,109244471
109245328,109244471
109245597,109244471
109245733,109244471
109245904,109244471
109246030,109244471
109246151,109244471
109246253,109244471
109246438,109244471
109246570,109244471
109246705,108699670
109246705,108720160
109246705,109206390
109247078,109246705
109247198,109246705
109247323,109246705
109247430,109246705
109247582,109246705
109247819,109246705
109247956,109246705
109248059,109246705
109248162,108699670
109248162,108720160
109248162,109206390
109248655,109248162
109248813,109248162
109248914,109248162
109249015,109248162
109249146,109248162
109249267,109248162
109249372,109248162
109249470,109248162
109249619,108720160
109249619,109206390
109250044,109249619
109250199,109249619
109250349,109249619
109250459,109249619
109250619,109249619
109250781,109249619
109250920,109249619
109251094,109249619
109251244,109206390
109251636,109251244
109251743,109251244
109251894,109251244
109252035,109251244
109252240,109251244
109252383,109251244
109252672,109206390
109252938,109206390
109252938,109211200
109252938,109212365
109252938,109212896
109253423,109252938
109253536,109252938
109253676,109252938
109253806,109252938
109253912,109252938
109254047,109252938
109254490,109252938
109254635,109206390
109254635,109210481
109254987,109254635
109255113,109254635
109255237,109254635
109255352,109254635
109255480,109254635
109255637,109254635
109255773,109206390
109255773,109210904
109255773,109212365
109256312,109255773
109256436,109255773
109256600,109255773
109256800,109255773
109257010,109255773
109257138,109255773
109257242,109206390
109257242,109210481
109258042,109257242
109258380,109258042
109258481,109258042
109258634,109258789
109258789,109258042
109258955,109257242
109259194,109257242
109259405,109257242
109259609,109257242
109259813,109257242
109259951,109257242
109260059,109257242
109260223,109257242
109260379,109257242
109260536,109257242
109260710,109257242
109261073,109257242
109261237,109261073
109261450,109261073
109261616,109257242
109261763,109257242
109261878,108720160
109261878,109206390
109262462,109261878
109262605,109261878
109262776,109261878
109263072,109261878
109263219,109261878
109263364,109261878
109263509,109261878
109263700,109261878
109263877,109261878
109264021,109261878
109264264,109261878
109264398,108720160
109264398,109206390
109264805,109264398
109264907,109264398
109265045,109264398
109265171,109264398
109265273,109264398
109265502,109264398
109265607,109264398
109265767,109264398
109266038,109264398
109266193,109264398
109266333,109206390
109266333,109211200
109266333,109212365
109266333,109212896
109266872,109266333
109267002,109266333
109267135,109266333
109267292,109266333
109267401,109266333
109267554,109266333
109267658,109266333
109267788,109266333
109267892,109266333
109268219,108720160
109268219,109206390
109268797,109268219
109268946,109268219
109269058,109268219
109269214,109268219
109269356,109268219
109269542,109268219
109269749,109268219
109269890,109268219
109270104,109268219
109270428,109268219
109270533,109268219
109270642,109206390
109271072,109270642
109271214,109270642
109271370,109270642
109271498,109270642
109271666,109270642
109271819,109270642
109271930,108720160
109271930,109206390
109272264,109271930
109272375,109271930
109272592,109271930
109272722,109271930
109272915,108719488
109272915,109206390
109273279,109272915
109273434,109272915
109273663,109272915
109273861,109206390
109273861,109210481
109274303,109273861
109274504,109273861
109274672,109273861
109274831,109206390
109274831,109210904
109275469,109274831
109275634,109274831
109275819,109274831
109275945,109274831
109276091,109274831
109276223,109274831
109276374,109274831
109276513,109274831
109276676,109274831
109276784,109274831
109276977,109274831
109277116,109280091
109277116,109535377
109277411,108719488
109277411,109206390
109278037,109277411
109278200,109277411
109278368,109277411
109278478,109277411
109278608,109277411
109278732,109277411
109278936,109277411
109279040,109277411
109279210,109277411
109279321,109277411
109279449,109282103
109279616,109282103
109279858,109280091
109280091,109206390
109280091,109210904
109281109,109280091
109281301,109280091
109281435,109280091
109281613,109280091
109281613,109281866
109282103,109280091
109282815,109282103
109283022,109282103
109283221,109283022
109283367,109274831
109283608,109282103
109283953,109283608
109284115,109283608
109284244,109283608
109284348,109283608
109284472,109283608
109284633,109283608
109284828,109280091
109284950,109283608
109285100,109283608
109285272,109283608
109285411,109283608
109285556,109283608
109285793,109283608
109285982,109282103
109286200,109282103
109286406,109282103
109286602,109282103
109286753,109282103
109286877,109282103
109287024,109280091
109287254,109280091
109287467,109287254
109287614,109287254
109287843,109280091
109287986,109280091
109288099,109280091
109288270,109280091
109288457,109280091
109288608,109280091
109288782,109280091
109288919,109280091
109289051,109280091
109289205,109280091
109289308,109402898
109289629,109206390
109289629,109212365
109289629,109214532
109290402,109289629
109290549,109316684
109290662,108877688
109290849,109289629
109291089,109289629
109291232,109289629
109291428,109289629
109291589,109289629
109291760,109289629
109291924,109289629
109292079,109289629
109292196,109289629
109292335,109289629
109292512,109289629
109292637,109289629
109292774,109289629
109292955,109206390
109292955,109214716
109293239,109292955
109293446,109292955
109293596,108720160
109293596,109206390
109293995,109293596
109294142,109293596
109294257,109293596
109294426,109293596
109294544,109293596
109294748,109293596
109294867,109293596
109294971,109293596
109295096,109293596
109295197,109206390
109295604,109295197
109295714,109295197
109295817,109295197
109295918,109295197
109296025,109295197
109296148,109295197
109296329,109295197
109296561,109206390
109296941,109296561
109297077,109296561
109297220,109296561
109297352,109296561
109297472,109296561
109297779,109296561
109297963,109206390
109297963,109210904
109298634,109297963
109298777,109297963
109298881,109297963
109299082,109297963
109299225,109297963
109299368,109297963
109299628,109297963
109299817,109297963
109300217,109297963
109300667,109206390
109300667,109210481
109301118,109300667
109301349,109300667
109301536,109206390
109301536,109212365
109301536,109212896
109301536,109214532
109302060,109301536
109302240,109301536
109302378,109301536
109302510,109301536
109302637,109206390
109302637,109214716
109303070,109302637
109303198,109302637
109303388,109302637
109303539,109302637
109303683,109206390
109303683,109212365
109304135,109303683
109304240,109303683
109304347,109303683
109304448,109303683
109304559,109303683
109304685,109303683
109304863,109303683
109305092,108719488
109305092,109206390
109305092,109211200
109306247,109305092
109306344,109305092
109306460,109305092
109306590,109305092
109306778,109305092
109306894,109305092
109307122,109305092
109307222,109305092
109307359,109305092
109307546,109305092
109307690,109305092
109307896,109305092
109308057,109305092
109308178,109305092
109308303,109305092
109308456,109305092
109308688,109305092
109308822,109305092
109308946,109305092
109309042,109305092
109309158,109305092
109309260,109305092
109309356,109305092
109309456,109305092
109309607,109305092
109309748,109305092
109309961,109305092
109310088,109305092
109310221,109305092
109310318,109305092
109310450,109305092
109310549,109305092
109310683,109206390
109311147,109310683
109311261,109310683
109311380,109310683
109311607,109206390
109311607,109210481
109311932,109311607
109312095,109311607
109312202,109311607
109312335,109311607
109312544,109311607
109312643,109206390
109312643,109212365
109313766,109312643
109314003,109312643
109314167,109312643
109314381,109312643
109314582,109312643
109314833,109312643
109314935,109312643
109315130,109312643
109315235,109312643
109315519,109312643
109315682,109312643
109315799,109312643
109315937,109312643
109316120,109312643
109316310,109312643
109316509,109312643
109316684,109206390
109317339,109316684
109317479,109316684
109317642,109316684
109317769,109316684
109317947,109316684
109318377,109316684
109318501,109316684
109318675,109316684
109318835,109316684
109318969,109316684
109319076,109206390
109319493,109319076
109319599,109319076
109319787,109319076
109319896,109319076
109320042,109319076
109320196,109319076
109320467,109319076
109320690,109319076
109320822,109319076
109320964,108720160
109320964,109206390
109321371,109320964
109321473,109320964
109321582,109320964
109321712,109320964
109321840,109320964
109322084,109320964
109322317,109320964
109322465,109320964
109322605,109320964
109322713,109320964
109322819,109206390
109323350,109322819
109323479,109322819
109323663,109322819
109323762,109322819
109323860,109322819
109323972,109322819
109324099,109605773
109324375,109324099
109324579,108994570
109324772,109324579
109324894,108964712
109325256,109324894
109325457,109605773
109325661,109605773
109326134,109325661
109326272,109325661
109326439,109325661
109326661,109325661
109326813,109325661
109326935,109325661
109327050,108888863
109327442,109327050
109327702,109327050
109327953,109327050
109328099,109327050
109328275,109327050
109328419,109005747
109328419,109371541
109328761,109328419
109329004,109328419
109329166,109328419
109329349,109328419
109329498,109353574
109329881,109329498
109330012,109439993
109330189,109145845
109330189,109184780
109330419,109439993
109330641,109222480
109330787,109222480
109330986,109353574
109331390,109330986
109331537,109330986
109331652,109005747
109331905,109055117
109331905,109331652
109332078,108877688
109332325,109375558
109332581,109272915
109332696,108898163
109332696,109219016
109332696,109277411
109332696,109305092
109332904,109222480
109333027,109068395
109333193,109068395
109333322,109222480
109333322,109272915
109333322,109335030
109333576,108988927
109333576,109332325
109333709,109219016
109333818,108880234
109333818,109129790
109333947,108988927
109333947,109332325
109334126,108988927
109334126,109332325
109334311,108856770
109334311,109010442
109334311,109160337
109334492,109182951
109334667,109183724
109334822,109055117
109334822,109117657
109334822,109190918
109334822,109336335
109335030,109219016
109335030,109222480
109335238,108856770
109335410,109154433
109335594,108950297
109335708,109190918
109335708,109331652
109335887,109219016
109336018,108868645
109336145,109154433
109336145,109331652
109336335,109353574
109336532,109353574
109336686,108988927
109336803,109054697
109336803,109331652
109336962,109219016
109337075,109071160
109337075,109084910
109337075,109154433
109337075,109194816
109337075,109331652
109337340,108880234
109337469,109058568
109337469,109136843
109337675,108874393
109337829,108898163
109338067,108898163
109338218,108934332
109338373,108934332
109338529,109068395
109338649,109140082
109338801,108969051
109338991,108894313
109339099,109079557
109339405,108889373
109339542,108877688
109339700,109140082
109339865,109183417
109340035,109065282
109340279,109369217
109340462,108877688
109340566,109241413
109340728,109241413
109340852,108891642
109341007,108891642
109341206,108889373
109341354,108934332
109341500,108877688
109341636,109316684
109341636,109401549
109341898,109439536
109342134,108959494
109342392,109353574
109342561,109353574
109350191,109193125
109350352,109514844
109350850,105712963
109351345,108869151
109351345,109360774
109351548,109316684
109351548,109401549
109351735,108876307
109351884,108959494
109352064,109280091
109352235,109362250
109352546,109514844
109352772,109514844
109353057,109200928
109353574,108717984
109355870,109028593
109356038,109214882
109356285,109216720
109356443,109216720
109356871,109297963
109356871,109312643
109356871,109319076
109356871,109365497
109357136,109280091
109357136,109297963
109358520,108959494
109358520,109003591
109358520,109087646
109358520,109193125
109358873,109371541
109359535,109011820
109359535,109140082
109359959,109280091
109359959,109535767
109360266,108880234
109360266,109167345
109360465,109010896
109360465,109360774
109360617,109380734
109360774,108869151
109360774,108877688
109360774,108889373
109360774,108934332
109360774,109010896
109360774,109140082
109361576,109166644
109361804,109325661
109362089,109064024
109362089,109468239
109362250,108649178
109362718,108649178
109362718,109373555
109362718,109475869
109362718,109548090
109362916,109362250
109364478,109465283
109364810,109233548
109365035,108959494
109365213,105392332
109365497,108719041
109366036,108842170
109366601,109475869
109366799,109548090
109367006,109011820
109367228,109200928
109367413,109178969
109367413,109200928
109367677,108889373
109367677,109325661
109370143,109371541
109370386,108842170
109370628,109220979
109370628,109229020
109370628,109249619
109370628,109295197
109370946,108959494
109371541,109439536
109373297,109424618
109374528,109373555
109374638,108862513
109374638,109130202
109374638,109198890
109375558,108717984
109375558,108809308
109376027,108988927
109376027,109375558
109376027,109457155
109376236,109028593
109376443,109028593
109377227,109110100
109377368,108870930
109378714,109369217
109379956,109592047
109380734,109475869
109380880,109373555
109381073,109373555
109381260,108959494
109381539,109598801
109381817,109369217
109382624,109382468
109383163,109548090
109383459,109257242
109384239,109456752
109384427,109270642
109384427,109322819
109384815,109463019
109384955,109302637
109386104,109233548
109386104,109373555
109387261,109302637
109387261,109322819
109388706,109289629
109388706,109297963
109388706,109312643
109388706,109365497
109389527,109472512
109389527,109617141
109390590,108880234
109390590,109647913
109390984,108869151
109390984,109360774
109391627,109200928
109392564,108880234
109392564,109006784
109392564,109058568
109393039,109277411
109393039,109305092
109393348,108959494
109393348,109003591
109393669,109373555
109394781,109373555
109394920,108869151
109394920,109360774
109395815,109233548
109396041,109028593
109396344,109277411
109396344,109295197
109396344,109305092
109396619,108984998
109396619,109535767
109397141,108842170
109397738,109184780
109398057,109397900
109398558,109233548
109398828,109513061
109398945,109289629
109399210,108984178
109399359,108760914
109399527,109184780
109399718,108988927
109399718,109375558
109399718,109399943
109399943,108988927
109399943,108990614
109399943,109375558
109400187,108842170
109400551,109369847
109400724,109277411
109400896,108916645
109400896,108971866
109400896,109143625
109400896,109176403
109401549,108719992
109401549,109412984
109401877,109068395
109401877,109164174
109402503,109219016
109402898,109280091
109402898,109365497
109403147,108674816
109404213,109632013
109405094,114928485
109405520,109064024
109405520,109064602
109405520,109468239
109406185,109197948
109406530,109257242
109407007,109237707
109407260,109166644
109407449,109316684
109407593,109243138
109407702,109222480
109407702,109272915
109407898,109255773
109407898,109312643
109407898,109373555
109408108,108934332
109408108,109360774
109408824,109408684
109408962,109615806
109409324,109369217
109409465,109277411
109409465,109295197
109410627,109410785
109411153,109303683
109411153,109312643
109411903,109602080
109412435,109048144
109412984,109537498
109413231,105712963
109414007,108898163
109414007,109219016
109414007,109229020
109414007,109272915
109414007,109310683
109414605,109305092
109414754,109219016
109414754,109229020
109414754,109277411
109414754,109310683
109415267,108977963
109415267,109316684
109415591,109415996
109416421,109182409
109416688,108891642
109416883,109206390
109417376,108924633
109420378,109133443
109420531,109214882
109420531,109237707
109421273,109548090
109421890,109140082
109421890,109360774
109424108,109419224
109424618,109504612
109425746,109251244
109425746,109303683
109426015,109426212
109426212,109365497
109426690,109325661
109427695,108871309
109427695,108915184
109427695,108924633
109427695,108971866
109427695,108974136
109427695,109003591
109427695,109110100
109427695,109176403
109428087,109375558
109428227,108950297
109428227,109084910
109428724,109231668
109428724,109280091
109429033,109231668
109429033,109274831
109429033,109373555
109429742,109106266
109429899,109216720
109430677,109261878
109431078,109064024
109431078,109468239
109432862,109167345
109432862,109172518
109432862,109176403
109433218,108959494
109433218,109358520
109433416,109167345
109433565,109222480
109433565,109600203
109435929,109548090
109436053,109184780
109436196,109439993
109436723,114865090
109437251,109312643
109437429,108869151
109437429,108877688
109437429,109360774
109437967,109373555
109439020,109576673
109439259,109071160
109439259,109194816
109439259,109200928
109439536,108717984
109439536,108768349
109439993,108839521
109439993,109439536
109441534,109064024
109441534,109064602
109441534,109468239
109441803,109233548
109441956,109374896
109442210,109632013
109442461,108988927
109442461,109375558
109442710,108988927
109442710,109375558
109444275,109052183
109444418,107551197
109445121,109048144
109445279,109048144
109446093,109237707
109446632,109493596
109446911,109403399
109448062,109475226
109448171,109614004
109448414,109593578
109448981,109048144
109449676,109320964
109450376,108869151
109450376,109360774
109450866,109305092
109450866,109463307
109451026,109373555
109451178,109006784
109451178,109058568
109451391,108880234
109451672,109087646
109451837,109488502
109452161,108842170
109453494,109219016
109453494,109277411
109454461,109222480
109454669,108809308
109455174,109064602
109455174,109468239
109455590,109219016
109455590,109414754
109455748,109261878
109455903,109622483
109456570,108988927
109456570,109375558
109456958,108988927
109456958,109375558
109457155,108988927
109457155,109375558
109457361,108977963
109457361,109206390
109457621,109537498
109457950,109353574
109457950,109371541
109458222,109310683
109458353,108983319
109458526,109365497
109458675,109310683
109458675,109322819
109458894,109369217
109459022,109311607
109459022,109365497
109460185,109277411
109460185,109305092
109460730,109592047
109461304,109463307
109461413,109475869
109461546,109548090
109461713,109514844
109461849,109571794
109462032,109377546
109462193,108898163
109462338,108898163
109462338,109463307
109462529,108988927
109462709,109480083
109462876,109377546
109463019,109373555
109463178,109360617
109463307,109373555
109463583,109166644
109463583,109488796
109463734,109366601
109463874,109377546
109464006,109373555
109464193,109514844
109464336,109571794
109464494,108898163
109464494,109548090
109464639,109606480
109464808,109352546
109465858,109312643
109466070,109588638
109466234,109475226
109467413,109510865
109468120,109467600
109468239,109058568
109468239,109064024
109468239,109064602
109468756,108860570
109468756,109136843
109469968,100011488
109470089,109107013
109470641,109230195
109470641,109257242
109470867,108880234
109471107,109140082
109471107,109360774
109471252,109216720
109471252,109412984
109471450,109280091
109471641,108977963
109471750,109028593
109472329,114886764
109472512,109435532
109473528,109453879
109474066,108869151
109474066,109011820
109474276,109107013
109474430,109107013
109474621,109010896
109474621,109360774
109474772,109010896
109474772,109360774
109474924,109244471
109476320,109166644
109476841,109136843
109477851,108980697
109477851,109216720
109477851,109316684
109478064,109548090
109478344,109493596
109478344,109592047
109478641,104100919
109478891,109479231
109479026,109479231
109479231,109604806
109480083,109514844
109480252,109538010
109480694,109166644
109480940,109087646
109485644,109292955
109485644,109302637
109485839,109312643
109485997,108984998
109485997,108986980
109486353,109130202
109486353,109557303
109486560,108956198
109487360,109488502
109487589,109058568
109487589,109468239
109487744,109319076
109487880,109064024
109487880,109064602
109487880,109468239
109488148,109249619
109488502,109136558
109488796,109369217
109489152,108865033
109489152,108891642
109489537,109539071
109490091,109233548
109490226,108860570
109490226,109136843
109490226,109468756
109490659,109196046
109490835,109233548
109490995,108891642
109490995,108972946
109491163,109222480
109491163,109296561
109491540,109216720
109491897,109647913
109492573,108880234
109492840,109371541
109493003,108977963
109493288,109373555
109495159,109353574
109495296,108986980
109495296,109280091
109495296,109311607
109495605,108891642
109495605,109204580
109495758,109457361
109496020,109087646
109496020,109193125
109496227,109457361
109496346,109167345
109496511,109167345
109496742,109457361
109496938,109055117
109497086,109120641
109497086,109131947
109497086,109196046
109497290,109167345
109497462,109457361
109497668,108984998
109497668,109261878
109497863,109457361
109498026,108935725
109498204,109353574
109498398,109068395
109498597,108923535
109498741,109353574
109499088,109435532
109500782,109369217
109501147,109087646
109501433,108869151
109501433,109360774
109501603,108768349
109502281,109297963
109502436,109166644
109502583,108842170
109503203,105712963
109503462,109064024
109503462,109064602
109503462,109468239
109503660,108880234
109503859,108842170
109504022,109514844
109504262,109131947
109504262,109160337
109504612,109435532
109505053,109270642
109505053,109322819
109505302,109504826
109505494,109270642
109505494,109292955
109505494,109302637
109505494,109322819
109505785,109248162
109505785,109264398
109505995,109244471
109506315,109277411
109506315,109295197
109506315,109305092
109506315,109457621
109506523,108869151
109506523,108877688
109506523,109360774
109506991,109048144
109507095,109048144
109507236,109048144
109507579,108988379
109507579,109610461
109507787,109087646
109507973,109087646
109508272,109230195
109508272,109287254
109508272,109373555
109508611,108898163
109508821,109511383
109508928,109261878
109509762,108977963
109510026,109011820
109510177,108889373
109510865,109472512
109511217,109064024
109511217,109064602
109511217,109468239
109511383,109504612
109513061,109373555
109513285,109568950
109513468,109087646
109513991,108959494
109513991,109193125
109513991,109358520
109514224,109216720
109514224,109356443
109514447,109614004
109515320,108872567
109515320,108873922
109515320,108880234
109515320,109114734
109515320,109197948
109515572,109052506
109515718,109216720
109516053,108869151
109516053,109360774
109516443,109257242
109516443,109273861
109516904,109264398
109517374,109374896
109518233,109007806
109518233,109087646
109518233,109107013
109519079,109373555
109519307,109614004
109519576,109270642
109520193,109079099
109520876,109206390
109521116,109206390
109521435,109214882
109521577,109214882
109521577,109463307
109521725,109280091
109522376,109297963
109522376,109319076
109522643,108959494
109522643,109087646
109522643,109358520
109522892,109222480
109523703,109453879
109523982,109302637
109524144,108990614
109524144,109375558
109524935,109524635
109526311,109524635
109526475,108990614
109526610,108950297
109526844,109581813
109527460,109475869
109528214,108988927
109528214,109375558
109528414,108988927
109528414,109375558
109529043,109492573
109529234,108869151
109529234,109360774
109529609,108988927
109529785,109197948
109529959,109058568
109529959,109468239
109530119,109136558
109530119,109468239
109530274,108880234
109530598,109300667
109532695,108924633
109533423,109249619
109533423,109295197
109534838,109167345
109535000,109453879
109535162,109206390
109535377,109282103
109535377,109373555
109535546,108977963
109535546,109206390
109535767,108984998
109535767,109280091
109535767,109535546
109536145,108917052
109536145,109105239
109536145,109126495
109536145,109134252
109536145,109134698
109536354,109055117
109536354,109190918
109536354,109204580
109536810,109206390
109537498,108768349
109537498,108839347
109537498,108839521
109537498,109359778
109538010,109373555
109538479,109548090
109538617,109356443
109538751,109229020
109538751,109271930
109538751,109322819
109539071,109373555
109539341,109373555
109539922,109540121
109540121,114865090
109540259,109415996
109540729,109064024
109540729,109064602
109540729,109468239
109540927,109166644
109541234,109472512
109542015,108924633
109542015,109143625
109542228,109510865
109542418,109206390
109542760,108869151
109542760,108877688
109542760,109360774
109542964,109233548
109543117,109233548
109543117,109237707
109543281,108766992
109543452,109196046
109543632,108938608
109544216,109617141
109544810,109160337
109545043,108889373
109545043,109325661
109545405,109268219
109545552,109078088
109545552,109548090
109545694,108977963
109545923,109220979
109545923,109252938
109546154,109028593
109547462,109220979
109547670,109547826
109547826,109613733
109548893,109548090
109549334,108860570
109549334,108880234
109549334,109136843
109549334,109181888
109549334,109182409
109549882,109011820
109550032,108869151
109550032,109011820
109550032,109139371
109550527,109011820
109550697,108938608
109551022,109631192
109551953,109568950
109552735,109011820
109552991,109266333
109553232,109277411
109553232,109305092
109553429,109289629
109553429,109301536
109554712,109254635
109554857,109373555
109555110,109514844
109555552,109366601
109556351,111671139
109556514,109615806
109557124,109229020
109557124,109581813
109557303,109612163
109557648,109197948
109557965,108842170
109558102,108869151
109558102,109360774
109560766,109271930
109561306,108959494
109561431,109058568
109561431,109624210
109563391,109255773
109563391,109312643
109563391,109319076
109563707,108880234
109565525,109216720
109565855,109316684
109565855,109548090
109566347,109369847
109566528,109011820
109566675,109087646
109566675,109184780
109566814,109369847
109567050,109465283
109567769,108980697
109568643,109602080
109568797,109488502
109570384,109316684
109570384,109401549
109570614,109576673
109570733,109312643
109571167,109252938
109571167,109295197
109571167,109305092
109571794,109475869
109572875,109229020
109572875,109249619
109572875,109271930
109573783,108924633
109573783,109087646
109573783,109107013
109573783,109193125
109574220,109087646
109574220,109193125
109575801,108869151
109575801,109324099
109575967,108898163
109575967,109206390
109576673,109641965
109581813,109537498
109582133,109403399
109582483,109362250
109582803,108924633
109582911,109302637
109582911,109387261
109583302,109222480
109583412,108924633
109583574,109305092
109583727,109277411
109583872,109222480
109584355,108842170
109584524,109220979
109584524,109268219
109584779,108982326
109584779,109254635
109585026,109233548
109585273,108977963
109585273,109206390
109585516,109010896
109585516,109360774
109585682,109243138
109586170,109222480
109586450,109007806
109586450,109087646
109586863,109222480
109587307,109227047
109587307,109548090
109587553,109222480
109587745,109227276
109587745,109548090
109588010,109222480
109588223,109222480
109588371,108907747
109588638,109229020
109588638,109581813
109588876,109011820
109589013,109087646
109589202,109373555
109589377,108938608
109590124,109301536
109590418,109166644
109590603,109316684
109591094,109007806
109591094,109087646
109591402,108842170
109592047,109472512
109593135,109387706
109593295,109548090
109593456,109548090
109594026,104303308
109595051,109087646
109595233,108980697
109595233,109581813
109595715,109011820
109595715,109139371
109595715,109550032
109596130,109028593
109596130,109052506
109596349,108984998
109596492,109200928
109596768,109353574
109596928,109222480
109597103,109312643
109597261,109229020
109597789,107988866
109597908,109312643
109599198,109598801
109599827,108898163
109600019,108898163
109600203,109222480
109600423,109184780
109600870,109054697
109601490,108918684
109601671,109539071
109602080,109435532
109602826,109531185
109603927,109243138
109603927,109296561
109603927,109316684
109603927,109322819
109604806,108656329
109605252,109437967
109605409,109017017
109605773,108809308
109605773,108839347
109605773,108839521
109605773,109359778
109606321,109373555
109606480,109548090
109606960,109548090
109607098,109229020
109607098,109271930
109609126,109403399
109609294,109403399
109610461,108988379
109610461,109216720
109612284,109366601
109613733,109374896
109615416,105712963
109615592,109419224
109616196,109270642
109617141,109504612
109617488,109192224
109617641,109255773
109617641,109280091
109617641,109297963
109618912,109230195
109618912,109257242
109618912,109280091
109618912,109311607
109618912,109365497
109619190,109145845
109619190,109184780
109619342,108980697
109619528,109214882
109619528,109237707
109619906,109233548
109619906,109463307
109620687,109548090
109620947,108842170
109621281,109251244
109621281,109303683
109622255,109510865
109622483,109322819
109622643,109028593
109622990,109374896
109623702,109623995
109624210,108880234
109624210,109058568
109624210,109167345
109624426,109071160
109624426,109194816
109624426,109200928
109624602,109475869
109624749,109136843
109624749,109468756
109625028,109011820
109625192,109214882
109625192,109266333
109626523,108971866
109626523,109400896
109627173,109028593
109627707,109305092
109627970,108921752
109628128,109628276
109628276,109374896
109628754,109132615
109629038,109166644
109629250,109166644
109629454,108869151
109629454,108877688
109629454,109360774
109630068,109206390
109630068,109603927
109630385,108959494
109630385,109003591
109630385,109358520
109630538,109028593
109630695,109514844
109630868,109492573
109631023,109588638
109632490,109511383
109632596,109261878
109632948,109167345
109633528,109011820
109633528,109550032
109633797,109605773
109636238,109369847
109637398,109167345
109637555,109329498
109637555,109330986
109637555,109649084
109637893,108842170
109638052,109143625
109638353,109638537
109639179,109167345
109639337,109167345
109639498,109104107
109639762,109246705
109639762,109293596
109640366,109403399
109641246,109576673
109642671,114828062
109643521,109193125
109643521,109358520
109643672,108924633
109644001,109277411
109644001,109581813
109644309,109220979
109644309,109268219
109644764,109378714
109645026,109600203
109645192,109016323
109645192,109437967
109645590,109296561
109645766,109588638
109646196,109373555
109646383,108981810
109646511,109320964
109647240,109112992
109647478,108880234
109647709,109266333
109647913,109548090
109648086,109270642
109648086,109322819
109648285,109166644
109648521,109140082
109648521,109360774
109648670,109206390
109648871,108977963
109648871,109206390
109649084,108865033
109649084,109131947
109649084,109329498
109649084,109330986
109649313,108880234
109649492,109539071
109653766,109507236
109670569,109669982
109671020,109669982
109883905,109200507
110037450,108914879
110363110,108397920
110661110,108509402
111641292,111671745
111646958,109536680
111649917,111659014
111651566,114089788
111652336,114089788
111652457,114089788
111652581,114089788
111652707,114089788
111652836,114089788
111652962,114089788
111661672,111661526
111676276,111676648
111677961,111646179
111682370,114089788
111682509,114089788
111682633,114089788
111682758,114089788
111682883,114089788
111683430,111671745
111687244,114089788
111689918,111671745
111694238,111671745
111694921,111671745
111697553,109479231
111702596,111671745
111703463,109422173
111704274,111727466
111705145,111705259
111705866,111705651
111720269,111721438
111721286,111671745
111721438,111671745
111722119,111721851
111729550,111728866
111729861,111715090
111731055,109479231
111734148,111745043
111736269,111647132
111742860,111671745
111743961,111671745
111750911,111750777
111752989,113218851
111753320,113218851
111753454,113250604
111753850,113223692
111769424,101437737
111770718,111766410
111771036,113320803
111771170,113218851
111832895,111832678
111857163,115572466
111862038,108898163
111888942,111884905
111894228,111893730
111894721,111888942
111894870,111894721
111895029,111894721
111896143,111888942
111896902,111896143
111897246,111896902
111897386,111888942
111897653,112365965
111898278,111888942
111898728,111898411
111898893,111898411
111899021,111898411
111900499,111898278
111902010,111903650
111902173,111903650
111902503,113336265
111902503,113447853
111902503,113449960
111902766,111841333
111902877,111851208
111902992,111828910
111903925,111903650
111905537,111904840
111908858,112711703
111909339,113149720
111909476,112398307
111909618,113152591
111910115,111910706
111910272,111911183
111910397,112263054
111910553,111888942
111910706,111911925
111910992,111910706
111911183,111911925
111911925,111888942
111919939,111919718
111924712,111924451
111925047,111924831
111925436,111925233
111929668,111929334
111943646,111943430
111967719,111967185
111968528,111968218
111985758,111985571
111986144,111985901
111999730,111999860
112000888,112000642
112006572,112006268
112019965,112019461
112019965,112019749
112069408,112069212
112093390,112093181
112094053,112093604
112094289,112093604
112115267,112114636
112161563,112161091
112167549,112167287
112172530,112171604
112174895,112174323
112201326,112201077
112246298,112246053
112249146,112248830
112310405,112310143
112311360,112311091
112355044,112354792
112358871,112810066
112364646,112364374
112367072,107879510
112370583,108591463
112379509,112356315
112384512,112380479
112385089,112384756
112389433,112388782
112394722,112394324
112400716,112400487
112415563,112415235
112415692,112415235
112419955,112419713
112450281,112450030
112490162,112490731
112490416,112490162
112523968,112523703
112528942,112525985
112562366,112562061
112569915,112569693
112595085,112594798
112655912,112655639
112656260,112656009
112685859,112685617
112693482,112693245
112710307,112710131
112712163,112711958
112716675,112716457
112739196,112738982
112755839,112755443
112756769,112756161
112767870,112767571
112774119,112773739
112783613,112783347
112783952,112783751
112784925,112784640
112799654,112799360
112801986,112801586
112802490,112802200
112808940,112808704
112814282,112813799
112816409,112816114
112816911,112816692
112818103,112817894
112844279,112843911
112865823,112865664
112868016,112867790
112871520,112871293
112874538,112874289
112882292,112882119
112888521,112887615
112893824,112893614
112920781,112920443
112930190,112929170
112930190,112929928
112947429,112947161
112961372,112961120
112999115,112998601
113131972,113131699
113148354,113148205
113152110,113151786
113153916,113153787
113161923,113161810
113162775,113162485
113167011,113166814
113220749,113220513
113249130,113249301
113249301,113218851
113290585,113290340
113290737,113290340
113306990,114424281
113314343,100011488
113318480,113311009
113319501,113250604
113321804,113321568
113322771,113322436
113324286,105593438
113324286,113311009
113324610,113356214
113326071,113330578
113326276,113326071
113326617,113326385
113338928,113331501
113352560,113352446
113353871,113352560
113354127,113352560
113355446,113331501
113357269,113356608
113357604,113356608
113361056,112365965
113361375,113360881
113364471,113363275
113364686,112624288
113367685,112783613
113368944,113368670
113369326,113369093
113377944,113377744
113381774,113356608
113382170,113348968
113382320,111934513
113382425,111893957
113389199,113380308
113389990,113352560
113389990,113390943
113389990,113393508
113390508,111959695
113391496,113331501
113393508,113331501
113393737,113331501
113493709,113491828
113502217,113502462
113506332,113652420
113508415,113642903
113514351,113487276
113518334,113491578
113571671,113563359
113573118,113599696
113585301,113640640
113614469,113586981
113630805,113629096
113635159,113634799
113639126,113584630
113640985,113640640
113653453,113641339
113654369,113709675
113660795,113746766
113661680,113745156
113674244,113746766
113679673,114288372
113684666,113697639
113691259,113771334
113696454,113775627
113697639,113775627
113702755,114290706
113708795,113686023
113718289,113720712
113722735,113771334
113728288,113771334
113736400,113745156
113736400,113749163
113736642,113745156
113736642,113749163
113737427,113746766
113739296,113775627
113740022,113770449
113747601,113749163
113747703,113745156
113755367,105854335
113760950,100652044
113763896,113737427
113764225,113775627
113765793,113783528
113775527,113749163
113775627,113745156
113786461,113709675
113787331,113745156
113797573,113739296
113798729,113775627
113799468,113749163
113799569,113745156
113809000,113775627
113816994,113817101
113824583,105969388
113835313,114017603
113841966,113842268
113841966,116286691
113842268,116287982
113845172,113828881
113845436,100482934
113845550,100482934
113846217,113847437
113846217,113847560
113846405,113846577
113846577,113846217
113846750,113846894
113846894,113847052
113847329,114132383
113847560,105180847
113847698,105180847
113847801,114139071
113848304,115801691
113849082,113849205
113851784,113852270
113852011,113852270
113853732,113853853
113853853,113854073
113854073,113854252
113854252,113854392
113854392,113854531
113854531,113854816
113854816,113854988
113854988,113855144
113855144,113858429
113855628,113855773
113855773,113855937
113855937,113856095
113856235,113856414
113856414,113856642
113856642,113856884
113856884,113857074
113857074,113857259
113857259,113857433
113857433,113855144
113857433,113857815
113857433,113857993
113857675,113857815
113857815,113858278
113857993,113858138
113858278,113958871
113858679,113858936
113858936,113859270
113859270,113859516
113859516,113859756
113859756,113860189
113860189,113860537
113860537,113860781
113860781,113861123
113861373,113862149
113862020,113862149
113862149,113863471
113862376,113862600
113862376,113863086
113863471,113863650
113863650,113864190
113863815,113864380
113863944,113864553
113864069,113864726
113864190,113864895
113864380,113865089
113864553,113865266
113864726,113865443
113864895,113865616
113865089,113865810
113865266,113865988
113865443,113866170
113865616,113866347
113865810,113866521
113865988,113866679
113866170,113866841
113866347,113866998
113866521,113867171
113866679,113867328
113866841,113867489
113866998,113867646
113867171,113867821
113867328,113867979
113867489,113868141
113867646,113868298
113867821,113868454
113867979,113868595
113868141,113868740
113872024,113872155
113872155,113872305
113872305,113872456
113872456,113872699
113872818,113873036
113872818,113873159
113873159,113873294
113873546,113873892
113873783,113873546
113874264,113874414
113874545,113874747
113874876,113875017
113875017,113875179
113875317,113875575
113875444,113875575
113876886,113877036
113878634,113879444
113878766,113879444
113878899,113879444
113879026,113879444
113879152,113879444
113879279,113879444
113879444,113879938
113880333,113880547
113880547,113880690
113880690,113880929
113880690,113881178
113880929,113881062
113881300,113881499
113881633,113881767
113883020,113883142
113883142,113883423
113883824,113883993
113883993,113884214
113886117,113886371
113886371,113886773
113886773,113887247
113886773,113889320
113886773,113890897
113886773,113897561
113887247,113887398
113887398,113887544
113887544,113888392
113888130,113887544
113888257,113887544
113888529,113886117
113889480,113887398
113891103,113889320
113891215,113886117
113891415,113886117
113893075,113892846
113893239,113892846
113893406,113892846
113894017,113894251
113894251,113894505
113894505,113894756
113894756,113895088
113895088,113895338
113895338,113895585
113895585,113895831
113895831,113896071
113896071,113896422
113896422,113896759
113896759,113896991
113896991,113897250
113900752,113900641
113901345,113901232
113901933,113898649
113901933,113901808
113901933,113917506
113901933,113922878
113901933,113923799
113901933,113924539
113901933,113934337
113901933,113942458
113901933,113942968
113902220,113901565
113902220,113924038
113902220,113929247
113902220,113931087
113902439,113904202
113902439,113904809
113902439,113917259
113902439,113928496
113902668,113900974
113902668,113905080
113902668,113905345
113902668,113913026
113902668,113913259
113902668,113913543
113902668,113922627
113902668,113926549
113902668,113928760
113902668,113929007
113902668,113929502
113902668,113929752
113902668,113930016
113902668,113930297
113902668,113930560
113902668,113930822
113902668,113931087
113902668,113934084
113902668,113945400
113903377,113899584
113903377,113905928
113903377,113908964
113903377,113914332
113903377,113914562
113903377,113914675
113903377,113914958
113903377,113915086
113903377,113915414
113903377,113915541
113903377,113915706
113903377,113915934
113903377,113916059
113903377,113916186
113903377,113916297
113903377,113916431
113903377,113916546
113903377,113916671
113904587,113904485
113905703,113905598
113906069,113905928
113906443,113906301
113906443,113906779
113906443,113907027
113906443,113907435
113907435,113907297
113907836,113907718
113908227,113908105
113908372,113908227
113908747,113908619
113909990,113935654
113909990,113935890
113909990,113943489
113909990,113947538
113912429,113912325
113912784,113912653
113913543,113913720
113914085,113913979
113917028,113916924
113918363,113918250
113918699,113918599
113919058,113918926
113919400,113918926
113919767,113919644
113920101,113919981
113920101,113920391
113920101,113920622
113920993,113920872
113921351,113921229
113921688,113921583
113922064,113921960
113922397,113922294
113923240,113923137
113923575,113923471
113924940,113924822
113925158,113924940
113925494,113925390
113925928,113925771
113926315,113926185
113926916,113926811
113927256,113927149
113927613,113927503
113927952,113927847
113928287,113928183
113931519,113931379
113931898,113931755
113931898,113932750
113931898,113933234
113931898,113933488
113932181,113924322
113932181,113932471
113933864,113933759
113934707,113934591
113935076,113934948
113936259,113936141
113936652,113936520
113937003,113936890
113938580,113938476
113941073,113940966
113941757,113941619
113941757,113942089
113941757,113942712
113941757,113945829
113943883,113943744
113944230,113944125
113946230,113946120
113946586,113946469
113946956,113946830
113947324,113947198
113947939,113947830
113948057,113947939
113948384,113948281
113948719,113948615
113949501,113949693
113949958,113949693
113950124,113950266
113950266,113886117
113950430,113950266
113951667,113951833
113953934,113811694
113953934,113953771
113954536,113954340
113955005,113811897
113956319,113961585
113957551,113957676
113957676,113957790
113957790,113957964
113957964,113958468
113957964,113958720
113958273,113957964
113958369,113884510
113958468,113958720
113958720,113959045
113958871,113959255
113959045,113959397
113959397,113959563
113959563,113959672
113959761,113959928
113959761,113960066
113959928,113960208
113960066,113960390
113960208,113960390
113960390,113960630
113960802,113960934
113960934,113961177
113961062,113960802
113961177,113961343
113961343,113961450
113961450,113961585
113961585,113962223
113962223,113962347
113962347,113962455
113962455,113962850
113962850,113962981
113962981,113963144
113963144,113963351
113963351,113963482
113963620,113963968
113964190,113964456
113964823,113965085
113965209,113965354
113965354,115827364
113965578,113965736
113968120,113967359
113981318,113981818
114048075,114047576
114062944,105097686
114101565,104745599
114102038,113380308
114104238,103124482
114114314,114113432
114114314,114114957
114127184,114127038
114130825,103578413
114137674,114120556
114142675,102744387
114142675,102789806
114142675,103681203
114142675,103970097
114142675,104439807
114142675,114112522
114146315,105319132
114154549,114126852
114246874,114336886
114261115,101485272
114261260,101485272
114261659,114360967
114283099,114360341
114283408,114284575
114284092,114284575
114290323,114288372
114290706,114288372
114291439,114290706
114301210,114336604
114302695,114298714
114319987,114611476
114319987,114611671
114321323,114636977
114325799,114328679
114329460,114329162
114330948,114330663
114333790,114715692
114345367,114355391
114349453,114713951
114355557,114355391
114356901,114360341
114425265,114419271
114426635,114376481
114426635,114519773
114439724,114409622
114450510,114392462
114453417,114450877
114464480,114473679
114464620,114474673
114469894,114378683
114477945,114477829
114501803,114385264
114534384,114472127
114534384,114475824
114542993,114312818
114545159,114312818
114546383,114754922
114547341,114312818
114555726,114555417
114555845,114555417
114556262,114363311
114562154,114562911
114562681,114310635
114570454,114579505
114577699,114366931
114579727,114414238
114583632,114320420
114595827,114380674
114601515,114424281
114602354,114387591
114603336,114288372
114613579,114324902
114615120,114372495
114616567,114344611
114616728,114343619
114620664,114635857
114649465,107664092
114713651,114713951
114760777,108664107
114765191,114765542
114765350,114765823
114772592,114429946
114789829,114642749
114804791,105643755
114811984,114387997
114865090,114868776
114865090,114928485
114867329,114928485
114876641,115078131
114946198,103654458
114974118,103894661
114983072,100871285
115030905,115030507
115046367,102897974
115046367,103977228
115055753,115236410
115117089,112813408
115130793,103493669
115134632,115113683
115160369,114938490
115165663,111685889
115168388,115869794
115214497,115078131
115214497,115079979
115227084,112813408
115289476,115289151
115295865,102997492
115340818,105538028
115341018,105538227
115355229,115354371
115355411,115354371
115377304,115377091
115377488,115377304
115377674,115377488
115377825,115377488
115378058,115377304
115378295,115378058
115378491,115378058
115378651,115378058
115378817,115378058
115378972,115378058
115379333,115379147
115379578,115379147
115379764,115379147
115380210,115379976
115380380,115379976
115380591,115380380
115380844,115380380
115381131,115379976
115381377,115379976
115381572,115379976
115381786,115379976
115382262,115381976
115382485,115381976
115389262,115389413
115389413,115463185
115389664,115389413
115395059,115394110
115395533,115393771
115396843,115393771
115397737,115393771
115398537,115393771
115399148,115400463
115399370,115401216
115399626,115400463
115399911,115398952
115400194,115400463
115401216,115401079
115401447,115400463
115401661,115401216
115401852,115406202
115401969,115406202
115402423,115406202
115402736,115406202
115403027,115406202
115403398,115407172
115403878,115407172
115404255,115407172
115404640,115407172
115405026,115401079
115405447,115406202
115405916,115406202
115406059,115406202
115406857,115406202
115407883,115406857
115408067,115406857
115410516,115423544
115412309,115467178
115412758,115463817
115412919,115464258
115415211,115415790
115415452,115468191
115416654,115423544
115417450,115424175
115418241,115424175
115418628,115408677
115418960,115418628
115419161,115408677
115420023,115419862
115420698,115408677
115421577,115420698
115421751,115420698
115421856,115420698
115422040,115420698
115422240,115420698
115422807,115418960
115422919,115420133
115423092,115420133
115424175,115423544
115424679,115424457
115426336,115427151
115429312,115428874
115429659,115428874
115429833,115428874
115429991,115428874
115430148,115428874
115430302,115428874
115430457,115428874
115430609,115428874
115430763,115428874
115430916,115428874
115431068,115428874
115431221,115428874
115431377,115428874
115434904,115435178
115435513,115467546
115435649,115463817
115435862,115463817
115436831,115463817
115437367,115426736
115439286,115463817
115439484,115467178
115439643,115490758
115439794,115464642
115440059,115466511
115440328,115464258
115440518,115464258
115440723,115464258
115440896,115464258
115441097,115464258
115441265,115464258
115441446,115464642
115442151,115464961
115442334,115464961
115442498,115464961
115442679,115465256
115442895,115465256
115442993,115465256
115443098,115465256
115443330,115465578
115443546,115465578
115443690,115465578
115443792,115465939
115444228,115466511
115444360,115466511
115444487,115466511
115444603,115466887
115444788,115466887
115445535,115496158
115446598,115463817
115447484,115465578
115447616,115466227
115447902,115466227
115448214,115463817
115448447,115464642
115448723,115463817
115448842,115467178
115449260,115467178
115449405,115496158
115449973,115467546
115450324,115463817
115450324,115467546
115450533,115450324
115450657,115469252
115452820,115468612
115452820,115468840
115453193,115469766
115453951,115465256
115454101,115465939
115454280,115465939
115454683,115467178
115454903,115467178
115457558,115458755
115458755,115459304
115459304,115394579
115459652,115514039
115459869,115459304
115459967,115459304
115460068,115455292
115460715,115460068
115460875,115460068
115461328,115460068
115461644,115456765
115463478,115427890
115463817,115427890
115464155,115463817
115464258,115427890
115464537,115464258
115464642,115427890
115464862,115464642
115464961,115427890
115465157,115464961
115465256,115427890
115465483,115465256
115465578,115427890
115465842,115465578
115465939,115427890
115466130,115465939
115466227,115427890
115466410,115466227
115466511,115427890
115466780,115466511
115466887,115427890
115467075,115466887
115467178,115427890
115467441,115467178
115467546,115427890
115467735,115467546
115467840,115431538
115468191,115431538
115468411,115431538
115468612,115431538
115468840,115431538
115469042,115431538
115469252,115431538
115469465,115431538
115469588,115431538
115469766,115431538
115469961,115431538
115470158,115431538
115470335,115431538
115470532,115431538
115470738,115432513
115471080,115432513
115471215,115432513
115471335,115432513
115471446,115432513
115471559,115432513
115471683,115432513
115471809,115432513
115471921,115432513
115472044,115432513
115472337,115432513
115472449,115432513
115472584,115432513
115473137,115433087
115473480,115433087
115473660,115473480
115473813,115433087
115473935,115433087
115474053,115433087
115474171,115433087
115474289,115433087
115474411,115433087
115474529,115433087
115474650,115433087
115474771,115433087
115474885,115433087
115475072,115474885
115475260,115433087
115475382,115426736
115475798,115465578
115475798,115491220
115475988,115465578
115476155,115465578
115476834,115476737
115476976,115491752
115477360,115464642
115477360,115490981
115477536,115466511
115477536,115490758
115479035,115457313
115479454,115478272
115479583,115457313
115479715,115457313
115479832,115457313
115480256,115480000
115480430,115480000
115480537,115480000
115481651,115408677
115481967,115481651
115482072,115481651
115484380,115390045
115485313,115508767
115485663,115508767
115485862,115508767
115486134,115485862
115486304,115485862
115486611,115486304
115486798,115486304
115486946,115486304
115487138,115485862
115487310,115485862
115487677,100463913
115487888,100463913
115488663,115481651
115488841,115481651
115489025,115488663
115489439,115489586
115489586,115489752
115489752,115489914
115489914,115490075
115490075,115490237
115490237,115489025
115490374,115455292
115491537,115491220
115492044,115491752
115495622,115435178
115495770,115495622
115495892,115435178
115496013,115495892
115496158,115435178
115496338,115496848
115496561,115496848
115496728,115496848
115496848,115435178
115499373,100452590
115501673,115502175
115502175,115497859
115502424,115501673
115507338,115374308
115508227,115374308
115509412,115508767
115509858,115511142
115510021,115511142
115510239,115510021
115510462,115510021
115510784,115510634
115510931,115511142
115511142,100463913
115511643,115511142
115511780,115511142
115511919,115511142
115512056,100469197
115512056,100481629
115512056,115511142
115512508,115511142
115512677,115511142
115512921,115511142
115513511,115374308
115514039,115374308
115514357,115514039
115523540,115425528
115528746,100463913
115533563,115534249
115534249,115534648
115540751,100544433
115542323,114417105
115543252,115542874
115543470,115542874
115543971,115542874
115544895,115542575
115546583,115390045
115550861,115542874
115551891,115425528
115552833,115425528
115554064,115456977
115554890,115466511
115664313,108870930
115806567,115806272
115816892,113848304
115845522,105172354
115875762,115875429
115908273,103054589
115957634,105365414
115958987,101815428
115958987,102009390
115960094,105547642
115960390,101958468
115961265,106119163
115961911,115961570
115966820,105648665
115976464,105417479
116009691,116015033
116027502,115457313
116033203,116032820
116033558,116032820
116034285,116033781
116034738,103003132
116057704,103167647
116061172,104431987
116104651,116104488
116120508,102912017
116129536,103567621
116134871,102761846
116138647,103648460
116141125,102918439
116141560,102918439
116149589,116149296
116152615,116153563
116152615,116153974
116153563,116152802
116153974,116152802
116154773,116153974
116173341,104244726
116186302,116186031
116192864,116070442
116193226,116070442
116196196,103844394
116196909,103844394
116205950,116205727
116220018,103007214
116229757,104004590
116229757,104080035
116229757,104142245
116229757,105492793
116229757,115055879
116229757,115142328
116229757,115333547
116229757,115801160
116229757,115804643
116229757,115869794
116229757,116280389
116231491,115078131
116242219,116242554
116265259,102906320
116265259,104678745
116267940,116268263
116279880,116051117
116285944,113882199
116286691,113842268
116286975,116287322
116287322,116287748
116287982,116286975
116289329,115816892
