300003364,300003559
300003364,300003706
300003364,300003835
300003559,300003364
300003706,300003364
300003835,300003364
300003945,300004177
300003945,300004302
300004177,300003945
300004302,300003945
300004419,300004621
300004419,300004729
300004419,300004823
300004621,300004419
300004729,300004419
300004823,300004419
300004986,300005113
300005113,300004986
300005211,300005479
300005211,300005606
300005211,300005725
300005211,300005846
300005479,300005211
300005606,300005211
300005725,300005211
300005846,300005211
300006058,300006271
300006271,300006058
300006362,300006803
300006362,300006911
300006362,300007123
300006362,300007235
300006362,300007358
300006362,300007543
300006362,300007724
300006803,300006362
300006911,300006362
300007123,300006362
300007235,300006362
300007358,300006362
300007543,300006362
300007724,300006362
300007840,300008017
300008017,300007840
300008233,300008470
300008470,300008233
300009073,300009374
300009073,300009646
300009374,300009073
300009646,300009073
300010011,300010418
300010011,300010570
300010011,300010759
300010011,300011193
300010011,300011360
300010011,300011698
300010418,300010011
300010570,300010011
300010759,300010011
300011193,300010011
300011360,300010011
300011698,300010011
300011790,300012112
300011790,300012403
300011790,300012656
300011790,300012899
300012112,300011790
300012403,300011790
300012656,300011790
300012899,300011790
300013127,300013409
300013127,300013629
300013409,300013127
300013629,300013127
300013854,300014325
300013854,300014457
300013854,300014825
300013854,300015082
300013854,300015232
300013854,300015465
300013854,300015574
300013854,300015706
300013854,300015840
300013854,300015991
300013854,300016121
300013854,300016233
300013854,300016336
300013854,300016518
300013854,300016633
300014325,300013854
300014457,300013854
300014825,300013854
300015082,300013854
300015232,300013854
300015465,300013854
300015574,300013854
300015706,300013854
300015840,300013854
300015991,300013854
300016121,300013854
300016233,300013854
300016336,300013854
300016518,300013854
300016633,300013854
300016742,300017010
300016742,300017172
300017010,300016742
300017172,300016742
300017338,300017495
300017495,300017338
300017768,300018055
300017768,300018208
300017768,300018421
300018055,300017768
300018208,300017768
300018421,300017768
300018570,300018836
300018836,300018570
300019117,300019335
300019117,300019491
300019117,300019717
300019335,300019117
300019491,300019117
300019717,300019117
300019860,300020089
300019860,300020226
300019860,300020395
300019860,300020632
300020089,300019860
300020226,300019860
300020395,300019860
300020632,300019860
300020772,300021095
300021095,300020772
300021388,300021577
300021577,300021388
300021751,300022204
300021751,300022422
300021751,300022668
300021751,300022840
300021751,300022950
300021751,300023108
300021751,300023266
300022204,300021751
300022422,300021751
300022668,300021751
300022840,300021751
300022950,300021751
300023108,300021751
300023266,300021751
300023371,300023643
300023371,300023842
300023371,300024128
300023371,300024230
300023643,300023371
300023842,300023371
300024128,300023371
300024230,300023371
300024406,300024648
300024648,300024406
300024825,300024990
300024825,300025160
300024990,300024825
300025160,300024825
300025266,300025498
300025266,300025661
300025498,300025266
300025661,300025266
300025756,300026079
300025756,300026196
300025756,300026322
300025756,300026416
300026079,300025756
300026196,300025756
300026322,300025756
300026416,300025756
300026734,300026923
300026923,300026734
300027275,300027627
300027275,300027861
300027275,300027996
300027275,300028169
300027275,300028268
300027275,300028459
300027627,300027275
300027861,300027275
300027996,300027275
300028169,300027275
300028268,300027275
300028459,300027275
300028660,300028855
300028660,300028972
300028660,300029096
300028660,300029204
300028855,300028660
300028972,300028660
300029096,300028660
300029204,300028660
300029331,300029757
300029331,300029921
300029331,300030496
300029331,300030689
300029331,300030786
300029331,300031131
300029331,300031377
300029757,300029331
300029921,300029331
300030496,300029331
300030689,300029331
300030786,300029331
300031131,300029331
300031377,300029331
300031967,300032351
300031967,300032490
300031967,300032726
300031967,300033070
300031967,300033199
300031967,300033352
300031967,300033468
300032351,300031967
300032490,300031967
300032726,300031967
300033070,300031967
300033199,300031967
300033352,300031967
300033468,300031967
300033567,300033879
300033567,300034025
300033567,300034225
300033567,300034315
300033567,300034565
300033879,300033567
300034025,300033567
300034225,300033567
300034315,300033567
300034565,300033567
300034703,300034917
300034917,300034703
300035067,300035247
300035067,300035361
300035247,300035067
300035361,300035067
300035458,300035772
300035458,300035861
300035458,300035971
300035458,300036156
300035458,300036247
300035458,300036339
300035772,300035458
300035861,300035458
300035971,300035458
300036156,300035458
300036247,300035458
300036339,300035458
300036474,300036756
300036474,300036872
300036474,300036991
300036474,300037181
300036474,300037334
300036756,300036474
300036872,300036474
300036991,300036474
300037181,300036474
300037334,300036474
300037450,300037646
300037646,300037450
300037750,300037978
300037750,300038112
300037750,300038253
300037750,300038455
300037750,300038616
300037978,300037750
300038112,300037750
300038253,300037750
300038455,300037750
300038616,300037750
300038743,300039115
300038743,300039252
300038743,300039387
300039115,300038743
300039252,300038743
300039387,300038743
300039585,300039941
300039585,300040070
300039585,300040222
300039941,300039585
300040070,300039585
300040222,300039585
300040466,300040695
300040695,300040466
300040846,300041070
300041070,300040846
300041212,300041400
300041400,300041212
300041559,300041687
300041687,300041559
300042634,300042869
300042634,300043014
300042634,300043159
300042869,300042634
300043014,300042634
300043159,300042634
300043302,300043407
300043407,300043302
300043942,300044309
300044309,300043942
300044530,300044785
300044785,300044530
300044937,300045164
300045164,300044937
300045300,300045533
300045533,300045300
300045738,300045912
300045738,300046065
300045912,300045738
300046065,300045738
300046286,300046516
300046286,300046648
300046286,300046735
300046516,300046286
300046648,300046286
300046735,300046286
300046850,300046969
300046850,300047132
300046969,300046850
300047132,300046850
300047206,300047420
300047206,300047584
300047420,300047206
300047584,300047206
300047744,300047831
300047831,300047744
300048307,300048638
300048307,300048884
300048307,300049036
300048307,300049194
300048307,300049444
300048307,300049649
300048307,300049831
300048307,300050027
300048638,300048307
300048884,300048307
300049036,300048307
300049194,300048307
300049444,300048307
300049649,300048307
300049831,300048307
300050027,300048307
300050231,300050408
300050231,300050594
300050408,300050231
300050594,300050231
300050789,300050951
300050951,300050789
300051197,300051525
300051197,300051723
300051525,300051197
300051723,300051197
300051868,300052184
300051868,300052418
300051868,300052603
300052184,300051868
300052418,300051868
300052603,300051868
300052844,300053204
300052844,300053326
300052844,300053420
300052844,300053556
300052844,300053736
300052844,300053863
300052844,300054281
300052844,300054373
300052844,300054450
300052844,300054536
300052844,300054713
300052844,300054839
300052844,300054976
300053204,300052844
300053326,300052844
300053420,300052844
300053556,300052844
300053736,300052844
300053863,300052844
300054281,300052844
300054373,300052844
300054450,300052844
300054536,300052844
300054713,300052844
300054839,300052844
300054976,300052844
300055080,300055213
300055080,300055314
300055080,300055428
300055213,300055080
300055314,300055080
300055428,300055080
300056174,300056832
300056174,300057078
300056174,300057172
300056174,300057378
300056174,300057619
300056174,300057719
300056174,300057795
300056174,300057966
300056174,300058110
300056174,300058221
300056174,300058509
300056174,300058608
300056174,300058783
300056174,300058944
300056174,300059070
300056174,300059177
300056174,300059276
300056174,300059379
300056174,300059449
300056174,300059574
300056174,300059739
300056174,300059918
300056174,300060099
300056174,300060282
300056174,300060370
300056174,300060468
300056174,300060611
300056832,300056174
300057078,300056174
300057172,300056174
300057378,300056174
300057619,300056174
300057719,300056174
300057795,300056174
300057966,300056174
300058110,300056174
300058221,300056174
300058509,300056174
300058608,300056174
300058783,300056174
300058944,300056174
300059070,300056174
300059177,300056174
300059276,300056174
300059379,300056174
300059449,300056174
300059574,300056174
300059739,300056174
300059918,300056174
300060099,300056174
300060282,300056174
300060370,300056174
300060468,300056174
300060611,300056174
300060714,300060922
300060714,300061192
300060922,300060714
300061192,300060714
300061579,300061981
300061579,300062202
300061579,300062469
300061579,300062685
300061579,300062944
300061579,300063058
300061579,300063409
300061981,300061579
300062202,300061579
300062469,300061579
300062685,300061579
300062944,300061579
300063058,300061579
300063409,300061579
300063599,300063885
300063599,300064276
300063599,300064499
300063599,300064688
300063885,300063599
300064276,300063599
300064499,300063599
300064688,300063599
300064802,300065171
300064802,300065448
300064802,300065568
300065171,300064802
300065448,300064802
300065568,300064802
300065872,300066340
300066340,300065872
300066464,300066837
300066464,300067256
300066464,300067394
300066837,300066464
300067256,300066464
300067394,300066464
300067491,300067642
300067642,300067491
300067747,300068088
300067747,300068351
300068088,300067747
300068351,300067747
300068679,300068893
300068893,300068679
300069279,300069451
300069279,300069596
300069451,300069279
300069596,300069279
300070244,300070679
300070244,300070842
300070244,300071019
300070244,300071158
300070679,300070244
300070842,300070244
300071019,300070244
300071158,300070244
300071314,300071588
300071588,300071314
300071687,300071908
300071687,300072008
300071687,300072193
300071687,300072325
300071687,300072505
300071687,300072663
300071908,300071687
300072008,300071687
300072193,300071687
300072325,300071687
300072505,300071687
300072663,300071687
300072758,300073047
300072758,300073206
300072758,300073447
300072758,300073564
300073047,300072758
300073206,300072758
300073447,300072758
300073564,300072758
300073823,300074133
300073823,300074240
300073823,300074536
300073823,300074710
300073823,300074869
300073823,300074991
300074133,300073823
300074240,300073823
300074536,300073823
300074710,300073823
300074869,300073823
300074991,300073823
300075121,300075369
300075121,300075516
300075121,300075642
300075121,300075794
300075369,300075121
300075516,300075121
300075642,300075121
300075794,300075121
300075910,300076164
300076164,300075910
300076302,300076524
300076524,300076302
300076739,300076914
300076914,300076739
300077128,300077367
300077128,300077525
300077367,300077128
300077525,300077128
300077707,300077845
300077707,300077982
300077707,300078140
300077845,300077707
300077982,300077707
300078140,300077707
300078431,300079097
300078431,300079231
300078431,300079344
300078431,300079473
300078431,300079619
300078431,300079710
300078431,300079837
300078431,300080030
300078431,300080124
300078431,300080253
300078431,300080397
300078431,300080554
300078431,300080664
300078431,300080866
300078431,300080981
300078431,300081125
300078431,300081466
300078431,300081629
300078431,300081735
300078431,300081882
300078431,300082065
300078431,300082161
300079097,300078431
300079231,300078431
300079344,300078431
300079473,300078431
300079619,300078431
300079710,300078431
300079837,300078431
300080030,300078431
300080124,300078431
300080253,300078431
300080397,300078431
300080554,300078431
300080664,300078431
300080866,300078431
300080981,300078431
300081125,300078431
300081466,300078431
300081629,300078431
300081735,300078431
300081882,300078431
300082065,300078431
300082161,300078431
300082319,300082578
300082319,300082682
300082319,300082808
300082578,300082319
300082682,300082319
300082808,300082319
300082889,300083414
300082889,300083627
300082889,300083876
300082889,300084058
300082889,300084328
300082889,300084455
300082889,300084601
300082889,300084932
300082889,300085243
300082889,300085377
300083414,300082889
300083627,300082889
300083876,300082889
300084058,300082889
300084328,300082889
300084455,300082889
300084601,300082889
300084932,300082889
300085243,300082889
300085377,300082889
300085538,300085721
300085721,300085538
300085846,300086248
300085846,300086446
300085846,300086704
300085846,300086839
300085846,300087044
300085846,300087175
300085846,300087440
300085846,300087635
300085846,300087856
300085846,303185157
300086248,300085846
300086446,300085846
300086704,300085846
300086839,300085846
300087044,300085846
300087175,300085846
300087440,300085846
300087635,300085846
300087856,300085846
300088188,300088431
300088188,300088671
300088188,300088889
300088188,300088991
300088188,300089162
300088188,300089380
300088431,300088188
300088671,300088188
300088889,300088188
300088991,300088188
300089162,300088188
300089380,300088188
300089493,300089627
300089493,300089734
300089627,300089493
300089734,300089493
300090229,300090460
300090229,300091148
300090229,300091299
300090229,300091488
300090229,300091708
300090460,300090229
300091148,300090229
300091299,300090229
300091488,300090229
300091708,300090229
300092391,300092844
300092391,300093227
300092391,300093366
300092391,300093482
300092844,300092391
300093227,300092391
300093366,300092391
300093482,300092391
300093782,300093939
300093939,300093782
300094024,300094199
300094199,300094024
300094366,300094524
300094366,300094647
300094524,300094366
300094647,300094366
300094901,300095160
300094901,300095330
300094901,300095415
300095160,300094901
300095330,300094901
300095415,300094901
300095539,300095890
300095539,300096032
300095539,300096185
300095890,300095539
300096032,300095539
300096185,300095539
300096371,300096964
300096371,300097163
300096371,300097330
300096371,300097506
300096371,300097687
300096371,300097907
300096371,300098005
300096371,300098118
300096371,300098243
300096371,300098401
300096371,300098548
300096371,300098673
300096371,300098770
300096371,300098864
300096371,300099002
300096371,300099139
300096371,300099243
300096371,300099411
300096371,300099554
300096964,300096371
300097163,300096371
300097330,300096371
300097506,300096371
300097687,300096371
300097907,300096371
300098005,300096371
300098118,300096371
300098243,300096371
300098401,300096371
300098548,300096371
300098673,300096371
300098770,300096371
300098864,300096371
300099002,300096371
300099139,300096371
300099243,300096371
300099411,300096371
300099554,300096371
300100394,300100694
300100694,300100394
300100863,300101202
300100863,300101361
300100863,300101494
300101202,300100863
300101361,300100863
300101494,300100863
300101664,300101911
300101664,300102019
300101911,300101664
300102019,300101664
300102830,302115113
300102952,300103329
300102952,300103538
300102952,300103682
300102952,300103948
300102952,300104054
300102952,300104199
300102952,300104319
300103329,300102952
300103538,300102952
300103682,300102952
300103948,300102952
300104054,300102952
300104199,300102952
300104319,300102952
300104448,300104708
300104708,300104448
300104806,300105073
300104806,300105255
300104806,300105421
300104806,300105547
300104806,300105664
300105073,300104806
300105255,300104806
300105421,300104806
300105547,300104806
300105664,300104806
300105745,300105919
300105919,300105745
300106486,300106760
300106486,300106922
300106486,300107030
300106760,300106486
300106922,300106486
300107030,300106486
300107209,300107650
300107209,300107846
300107209,300107957
300107209,300108079
300107209,300108212
300107650,300107209
300107846,300107209
300107957,300107209
300108079,300107209
300108212,300107209
300108476,300108696
300108696,300108476
300108812,300108973
300108973,300108812
300112327,300112516
300112516,300112327
300112768,300112930
300112930,300112768
300114751,300115199
300114751,300115387
300114751,300115730
300114751,300115854
300114751,300116027
300114751,300116126
300114751,300116428
300114751,300116711
300114751,300116840
300114751,300116992
300114751,300117184
300115199,300114751
300115387,300114751
300115730,300114751
300115854,300114751
300116027,300114751
300116126,300114751
300116428,300114751
300116711,300114751
300116840,300114751
300116992,300114751
300117184,300114751
300117468,300117683
300117468,300117879
300117683,300117468
300117879,300117468
300118047,300118176
300118176,300118047
300118326,300118596
300118596,300118326
300118696,300118903
300118903,300118696
300119198,300119411
300119411,300119198
300119527,300119822
300119527,300119984
300119527,300120224
300119822,300119527
300119984,300119527
300120224,300119527
300120354,300120496
300120354,300120675
300120496,300120354
300120675,300120354
300120800,300120918
300120918,300120800
300121507,300121717
300121717,300121507
300121967,300122116
300121967,300122309
300122116,300121967
300122309,300121967
300122816,300123079
300122816,300123196
300122816,300123337
300123079,300122816
300123196,300122816
300123337,300122816
300123577,300123795
300123577,300124498
300123795,300123577
300124498,300123577
300124817,300124974
300124974,300124817
300125090,300125366
300125090,300125506
300125090,300125698
300125366,300125090
300125506,300125090
300125698,300125090
300125931,300126081
300125931,300126183
300126081,300125931
300126183,300125931
300126332,300126566
300126566,300126332
300126724,300127006
300126724,300127129
300126724,300127248
300126724,300127352
300126724,300127510
300126724,300127715
300126724,300127843
300126724,300128150
300127006,300126724
300127129,300126724
300127248,300126724
300127352,300126724
300127510,300126724
300127715,300126724
300127843,300126724
300128150,300126724
300128309,300128574
300128309,300128692
300128309,300128846
300128309,300128979
300128309,300129168
300128309,300129350
300128309,300129475
300128574,300128309
300128692,300128309
300128846,300128309
300128979,300128309
300129168,300128309
300129350,300128309
300129475,300128309
300129785,300129965
300129965,300129785
300131821,300132061
300131821,300132219
300131821,300132340
300132061,300131821
300132219,300131821
300132340,300131821
300132469,300132735
300132469,300132906
300132469,300133082
300132735,300132469
300132906,300132469
300133082,300132469
300133427,300133796
300133796,300133427
300134462,300134771
300134771,300134462
300135230,300135421
300135421,300135230
300135571,300135732
300135732,300135571
300135871,300136298
300135871,300136399
300135871,300136548
300135871,300136661
300136298,300135871
300136399,300135871
300136548,300135871
300136661,300135871
300136924,300137287
300136924,300137391
300137287,300136924
300137391,300136924
300137560,300137831
300137560,300137969
300137560,300138126
300137560,300138362
300137560,300138519
300137560,300138615
300137560,300138794
300137560,300138922
300137831,300137560
300137969,300137560
300138126,300137560
300138362,300137560
300138519,300137560
300138615,300137560
300138794,300137560
300138922,300137560
300139590,300139735
300139735,300139590
300140043,300140203
300140203,300140043
300140765,300140913
300140765,300141123
300140913,300140765
300141123,300140765
300141291,300141411
300141291,300141496
300141411,300141291
300141496,300141291
300141963,300142301
300141963,300142410
300141963,300142532
300141963,300142737
300141963,300142850
300142301,300141963
300142410,300141963
300142532,300141963
300142737,300141963
300142850,300141963
300142943,300143068
300142943,300143167
300143068,300142943
300143167,300142943
300143828,300144043
300143828,300144125
300143828,300144246
300144043,300143828
300144125,300143828
300144246,300143828
300144338,300144622
300144338,300144715
300144338,300144797
300144338,300144937
300144622,300144338
300144715,300144338
300144797,300144338
300144937,300144338
300145010,300145275
300145010,300145441
300145010,300145523
300145010,300145665
300145010,300145829
300145010,300145931
300145010,300146019
300145275,300145010
300145441,300145010
300145523,300145010
300145665,300145010
300145829,300145010
300145931,300145010
300146019,300145010
300146298,300146503
300146298,300147048
300146298,300147126
300146298,300147225
300146298,300147303
300146503,300146298
300147048,300146298
300147126,300146298
300147225,300146298
300147303,300146298
300147415,300147548
300147548,300147415
300147630,300147850
300147630,300147921
300147630,300148029
300147630,300148113
300147850,300147630
300147921,300147630
300148029,300147630
300148113,300147630
300148303,300148472
300148303,300148580
300148303,300148817
300148472,300148303
300148580,300148303
300148817,300148303
300148948,300149079
300149079,300148948
300149154,300149498
300149154,300150031
300149154,300150241
300149154,300150510
300149154,300150652
300149154,300150852
300149154,300151077
300149498,300149154
300150031,300149154
300150241,300149154
300150510,300149154
300150652,300149154
300150852,300149154
300151077,300149154
300151253,300151447
300151447,300151253
300151594,300151897
300151594,300152227
300151594,300152339
300151897,300151594
300152227,300151594
300152339,300151594
300152508,300152933
300152508,300153064
300152508,300153258
300152508,300153407
300152508,300153507
300152508,300153688
300152508,300154043
300152508,300154198
300152933,300152508
300153064,300152508
300153258,300152508
300153407,300152508
300153507,300152508
300153688,300152508
300154043,300152508
300154198,300152508
300154310,300154500
300154500,300154310
300154827,300154962
300154962,300154827
300155068,300155205
300155205,300155068
300155314,300155579
300155314,300155686
300155314,300155999
300155314,300156254
300155579,300155314
300155686,300155314
300155999,300155314
300156254,300155314
300156382,300156561
300156382,300157139
300156382,300157305
300156561,300156382
300157139,300156382
300157305,300156382
300157521,300157859
300157521,300157994
300157859,300157521
300157994,300157521
300158258,300158499
300158258,300158687
300158499,300158258
300158687,300158258
300158808,300159077
300159077,300158808
300159343,300159528
300159343,300159666
300159343,300159760
300159528,300159343
300159666,300159343
300159760,300159343
300159835,300159974
300159974,300159835
300160129,300160292
300160129,300160389
300160129,300160534
300160129,300160695
300160292,300160129
300160389,300160129
300160534,300160129
300160695,300160129
300161572,300161716
300161716,300161572
300162001,300162196
300162001,300162385
300162196,300162001
300162385,300162001
300162493,300162598
300162598,300162493
300162859,300163112
300162859,300163306
300162859,300163421
300163112,300162859
300163306,300162859
300163421,300162859
300163511,300163676
300163676,300163511
300163814,300164107
300163814,300164309
300164107,300163814
300164309,300163814
300164436,300164780
300164436,300164945
300164780,300164436
300164945,300164436
300165057,300165417
300165057,300165784
300165057,300165938
300165057,300166074
300165057,300166157
300165417,300165057
300165784,300165057
300165938,300165057
300166074,300165057
300166157,300165057
300166339,300166647
300166339,300166934
300166339,300167061
300166339,300167242
300166339,300167419
300166647,300166339
300166934,300166339
300167061,300166339
300167242,300166339
300167419,300166339
300167622,300168229
300167622,300168553
300167622,300168754
300167622,300168996
300167622,300169147
300167622,300169305
300167622,300169515
300167622,300169664
300167622,300170027
300167622,300170170
300167622,300170296
300167622,300170386
300167622,300170532
300168229,300167622
300168553,300167622
300168754,300167622
300168996,300167622
300169147,300167622
300169305,300167622
300169515,300167622
300169664,300167622
300170027,300167622
300170170,300167622
300170296,300167622
300170386,300167622
300170532,300167622
300170640,300170908
300170640,300171187
300170640,300171321
300170908,300170640
300171187,300170640
300171321,300170640
300171852,300172212
300171852,300172342
300172212,300171852
300172342,300171852
300172539,300172787
300172539,300172943
300172787,300172539
300172943,300172539
300173086,300173368
300173086,300173668
300173086,300173808
300173368,300173086
300173668,300173086
300173808,300173086
300174066,300174286
300174286,300174066
300174748,300174919
300174919,300174748
300175292,300175584
300175292,300175678
300175292,300175771
300175584,300175292
300175678,300175292
300175771,300175292
300175907,300176247
300175907,300176411
300175907,300176515
300175907,300176655
300175907,300176840
300175907,300176975
300176247,300175907
300176411,300175907
300176515,300175907
300176655,300175907
300176840,300175907
300176975,300175907
300177690,300177927
300177690,300178238
300177927,300177690
300178238,300177690
300178400,300178553
300178553,300178400
300178747,300179108
300178747,300179413
300179108,300178747
300179413,300178747
300179542,300179705
300179542,300180044
300179705,300179542
300180044,300179542
300180155,300180690
300180155,300180845
300180155,300180970
300180466,301644437
300180690,300180155
300180845,300180155
300180970,300180155
300181141,300181331
300181141,300181470
300181331,300181141
300181470,300181141
300182685,300182817
300182685,300182919
300182817,300182685
300182919,300182685
300183131,300183559
300183131,300183741
300183131,300183880
300183131,300184073
300183131,300184165
300183131,300184294
300183131,300184373
300183559,300183131
300183741,300183131
300183880,300183131
300184073,300183131
300184165,300183131
300184294,300183131
300184373,300183131
300184498,300184616
300184616,300184498
300184708,300185330
300184708,300185487
300184708,300185587
300184708,300185730
300184708,300185884
300184708,300186018
300184708,300186198
300184708,300186331
300184708,300186447
300184708,300186573
300184708,300186815
300184708,300187018
300184708,300187164
300184708,300187262
300184708,300187414
300185330,300184708
300185487,300184708
300185587,300184708
300185730,300184708
300185884,300184708
300186018,300184708
300186198,300184708
300186331,300184708
300186447,300184708
300186573,300184708
300186815,300184708
300187018,300184708
300187164,300184708
300187262,300184708
300187414,300184708
300187576,300187866
300187576,300188036
300187576,300188333
300187866,300187576
300188036,300187576
300188333,300187576
300188459,300188768
300188459,300188892
300188459,300189019
300188459,300189287
300188459,300189434
300188768,300188459
300188892,300188459
300189019,300188459
300189287,300188459
300189434,300188459
300189580,300189902
300189580,300189999
300189580,300190280
300189580,300190582
300189580,300190761
300189580,300190861
300189580,300191097
300189580,300191359
300189902,300189580
300189999,300189580
300190280,300189580
300190582,300189580
300190761,300189580
300190861,300189580
300191097,300189580
300191359,300189580
300191428,300191681
300191681,300191428
300191963,300192505
300191963,300192812
300191963,300193122
300192505,300191963
300192812,300191963
300193122,300191963
300193462,300193907
300193462,300194221
300193462,300194316
300193462,300194512
300193907,300193462
300194221,300193462
300194316,300193462
300194512,300193462
300195008,300195378
300195008,300195491
300195008,300195811
300195008,300196369
300195008,300196779
300195008,300196886
300195008,300197167
300195008,300197359
300195008,300197661
300195008,300198099
300195008,300198210
300195008,300198289
300195008,300198426
300195008,303187894
300195378,300195008
300195491,300195008
300195811,300195008
300196369,300195008
300196779,300195008
300196886,300195008
300197167,300195008
300197359,300195008
300197661,300195008
300198099,300195008
300198210,300195008
300198289,300195008
300198426,300195008
300198913,300199130
300198913,300199226
300198913,300199298
300199130,300198913
300199226,300198913
300199298,300198913
300199555,300199752
300199555,300199870
300199752,300199555
300199870,300199555
300200126,300200362
300200126,300200589
300200126,300200736
300200362,300200126
300200589,300200126
300200736,300200126
300200883,300201093
300200883,300201442
300201093,300200883
300201442,300200883
300201548,300201790
300201790,300201548
300202005,300202237
300202005,300202410
300202005,300202508
300202005,300202582
300202005,300202739
300202005,300202833
300202005,300202958
300202237,300202005
300202410,300202005
300202508,300202005
300202582,300202005
300202739,300202005
300202833,300202005
300202958,300202005
300203109,300203238
300203238,300203109
300203332,300203700
300203332,300203780
300203332,300203939
300203332,300204073
300203332,300204228
300203332,300204389
300203332,300204486
300203332,300204655
300203332,300204750
300203332,300204853
300203332,300205008
300203332,300205101
300203700,300203332
300203780,300203332
300203939,300203332
300204073,300203332
300204228,300203332
300204389,300203332
300204486,300203332
300204655,300203332
300204750,300203332
300204853,300203332
300205008,300203332
300205101,300203332
300205215,300205473
300205215,300205592
300205473,300205215
300205592,300205215
300206055,300206245
300206245,300206055
300206491,300206779
300206491,300207033
300206491,300207150
300206491,300207295
300206491,300207696
300206779,300206491
300207033,300206491
300207150,300206491
300207295,300206491
300207696,300206491
300208403,300208627
300208403,300208750
300208403,300208900
300208403,300209034
300208403,300209133
300208403,300209226
300208403,300209305
300208403,300209389
300208627,300208403
300208750,300208403
300208900,300208403
300209034,300208403
300209133,300208403
300209226,300208403
300209305,300208403
300209389,300208403
300209547,300209706
300209547,300209809
300209547,300209887
300209706,300209547
300209809,300209547
300209887,300209547
300210229,300210447
300210229,300210613
300210229,300210749
300210229,300210872
300210447,300210229
300210613,300210229
300210749,300210229
300210872,300210229
300211079,300211253
300211079,300211391
300211253,300211079
300211391,300211079
300211621,300211782
300211621,300211917
300211621,300211989
300211621,300212080
300211782,300211621
300211917,300211621
300211989,300211621
300212080,300211621
300212447,300212849
300212447,300213027
300212447,300213093
300212447,300213222
300212447,300213371
300212447,300213445
300212447,300213565
300212447,300213736
300212447,300213828
300212447,300213917
300212447,300214058
300212849,300212447
300213027,300212447
300213093,300212447
300213222,300212447
300213371,300212447
300213445,300212447
300213565,300212447
300213736,300212447
300213828,300212447
300213917,300212447
300214058,300212447
300214174,300214950
300214174,300215072
300214174,300215173
300214174,300215388
300214174,300215517
300214174,300215611
300214174,300215815
300214174,300215934
300214174,300216002
300214174,300216166
300214174,300216324
300214174,300216462
300214174,300216641
300214174,300216813
300214174,300216908
300214174,300217088
300214174,300217258
300214174,300217345
300214174,300217469
300214174,300217565
300214174,300217655
300214174,300217746
300214174,300217835
300214174,300217930
300214174,300218004
300214174,300218080
300214174,300218156
300214174,300218309
300214174,300218421
300214174,300218561
300214174,300218669
300214950,300214174
300215072,300214174
300215173,300214174
300215388,300214174
300215517,300214174
300215611,300214174
300215815,300214174
300215934,300214174
300216002,300214174
300216166,300214174
300216324,300214174
300216462,300214174
300216641,300214174
300216813,300214174
300216908,300214174
300217088,300214174
300217258,300214174
300217345,300214174
300217469,300214174
300217565,300214174
300217655,300214174
300217746,300214174
300217835,300214174
300217930,300214174
300218004,300214174
300218080,300214174
300218156,300214174
300218309,300214174
300218421,300214174
300218561,300214174
300218669,300214174
300218859,300219076
300219076,300218859
300219298,300219429
300219429,300219298
300219729,300220306
300219729,300220441
300219729,300220674
300219729,300220838
300219729,300220951
300219729,300221403
300219729,300221719
300219729,300221823
300219729,300221938
300219729,300222096
300219729,300222255
300219729,300222355
300219729,300222516
300219729,300222614
300219729,300222753
300220306,300219729
300220441,300219729
300220674,300219729
300220838,300219729
300220951,300219729
300221403,300219729
300221719,300219729
300221823,300219729
300221938,300219729
300222096,300219729
300222255,300219729
300222355,300219729
300222516,300219729
300222614,300219729
300222753,300219729
300222970,300223387
300222970,300223538
300222970,300223622
300222970,300223696
300222970,300224003
300222970,300224216
300222970,300224341
300222970,300224521
300222970,300224615
300222970,303185357
300222970,303186897
300223387,300222970
300223538,300222970
300223622,300222970
300223696,300222970
300224003,300222970
300224216,300222970
300224341,300222970
300224521,300222970
300224615,300222970
300224734,300224820
300224820,300224734
300225265,300225420
300225265,300225549
300225265,300225627
300225420,300225265
300225549,300225265
300225627,300225265
300225847,300226076
300226076,300225847
300226211,300226411
300226211,300226560
300226411,300226211
300226560,300226211
300226776,300227147
300226776,300227456
300226776,300227615
300226776,300227872
300226776,300227963
300226776,300228175
300226776,300228409
300226776,300228504
300227147,300226776
300227456,300226776
300227615,300226776
300227872,300226776
300227963,300226776
300228175,300226776
300228409,300226776
300228504,300226776
300228688,300228961
300228961,300228688
300229073,300229371
300229371,300229073
300229577,300230099
300229577,300230247
300229577,300230368
300229577,300230539
300229577,300230680
300229577,300230911
300229577,300231002
300229577,300231165
300229577,300231262
300229577,300231406
300229577,300231522
300230099,300229577
300230247,300229577
300230368,300229577
300230539,300229577
300230680,300229577
300230911,300229577
300231002,300229577
300231165,300229577
300231262,300229577
300231406,300229577
300231522,300229577
300231665,300232017
300231665,300232115
300231665,300232247
300232017,300231665
300232115,300231665
300232247,300231665
300232374,300232904
300232374,300233001
300232374,300233168
300232904,300232374
300233001,300232374
300233168,300232374
300233317,300233678
300233678,300233317
300233848,300234054
300234054,300233848
300234325,300234476
300234325,300234711
300234325,300234845
300234325,300235077
300234476,300234325
300234711,300234325
300234845,300234325
300235077,300234325
300235533,300235726
300235533,300235847
300235533,300236016
300235726,300235533
300235847,300235533
300236016,300235533
300236197,300236469
300236197,300236613
300236197,300236824
300236469,300236197
300236613,300236197
300236824,300236197
300236963,300237330
300236963,300237417
300236963,300237520
300236963,300237662
300236963,300237825
300236963,300237917
300236963,300238007
300236963,300238082
300236963,300238180
300236963,300238294
300236963,300238432
300237330,300236963
300237417,300236963
300237520,300236963
300237662,300236963
300237825,300236963
300237917,300236963
300238007,300236963
300238082,300236963
300238180,300236963
300238294,300236963
300238432,300236963
300238577,300238746
300238746,300238577
300239083,300239250
300239250,300239083
300239334,300239882
300239334,300239975
300239334,300240059
300239334,300240131
300239334,300240283
300239334,300240404
300239334,300240494
300239334,300240584
300239334,300240658
300239334,300240730
300239334,300240806
300239334,300240882
300239334,300240956
300239334,300241028
300239334,300241106
300239334,300241184
300239334,300241279
300239334,300241419
300239334,300241538
300239334,300241614
300239334,300241688
300239334,300241762
300239334,300241836
300239334,300241941
300239334,300242102
300239882,300239334
300239975,300239334
300240059,300239334
300240131,300239334
300240283,300239334
300240404,300239334
300240494,300239334
300240584,300239334
300240658,300239334
300240730,300239334
300240806,300239334
300240882,300239334
300240956,300239334
300241028,300239334
300241106,300239334
300241184,300239334
300241279,300239334
300241419,300239334
300241538,300239334
300241614,300239334
300241688,300239334
300241762,300239334
300241836,300239334
300241941,300239334
300242102,300239334
300242511,300242678
300242511,300242749
300242678,300242511
300242749,300242511
300242950,300243112
300242950,300243187
300243112,300242950
300243187,300242950
300244060,300244356
300244060,300244563
300244356,300244060
300244563,300244060
300244785,300244982
300244982,300244785
300245102,300245441
300245102,300245550
300245102,300245694
300245102,300245819
300245102,300245905
300245441,300245102
300245550,300245102
300245694,300245102
300245819,300245102
300245905,300245102
300245998,300246315
300245998,300246454
300245998,300246608
300245998,300246696
300245998,300246815
300245998,300246954
300245998,300247263
300245998,300247360
300246315,300245998
300246454,300245998
300246608,300245998
300246696,300245998
300246815,300245998
300246954,300245998
300247263,300245998
300247360,300245998
300247452,300247675
300247452,300247848
300247452,300247997
300247452,300248123
300247452,300248238
300247452,300248389
300247675,300247452
300247848,300247452
300247997,300247452
300248123,300247452
300248238,300247452
300248389,300247452
300248524,300248758
300248758,300248524
300248950,300249379
300248950,300249504
300248950,300249629
300248950,300249762
300248950,300250072
300248950,300250352
300248950,300250618
300248950,300250817
300249379,300248950
300249504,300248950
300249629,300248950
300249762,300248950
300250072,300248950
300250352,300248950
300250618,300248950
300250817,300248950
300250947,300251090
300251090,300250947
300251235,300251633
300251235,300251997
300251235,300252173
300251235,300252253
300251235,300252650
300251235,300252889
300251235,300253045
300251235,300253197
300251633,300251235
300251997,300251235
300252173,300251235
300252253,300251235
300252650,300251235
300252889,300251235
300253045,300251235
300253197,300251235
300253325,300253646
300253325,300253827
300253325,300254015
300253325,300254250
300253325,300254343
300253646,300253325
300253827,300253325
300254015,300253325
300254250,300253325
300254343,300253325
300254471,300254713
300254471,300254890
300254471,300254998
300254471,300255183
300254471,300255286
300254471,300255398
300254471,300255575
300254713,300254471
300254890,300254471
300254998,300254471
300255183,300254471
300255286,300254471
300255398,300254471
300255575,300254471
300255681,300255825
300255681,300255948
300255825,300255681
300255948,300255681
300256275,300256409
300256409,300256275
300256586,300256837
300256586,300256982
300256586,300257111
300256586,300257249
300256586,300257447
300256586,300257571
300256586,300257767
300256837,300256586
300256982,300256586
300257111,300256586
300257249,300256586
300257447,300256586
300257571,300256586
300257767,300256586
300257983,300258068
300258068,300257983
300258166,300258413
300258166,300258562
300258166,300258632
300258166,300258762
300258166,300258886
300258413,300258166
300258562,300258166
300258632,300258166
300258762,300258166
300258886,300258166
300258992,300259109
300259109,300258992
300259272,300259620
300259272,300259785
300259272,300259941
300259272,300260117
300259272,300260329
300259272,300260431
300259272,300260542
300259272,300260629
300259272,300260708
300259620,300259272
300259785,300259272
300259941,300259272
300260117,300259272
300260329,300259272
300260431,300259272
300260542,300259272
300260629,300259272
300260708,300259272
300261099,300261351
300261099,300261488
300261099,300261631
300261099,300261855
300261351,300261099
300261488,300261099
300261631,300261099
300261855,300261099
300261962,300262227
300261962,300262312
300261962,300262505
300261962,300262641
300262227,300261962
300262312,300261962
300262505,300261962
300262641,300261962
300262777,300263018
300262777,300263134
300262777,300263267
300262777,300263417
300262777,300263540
300263018,300262777
300263134,300262777
300263267,300262777
300263417,300262777
300263540,300262777
300263656,300263860
300263656,300263976
300263860,300263656
300263976,300263656
300264061,300264237
300264237,300264061
300264324,300264999
300264324,300265377
300264324,300265531
300264324,300265715
300264324,300265799
300264324,300265996
300264324,300266107
300264999,300264324
300265377,300264324
300265531,300264324
300265715,300264324
300265799,300264324
300265996,300264324
300266107,300264324
300266313,300266790
300266313,300266890
300266313,300267072
300266313,300267342
300266313,300267569
300266313,300267844
300266313,300267925
300266313,300268036
300266790,300266313
300266890,300266313
300267072,300266313
300267342,300266313
300267569,300266313
300267844,300266313
300267925,300266313
300268036,300266313
300268841,300268964
300268964,300268841
300269148,300269470
300269470,300269148
300269567,300269969
300269567,300270079
300269567,300270457
300269969,300269567
300270079,300269567
300270457,300269567
300270578,300270772
300270578,300270950
300270578,300271073
300270772,300270578
300270950,300270578
300271073,300270578
300271195,300271289
300271289,300271195
300271698,300272223
300271698,300272459
300271698,300272583
300271698,300272749
300271698,300272935
300271698,300273015
300271698,300273146
300271698,300273307
300271698,300273597
300271698,300273750
300271698,300273853
300271698,300273956
300271698,300274197
300271698,300274342
300271698,300274558
300271698,300274738
300271698,303182537
300272223,300271698
300272459,300271698
300272583,300271698
300272749,300271698
300272935,300271698
300273015,300271698
300273146,300271698
300273307,300271698
300273597,300271698
300273750,300271698
300273853,300271698
300273956,300271698
300274197,300271698
300274342,300271698
300274558,300271698
300274738,300271698
300274870,300275440
300274870,300275691
300274870,300275858
300274870,300276081
300274870,300276163
300274870,300276345
300274870,300276492
300274870,300276627
300274870,300276765
300274870,300276900
300274870,300277086
300274870,300277282
300274870,300277564
300274870,300277789
300274870,300278030
300274870,300278159
300275440,300274870
300275691,300274870
300275858,300274870
300276081,300274870
300276163,300274870
300276345,300274870
300276492,300274870
300276627,300274870
300276765,300274870
300276900,300274870
300277086,300274870
300277282,300274870
300277564,300274870
300277789,300274870
300278030,300274870
300278159,300274870
300278276,300278494
300278276,300278667
300278494,300278276
300278667,300278276
300278988,300279144
300279144,300278988
300279358,300279557
300279557,300279358
300280359,300280918
300280359,300281158
300280359,300281444
300280359,300282075
300280359,300282293
300280359,300282674
300280359,300282905
300280359,300283003
300280359,300283172
300280359,300283358
300280359,300283488
300280359,300283851
300280359,300284220
300280359,300284388
300280359,300284506
300280359,300284953
300280359,300285060
300280359,300285220
300280359,300285473
300280918,300280359
300281158,300280359
300281444,300280359
300282075,300280359
300282293,300280359
300282674,300280359
300282905,300280359
300283003,300280359
300283172,300280359
300283358,300280359
300283488,300280359
300283851,300280359
300284220,300280359
300284388,300280359
300284506,300280359
300284953,300280359
300285060,300280359
300285220,300280359
300285473,300280359
300285596,300285865
300285596,300286087
300285596,300286369
300285865,300285596
300286087,300285596
300286369,300285596
300286544,300286785
300286785,300286544
300287117,300287400
300287117,300287493
300287117,300287712
300287117,300287892
300287117,300288050
300287117,303187156
300287400,300287117
300287493,300287117
300287712,300287117
300287892,300287117
300288050,300287117
300288201,300288457
300288457,300288201
300288565,300288824
300288565,300289115
300288565,300289262
300288565,300289485
300288824,300288565
300289115,300288565
300289262,300288565
300289485,300288565
300289627,300289949
300289627,300290057
300289627,300290242
300289627,300290367
300289627,300290503
300289949,300289627
300290057,300289627
300290242,300289627
300290367,300289627
300290503,300289627
300291988,300292342
300291988,300292488
300291988,300292598
300291988,300292789
300292342,300291988
300292488,300291988
300292598,300291988
300292789,300291988
300292928,300293186
300292928,300293343
300293186,300292928
300293343,300292928
300294616,300294755
300294755,300294616
300294942,300295253
300294942,300295381
300294942,300295692
300294942,300295900
300294942,300295963
300294942,300296137
300295253,300294942
300295381,300294942
300295692,300294942
300295900,300294942
300295963,300294942
300296137,300294942
300296256,300296544
300296256,300296660
300296256,300297068
300296256,300297295
300296256,300297571
300296544,300296256
300296660,300296256
300297068,300296256
300297295,300296256
300297571,300296256
300297721,300297988
300297721,300298125
300297721,300298250
300297721,300298340
300297988,300297721
300298125,300297721
300298250,300297721
300298340,300297721
300298418,300298546
300298546,300298418
300298689,300298847
300298689,300298999
300298847,300298689
300298999,300298689
300299161,300299314
300299314,300299161
300299467,300299662
300299467,300299819
300299467,300299961
300299662,300299467
300299819,300299467
300299961,300299467
300300105,300300357
300300105,300300571
300300357,300300105
300300571,300300105
300300831,300301209
300300831,300301378
300300831,300301541
300300831,300301755
300300831,300302073
300300831,300302262
300300831,300302425
300300831,300302535
300301209,300300831
300301378,300300831
300301541,300300831
300301755,300300831
300302073,300300831
300302262,300300831
300302425,300300831
300302535,300300831
300302804,300303009
300302804,300303098
300303009,300302804
300303098,300302804
300303253,300303492
300303253,300303649
300303492,300303253
300303649,300303253
300303837,300304005
300303837,300304447
300303837,300304644
300304005,300303837
300304447,300303837
300304644,300303837
300304760,300304950
300304760,300305479
300304760,300305578
300304950,300304760
300305479,300304760
300305578,300304760
300305726,300306143
300305726,300306454
300305726,300306669
300305726,300306897
300305726,300307174
300305726,300307413
300305726,300307539
300305726,300307668
300305726,300307849
300305726,300308001
300306143,300305726
300306454,300305726
300306669,300305726
300306897,300305726
300307174,300305726
300307413,300305726
300307539,300305726
300307668,300305726
300307849,300305726
300308001,300305726
300308281,300308652
300308281,300308898
300308281,300309173
300308281,303185276
300308652,300308281
300308898,300308281
300309173,300308281
300309465,300309789
300309789,300309465
300310362,300310495
300310495,300310362
300310600,300310727
300310600,300310877
300310727,300310600
300310877,300310600
300311028,300311627
300311028,300311747
300311028,300311952
300311028,300312145
300311028,300312440
300311028,300312724
300311028,300312951
300311028,300313052
300311028,300313195
300311028,300313366
300311028,300313517
300311627,300311028
300311747,300311028
300311952,300311028
300312145,300311028
300312440,300311028
300312724,300311028
300312951,300311028
300313052,300311028
300313195,300311028
300313366,300311028
300313517,300311028
300313675,300314246
300313675,300314630
300313675,300314906
300313675,300315191
300313675,300315367
300314246,300313675
300314630,300313675
300314906,300313675
300315191,300313675
300315367,300313675
300315537,300315851
300315537,300315986
300315537,300316061
300315851,300315537
300315986,300315537
300316061,300315537
300316173,300316415
300316173,300316540
300316173,300316616
300316173,300316709
300316173,300316789
300316173,300316944
300316173,300317077
300316415,300316173
300316540,300316173
300316616,300316173
300316709,300316173
300316789,300316173
300316944,300316173
300317077,300316173
300317259,300317404
300317404,300317259
300317533,300317781
300317533,300317852
300317781,300317533
300317852,300317533
300318722,300318883
300318883,300318722
300319158,300319464
300319158,300319635
300319158,300319783
300319158,300319881
300319464,300319158
300319635,300319158
300319783,300319158
300319881,300319158
300321097,300321245
300321245,300321097
300321417,300321544
300321544,300321417
300321690,300322007
300321690,300322121
300321690,300322220
300321690,300322333
300321690,300322411
300321690,300322534
300321690,300322612
300321690,300322692
300321690,300322770
300321690,300322912
300322007,300321690
300322121,300321690
300322220,300321690
300322333,300321690
300322411,300321690
300322534,300321690
300322612,300321690
300322692,300321690
300322770,300321690
300322912,300321690
300323003,300323141
300323141,300323003
300323250,300323600
300323250,300323691
300323250,300323770
300323250,300323847
300323250,300323926
300323250,300324005
300323250,300324084
300323250,300324163
300323250,300324240
300323250,300324317
300323250,300324398
300323600,300323250
300323691,300323250
300323770,300323250
300323847,300323250
300323926,300323250
300324005,300323250
300324084,300323250
300324163,300323250
300324240,300323250
300324317,300323250
300324398,300323250
300324613,300325000
300324613,300325094
300324613,300325203
300324613,300325355
300324613,300325582
300324613,300325952
300324613,300326029
300324613,300326169
300324613,300326352
300324613,300326639
300324613,300326838
300324613,300327036
300324613,300327227
300325000,300324613
300325094,300324613
300325203,300324613
300325355,300324613
300325582,300324613
300325952,300324613
300326029,300324613
300326169,300324613
300326352,300324613
300326639,300324613
300326838,300324613
300327036,300324613
300327227,300324613
300327439,300327777
300327439,300327998
300327439,300328162
300327439,300328370
300327439,300328464
300327777,300327439
300327998,300327439
300328162,300327439
300328370,300327439
300328464,300327439
300328604,300328776
300328776,300328604
300329173,300329683
300329173,300329832
300329173,300329999
300329173,300330072
300329173,300330159
300329683,300329173
300329832,300329173
300329999,300329173
300330072,300329173
300330159,300329173
300330270,300330412
300330270,300330543
300330412,300330270
300330543,300330270
300330940,300331177
300331177,300330940
300331539,300331728
300331728,300331539
300331974,300332380
300331974,300332483
300331974,300332557
300331974,300332667
300331974,300332890
300331974,300333060
300331974,300333236
300331974,300333362
300331974,300333499
300331974,300333591
300332380,300331974
300332483,300331974
300332557,300331974
300332667,300331974
300332890,300331974
300333060,300331974
300333236,300331974
300333362,300331974
300333499,300331974
300333591,300331974
300333778,300334048
300333778,300334221
300333778,300334423
300333778,300334601
300334048,300333778
300334221,300333778
300334423,300333778
300334601,300333778
300334707,300334856
300334707,300335055
300334856,300334707
300335055,300334707
300335201,300335347
300335201,300335529
300335347,300335201
300335529,300335201
300335683,300335943
300335683,300336156
300335943,300335683
300336156,300335683
300336319,300336577
300336319,300336711
300336319,300336887
300336577,300336319
300336711,300336319
300336887,300336319
300337034,300337241
300337034,300337329
300337241,300337034
300337329,300337034
300337479,300337671
300337671,300337479
300337867,300338214
300337867,300338341
300337867,300338487
300338214,300337867
300338341,300337867
300338487,300337867
300338614,300339010
300338614,300339170
300339010,300338614
300339170,300338614
300339277,300339618
300339618,300339277
300339850,300340287
300339850,300340459
300339850,300340721
300340287,300339850
300340459,300339850
300340721,300339850
300340997,300341115
300341115,300340997
300341263,300341603
300341263,300341734
300341263,300342046
300341263,300342189
300341603,300341263
300341734,300341263
300342046,300341263
300342189,300341263
300342686,300343074
300342686,300343279
300342686,300343473
300342686,300343748
300343074,300342686
300343279,300342686
300343473,300342686
300343748,300342686
300343861,300344111
300343861,300344389
300343861,300344596
300344111,300343861
300344389,300343861
300344596,300343861
300344707,300344945
300344707,300345083
300344707,300345188
300344945,300344707
300345083,300344707
300345188,300344707
300345448,300345659
300345448,300345793
300345448,300345986
300345659,300345448
300345793,300345448
300345986,300345448
300346560,300347139
300346560,300347269
300346560,300347343
300346560,300347458
300346560,300347645
300346560,300347950
300346560,300348150
300346560,300348316
300346560,300348405
300346560,300348559
300346560,300348702
300346560,300348886
300346560,300349008
300346560,300349167
300346560,300349266
300346560,300349487
300347139,300346560
300347269,300346560
300347343,300346560
300347458,300346560
300347645,300346560
300347950,300346560
300348150,300346560
300348316,300346560
300348405,300346560
300348559,300346560
300348702,300346560
300348886,300346560
300349008,300346560
300349167,300346560
300349266,300346560
300349487,300346560
300349631,300350042
300349631,300350213
300349631,300350349
300349631,300350526
300349631,300350664
300350042,300349631
300350213,300349631
300350349,300349631
300350526,300349631
300350664,300349631
300350844,300351026
300350844,300351183
300351026,300350844
300351183,300350844
300351454,300351584
300351454,300351794
300351584,300351454
300351794,300351454
300352169,300352405
300352169,300352540
300352405,300352169
300352540,300352169
300353267,300353522
300353267,300353658
300353522,300353267
300353658,300353267
300353872,300354065
300354065,300353872
300354168,300354324
300354324,300354168
300354463,300354636
300354636,300354463
300354772,300355184
300354772,300355296
300354772,300355457
300354772,300355581
300354772,300355681
300355184,300354772
300355296,300354772
300355457,300354772
300355581,300354772
300355681,300354772
300355786,300356011
300355786,300356184
300355786,300356402
300355786,300356479
300355786,300356559
300356011,300355786
300356184,300355786
300356402,300355786
300356479,300355786
300356559,300355786
300356680,300356766
300356766,300356680
300357023,300357282
300357023,300357423
300357023,300357524
300357023,300357673
300357282,300357023
300357423,300357023
300357524,300357023
300357673,300357023
300357848,300358043
300357848,300358201
300358043,300357848
300358201,300357848
300359485,300359813
300359485,300360115
300359485,300360350
300359813,300359485
300360115,300359485
300360350,300359485
300360693,300360953
300360693,300361133
300360693,300361277
300360693,300361419
300360953,300360693
300361133,300360693
300361277,300360693
300361419,300360693
300361550,300361759
300361550,300361859
300361759,300361550
300361859,300361550
300362058,300362262
300362262,300362058
300362942,300363078
300363078,300362942
300363286,300363586
300363286,300363761
300363586,300363286
300363761,300363286
300364145,300364356
300364145,300364473
300364145,300364847
300364145,300364943
300364356,300364145
300364473,300364145
300364847,300364145
300364943,300364145
300365141,300365566
300365141,300365705
300365141,300365966
300365141,300366296
300365141,300366613
300365141,300366820
300365566,300365141
300365705,300365141
300365966,300365141
300366296,300365141
300366613,300365141
300366820,300365141
300367158,300367560
300367158,300367940
300367560,300367158
300367940,300367158
300369417,300372248
300369417,300372392
300369417,300372476
300369417,300372575
300369417,300372685
300369417,300372904
300369417,300373011
300369417,300373245
300369417,300373345
300369417,300373432
300369417,300373515
300369417,300373613
300369417,300373908
300369417,300374031
300369417,300374131
300369417,300374231
300369417,300374331
300369417,300374461
300369417,300374561
300369417,300374665
300369417,300374749
300369417,300374831
300369417,300374986
300369417,300375087
300369417,300375196
300369417,300375291
300369417,300375373
300369417,300375519
300369417,300375680
300369417,300375787
300369417,300375929
300369417,300376101
300369417,300376213
300369417,300376397
300369417,300376507
300369417,300376587
300369417,300376691
300369417,300376777
300369417,300376990
300369417,300377079
300369417,300377166
300369417,300377253
300369417,300377332
300369417,300377411
300369417,300377511
300369417,300377594
300369417,300377720
300369417,300377866
300369417,300377993
300369417,300378079
300369417,300378163
300369417,300378247
300369417,300378369
300369417,300378496
300369417,300378623
300369417,300378745
300369417,300379031
300369417,300379118
300369417,300379229
300369417,300379313
300369417,300379421
300369417,300379597
300369417,300379693
300369417,300379812
300369417,300379907
300369417,300380000
300369417,300380099
300369417,300380214
300369417,300380300
300369417,300380392
300369417,300380478
300369417,300380578
300369417,300380666
300369417,300380778
300369417,300380860
300369417,300380942
300369417,300381056
300369417,300381274
300369417,300381443
300369417,300381539
300369417,300381634
300369417,300381744
300369417,300381936
300369417,300382033
300369417,300382119
300369417,300382265
300369417,300382347
300369417,300382447
300369417,300382549
300369417,300382656
300369417,300382766
300369417,300382844
300369417,300382929
300369417,300383030
300369417,300383164
300369417,300383335
300369417,300383435
300369417,300383538
300369417,300383641
300369417,300383747
300369417,300383844
300369417,300383949
300369417,300384377
300369417,300384488
300369417,300384618
300369417,300384713
300369417,300384827
300369417,300384926
300369417,300385025
300369417,300385173
300369417,300385263
300369417,300385364
300369417,300385446
300369417,300385545
300369417,300385644
300369417,300385726
300369417,300385842
300369417,300385940
300369417,300386041
300369417,300386143
300369417,300386281
300369417,300386373
300369417,300386459
300369417,300386552
300369417,300386679
300369417,300386809
300369417,300386951
300369417,300387047
300369417,300387144
300369417,300387262
300369417,300387385
300369417,300387467
300369417,300387546
300369417,300387634
300369417,300387788
300369417,300387911
300369417,300388040
300369417,300388190
300369417,300388284
300369417,300388399
300369417,300388503
300369417,300388608
300369417,300388842
300369417,300388946
300369417,300389047
300369417,300389154
300369417,303180125
300372248,300369417
300372392,300369417
300372476,300369417
300372575,300369417
300372685,300369417
300372904,300369417
300373011,300369417
300373245,300369417
300373345,300369417
300373432,300369417
300373515,300369417
300373613,300369417
300373908,300369417
300374031,300369417
300374131,300369417
300374231,300369417
300374331,300369417
300374461,300369417
300374561,300369417
300374665,300369417
300374749,300369417
300374831,300369417
300374986,300369417
300375087,300369417
300375196,300369417
300375291,300369417
300375373,300369417
300375519,300369417
300375680,300369417
300375787,300369417
300375929,300369417
300376101,300369417
300376213,300369417
300376397,300369417
300376507,300369417
300376587,300369417
300376691,300369417
300376777,300369417
300376990,300369417
300377079,300369417
300377166,300369417
300377253,300369417
300377332,300369417
300377411,300369417
300377511,300369417
300377594,300369417
300377720,300369417
300377866,300369417
300377993,300369417
300378079,300369417
300378163,300369417
300378247,300369417
300378369,300369417
300378496,300369417
300378623,300369417
300378745,300369417
300379031,300369417
300379118,300369417
300379229,300369417
300379313,300369417
300379421,300369417
300379597,300369417
300379693,300369417
300379812,300369417
300379907,300369417
300380000,300369417
300380099,300369417
300380214,300369417
300380300,300369417
300380392,300369417
300380478,300369417
300380578,300369417
300380666,300369417
300380778,300369417
300380860,300369417
300380942,300369417
300381056,300369417
300381274,300369417
300381443,300369417
300381539,300369417
300381634,300369417
300381744,300369417
300381936,300369417
300382033,300369417
300382119,300369417
300382265,300369417
300382347,300369417
300382447,300369417
300382549,300369417
300382656,300369417
300382766,300369417
300382844,300369417
300382929,300369417
300383030,300369417
300383164,300369417
300383335,300369417
300383435,300369417
300383538,300369417
300383641,300369417
300383747,300369417
300383844,300369417
300383949,300369417
300384377,300369417
300384488,300369417
300384618,300369417
300384713,300369417
300384827,300369417
300384926,300369417
300385025,300369417
300385173,300369417
300385263,300369417
300385364,300369417
300385446,300369417
300385545,300369417
300385644,300369417
300385726,300369417
300385842,300369417
300385940,300369417
300386041,300369417
300386143,300369417
300386281,300369417
300386373,300369417
300386459,300369417
300386552,300369417
300386679,300369417
300386809,300369417
300386951,300369417
300387047,300369417
300387144,300369417
300387262,300369417
300387385,300369417
300387467,300369417
300387546,300369417
300387634,300369417
300387788,300369417
300387911,300369417
300388040,300369417
300388190,300369417
300388284,300369417
300388399,300369417
300388503,300369417
300388608,300369417
300388842,300369417
300388946,300369417
300389047,300369417
300389154,300369417
300389243,300390261
300389243,300390462
300389243,300390568
300389243,300390677
300389243,300390791
300389243,300390901
300389243,300391021
300389243,300391118
300389243,300391219
300389243,300391346
300389243,300391440
300389243,300391594
300389243,300391718
300389243,300391904
300389243,300392019
300389243,300392100
300389243,300392179
300389243,300392533
300389243,300392660
300389243,300392787
300389243,300392888
300389243,300392997
300389243,300393121
300389243,300393258
300389243,300393387
300389243,300393465
300389243,300393556
300389243,300393651
300389243,300393770
300389243,300393869
300389243,300394003
300389243,300394088
300389243,300394191
300389243,300394294
300389243,300394413
300389243,300394498
300389243,300394625
300389243,300394732
300389243,300394823
300389243,300395019
300389243,300395110
300389243,300395207
300389243,300395293
300389243,300395386
300389243,300395500
300389243,300395632
300390261,300389243
300390462,300389243
300390568,300389243
300390677,300389243
300390791,300389243
300390901,300389243
300391021,300389243
300391118,300389243
300391219,300389243
300391346,300389243
300391440,300389243
300391594,300389243
300391718,300389243
300391904,300389243
300392019,300389243
300392100,300389243
300392179,300389243
300392533,300389243
300392660,300389243
300392787,300389243
300392888,300389243
300392997,300389243
300393121,300389243
300393258,300389243
300393387,300389243
300393465,300389243
300393556,300389243
300393651,300389243
300393770,300389243
300393869,300389243
300394003,300389243
300394088,300389243
300394191,300389243
300394294,300389243
300394413,300389243
300394498,300389243
300394625,300389243
300394732,300389243
300394823,300389243
300395019,300389243
300395110,300389243
300395207,300389243
300395293,300389243
300395386,300389243
300395500,300389243
300395632,300389243
300396031,300396348
300396348,300396031
300396434,300396609
300396609,300396434
300396778,300396918
300396918,300396778
300397564,300398785
300397564,300399136
300397564,300399274
300397564,300399531
300397564,300399679
300397564,300399758
300397564,300399862
300397564,300399956
300397564,300400074
300397564,300400193
300397564,300400304
300397564,300400387
300397564,300400510
300397564,300400637
300397564,300400728
300397564,300400829
300397564,300400953
300397564,300401066
300397564,300401171
300397564,300401368
300397564,300401467
300397564,300401569
300397564,300401678
300397564,300401777
300397564,300401873
300397564,300402012
300397564,300402174
300397564,300402827
300397564,300402954
300397564,300403063
300397564,300403188
300397564,300403271
300397564,300403361
300397564,300403449
300397564,300403541
300397564,300403660
300397564,300403743
300397564,300403820
300397564,300403992
300397564,300404085
300397564,300404174
300397564,300404270
300397564,300404376
300397564,300404473
300397564,300404792
300397564,300404910
300398785,300397564
300399136,300397564
300399274,300397564
300399531,300397564
300399679,300397564
300399758,300397564
300399862,300397564
300399956,300397564
300400074,300397564
300400193,300397564
300400304,300397564
300400387,300397564
300400510,300397564
300400637,300397564
300400728,300397564
300400829,300397564
300400953,300397564
300401066,300397564
300401171,300397564
300401368,300397564
300401467,300397564
300401569,300397564
300401678,300397564
300401777,300397564
300401873,300397564
300402012,300397564
300402174,300397564
300402827,300397564
300402954,300397564
300403063,300397564
300403188,300397564
300403271,300397564
300403361,300397564
300403449,300397564
300403541,300397564
300403660,300397564
300403743,300397564
300403820,300397564
300403992,300397564
300404085,300397564
300404174,300397564
300404270,300397564
300404376,300397564
300404473,300397564
300404792,300397564
300404910,300397564
300404998,300405179
300404998,300405270
300405179,300404998
300405270,300404998
300405507,300405633
300405633,300405507
300405767,300406161
300405767,300406285
300405767,300406512
300405767,300406825
300405767,300406945
300405767,300407094
300405767,300407259
300405767,300407422
300405767,300407550
300406161,300405767
300406285,300405767
300406512,300405767
300406825,300405767
300406945,300405767
300407094,300405767
300407259,300405767
300407422,300405767
300407550,300405767
300407642,300408008
300407642,300408404
300407642,300408622
300407642,300408925
300407642,300409073
300407642,300409269
300407642,300409398
300407642,300409659
300407642,300409867
300407642,300410014
300407642,300410263
300408008,300407642
300408404,300407642
300408622,300407642
300408925,300407642
300409073,300407642
300409269,300407642
300409398,300407642
300409659,300407642
300409867,300407642
300410014,300407642
300410263,300407642
300410387,300410747
300410387,300411020
300410387,300411273
300410387,300411385
300410387,300411506
300410747,300410387
300411020,300410387
300411273,300410387
300411385,300410387
300411506,300410387
300411650,300411903
300411650,300412064
300411903,300411650
300412064,300411650
300412279,300412611
300412279,300412760
300412279,300412826
300412279,300412938
300412611,300412279
300412760,300412279
300412826,300412279
300412938,300412279
300413059,300413287
300413287,300413059
300413697,300413887
300413887,300413697
300414068,300414287
300414287,300414068
300414628,300414834
300414628,300414972
300414834,300414628
300414972,300414628
300415100,300415218
300415100,300415313
300415218,300415100
300415313,300415100
300415505,300415808
300415505,300415992
300415505,300416097
300415808,300415505
300415992,300415505
300416097,300415505
300416204,300416425
300416204,300416863
300416204,300416951
300416204,300417071
300416425,300416204
300416863,300416204
300416951,300416204
300417071,300416204
300417261,300417541
300417261,300417807
300417261,300417981
300417261,300418161
300417541,300417261
300417807,300417261
300417981,300417261
300418161,300417261
300418308,300418435
300418308,300418599
300418435,300418308
300418599,300418308
300418790,300418904
300418790,300419000
300418904,300418790
300419000,300418790
300419083,300419197
300419197,300419083
300419309,300419642
300419309,300419795
300419309,300420030
300419309,300420144
300419309,300420263
300419309,300420400
300419642,300419309
300419795,300419309
300420030,300419309
300420144,300419309
300420263,300419309
300420400,300419309
300420514,300420649
300420514,300420750
300420649,300420514
300420750,300420514
300421131,300421303
300421303,300421131
300421512,300422015
300421512,300422095
300421512,300422227
300421512,300422315
300421512,300422481
300421512,300422796
300421512,300422926
300421512,300423067
300421512,300423175
300421512,300423292
300422015,300421512
300422095,300421512
300422227,300421512
300422315,300421512
300422481,300421512
300422796,300421512
300422926,300421512
300423067,300421512
300423175,300421512
300423292,300421512
300423406,300424299
300423406,300424404
300423406,300424597
300423406,300424767
300423406,300425119
300423406,300425319
300423406,300425425
300423406,300425500
300423406,300425630
300423406,300425707
300423406,300425992
300423406,300426285
300423406,300426491
300423406,300426663
300423406,300426737
300423406,300426889
300423406,300426987
300423406,300427118
300423406,300427359
300423406,300427521
300423406,300427659
300423406,300427779
300423406,300427871
300423406,300427964
300424299,300423406
300424404,300423406
300424597,300423406
300424767,300423406
300425119,300423406
300425319,300423406
300425425,300423406
300425500,300423406
300425630,300423406
300425707,300423406
300425992,300423406
300426285,300423406
300426491,300423406
300426663,300423406
300426737,300423406
300426889,300423406
300426987,300423406
300427118,300423406
300427359,300423406
300427521,300423406
300427659,300423406
300427779,300423406
300427871,300423406
300427964,300423406
300428098,300428330
300428330,300428098
300428460,300428896
300428460,300429111
300428460,300429343
300428460,300429422
300428460,300429716
300428460,300429868
300428460,300430170
300428460,300430288
300428896,300428460
300429111,300428460
300429343,300428460
300429422,300428460
300429716,300428460
300429868,300428460
300430170,300428460
300430288,300428460
300431009,300431207
300431207,300431009
300431433,300431598
300431433,300431753
300431598,300431433
300431753,300431433
300431902,300432252
300431902,300432374
300432252,300431902
300432374,300431902
300432534,300433008
300432534,300433146
300432534,300433487
300432534,300433926
300432534,300434042
300432534,300434174
300433008,300432534
300433146,300432534
300433487,300432534
300433926,300432534
300434042,300432534
300434174,300432534
300434324,300434696
300434324,300434898
300434324,300435110
300434324,300435358
300434696,300434324
300434898,300434324
300435110,300434324
300435358,300434324
300435809,300436135
300435809,300436612
300435809,300436816
300435809,300436989
300435809,300437223
300435809,300437360
300436135,300435809
300436612,300435809
300436816,300435809
300436989,300435809
300437223,300435809
300437360,300435809
300437477,300437891
300437477,300438173
300437477,300438334
300437477,300438459
300437477,300438627
300437477,300438746
300437477,300438887
300437477,300438960
300437891,300437477
300438173,300437477
300438334,300437477
300438459,300437477
300438627,300437477
300438746,300437477
300438887,300437477
300438960,300437477
300439376,300439553
300439376,300439737
300439553,300439376
300439737,300439376
300439855,300440235
300439855,300440479
300439855,300440749
300439855,300440908
300439855,300441009
300439855,300441284
300439855,300441518
300439855,300441592
300439855,300441813
300440235,300439855
300440479,300439855
300440749,300439855
300440908,300439855
300441009,300439855
300441284,300439855
300441518,300439855
300441592,300439855
300441813,300439855
300441933,300442138
300442138,300441933
300442246,300442457
300442457,300442246
300442560,300442726
300442726,300442560
300443119,300443321
300443119,300443664
300443119,300443843
300443321,300443119
300443664,300443119
300443843,300443119
300444015,300444387
300444015,300444811
300444015,300444980
300444015,300445267
300444015,300445357
300444015,300445952
300444015,300446089
300444015,300446182
300444015,300446340
300444015,300446447
300444015,303185862
300444387,300444015
300444811,300444015
300444980,300444015
300445267,300444015
300445357,300444015
300445952,300444015
300446089,300444015
300446182,300444015
300446340,300444015
300446447,300444015
300446598,300446744
300446744,300446598
300446874,300447072
300447072,300446874
300447178,300447662
300447178,300447752
300447178,300447910
300447178,300448109
300447178,300448325
300447178,300448453
300447178,300448827
300447178,300449059
300447178,300449255
300447662,300447178
300447752,300447178
300447910,300447178
300448109,300447178
300448325,300447178
300448453,300447178
300448827,300447178
300449059,300447178
300449255,300447178
300449375,300449840
300449375,300450025
300449375,300450164
300449375,300450276
300449840,300449375
300450025,300449375
300450164,300449375
300450276,300449375
300450384,300450773
300450384,300450943
300450384,300451072
300450384,300451169
300450384,300451361
300450384,300451441
300450384,300451594
300450773,300450384
300450943,300450384
300451072,300450384
300451169,300450384
300451361,300450384
300451441,300450384
300451594,300450384
300451761,300452312
300451761,300452593
300451761,300452749
300451761,300452974
300451761,300453158
300451761,300453488
300451761,300453621
300451761,300453768
300451761,300453923
300451761,300454176
300451761,300454369
300451761,300454506
300451761,300454613
300451761,300454733
300451761,300454991
300451761,300455113
300451761,300455246
300452312,300451761
300452593,300451761
300452749,300451761
300452974,300451761
300453158,300451761
300453488,300451761
300453621,300451761
300453768,300451761
300453923,300451761
300454176,300451761
300454369,300451761
300454506,300451761
300454613,300451761
300454733,300451761
300454991,300451761
300455113,300451761
300455246,300451761
300455452,300455760
300455452,300455877
300455452,300456000
300455452,300456136
300455760,300455452
300455877,300455452
300456000,300455452
300456136,300455452
300456358,300456723
300456358,300456871
300456358,300456965
300456358,300457240
300456358,300457438
300456358,300457606
300456358,300457780
300456358,300457950
300456358,300458205
300456723,300456358
300456871,300456358
300456965,300456358
300457240,300456358
300457438,300456358
300457606,300456358
300457780,300456358
300457950,300456358
300458205,300456358
300458623,300459353
300458623,300459762
300458623,300459897
300458623,300459997
300458623,300460103
300458623,300460223
300458623,300460318
300458623,300460398
300458623,300460518
300458623,300460630
300458623,300460737
300458623,300460939
300458623,300461034
300458623,300461142
300458623,300461268
300458623,300461349
300458623,300461489
300458623,300461652
300458623,300461768
300458623,300461842
300458623,300461949
300458623,300462073
300458623,300462171
300458623,300462268
300458623,300462395
300459353,300458623
300459762,300458623
300459897,300458623
300459997,300458623
300460103,300458623
300460223,300458623
300460318,300458623
300460398,300458623
300460518,300458623
300460630,300458623
300460737,300458623
300460939,300458623
300461034,300458623
300461142,300458623
300461268,300458623
300461349,300458623
300461489,300458623
300461652,300458623
300461768,300458623
300461842,300458623
300461949,300458623
300462073,300458623
300462171,300458623
300462268,300458623
300462395,300458623
300462511,300462911
300462511,300463188
300462511,300463410
300462511,300463586
300462511,300463732
300462511,300463862
300462511,300464024
300462511,300464132
300462511,300464252
300462511,300464365
300462511,300464475
300462511,300464668
300462511,300464803
300462511,300464875
300462511,300464998
300462511,300465079
300462511,300465218
300462911,300462511
300463188,300462511
300463410,300462511
300463586,300462511
300463732,300462511
300463862,300462511
300464024,300462511
300464132,300462511
300464252,300462511
300464365,300462511
300464475,300462511
300464668,300462511
300464803,300462511
300464875,300462511
300464998,300462511
300465079,300462511
300465218,300462511
300465458,300465546
300465546,300465458
300465657,300465868
300465657,300466013
300465657,300466117
300465868,300465657
300466013,300465657
300466117,300465657
300466233,300466531
300466233,300466781
300466233,300466893
300466233,300467051
300466233,300467171
300466233,300467317
300466233,300467454
300466233,300467649
300466531,300466233
300466781,300466233
300466893,300466233
300467051,300466233
300467171,300466233
300467317,300466233
300467454,300466233
300467649,300466233
300467817,300468070
300467817,300468226
300467817,300468317
300467817,300468498
300468070,300467817
300468226,300467817
300468317,300467817
300468498,300467817
300468702,300468835
300468702,300468986
300468835,300468702
300468986,300468702
300469389,300469721
300469721,300469389
300469838,300470097
300469838,300470461
300470097,300469838
300470461,300469838
300470613,300470819
300470613,300470953
300470613,300471105
300470819,300470613
300470953,300470613
300471105,300470613
300471241,300471362
300471362,300471241
300471684,300471895
300471684,300472116
300471684,300472440
300471684,300472613
300471895,300471684
300472116,300471684
300472440,300471684
300472613,300471684
300472789,300473052
300472789,300473238
300472789,300473450
300472789,300473671
300472789,300474048
300472789,300474374
300473052,300472789
300473238,300472789
300473450,300472789
300473671,300472789
300474048,300472789
300474374,300472789
300474509,300474673
300474509,300474785
300474509,300474897
300474673,300474509
300474785,300474509
300474897,300474509
300475009,300475181
300475009,300475269
300475009,300475425
300475009,300475616
300475181,300475009
300475269,300475009
300475425,300475009
300475616,300475009
300476245,300476469
300476245,300476599
300476245,300476743
300476469,300476245
300476599,300476245
300476743,300476245
300477237,300477435
300477237,300477595
300477435,300477237
300477595,300477237
300477711,300477815
300477815,300477711
300477893,300478144
300477893,300478403
300477893,300478559
300477893,300478679
300477893,300478770
300478144,300477893
300478403,300477893
300478559,300477893
300478679,300477893
300478770,300477893
300478944,300479128
300478944,300479212
300478944,300479341
300478944,300479442
300479128,300478944
300479212,300478944
300479341,300478944
300479442,300478944
300479521,300479784
300479784,300479521
300480026,300480266
300480026,300480583
300480266,300480026
300480583,300480026
300480707,300480885
300480885,300480707
300480954,300481211
300481211,300480954
300481456,300481625
300481625,300481456
300481781,300482250
300481781,300482576
300481781,300482684
300481781,300482919
300482250,300481781
300482576,300481781
300482684,300481781
300482919,300481781
300483038,300483334
300483038,300483621
300483038,300483716
300483038,300483903
300483038,300484104
300483038,300484223
300483334,300483038
300483621,300483038
300483716,300483038
300483903,300483038
300484104,300483038
300484223,300483038
300484361,300484814
300484814,300484361
300484964,300485470
300484964,300485784
300484964,300485911
300484964,300485996
300485470,300484964
300485784,300484964
300485911,300484964
300485996,300484964
300486253,300486494
300486253,300486623
300486253,300486768
300486494,300486253
300486623,300486253
300486768,300486253
300486886,300487089
300486886,300487169
300487089,300486886
300487169,300486886
300487257,300487482
300487257,300487611
300487257,300487704
300487257,300487983
300487482,300487257
300487611,300487257
300487704,300487257
300487983,300487257
300488181,300488516
300488181,300488685
300488181,300488851
300488181,300489119
300488516,300488181
300488685,300488181
300488851,300488181
300489119,300488181
300489382,300489587
300489382,300489729
300489382,300489831
300489382,300489982
300489587,300489382
300489729,300489382
300489831,300489382
300489982,300489382
300490761,300491340
300490761,300491589
300490761,300491869
300490761,300492040
300490761,300492255
300490761,300492384
300490761,300492582
300491340,300490761
300491589,300490761
300491869,300490761
300492040,300490761
300492255,300490761
300492384,300490761
300492582,300490761
300492710,300493244
300492710,300493618
300492710,300493754
300492710,300493914
300492710,300494055
300493244,300492710
300493618,300492710
300493754,300492710
300493914,300492710
300494055,300492710
300494169,300494570
300494169,300494847
300494169,300494942
300494570,300494169
300494847,300494169
300494942,300494169
300495114,300495510
300495114,300495747
300495114,300495942
300495114,300496076
300495114,300496241
300495114,300496485
300495114,300496675
300495510,300495114
300495747,300495114
300495942,300495114
300496076,300495114
300496241,300495114
300496485,300495114
300496675,300495114
300497135,300497321
300497321,300497135
300497496,300497641
300497641,300497496
300497841,300498176
300497841,300498465
300498176,300497841
300498465,300497841
300498622,300499012
300498622,300499219
300498622,300499390
300498622,300499601
300498622,300499814
300499012,300498622
300499219,300498622
300499390,300498622
300499601,300498622
300499814,300498622
300500103,300501113
300500103,300501367
300500103,300501456
300500103,300501619
300500103,300501766
300500103,300501867
300500103,300502042
300500103,300502135
300500103,300502345
300500103,300502527
300500103,300502639
300500103,300502732
300500103,300502823
300500103,300502914
300500103,300503005
300500103,300503161
300500103,300503358
300500103,300503483
300500103,300503636
300500103,300503733
300500103,300503826
300500103,300503921
300500103,300504014
300500103,300504109
300500103,300504259
300500103,300504380
300500103,300504512
300500103,300504638
300500103,300504727
300500103,300504927
300500103,300505020
300500103,300505117
300500103,300505221
300500103,300505323
300500103,300505416
300500103,300505507
300500103,300505631
300501113,300500103
300501367,300500103
300501456,300500103
300501619,300500103
300501766,300500103
300501867,300500103
300502042,300500103
300502135,300500103
300502345,300500103
300502527,300500103
300502639,300500103
300502732,300500103
300502823,300500103
300502914,300500103
300503005,300500103
300503161,300500103
300503358,300500103
300503483,300500103
300503636,300500103
300503733,300500103
300503826,300500103
300503921,300500103
300504014,300500103
300504109,300500103
300504259,300500103
300504380,300500103
300504512,300500103
300504638,300500103
300504727,300500103
300504927,300500103
300505020,300500103
300505117,300500103
300505221,300500103
300505323,300500103
300505416,300500103
300505507,300500103
300505631,300500103
300505766,300506068
300505766,300506377
300505766,300506616
300505766,300506787
300505766,300506884
300505766,300507063
300506068,300505766
300506377,300505766
300506616,300505766
300506787,300505766
300506884,300505766
300507063,300505766
300507245,300507552
300507245,300507711
300507245,300507795
300507245,300507874
300507245,300507987
300507245,300508085
300507245,300508222
300507552,300507245
300507711,300507245
300507795,300507245
300507874,300507245
300507987,300507245
300508085,300507245
300508222,300507245
300508386,300508630
300508386,300508767
300508386,300508883
300508386,300508979
300508630,300508386
300508767,300508386
300508883,300508386
300508979,300508386
300509085,300509257
300509257,300509085
300509418,300509912
300509418,300510111
300509418,300510236
300509418,300510679
300509912,300509418
300510111,300509418
300510236,300509418
300510679,300509418
300511125,300511427
300511125,300511569
300511125,300511678
300511427,300511125
300511569,300511125
300511678,300511125
300511880,300512120
300512120,300511880
300512292,300512617
300512292,300512740
300512292,300512864
300512617,300512292
300512740,300512292
300512864,300512292
300513020,300513308
300513020,300513420
300513020,300513578
300513020,300513765
300513308,300513020
300513420,300513020
300513578,300513020
300513765,300513020
300514218,300514417
300514417,300514218
300514576,300514737
300514737,300514576
300514891,300515189
300514891,300515503
300514891,300515899
300515189,300514891
300515503,300514891
300515899,300514891
300516078,300516429
300516078,300516642
300516078,300516869
300516429,300516078
300516642,300516078
300516869,300516078
300517409,300517691
300517409,300517863
300517409,300517970
300517691,300517409
300517863,300517409
300517970,300517409
300518087,300518310
300518087,300518481
300518087,300518638
300518310,300518087
300518481,300518087
300518638,300518087
300518721,300518903
300518721,300519097
300518903,300518721
300519097,300518721
300519318,300519535
300519535,300519318
300519806,300520302
300519806,300520544
300519806,300520675
300519806,300520792
300519806,300521154
300519806,300521283
300520302,300519806
300520544,300519806
300520675,300519806
300520792,300519806
300521154,300519806
300521283,300519806
300521462,300521820
300521462,300521943
300521462,300522260
300521462,300522500
300521462,300522656
300521462,300522762
300521820,300521462
300521943,300521462
300522260,300521462
300522500,300521462
300522656,300521462
300522762,300521462
300523110,300523351
300523110,300523495
300523351,300523110
300523495,300523110
300523662,300523794
300523662,300523927
300523662,300524049
300523794,300523662
300523927,300523662
300524049,300523662
300524157,300524424
300524157,300524619
300524157,300524774
300524424,300524157
300524619,300524157
300524774,300524157
300525169,300525865
300525169,300526302
300525169,300526558
300525169,300526666
300525169,300526785
300525169,300526950
300525169,300527075
300525169,300527196
300525169,300527335
300525169,300527444
300525169,300527555
300525169,300527800
300525169,300528005
300525169,300528188
300525169,300528349
300525169,300528484
300525169,300528599
300525169,300528699
300525169,300528898
300525169,300529009
300525865,300525169
300526302,300525169
300526558,300525169
300526666,300525169
300526785,300525169
300526950,300525169
300527075,300525169
300527196,300525169
300527335,300525169
300527444,300525169
300527555,300525169
300527800,300525169
300528005,300525169
300528188,300525169
300528349,300525169
300528484,300525169
300528599,300525169
300528699,300525169
300528898,300525169
300529009,300525169
300529178,300529588
300529178,300529696
300529178,300529807
300529178,300529953
300529178,300530225
300529178,300530365
300529178,300530575
300529588,300529178
300529696,300529178
300529807,300529178
300529953,300529178
300530225,300529178
300530365,300529178
300530575,300529178
300530713,300531322
300530713,300531802
300530713,300531956
300530713,300532092
300530713,300532244
300530713,300532448
300530713,300532812
300530713,300533005
300530713,300533160
300530713,300533331
300530713,300533457
300530713,300533623
300530713,300533785
300530713,300533919
300530713,300534051
300530713,300534165
300531322,300530713
300531802,300530713
300531956,300530713
300532092,300530713
300532244,300530713
300532448,300530713
300532812,300530713
300533005,300530713
300533160,300530713
300533331,300530713
300533457,300530713
300533623,300530713
300533785,300530713
300533919,300530713
300534051,300530713
300534165,300530713
300534365,300534481
300534481,300534365
300534556,300534947
300534556,300535305
300534556,300535612
300534556,300536030
300534556,300536345
300534947,300534556
300535305,300534556
300535612,300534556
300536030,300534556
300536345,300534556
300536601,300536887
300536601,300537161
300536601,300537421
300536601,300537562
300536601,300537835
300536601,300538032
300536887,300536601
300537161,300536601
300537421,300536601
300537562,300536601
300537835,300536601
300538032,300536601
300538171,300538500
300538171,300538731
300538171,300539017
300538500,300538171
300538731,300538171
300539017,300538171
300539130,300539530
300539130,300539804
300539130,300540107
300539130,300540201
300539130,300540325
300539130,300540453
300539130,300540576
300539530,300539130
300539804,300539130
300540107,300539130
300540201,300539130
300540325,300539130
300540453,300539130
300540576,300539130
300540732,300541124
300540732,300541288
300540732,300541383
300540732,300541475
300540732,300541584
300540732,300541696
300540732,300541852
300540732,300541935
300540732,300542072
300540732,300542178
300540732,300542278
300540732,300542353
300540732,300542449
300540732,300542528
300541124,300540732
300541288,300540732
300541383,300540732
300541475,300540732
300541584,300540732
300541696,300540732
300541852,300540732
300541935,300540732
300542072,300540732
300542178,300540732
300542278,300540732
300542353,300540732
300542449,300540732
300542528,300540732
300542619,300542924
300542619,300543025
300542619,300543164
300542619,300543297
300542619,300543454
300542619,300543556
300542619,300543651
300542619,300543749
300542924,300542619
300543025,300542619
300543164,300542619
300543297,300542619
300543454,300542619
300543556,300542619
300543651,300542619
300543749,300542619
300543845,300544171
300543845,300544289
300543845,300544495
300543845,300544677
300543845,300544975
300544171,300543845
300544289,300543845
300544495,300543845
300544677,300543845
300544975,300543845
300545081,300545524
300545081,300545654
300545081,300545775
300545081,300545920
300545081,300546114
300545081,300546265
300545081,300546477
300545081,300546637
300545081,300546748
300545081,300546902
300545081,300547111
300545081,300547223
300545081,300547387
300545081,300547570
300545081,300547647
300545081,300547789
300545081,300547948
300545081,300548063
300545524,300545081
300545654,300545081
300545775,300545081
300545920,300545081
300546114,300545081
300546265,300545081
300546477,300545081
300546637,300545081
300546748,300545081
300546902,300545081
300547111,300545081
300547223,300545081
300547387,300545081
300547570,300545081
300547647,300545081
300547789,300545081
300547948,300545081
300548063,300545081
300548244,300548408
300548408,300548244
300548491,300548698
300548491,300548785
300548698,300548491
300548785,300548491
300548894,300549284
300548894,300549522
300548894,300549769
300548894,300550151
300549284,300548894
300549522,300548894
300549769,300548894
300550151,300548894
300550306,300550779
300550306,300550895
300550306,300551041
300550306,300551450
300550306,300551748
300550779,300550306
300550895,300550306
300551041,300550306
300551450,300550306
300551748,300550306
300551942,300552247
300551942,300552462
300551942,300552613
300551942,300552937
300551942,300553230
300551942,300553329
300551942,300553617
300551942,300553881
300552247,300551942
300552462,300551942
300552613,300551942
300552937,300551942
300553230,300551942
300553329,300551942
300553617,300551942
300553881,300551942
300554083,300554478
300554083,300554581
300554083,300555020
300554478,300554083
300554581,300554083
300555020,300554083
300555523,300555815
300555815,300555523
300556018,300556361
300556018,300556508
300556018,300556657
300556018,300556936
300556361,300556018
300556508,300556018
300556657,300556018
300556936,300556018
300557047,300557191
300557047,300557330
300557191,300557047
300557330,300557047
300558110,300558415
300558110,300558558
300558110,300558757
300558110,300558873
300558110,300559011
300558415,300558110
300558558,300558110
300558757,300558110
300558873,300558110
300559011,300558110
300559178,300559377
300559178,300559581
300559377,300559178
300559581,300559178
300559757,300559903
300559903,300559757
300560604,300560988
300560604,300561138
300560604,300561459
300560604,300561603
300560604,300561896
300560988,300560604
300561138,300560604
300561459,300560604
300561603,300560604
300561896,300560604
300561994,300562166
300561994,300562393
300562166,300561994
300562393,300561994
300563098,300563304
300563304,300563098
300563658,300563897
300563658,300564023
300563658,300564112
300563658,300564236
300563658,300564316
300563658,300564405
300563658,300564556
300563897,300563658
300564023,300563658
300564112,300563658
300564236,300563658
300564316,300563658
300564405,300563658
300564556,300563658
300564710,300564815
300564815,300564710
300564975,300565215
300564975,300565387
300564975,300565610
300565215,300564975
300565387,300564975
300565610,300564975
300565912,300566229
300566229,300565912
300566365,300566688
300566688,300566365
300566929,300567086
300566929,300567225
300567086,300566929
300567225,300566929
300567445,300567637
300567637,300567445
300567798,300568132
300567798,300568238
300567798,300568445
300567798,300568617
300568132,300567798
300568238,300567798
300568445,300567798
300568617,300567798
300568977,300569118
300568977,300569313
300569118,300568977
300569313,300568977
300569595,300569837
300569595,300570008
300569595,300570199
300569595,300570468
300569595,300570642
300569595,300570918
300569837,300569595
300570008,300569595
300570199,300569595
300570468,300569595
300570642,300569595
300570918,300569595
300571452,300571695
300571452,300572176
300571452,300572278
300571452,300572405
300571452,300572605
300571452,300572731
300571452,300572858
300571695,300571452
300572176,300571452
300572278,300571452
300572405,300571452
300572605,300571452
300572731,300571452
300572858,300571452
300573037,300573304
300573037,300573616
300573037,300573749
300573037,300573986
300573037,300574103
300573037,300574326
300573037,300574404
300573304,300573037
300573616,300573037
300573749,300573037
300573986,300573037
300574103,300573037
300574326,300573037
300574404,300573037
300574535,300574749
300574535,300574913
300574749,300574535
300574913,300574535
300575013,300575366
300575013,300575547
300575013,300575673
300575013,300575770
300575013,300575960
300575366,300575013
300575547,300575013
300575673,300575013
300575770,300575013
300575960,300575013
300576038,300576439
300576038,300576740
300576038,300576873
300576439,300576038
300576740,300576038
300576873,300576038
300577093,300577510
300577093,300577652
300577093,300577842
300577093,300577984
300577093,300578176
300577093,300578307
300577093,300578470
300577093,300578555
300577510,300577093
300577652,300577093
300577842,300577093
300577984,300577093
300578176,300577093
300578307,300577093
300578470,300577093
300578555,300577093
300578687,300579014
300578687,300579138
300579014,300578687
300579138,300578687
300579242,300579413
300579242,300579497
300579413,300579242
300579497,300579242
300579909,300580181
300579909,300580281
300579909,300580421
300579909,300580549
300579909,300580663
300580181,300579909
300580281,300579909
300580421,300579909
300580549,300579909
300580663,300579909
300580767,300581057
300580767,300581222
300580767,300581548
300580767,300581726
300580767,300581960
300580767,300582110
300581057,300580767
300581222,300580767
300581548,300580767
300581726,300580767
300581960,300580767
300582110,300580767
300582217,300582664
300582217,300582947
300582217,300583158
300582217,300583244
300582217,300583328
300582664,300582217
300582947,300582217
300583158,300582217
300583244,300582217
300583328,300582217
300583466,300583780
300583466,300584070
300583466,300584209
300583466,300584378
300583466,300584507
300583780,300583466
300584070,300583466
300584209,300583466
300584378,300583466
300584507,300583466
300584631,300585045
300584631,300585169
300584631,300585428
300584631,300585586
300584631,300585893
300584631,300586044
300584631,300586231
300584631,300586352
300585045,300584631
300585169,300584631
300585428,300584631
300585586,300584631
300585893,300584631
300586044,300584631
300586231,300584631
300586352,300584631
300586948,300587184
300587184,300586948
300587861,300588183
300587861,300588309
300588183,300587861
300588309,300587861
300588786,300589146
300588786,300589257
300588786,300589518
300589146,300588786
300589257,300588786
300589518,300588786
300589665,300590118
300589665,300590341
300589665,300590554
300590118,300589665
300590341,300589665
300590554,300589665
300590717,300591099
300590717,300591295
300590717,300591526
300590717,300591680
300590717,300591785
300590717,300591989
300591099,300590717
300591295,300590717
300591526,300590717
300591680,300590717
300591785,300590717
300591989,300590717
300592112,300592546
300592112,300592812
300592112,300593122
300592112,300593305
300592112,300593626
300592112,300593819
300592112,300593991
300592112,300594136
300592112,300594354
300592112,300594464
300592112,300594584
300592546,300592112
300592812,300592112
300593122,300592112
300593305,300592112
300593626,300592112
300593819,300592112
300593991,300592112
300594136,300592112
300594354,300592112
300594464,300592112
300594584,300592112
300594727,300594997
300594727,300595274
300594727,300595378
300594997,300594727
300595274,300594727
300595378,300594727
300595554,300595890
300595554,300596093
300595554,300596201
300595890,300595554
300596093,300595554
300596201,300595554
300596320,300596494
300596320,300596599
300596320,300596712
300596494,300596320
300596599,300596320
300596712,300596320
300596891,300597115
300596891,300597266
300596891,300597374
300596891,300597481
300596891,300597689
300597115,300596891
300597266,300596891
300597374,300596891
300597481,300596891
300597689,300596891
300597932,300598092
300598092,300597932
300598201,300598462
300598201,300598677
300598201,300598803
300598201,300598994
300598201,300599199
300598462,300598201
300598677,300598201
300598803,300598201
300598994,300598201
300599199,300598201
300599297,300599587
300599297,300599759
300599297,300599927
300599297,300600069
300599297,300600235
300599587,300599297
300599759,300599297
300599927,300599297
300600069,300599297
300600235,300599297
300600381,300601116
300600381,300601268
300600381,300601832
300600381,300601982
300600381,300602150
300600381,300602297
300600381,300602450
300600381,300602578
300601116,300600381
300601268,300600381
300601832,300600381
300601982,300600381
300602150,300600381
300602297,300600381
300602450,300600381
300602578,300600381
300602708,300603087
300602708,300603206
300603087,300602708
300603206,300602708
300603697,300603927
300603927,300603697
300604142,300604352
300604142,300604475
300604352,300604142
300604475,300604142
300604618,300604944
300604618,300605050
300604618,300605125
300604618,300605231
300604618,300605407
300604618,300605567
300604618,300605684
300604944,300604618
300605050,300604618
300605125,300604618
300605231,300604618
300605407,300604618
300605567,300604618
300605684,300604618
300605760,300606131
300605760,300606334
300605760,300606479
300605760,300606664
300605760,300606818
300605760,300606971
300605760,300607089
300605760,300607189
300605760,300607439
300605760,300607590
300606131,300605760
300606334,300605760
300606479,300605760
300606664,300605760
300606818,300605760
300606971,300605760
300607089,300605760
300607189,300605760
300607439,300605760
300607590,300605760
300607723,300608057
300607723,300608233
300607723,300608415
300607723,300608504
300608057,300607723
300608233,300607723
300608415,300607723
300608504,300607723
300608662,300608829
300608662,300608980
300608662,300609135
300608829,300608662
300608980,300608662
300609135,300608662
300609308,300609601
300609308,300609725
300609308,300610142
300609601,300609308
300609725,300609308
300610142,300609308
300610320,300610441
300610441,300610320
300610782,300611060
300611060,300610782
300611170,300611547
300611170,300611734
300611170,300611895
300611170,300612002
300611547,300611170
300611734,300611170
300611895,300611170
300612002,300611170
300612257,300612514
300612257,300612664
300612257,300612858
300612514,300612257
300612664,300612257
300612858,300612257
300613077,300613312
300613077,300613514
300613077,300613634
300613077,300613902
300613312,300613077
300613514,300613077
300613634,300613077
300613902,300613077
300614078,300614325
300614078,300614448
300614078,300615001
300614078,300615227
300614078,300615427
300614078,300615615
300614325,300614078
300614448,300614078
300615001,300614078
300615227,300614078
300615427,300614078
300615615,300614078
300616209,300616411
300616411,300616209
300616724,300616976
300616724,300617190
300616724,300617436
300616724,300617663
300616976,300616724
300617190,300616724
300617436,300616724
300617663,300616724
300618023,300618292
300618023,300618413
300618292,300618023
300618413,300618023
300618561,300618800
300618561,300618889
300618800,300618561
300618889,300618561
300618977,300619291
300618977,300619637
300618977,300619775
300618977,300619884
300618977,300620029
300618977,300620109
300618977,300620214
300618977,300620345
300618977,300620427
300618977,300620509
300619291,300618977
300619637,300618977
300619775,300618977
300619884,300618977
300620029,300618977
300620109,300618977
300620214,300618977
300620345,300618977
300620427,300618977
300620509,300618977
300620589,300620700
300620589,300620777
300620700,300620589
300620777,300620589
300620899,300621100
300620899,300621252
300621100,300620899
300621252,300620899
300621366,300621560
300621560,300621366
300621662,300622313
300621662,300622437
300621662,300622559
300621662,300622653
300621662,300622727
300621662,300622818
300621662,300622938
300621662,300623042
300621662,300623233
300621662,300623306
300621662,300623384
300621662,300623472
300621662,300623545
300621662,300623640
300621662,300623714
300621662,300623826
300621662,300623913
300621662,300624002
300621662,300624131
300621662,300624236
300621662,300624339
300621662,300624455
300621662,300624546
300621662,300624714
300621662,300624827
300621662,300624906
300621662,300624992
300621662,300625081
300621662,300625200
300621662,300625286
300622313,300621662
300622437,300621662
300622559,300621662
300622653,300621662
300622727,300621662
300622818,300621662
300622938,300621662
300623042,300621662
300623233,300621662
300623306,300621662
300623384,300621662
300623472,300621662
300623545,300621662
300623640,300621662
300623714,300621662
300623826,300621662
300623913,300621662
300624002,300621662
300624131,300621662
300624236,300621662
300624339,300621662
300624455,300621662
300624546,300621662
300624714,300621662
300624827,300621662
300624906,300621662
300624992,300621662
300625081,300621662
300625200,300621662
300625286,300621662
300625395,300625563
300625395,300625653
300625395,300625770
300625395,300625835
300625563,300625395
300625653,300625395
300625770,300625395
300625835,300625395
300625934,300626170
300625934,300626303
300626170,300625934
300626303,300625934
300626693,300627064
300626693,300627171
300626693,300627488
300626693,300627820
300626693,300628015
300626693,300628358
300626693,300628472
300627064,300626693
300627171,300626693
300627488,300626693
300627820,300626693
300628015,300626693
300628358,300626693
300628472,300626693
300628585,300628850
300628585,300628957
300628585,300629127
300628585,300629283
300628850,300628585
300628957,300628585
300629127,300628585
300629283,300628585
300629587,300629836
300629587,300629961
300629836,300629587
300629961,300629587
300630048,300630438
300630048,300630598
300630048,300630973
300630048,300631115
300630438,300630048
300630598,300630048
300630973,300630048
300631115,300630048
300631878,300632258
300631878,300632606
300631878,300632825
300631878,300632930
300632258,300631878
300632606,300631878
300632825,300631878
300632930,300631878
300633029,300633233
300633029,300633399
300633233,300633029
300633399,300633029
300633605,300633838
300633838,300633605
300634047,300634399
300634047,300634554
300634047,300634632
300634047,300634719
300634047,300634810
300634047,300634887
300634047,300634976
300634047,300635081
300634047,300635188
300634047,300635268
300634399,300634047
300634554,300634047
300634632,300634047
300634719,300634047
300634810,300634047
300634887,300634047
300634976,300634047
300635081,300634047
300635188,300634047
300635268,300634047
300635346,300635469
300635346,300635582
300635469,300635346
300635582,300635346
300636199,300636531
300636199,300636668
300636199,300636934
300636531,300636199
300636668,300636199
300636934,300636199
300637009,300637247
300637009,300637400
300637247,300637009
300637400,300637009
300637600,300638007
300637600,300638279
300637600,300638514
300638007,300637600
300638279,300637600
300638514,300637600
300638646,300639157
300638646,300639292
300638646,300639443
300639157,300638646
300639292,300638646
300639443,300638646
300639618,300639789
300639789,300639618
300639987,300640146
300640146,300639987
300640271,300640468
300640271,300640613
300640271,300640768
300640468,300640271
300640613,300640271
300640768,300640271
300640845,300640968
300640968,300640845
300641071,300641287
300641071,300641453
300641071,300641536
300641287,300641071
300641453,300641071
300641536,300641071
300641665,300641816
300641665,300641961
300641816,300641665
300641961,300641665
300642164,300642601
300642601,300642164
300642757,300643119
300642757,300643419
300642757,300643514
300642757,300643702
300642757,300643892
300642757,300643998
300643119,300642757
300643419,300642757
300643514,300642757
300643702,300642757
300643892,300642757
300643998,300642757
300644268,300644390
300644268,300644478
300644390,300644268
300644478,300644268
300644664,300644807
300644807,300644664
300644912,300645033
300644912,300645252
300645033,300644912
300645252,300644912
300645392,300645659
300645659,300645392
300645785,300646023
300646023,300645785
300646275,300646541
300646541,300646275
300646718,300646955
300646718,300647095
300646718,300647366
300646718,300647471
300646955,300646718
300647095,300646718
300647366,300646718
300647471,300646718
300647593,300647778
300647593,300647895
300647778,300647593
300647895,300647593
300648075,300648248
300648075,300648379
300648075,300648587
300648075,300648698
300648248,300648075
300648379,300648075
300648587,300648075
300648698,300648075
300649687,300650035
300649687,300650197
300649687,300650300
300649687,300650737
300650035,300649687
300650197,300649687
300650300,300649687
300650737,300649687
300650810,300650998
300650998,300650810
300651277,300651607
300651277,300651719
300651607,300651277
300651719,300651277
300651931,300652294
300651931,300652420
300651931,300652555
300651931,300652714
300652294,300651931
300652420,300651931
300652555,300651931
300652714,300651931
300652851,300653129
300652851,300653334
300652851,300653425
300653129,300652851
300653334,300652851
300653425,300652851
300653514,300653691
300653691,300653514
300654043,300654368
300654043,300654590
300654043,300654739
300654043,300654846
300654043,300655044
300654043,300655115
300654368,300654043
300654590,300654043
300654739,300654043
300654846,300654043
300655044,300654043
300655115,300654043
300655478,300655729
300655729,300655478
300656087,300656393
300656087,300656636
300656393,300656087
300656636,300656087
300657081,300657404
300657081,300657543
300657081,300657955
300657404,300657081
300657543,300657081
300657955,300657081
300658202,300658346
300658346,300658202
300658440,300658859
300658859,300658440
300659200,300659402
300659200,300659553
300659402,300659200
300659553,300659200
300660023,300660126
300660126,300660023
300660331,300660634
300660331,300660824
300660331,300660903
300660331,300661105
300660331,300661194
300660634,300660331
300660824,300660331
300660903,300660331
300661105,300660331
300661194,300660331
300661338,300661492
300661492,300661338
300661645,300661801
300661801,300661645
300661954,300662177
300662177,300661954
300662288,300662641
300662288,300662893
300662288,300663016
300662641,300662288
300662893,300662288
300663016,300662288
300663709,300664066
300663709,300664193
300663709,300664319
300663709,300664397
300663709,300664615
300663709,300664759
300664066,300663709
300664193,300663709
300664319,300663709
300664397,300663709
300664615,300663709
300664759,300663709
300664927,300665191
300664927,300665269
300664927,300665358
300664927,300665430
300665191,300664927
300665269,300664927
300665358,300664927
300665430,300664927
300665620,300665869
300665620,300665947
300665620,300666109
300665620,300666218
300665620,300666305
300665869,300665620
300665947,300665620
300666109,300665620
300666218,300665620
300666305,300665620
300666708,300667002
300666708,300667244
300666708,300667502
300666708,300667839
300667002,300666708
300667244,300666708
300667502,300666708
300667839,300666708
300667971,300668333
300667971,300668512
300667971,300668580
300667971,300668666
300667971,300668832
300667971,300669011
300667971,300669222
300668333,300667971
300668512,300667971
300668580,300667971
300668666,300667971
300668832,300667971
300669011,300667971
300669222,300667971
300669380,300669475
300669380,300669566
300669475,300669380
300669566,300669380
300669960,300670161
300669960,300670269
300669960,300670500
300669960,300670674
300670161,300669960
300670269,300669960
300670500,300669960
300670674,300669960
300670860,300671010
300671010,300670860
300671142,300671590
300671142,300671867
300671142,300672213
300671590,300671142
300671867,300671142
300672213,300671142
300672298,300672558
300672298,300672691
300672558,300672298
300672691,300672298
300672787,300673339
300672787,300673513
300672787,300673689
300672787,300673808
300672787,300673937
300672787,300674082
300672787,300674192
300672787,300674370
300672787,300674551
300672787,300674665
300672787,300674782
300672787,300674937
300672787,300675108
300673339,300672787
300673513,300672787
300673689,300672787
300673808,300672787
300673937,300672787
300674082,300672787
300674192,300672787
300674370,300672787
300674551,300672787
300674665,300672787
300674782,300672787
300674937,300672787
300675108,300672787
300675313,300675558
300675313,300675661
300675313,300675763
300675313,300675880
300675313,300676120
300675558,300675313
300675661,300675313
300675763,300675313
300675880,300675313
300676120,300675313
300676231,300676625
300676231,300676714
300676231,300677209
300676231,300677321
300676231,300677445
300676625,300676231
300676714,300676231
300677209,300676231
300677321,300676231
300677445,300676231
300677559,300677774
300677774,300677559
300677958,300678224
300678224,300677958
300678308,300678461
300678308,300678551
300678461,300678308
300678551,300678308
300678699,300678844
300678844,300678699
300679094,300679250
300679094,300679381
300679250,300679094
300679381,300679094
300679489,300679653
300679489,300679800
300679489,300680017
300679489,300680178
300679653,300679489
300679800,300679489
300680017,300679489
300680178,300679489
300680304,300680510
300680304,300680655
300680304,300680767
300680304,300680869
300680510,300680304
300680655,300680304
300680767,300680304
300680869,300680304
300681118,300681324
300681118,300681481
300681118,300681580
300681118,300681672
300681118,300681761
300681324,300681118
300681481,300681118
300681580,300681118
300681672,300681118
300681761,300681118
300681912,300682076
300681912,300682216
300681912,300682321
300681912,300682435
300682076,300681912
300682216,300681912
300682321,300681912
300682435,300681912
300682549,300682776
300682549,300682941
300682549,300683079
300682776,300682549
300682941,300682549
300683079,300682549
300683362,300683561
300683362,300683662
300683362,300683806
300683362,300683977
300683561,300683362
300683662,300683362
300683806,300683362
300683977,300683362
300684120,300684254
300684254,300684120
300684351,300684527
300684527,300684351
300685953,300686386
300685953,300686541
300685953,300686829
300685953,300686980
300685953,300687227
300685953,300687364
300685953,300687475
300685953,300687632
300685953,300687864
300686386,300685953
300686541,300685953
300686829,300685953
300686980,300685953
300687227,300685953
300687364,300685953
300687475,300685953
300687632,300685953
300687864,300685953
300687939,300688131
300688131,300687939
300688451,300688576
300688451,300688680
300688576,300688451
300688680,300688451
300688833,300689071
300688833,300689232
300688833,300689322
300688833,300689424
300688833,300689565
300689071,300688833
300689232,300688833
300689322,300688833
300689424,300688833
300689565,300688833
300689666,300689763
300689763,300689666
300690126,300690509
300690126,300690888
300690126,300691032
300690126,300691141
300690126,300691333
300690509,300690126
300690888,300690126
300691032,300690126
300691141,300690126
300691333,300690126
300691479,300691799
300691479,300692104
300691479,300692359
300691799,300691479
300692104,300691479
300692359,300691479
300692632,300692918
300692918,300692632
300693075,300693350
300693075,300693567
300693075,300693783
300693350,300693075
300693567,300693075
300693783,300693075
300694350,300694608
300694350,300694745
300694350,300694947
300694350,300695069
300694350,300695291
300694350,300695408
300694608,300694350
300694745,300694350
300694947,300694350
300695069,300694350
300695291,300694350
300695408,300694350
300695576,300695735
300695576,300695850
300695735,300695576
300695850,300695576
300695942,300696228
300695942,300696349
300696228,300695942
300696349,300695942
300696686,300696891
300696891,300696686
300697071,300697696
300697071,300697905
300697071,300698035
300697071,300698154
300697071,300698512
300697696,300697071
300697905,300697071
300698035,300697071
300698154,300697071
300698512,300697071
300698711,300699187
300698711,300699288
300698711,300699448
300698711,300699581
300698711,300699735
300699187,300698711
300699288,300698711
300699448,300698711
300699581,300698711
300699735,300698711
300699949,300700207
300699949,300700424
300700207,300699949
300700424,300699949
300700543,300700757
300700757,300700543
300701471,300701670
300701670,300701471
300701795,300701960
300701795,300702111
300701960,300701795
300702111,300701795
300702211,300702396
300702211,300702522
300702211,300702619
300702396,300702211
300702522,300702211
300702619,300702211
300702710,300703125
300702710,300703394
300702710,300703522
300703125,300702710
300703394,300702710
300703522,300702710
300703705,300704004
300703705,300704188
300703705,300704281
300704004,300703705
300704188,300703705
300704281,300703705
300704592,300704894
300704894,300704592
300705465,300705710
300705465,300705790
300705465,300706052
300705710,300705465
300705790,300705465
300706052,300705465
300706289,300706411
300706289,300706725
300706411,300706289
300706725,300706289
300707236,300707434
300707434,300707236
300707671,300708104
300707671,300708398
300707671,300708519
300708104,300707671
300708398,300707671
300708519,300707671
300708699,300709114
300708699,300709338
300708699,300709465
300708699,300709665
300708699,300709863
300709114,300708699
300709338,300708699
300709465,300708699
300709665,300708699
300709863,300708699
300710330,300710587
300710330,300710675
300710330,300710836
300710330,300711490
300710330,300711580
300710587,300710330
300710675,300710330
300710836,300710330
300711490,300710330
300711580,300710330
300711829,300712118
300711829,300712556
300711829,300712721
300711829,300712839
300711829,300713000
300712118,300711829
300712556,300711829
300712721,300711829
300712839,300711829
300713000,300711829
300713115,300713535
300713115,300713679
300713115,300713912
300713115,300714024
300713115,300714203
300713115,300714316
300713115,300714435
300713535,300713115
300713679,300713115
300713912,300713115
300714024,300713115
300714203,300713115
300714316,300713115
300714435,300713115
300714595,300714896
300714595,300715024
300714896,300714595
300715024,300714595
300715246,300715745
300715246,300715993
300715246,300716277
300715246,300716471
300715246,300716702
300715246,300716881
300715745,300715246
300715993,300715246
300716277,300715246
300716471,300715246
300716702,300715246
300716881,300715246
300717000,300717215
300717000,300717353
300717215,300717000
300717353,300717000
300717516,300717841
300717516,300717997
300717516,300718186
300717516,300718336
300717516,300718585
300717841,300717516
300717997,300717516
300718186,300717516
300718336,300717516
300718585,300717516
300718805,300719107
300718805,300719287
300718805,300719469
300718805,300719597
300719107,300718805
300719287,300718805
300719469,300718805
300719597,300718805
300719702,300720048
300719702,300720160
300719702,300720489
300719702,300720635
300719702,300720842
300719702,300721105
300720048,300719702
300720160,300719702
300720489,300719702
300720635,300719702
300720842,300719702
300721105,300719702
300721247,300721442
300721247,300721572
300721247,300721704
300721247,300721852
300721247,300722030
300721247,300722156
300721442,300721247
300721572,300721247
300721704,300721247
300721852,300721247
300722030,300721247
300722156,300721247
300722407,300722854
300722407,300722945
300722407,300723098
300722407,300723324
300722407,300723479
300722407,300723638
300722407,300723830
300722407,300724160
300722854,300722407
300722945,300722407
300723098,300722407
300723324,300722407
300723479,300722407
300723638,300722407
300723830,300722407
300724160,300722407
300724689,300724956
300724689,300725409
300724689,300725611
300724689,300725907
300724956,300724689
300725409,300724689
300725611,300724689
300725907,300724689
300726197,300726601
300726197,300726715
300726197,300727111
300726601,300726197
300726715,300726197
300727111,300726197
300727374,300727504
300727504,300727374
300727588,300727816
300727588,300728069
300727816,300727588
300728069,300727588
300728205,300728342
300728342,300728205
300728449,300728579
300728449,300728663
300728579,300728449
300728663,300728449
300728797,300728928
300728797,300729110
300728928,300728797
300729110,300728797
300729382,300729658
300729382,300729883
300729382,300729979
300729382,300730158
300729382,300730287
300729658,300729382
300729883,300729382
300729979,300729382
300730158,300729382
300730287,300729382
300730435,300730667
300730435,300730814
300730435,300731058
300730435,300731182
300730667,300730435
300730814,300730435
300731058,300730435
300731182,300730435
300731353,300731669
300731353,300731868
300731353,300731992
300731669,300731353
300731868,300731353
300731992,300731353
300732133,300732499
300732133,300732795
300732133,300732977
300732499,300732133
300732795,300732133
300732977,300732133
300733045,300733462
300733045,300733590
300733045,300733718
300733045,300733885
300733045,300733995
300733045,300734385
300733045,300734540
300733045,300734753
300733462,300733045
300733590,300733045
300733718,300733045
300733885,300733045
300733995,300733045
300734385,300733045
300734540,300733045
300734753,300733045
300734836,300735357
300734836,300735479
300734836,300735685
300734836,300735873
300734836,300736080
300734836,300736258
300734836,300736398
300734836,300736511
300734836,300736719
300734836,300736848
300734836,300736966
300734836,300737081
300734836,300737154
300735357,300734836
300735479,300734836
300735685,300734836
300735873,300734836
300736080,300734836
300736258,300734836
300736398,300734836
300736511,300734836
300736719,300734836
300736848,300734836
300736966,300734836
300737081,300734836
300737154,300734836
300737803,300737986
300737803,300738075
300737986,300737803
300738075,300737803
300738382,300738561
300738382,300738696
300738382,300738815
300738561,300738382
300738696,300738382
300738815,300738382
300738894,300739045
300739045,300738894
300739127,300739250
300739250,300739127
300740137,300740474
300740137,300740584
300740137,300740726
300740137,300740817
300740137,300740928
300740474,300740137
300740584,300740137
300740726,300740137
300740817,300740137
300740928,300740137
300741094,300741377
300741377,300741094
300741508,300741988
300741508,300742096
300741508,300742278
300741508,300742385
300741508,300742526
300741508,300742855
300741508,300742956
300741508,300743129
300741508,300743267
300741508,300743443
300741508,300743546
300741508,300743758
300741508,300743918
300741508,300744126
300741508,300744348
300741508,300744431
300741988,300741508
300742096,300741508
300742278,300741508
300742385,300741508
300742526,300741508
300742855,300741508
300742956,300741508
300743129,300741508
300743267,300741508
300743443,300741508
300743546,300741508
300743758,300741508
300743918,300741508
300744126,300741508
300744348,300741508
300744431,300741508
300744561,300744747
300744561,300744830
300744561,300744934
300744561,300745018
300744561,300745116
300744747,300744561
300744830,300744561
300744934,300744561
300745018,300744561
300745116,300744561
300745290,300745517
300745290,300745619
300745517,300745290
300745619,300745290
300745703,300745838
300745838,300745703
300745928,300746164
300745928,300746357
300745928,300746498
300746164,300745928
300746357,300745928
300746498,300745928
300746608,300746830
300746608,300747037
300746608,300747163
300746830,300746608
300747037,300746608
300747163,300746608
300747306,300747591
300747591,300747306
300747710,300748141
300747710,300748332
300748141,300747710
300748332,300747710
300748450,300748614
300748614,300748450
300748833,300749007
300749007,300748833
300749241,300749538
300749241,300749690
300749538,300749241
300749690,300749241
300749799,300750023
300749799,300750117
300750023,300749799
300750117,300749799
300750282,300750586
300750282,300750696
300750586,300750282
300750696,300750282
300750838,300751145
300750838,300751272
300751145,300750838
300751272,300750838
300751909,300752072
300752072,300751909
300752322,300753066
300752322,300753282
300752322,300753471
300752322,300753875
300752322,300754243
300752322,300754418
300752322,300754651
300752322,300754896
300752322,300755001
300752322,300755152
300752322,300755335
300752322,300755483
300752322,300755784
300752322,300755988
300752322,300756099
300752322,300756220
300752322,300756381
300752322,300756474
300753066,300752322
300753282,300752322
300753471,300752322
300753875,300752322
300754243,300752322
300754418,300752322
300754651,300752322
300754896,300752322
300755001,300752322
300755152,300752322
300755335,300752322
300755483,300752322
300755784,300752322
300755988,300752322
300756099,300752322
300756220,300752322
300756381,300752322
300756474,300752322
300756664,300757183
300756664,300757379
300756664,300757486
300756664,300757728
300756664,300758034
300756664,300758144
300756664,300758275
300756664,300758448
300757183,300756664
300757379,300756664
300757486,300756664
300757728,300756664
300758034,300756664
300758144,300756664
300758275,300756664
300758448,300756664
300758874,300759187
300758874,300759459
300759187,300758874
300759459,300758874
300759741,300759904
300759741,300760063
300759741,300760196
300759904,300759741
300760063,300759741
300760196,300759741
300761459,300761745
300761459,300762034
300761745,300761459
300762034,300761459
300762225,300762572
300762225,300762834
300762225,300763094
300762225,300763228
300762572,300762225
300762834,300762225
300763094,300762225
300763228,300762225
300763443,300763679
300763443,300763811
300763443,300763990
300763679,300763443
300763811,300763443
300763990,300763443
300764080,300764249
300764080,300764353
300764080,300764472
300764249,300764080
300764353,300764080
300764472,300764080
300764784,300765010
300764784,300765159
300765010,300764784
300765159,300764784
300765299,300765526
300765526,300765299
300765835,300766193
300765835,300766562
300766193,300765835
300766562,300765835
300766944,300767219
300766944,300767541
300766944,300767681
300766944,300767865
300767219,300766944
300767541,300766944
300767681,300766944
300767865,300766944
300767969,300768175
300768175,300767969
300768308,300768652
300768308,300768840
300768308,300768983
300768308,300769125
300768308,300769235
300768308,300769559
300768652,300768308
300768840,300768308
300768983,300768308
300769125,300768308
300769235,300768308
300769559,300768308
300769746,300770112
300769746,300770405
300769746,300770664
300769746,300770799
300770112,300769746
300770405,300769746
300770664,300769746
300770799,300769746
300771293,300771693
300771293,300771876
300771293,300772568
300771293,300772684
300771293,300772822
300771293,300772949
300771293,300773078
300771293,300773274
300771293,300773514
300771293,300773760
300771693,300771293
300771876,300771293
300772568,300771293
300772684,300771293
300772822,300771293
300772949,300771293
300773078,300771293
300773274,300771293
300773514,300771293
300773760,300771293
300773869,300774369
300773869,300774545
300773869,300774761
300773869,300775038
300773869,300775507
300773869,300775806
300773869,300776217
300773869,300776336
300773869,300776530
300774369,300773869
300774545,300773869
300774761,300773869
300775038,300773869
300775507,300773869
300775806,300773869
300776217,300773869
300776336,300773869
300776530,300773869
300776898,300777169
300777169,300776898
300777736,300777900
300777900,300777736
300778176,300778413
300778176,300778623
300778413,300778176
300778623,300778176
300778793,300779036
300778793,300779223
300778793,300779557
300779036,300778793
300779223,300778793
300779557,300778793
300779782,300779914
300779782,300780199
300779914,300779782
300780199,300779782
300780532,300780740
300780532,300780896
300780740,300780532
300780896,300780532
300781200,300781465
300781200,300781641
300781465,300781200
300781641,300781200
300781782,300782135
300781782,300782370
300781782,300782595
300781782,300782761
300781782,300782946
300781782,300783071
300781782,300783153
300782135,300781782
300782370,300781782
300782595,300781782
300782761,300781782
300782946,300781782
300783071,300781782
300783153,300781782
300783361,300783551
300783361,300783653
300783361,300783751
300783361,300783867
300783551,300783361
300783653,300783361
300783751,300783361
300783867,300783361
300784031,300784167
300784167,300784031
300784383,300784567
300784567,300784383
300784879,300785111
300784879,300785390
300784879,300785516
300785111,300784879
300785390,300784879
300785516,300784879
300785660,300785769
300785769,300785660
300786179,300786327
300786327,300786179
300786457,300786632
300786457,300786739
300786632,300786457
300786739,300786457
300786873,300787318
300786873,300787510
300786873,300787851
300786873,300788074
300786873,300788212
300786873,300788444
300786873,300788561
300787318,300786873
300787510,300786873
300787851,300786873
300788074,300786873
300788212,300786873
300788444,300786873
300788561,300786873
300788668,300789039
300788668,300789144
300788668,300789474
300788668,300789717
300788668,300790069
300788668,300790239
300789039,300788668
300789144,300788668
300789474,300788668
300789717,300788668
300790069,300788668
300790239,300788668
300790628,300790968
300790968,300790628
300791174,300791339
300791174,300791536
300791174,300791714
300791174,300791910
300791339,300791174
300791536,300791174
300791714,300791174
300791910,300791174
300792032,300792421
300792032,300792501
300792032,300792798
300792032,300792906
300792032,300793055
300792421,300792032
300792501,300792032
300792798,300792032
300792906,300792032
300793055,300792032
300793184,300793389
300793184,300793531
300793184,300793673
300793389,300793184
300793531,300793184
300793673,300793184
300793791,300794003
300793791,300794142
300794003,300793791
300794142,300793791
300794308,300794520
300794520,300794308
300794654,300794875
300794654,300795113
300794654,300795550
300794654,300795663
300794654,300795786
300794654,300795992
300794875,300794654
300795113,300794654
300795550,300794654
300795663,300794654
300795786,300794654
300795992,300794654
300796339,300796799
300796339,300796910
300796339,300797012
300796339,300797390
300796339,300797507
300796799,300796339
300796910,300796339
300797012,300796339
300797390,300796339
300797507,300796339
300797605,300797913
300797605,300798059
300797605,300798210
300797605,300798564
300797913,300797605
300798059,300797605
300798210,300797605
300798564,300797605
300798747,300799151
300798747,300799464
300798747,300799595
300798747,300799722
300798747,300799996
300798747,300800161
300798747,300800289
300799151,300798747
300799464,300798747
300799595,300798747
300799722,300798747
300799996,300798747
300800161,300798747
300800289,300798747
300800515,300800774
300800515,300800950
300800515,300801116
300800515,300801206
300800774,300800515
300800950,300800515
300801116,300800515
300801206,300800515
300802349,300802602
300802349,300802770
300802349,300802919
300802602,300802349
300802770,300802349
300802919,300802349
300803019,300803195
300803195,300803019
300803571,300803861
300803571,300804115
300803571,300804239
300803861,300803571
300804115,300803571
300804239,300803571
300804823,300805264
300804823,300805575
300804823,300805661
300804823,300805942
300804823,300806049
300804823,300806437
300804823,300806687
300804823,300806786
300804823,300806963
300804823,303186814
300805264,300804823
300805575,300804823
300805661,300804823
300805942,300804823
300806049,300804823
300806437,300804823
300806687,300804823
300806786,300804823
300806963,300804823
300807100,300807299
300807100,300807383
300807100,300807536
300807100,300807742
300807299,300807100
300807383,300807100
300807536,300807100
300807742,300807100
300807831,300808047
300807831,300808180
300807831,300808261
300807831,300808338
300808047,300807831
300808180,300807831
300808261,300807831
300808338,300807831
300808409,300808911
300808409,300809045
300808409,300809122
300808409,300809199
300808409,300809274
300808409,300809457
300808409,300809530
300808409,300809603
300808409,300809762
300808409,300809883
300808409,300809980
300808409,300810097
300808409,300810350
300808409,300810427
300808409,300810543
300808911,300808409
300809045,300808409
300809122,300808409
300809199,300808409
300809274,300808409
300809457,300808409
300809530,300808409
300809603,300808409
300809762,300808409
300809883,300808409
300809980,300808409
300810097,300808409
300810350,300808409
300810427,300808409
300810543,300808409
300810621,300810858
300810621,300811014
300810621,300811333
300810621,300811428
300810858,300810621
300811014,300810621
300811333,300810621
300811428,300810621
300811554,300811689
300811689,300811554
300811803,300811954
300811954,300811803
300812278,300812752
300812278,300812950
300812278,300813207
300812278,300813317
300812278,300813451
300812278,300813705
300812278,300813884
300812278,300814028
300812278,303186961
300812752,300812278
300812950,300812278
300813207,300812278
300813317,300812278
300813451,300812278
300813705,300812278
300813884,300812278
300814028,300812278
300814153,300814632
300814153,300814922
300814153,300815044
300814153,300815312
300814153,300815462
300814153,300815656
300814632,300814153
300814922,300814153
300815044,300814153
300815312,300814153
300815462,300814153
300815656,300814153
300815912,300816335
300815912,300816542
300815912,300816660
300815912,300816884
300815912,300817121
300815912,300817400
300815912,300817568
300815912,300817944
300815912,300818135
300816335,300815912
300816542,300815912
300816660,300815912
300816884,300815912
300817121,300815912
300817400,300815912
300817568,300815912
300817944,300815912
300818135,300815912
300818261,300818416
300818261,300818544
300818416,300818261
300818544,300818261
300818696,300819028
300818696,300819201
300818696,300819316
300818696,300819491
300819028,300818696
300819201,300818696
300819316,300818696
300819491,300818696
300819604,300819753
300819753,300819604
300819954,300820201
300819954,300820305
300819954,300820410
300819954,300820494
300819954,300820569
300820201,300819954
300820305,300819954
300820410,300819954
300820494,300819954
300820569,300819954
300820736,300821373
300820736,300821699
300820736,300821857
300820736,300822035
300820736,300822252
300820736,300822394
300820736,300822689
300820736,300822787
300820736,300823014
300820736,300823193
300820736,300823373
300820736,300823644
300821373,300820736
300821699,300820736
300821857,300820736
300822035,300820736
300822252,300820736
300822394,300820736
300822689,300820736
300822787,300820736
300823014,300820736
300823193,300820736
300823373,300820736
300823644,300820736
300823736,300823955
300823736,300824119
300823955,300823736
300824119,300823736
300824276,300824652
300824276,300824817
300824276,300824989
300824276,300825055
300824652,300824276
300824817,300824276
300824989,300824276
300825055,300824276
300825237,300825544
300825237,300825821
300825237,300825988
300825237,300826394
300825237,300826642
300825237,300826864
300825544,300825237
300825821,300825237
300825988,300825237
300826394,300825237
300826642,300825237
300826864,300825237
300827048,300827339
300827048,300827522
300827339,300827048
300827522,300827048
300827665,300828032
300828032,300827665
300828534,300828788
300828534,300829021
300828788,300828534
300829021,300828534
300829180,300829416
300829416,300829180
300829536,300829772
300829772,300829536
300830261,300830719
300830261,300831004
300830719,300830261
300831004,300830261
300831162,300831368
300831162,300831477
300831162,300831644
300831162,300831783
300831162,300831906
300831162,300831995
300831368,300831162
300831477,300831162
300831644,300831162
300831783,300831162
300831906,300831162
300831995,300831162
300832133,300832321
300832133,300832443
300832133,300832565
300832133,300832688
300832133,300832777
300832321,300832133
300832443,300832133
300832565,300832133
300832688,300832133
300832777,300832133
300832901,300833168
300833168,300832901
300833397,300833618
300833397,303183898
300833618,300833397
300833771,300834016
300833771,300834204
300833771,300834459
300833771,300834628
300834016,300833771
300834204,300833771
300834459,300833771
300834628,300833771
300834760,300834993
300834760,300835128
300834760,300835357
300834760,300835544
300834993,300834760
300835128,300834760
300835357,300834760
300835544,300834760
300835724,300835896
300835896,300835724
300836137,300836462
300836462,300836137
300836580,300836878
300836580,300836983
300836580,300837080
300836580,303179767
300836580,303180721
300836878,300836580
300836983,300836580
300837080,300836580
300837333,300837493
300837493,300837333
300837582,300837906
300837582,300838236
300837582,300838363
300837582,300838485
300837906,300837582
300838236,300837582
300838363,300837582
300838485,300837582
300838572,300838836
300838572,300839080
300838572,300839458
300838572,300839551
300838572,300839758
300838836,300838572
300839080,300838572
300839458,300838572
300839551,300838572
300839758,300838572
300840220,300840482
300840220,300840657
300840220,300840891
300840220,300841212
300840482,300840220
300840657,300840220
300840891,300840220
300841212,300840220
300841453,300841615
300841453,300841756
300841453,300841926
300841615,300841453
300841756,300841453
300841926,300841453
300842076,300842839
300842076,300843002
300842076,300843172
300842076,300843384
300842839,300842076
300843002,300842076
300843172,300842076
300843384,300842076
300843489,300843858
300843489,300843991
300843858,300843489
300843991,300843489
300844157,300844424
300844157,300844964
300844157,300845129
300844157,300845295
300844157,300845530
300844157,300845712
300844157,300845824
300844157,300845933
300844424,300844157
300844964,300844157
300845129,300844157
300845295,300844157
300845530,300844157
300845712,300844157
300845824,300844157
300845933,300844157
300846253,300846490
300846253,300846616
300846490,300846253
300846616,300846253
300846813,300847186
300847186,300846813
300847598,300847938
300847598,300848082
300847598,300848191
300847598,300848489
300847598,300848613
300847598,300848716
300847938,300847598
300848082,300847598
300848191,300847598
300848489,300847598
300848613,300847598
300848716,300847598
300848881,300849138
300849138,300848881
300849382,300849779
300849382,300849913
300849382,300850020
300849382,300850178
300849382,300850303
300849382,300850529
300849382,300850683
300849382,300850789
300849779,300849382
300849913,300849382
300850020,300849382
300850178,300849382
300850303,300849382
300850529,300849382
300850683,300849382
300850789,300849382
300850893,300851025
300851025,300850893
300851125,300851574
300851125,300851967
300851125,300852091
300851125,300852242
300851125,300852440
300851125,300852698
300851125,300852848
300851125,300853004
300851125,300853106
300851125,300853195
300851125,300853385
300851574,300851125
300851967,300851125
300852091,300851125
300852242,300851125
300852440,300851125
300852698,300851125
300852848,300851125
300853004,300851125
300853106,300851125
300853195,300851125
300853385,300851125
300853507,300853716
300853507,300853835
300853507,300853907
300853716,300853507
300853835,300853507
300853907,300853507
300854031,300854216
300854031,300854346
300854216,300854031
300854346,300854031
300854459,300854622
300854459,300854786
300854622,300854459
300854786,300854459
300854941,300855100
300854941,300855193
300855100,300854941
300855193,300854941
300855396,300855556
300855396,300855702
300855396,300855848
300855556,300855396
300855702,300855396
300855848,300855396
300855950,300856251
300855950,300856342
300855950,300856555
300855950,300856714
300855950,300856859
300855950,300856984
300855950,300857108
300856251,300855950
300856342,300855950
300856555,300855950
300856714,300855950
300856859,300855950
300856984,300855950
300857108,300855950
300857233,300857773
300857233,300857914
300857233,300858044
300857233,300858295
300857233,300858413
300857233,300858509
300857233,300858617
300857773,300857233
300857914,300857233
300858044,300857233
300858295,300857233
300858413,300857233
300858509,300857233
300858617,300857233
300858737,300858963
300858737,300859222
300858963,300858737
300859222,300858737
300859397,300859754
300859397,300859850
300859397,300860078
300859397,300860229
300859397,300860407
300859397,300860528
300859754,300859397
300859850,300859397
300860078,300859397
300860229,300859397
300860407,300859397
300860528,300859397
300860641,300860878
300860641,300860977
300860641,300861126
300860641,300861284
300860878,300860641
300860977,300860641
300861126,300860641
300861284,300860641
300861429,300861908
300861429,300862066
300861429,300862530
300861429,300862650
300861429,300862819
300861429,300862970
300861429,300863226
300861429,300863331
300861429,300863672
300861429,300863793
300861429,300863986
300861429,300864172
300861429,300864312
300861429,300864451
300861908,300861429
300862066,300861429
300862530,300861429
300862650,300861429
300862819,300861429
300862970,300861429
300863226,300861429
300863331,300861429
300863672,300861429
300863793,300861429
300863986,300861429
300864172,300861429
300864312,300861429
300864451,300861429
300864521,300864867
300864521,300865053
300864521,300865226
300864521,300865722
300864521,300866009
300864521,300866229
300864521,300866451
300864867,300864521
300865053,300864521
300865226,300864521
300865722,300864521
300866009,300864521
300866229,300864521
300866451,300864521
300866588,300867021
300866588,300867124
300866588,300867303
300866588,300867622
300866588,300867800
300866588,300867927
300866588,300868038
300867021,300866588
300867124,300866588
300867303,300866588
300867622,300866588
300867800,300866588
300867927,300866588
300868038,300866588
300868284,300868605
300868284,300868782
300868284,300868889
300868284,300869491
300868284,300869740
300868284,300869863
300868605,300868284
300868782,300868284
300868889,300868284
300869491,300868284
300869740,300868284
300869863,300868284
300870000,300870199
300870000,300870391
300870000,300870584
300870199,300870000
300870391,300870000
300870584,300870000
300870722,300871035
300870722,300871229
300871035,300870722
300871229,300870722
300871620,300871877
300871620,300872020
300871620,300872135
300871877,300871620
300872020,300871620
300872135,300871620
300872367,300872558
300872367,300872681
300872558,300872367
300872681,300872367
300873145,300873312
300873145,300873457
300873145,300873556
300873145,300873643
300873312,300873145
300873457,300873145
300873556,300873145
300873643,300873145
300873842,300873977
300873842,300874187
300873977,300873842
300874187,300873842
300874266,300874530
300874266,300874689
300874266,300874782
300874266,300874887
300874530,300874266
300874689,300874266
300874782,300874266
300874887,300874266
300875008,300875315
300875008,300875410
300875008,300875610
300875008,300875693
300875315,300875008
300875410,300875008
300875610,300875008
300875693,300875008
300875768,300876096
300875768,300876303
300875768,300876460
300875768,300876672
300876096,300875768
300876303,300875768
300876460,300875768
300876672,300875768
300876845,300876995
300876845,300877110
300876995,300876845
300877110,300876845
300877318,300877547
300877318,300877829
300877318,300877984
300877547,300877318
300877829,300877318
300877984,300877318
300878160,300878339
300878339,300878160
300879360,300879556
300879556,300879360
300880376,300880581
300880581,300880376
300881469,300881958
300881469,300882092
300881469,300882413
300881469,300882500
300881469,300882647
300881469,300882786
300881469,300883101
300881469,300883288
300881958,300881469
300882092,300881469
300882413,300881469
300882500,300881469
300882647,300881469
300882786,300881469
300883101,300881469
300883288,300881469
300883578,300883829
300883578,300884071
300883578,300884332
300883829,300883578
300884071,300883578
300884332,300883578
300884856,300884986
300884986,300884856
300885212,300885683
300885212,300885805
300885212,300885953
300885212,300886162
300885212,300886238
300885683,300885212
300885805,300885212
300885953,300885212
300886162,300885212
300886238,300885212
300886629,300886830
300886629,300887059
300886629,300887270
300886629,300887426
300886629,300887721
300886830,300886629
300887059,300886629
300887270,300886629
300887426,300886629
300887721,300886629
300888010,300888250
300888010,300888389
300888010,300888568
300888010,300888833
300888010,300888980
300888010,300889140
300888010,300889235
300888010,300889353
300888250,300888010
300888389,300888010
300888568,300888010
300888833,300888010
300888980,300888010
300889140,300888010
300889235,300888010
300889353,300888010
300889537,300889820
300889537,300889968
300889537,300890114
300889537,300890264
300889537,300890382
300889537,300890544
300889537,300890692
300889537,300890877
300889537,300890990
300889537,300891147
300889820,300889537
300889968,300889537
300890114,300889537
300890264,300889537
300890382,300889537
300890544,300889537
300890692,300889537
300890877,300889537
300890990,300889537
300891147,300889537
300891810,300891960
300891960,300891810
300892089,300892304
300892304,300892089
300892581,300892902
300892581,300893091
300892902,300892581
300893091,300892581
300893218,300893397
300893397,300893218
300893498,300893938
300893498,300894074
300893498,300894269
300893498,300894552
300893498,300894675
300893498,300894766
300893498,300894851
300893938,300893498
300894074,300893498
300894269,300893498
300894552,300893498
300894675,300893498
300894766,300893498
300894851,300893498
300894933,300895188
300894933,300895343
300895188,300894933
300895343,300894933
300895590,300895922
300895590,300896071
300895590,300896353
300895590,300896645
300895590,300896978
300895590,300897119
300895922,300895590
300896071,300895590
300896353,300895590
300896645,300895590
300896978,300895590
300897119,300895590
300897711,300898249
300897711,300898494
300897711,300898653
300897711,300898746
300897711,300898857
300897711,300898953
300897711,300899042
300897711,300899340
300897711,300899441
300897711,300899577
300897711,300899679
300897711,300899842
300897711,300899976
300897711,300900115
300898249,300897711
300898494,300897711
300898653,300897711
300898746,300897711
300898857,300897711
300898953,300897711
300899042,300897711
300899340,300897711
300899441,300897711
300899577,300897711
300899679,300897711
300899842,300897711
300899976,300897711
300900115,300897711
300900251,300900525
300900251,300900663
300900251,300900868
300900251,300901010
300900251,300901131
300900251,300901239
300900525,300900251
300900663,300900251
300900868,300900251
300901010,300900251
300901131,300900251
300901239,300900251
300901333,300901770
300901333,300901921
300901333,300902164
300901333,300902327
300901333,300902444
300901333,300902520
300901770,300901333
300901921,300901333
300902164,300901333
300902327,300901333
300902444,300901333
300902520,300901333
300902650,300902772
300902772,300902650
300903335,300903919
300903335,300904075
300903335,300904271
300903919,300903335
300904075,300903335
300904271,300903335
300904448,300904926
300904448,300905134
300904448,300905274
300904926,300904448
300905134,300904448
300905274,300904448
300905428,300905592
300905428,300905670
300905428,300905924
300905428,300906043
300905592,300905428
300905670,300905428
300905924,300905428
300906043,300905428
300906200,300906399
300906200,300906539
300906200,300906726
300906399,300906200
300906539,300906200
300906726,300906200
300906875,300907138
300906875,300907524
300906875,300907650
300906875,300907984
300907138,300906875
300907524,300906875
300907650,300906875
300907984,300906875
300908529,300908955
300908529,300909139
300908529,300909341
300908529,300909444
300908529,300909620
300908529,300909763
300908529,300909929
300908529,300910119
300908955,300908529
300909139,300908529
300909341,300908529
300909444,300908529
300909620,300908529
300909763,300908529
300909929,300908529
300910119,300908529
300910393,300910687
300910393,300910858
300910393,300911005
300910687,300910393
300910858,300910393
300911005,300910393
300911498,300911742
300911742,300911498
300912120,300912317
300912120,300912611
300912120,300912753
300912317,300912120
300912611,300912120
300912753,300912120
300913478,300913672
300913478,300913885
300913672,300913478
300913885,300913478
300914028,300914228
300914028,300914605
300914028,300914816
300914028,300914981
300914228,300914028
300914605,300914028
300914816,300914028
300914981,300914028
300915242,300915411
300915242,300915566
300915242,300915737
300915411,300915242
300915566,300915242
300915737,300915242
300916396,300916585
300916396,300916687
300916585,300916396
300916687,300916396
300917012,300917568
300917012,300917871
300917012,300918040
300917012,300918248
300917012,300918383
300917012,300918481
300917012,300918589
300917012,300918702
300917568,300917012
300917871,300917012
300918040,300917012
300918248,300917012
300918383,300917012
300918481,300917012
300918589,300917012
300918702,300917012
300918825,300919260
300918825,300919433
300918825,300919592
300918825,300919786
300918825,300919988
300918825,300920135
300918825,300920312
300918825,300920478
300918825,300920629
300918825,300920804
300919260,300918825
300919433,300918825
300919592,300918825
300919786,300918825
300919988,300918825
300920135,300918825
300920312,300918825
300920478,300918825
300920629,300918825
300920804,300918825
300921049,300921218
300921049,300921387
300921218,300921049
300921387,300921049
300921579,300921744
300921744,300921579
300921896,300922283
300921896,300922458
300921896,300922616
300921896,300922796
300921896,300922895
300921896,300923031
300922283,300921896
300922458,300921896
300922616,300921896
300922796,300921896
300922895,300921896
300923031,300921896
300923262,300923451
300923262,300923671
300923262,300923855
300923262,300923996
300923451,300923262
300923671,300923262
300923855,300923262
300923996,300923262
300924178,300924437
300924437,300924178
300924679,300924954
300924954,300924679
300925085,300925258
300925085,300925446
300925085,300925690
300925085,300925844
300925258,300925085
300925446,300925085
300925690,300925085
300925844,300925085
300925981,300926106
300926106,300925981
300926269,300926429
300926269,300926508
300926269,300926645
300926429,300926269
300926508,300926269
300926645,300926269
300926811,300926935
300926935,300926811
300927032,300927303
300927032,300927409
300927032,300927588
300927032,300927771
300927032,300927877
300927032,300928039
300927032,300928111
300927032,300928220
300927032,300928321
300927032,300928414
300927303,300927032
300927409,300927032
300927588,300927032
300927771,300927032
300927877,300927032
300928039,300927032
300928111,300927032
300928220,300927032
300928321,300927032
300928414,300927032
300928631,300928986
300928631,300929155
300928631,300929248
300928631,300929540
300928631,300929725
300928631,300929902
300928631,300930018
300928631,300930113
300928986,300928631
300929155,300928631
300929248,300928631
300929540,300928631
300929725,300928631
300929902,300928631
300930018,300928631
300930113,300928631
300930268,300930514
300930268,300930740
300930268,300930906
300930514,300930268
300930740,300930268
300930906,300930268
300930995,300931169
300930995,300931345
300930995,300931464
300931169,300930995
300931345,300930995
300931464,300930995
300931667,300931931
300931667,300932310
300931667,300932466
300931667,300932627
300931667,300932852
300931667,300932962
300931931,300931667
300932310,300931667
300932466,300931667
300932627,300931667
300932852,300931667
300932962,300931667
300933135,300933235
300933235,300933135
300933317,300933495
300933317,300933660
300933495,300933317
300933660,300933317
300934023,300934180
300934023,300934477
300934023,300934546
300934180,300934023
300934477,300934023
300934546,300934023
300934692,300935048
300935048,300934692
300935253,300935525
300935253,300935670
300935253,300935930
300935253,300936107
300935525,300935253
300935670,300935253
300935930,300935253
300936107,300935253
300936218,300936475
300936218,300936568
300936475,300936218
300936568,300936218
300936858,300937137
300937137,300936858
300937261,300937509
300937261,300937610
300937261,300937716
300937261,300937864
300937509,300937261
300937610,300937261
300937716,300937261
300937864,300937261
300937984,300938234
300937984,300938462
300937984,300938796
300937984,300939032
300937984,300939121
300938234,300937984
300938462,300937984
300938796,300937984
300939032,300937984
300939121,300937984
300939281,300939559
300939281,300939700
300939281,300939910
300939559,300939281
300939700,300939281
300939910,300939281
300940094,300940292
300940292,300940094
300940422,300940574
300940422,300940663
300940574,300940422
300940663,300940422
300940899,300941160
300940899,300941344
300940899,300941686
300940899,300941827
300941160,300940899
300941344,300940899
300941686,300940899
300941827,300940899
300941944,300942299
300941944,300942483
300941944,300942619
300941944,300942711
300941944,300942848
300941944,300943004
300941944,300943104
300942299,300941944
300942483,300941944
300942619,300941944
300942711,300941944
300942848,300941944
300943004,300941944
300943104,300941944
300943245,300943555
300943245,300943801
300943245,300944063
300943245,300944193
300943245,300944289
300943555,300943245
300943801,300943245
300944063,300943245
300944193,300943245
300944289,300943245
300944506,300944764
300944506,300944952
300944506,300945107
300944506,300945382
300944506,300945498
300944764,300944506
300944952,300944506
300945107,300944506
300945382,300944506
300945498,300944506
300945751,300945976
300945751,300946071
300945976,300945751
300946071,300945751
300946207,300946425
300946425,300946207
300946567,300946745
300946745,300946567
300946871,300947210
300946871,300947662
300946871,300947875
300946871,300948081
300947210,300946871
300947662,300946871
300947875,300946871
300948081,300946871
300948204,300948637
300948204,300948736
300948204,300948916
300948204,300949010
300948204,300949143
300948637,300948204
300948736,300948204
300948916,300948204
300949010,300948204
300949143,300948204
300949253,300949708
300949253,300949931
300949253,300950148
300949708,300949253
300949931,300949253
300950148,300949253
300950556,300950798
300950556,300950909
300950798,300950556
300950909,300950556
300951070,300951306
300951070,300951390
300951070,300951539
300951306,300951070
300951390,300951070
300951539,300951070
300951707,300951819
300951819,300951707
300952132,300952417
300952132,300952531
300952417,300952132
300952531,300952132
300952890,300953082
300953082,300952890
300953196,300953341
300953341,300953196
300953455,300953610
300953610,300953455
300953733,300953964
300953964,300953733
300954182,300954527
300954182,300954695
300954182,300954947
300954182,300955203
300954527,300954182
300954695,300954182
300954947,300954182
300955203,300954182
300955786,300956067
300955786,300956197
300956067,300955786
300956197,300955786
300956354,300956669
300956354,300956799
300956354,300956913
300956354,300957058
300956669,300956354
300956799,300956354
300956913,300956354
300957058,300956354
300957232,300957481
300957232,300957567
300957232,300957686
300957232,300957805
300957481,300957232
300957567,300957232
300957686,300957232
300957805,300957232
300957958,300958151
300957958,300958278
300958151,300957958
300958278,300957958
300958374,300958671
300958374,300958832
300958671,300958374
300958832,300958374
300958916,300959197
300958916,300959378
300958916,300959500
300958916,300959853
300958916,300959979
300959197,300958916
300959378,300958916
300959500,300958916
300959853,300958916
300959979,300958916
300960067,300960325
300960067,300960433
300960325,300960067
300960433,300960067
300960539,300960799
300960539,300960885
300960799,300960539
300960885,300960539
300961004,300961403
300961004,300961486
300961004,300961558
300961004,300961736
300961004,300961825
300961004,300961905
300961004,300962062
300961004,300962175
300961004,300962248
300961004,300962350
300961004,300962432
300961004,300962536
300961403,300961004
300961486,300961004
300961558,300961004
300961736,300961004
300961825,300961004
300961905,300961004
300962062,300961004
300962175,300961004
300962248,300961004
300962350,300961004
300962432,300961004
300962536,300961004
300963299,300963475
300963475,300963299
300963711,300963845
300963845,300963711
300963927,300964382
300963927,300964547
300963927,300964790
300963927,300964913
300964382,300963927
300964547,300963927
300964790,300963927
300964913,300963927
300964990,300965365
300964990,300965557
300964990,300965834
300965365,300964990
300965557,300964990
300965834,300964990
300965965,300966288
300965965,300966427
300966288,300965965
300966427,300965965
300966692,300967056
300966692,300967345
300967056,300966692
300967345,300966692
300967546,300967813
300967546,300967928
300967546,300968315
300967813,300967546
300967928,300967546
300968315,300967546
300968465,300968692
300968692,300968465
300968807,300969050
300969050,300968807
300969266,300969541
300969266,300969782
300969266,300969899
300969266,300970009
300969266,300970181
300969266,300970351
300969541,300969266
300969782,300969266
300969899,300969266
300970009,300969266
300970181,300969266
300970351,300969266
300970509,300970814
300970509,300971158
300970509,300971377
300970509,300971546
300970509,300971734
300970814,300970509
300971158,300970509
300971377,300970509
300971546,300970509
300971734,300970509
300971966,300972179
300971966,300972346
300971966,300972466
300971966,300972644
300972179,300971966
300972346,300971966
300972466,300971966
300972644,300971966
300972782,300973052
300972782,300973235
300973052,300972782
300973235,300972782
300973486,300973774
300973486,300973917
300973486,300974047
300973486,300974237
300973774,300973486
300973917,300973486
300974047,300973486
300974237,300973486
300974357,300974633
300974357,300974840
300974633,300974357
300974840,300974357
300975009,300975526
300975009,300975777
300975009,300975890
300975009,300976402
300975009,300976610
300975009,300976837
300975009,300976983
300975009,300977148
300975009,300977217
300975009,300977443
300975009,300977650
300975009,300977970
300975526,300975009
300975777,300975009
300975890,300975009
300976402,300975009
300976610,300975009
300976837,300975009
300976983,300975009
300977148,300975009
300977217,300975009
300977443,300975009
300977650,300975009
300977970,300975009
300978139,300978500
300978139,300978693
300978139,300978827
300978500,300978139
300978693,300978139
300978827,300978139
300978955,300979386
300978955,300979540
300978955,300979813
300978955,300980116
300978955,300980234
300978955,300980381
300978955,300980522
300978955,300980809
300978955,300981098
300978955,300981340
300978955,300981474
300978955,300981583
300979386,300978955
300979540,300978955
300979813,300978955
300980116,300978955
300980234,300978955
300980381,300978955
300980522,300978955
300980809,300978955
300981098,300978955
300981340,300978955
300981474,300978955
300981583,300978955
300981750,300982065
300981750,300982310
300981750,300982425
300981750,300982603
300981750,300982814
300981750,300982917
300982065,300981750
300982310,300981750
300982425,300981750
300982603,300981750
300982814,300981750
300982917,300981750
300983064,300983380
300983064,300983585
300983064,300983671
300983064,300983910
300983380,300983064
300983585,300983064
300983671,300983064
300983910,300983064
300984017,300984233
300984233,300984017
300984402,300984999
300984402,300985132
300984402,300985266
300984402,300985500
300984402,300985593
300984402,300985733
300984402,300985953
300984402,300986093
300984402,300986323
300984402,300986475
300984402,300986650
300984402,300986927
300984402,300987130
300984402,300987262
300984402,300987593
300984402,300987758
300984402,300988040
300984402,300988183
300984402,300988281
300984999,300984402
300985132,300984402
300985266,300984402
300985500,300984402
300985593,300984402
300985733,300984402
300985953,300984402
300986093,300984402
300986323,300984402
300986475,300984402
300986650,300984402
300986927,300984402
300987130,300984402
300987262,300984402
300987593,300984402
300987758,300984402
300988040,300984402
300988183,300984402
300988281,300984402
300988423,300988857
300988423,300988963
300988423,300989091
300988423,300989200
300988423,300989351
300988423,300989508
300988423,300989599
300988857,300988423
300988963,300988423
300989091,300988423
300989200,300988423
300989351,300988423
300989508,300988423
300989599,300988423
300989717,300989964
300989717,300990069
300989717,300990174
300989717,300990256
300989717,300990329
300989717,300990417
300989964,300989717
300990069,300989717
300990174,300989717
300990256,300989717
300990329,300989717
300990417,300989717
300990501,300990780
300990501,300990853
300990501,300990951
300990501,300991018
300990501,300991095
300990501,300991203
300990501,300991300
300990501,300991398
300990780,300990501
300990853,300990501
300990951,300990501
300991018,300990501
300991095,300990501
300991203,300990501
300991300,300990501
300991398,300990501
300991761,300992150
300991761,300992232
300991761,300992523
300991761,300992778
300991761,300993003
300991761,300993234
300992150,300991761
300992232,300991761
300992523,300991761
300992778,300991761
300993003,300991761
300993234,300991761
300993964,300994413
300993964,300994567
300993964,300994722
300993964,300994930
300993964,300995136
300993964,300995305
300993964,300995466
300993964,300995659
300993964,300995725
300993964,300995930
300993964,300996033
300994413,300993964
300994567,300993964
300994722,300993964
300994930,300993964
300995136,300993964
300995305,300993964
300995466,300993964
300995659,300993964
300995725,300993964
300995930,300993964
300996033,300993964
300996192,300996795
300996192,300996986
300996192,300997347
300996192,300997475
300996192,300997578
300996192,300997652
300996192,300997761
300996192,300997888
300996192,300997984
300996192,300998123
300996192,300998464
300996192,300998879
300996192,300999232
300996192,300999344
300996192,300999524
300996192,300999627
300996192,300999721
300996192,300999841
300996192,303187734
300996795,300996192
300996986,300996192
300997347,300996192
300997475,300996192
300997578,300996192
300997652,300996192
300997761,300996192
300997888,300996192
300997984,300996192
300998123,300996192
300998464,300996192
300998879,300996192
300999232,300996192
300999344,300996192
300999524,300996192
300999627,300996192
300999721,300996192
300999841,300996192
301000002,301000297
301000002,301000455
301000002,301000596
301000002,301000880
301000002,301000990
301000297,301000002
301000455,301000002
301000596,301000002
301000880,301000002
301000990,301000002
301001119,301001281
301001119,301001481
301001281,301001119
301001481,301001119
301001694,301001832
301001694,301002030
301001694,301002218
301001832,301001694
301002030,301001694
301002218,301001694
301002355,301002471
301002471,301002355
301003024,301003169
301003169,301003024
301003261,301003507
301003507,301003261
301003610,301003825
301003825,301003610
301003953,301004303
301003953,301004557
301004303,301003953
301004557,301003953
301004662,301005078
301004662,301005250
301004662,301005512
301004662,301005608
301005078,301004662
301005250,301004662
301005512,301004662
301005608,301004662
301005818,301006128
301005818,301006254
301005818,301006421
301005818,301006595
301005818,301006693
301005818,301006812
301005818,301006888
301005818,301007064
301005818,301007199
301005818,301007350
301005818,301007456
301006128,301005818
301006254,301005818
301006421,301005818
301006595,301005818
301006693,301005818
301006812,301005818
301006888,301005818
301007064,301005818
301007199,301005818
301007350,301005818
301007456,301005818
301007544,301007733
301007544,301007880
301007733,301007544
301007880,301007544
301008026,301008302
301008026,301008651
301008026,301008801
301008026,301008946
301008302,301008026
301008651,301008026
301008801,301008026
301008946,301008026
301009090,301009389
301009090,301009756
301009389,301009090
301009756,301009090
301009898,301010136
301009898,301010246
301009898,301010361
301009898,301010447
301010136,301009898
301010246,301009898
301010361,301009898
301010447,301009898
301010568,301010855
301010568,301011018
301010568,301011102
301010855,301010568
301011018,301010568
301011102,301010568
301011241,301011486
301011241,301011745
301011241,301011899
301011241,301012185
301011241,301012415
301011241,301012625
301011486,301011241
301011745,301011241
301011899,301011241
301012185,301011241
301012415,301011241
301012625,301011241
301012698,301012921
301012698,301013083
301012698,301013198
301012698,301013312
301012921,301012698
301013083,301012698
301013198,301012698
301013312,301012698
301013443,301013686
301013443,301013790
301013443,301013886
301013686,301013443
301013790,301013443
301013886,301013443
301014055,301014294
301014055,301014396
301014055,301014516
301014055,301014664
301014055,301014766
301014294,301014055
301014396,301014055
301014516,301014055
301014664,301014055
301014766,301014055
301014946,301015186
301014946,301015365
301014946,301015518
301014946,301015656
301015186,301014946
301015365,301014946
301015518,301014946
301015656,301014946
301015752,301016055
301015752,301016345
301015752,301016572
301015752,301016687
301016055,301015752
301016345,301015752
301016572,301015752
301016687,301015752
301016837,301017055
301017055,301016837
301017353,301017612
301017353,301017749
301017353,301018115
301017353,301018271
301017612,301017353
301017749,301017353
301018115,301017353
301018271,301017353
301018431,301018695
301018431,301018993
301018431,301019171
301018431,303184047
301018695,301018431
301018993,301018431
301019171,301018431
301019286,301019840
301019286,301020201
301019286,301020421
301019286,301020548
301019286,301020695
301019286,301020951
301019286,301021303
301019286,301021438
301019286,301021619
301019286,302218349
301019840,301019286
301020201,301019286
301020421,301019286
301020548,301019286
301020695,301019286
301020951,301019286
301021303,301019286
301021438,301019286
301021619,301019286
301021727,301022129
301021727,301022291
301021727,301022409
301022129,301021727
301022291,301021727
301022409,301021727
301022703,301023137
301022703,301023347
301022703,301023462
301022703,301023694
301022703,301023901
301022703,301024103
301022703,301024302
301022703,301024444
301023137,301022703
301023347,301022703
301023462,301022703
301023694,301022703
301023901,301022703
301024103,301022703
301024302,301022703
301024444,301022703
301025674,301025952
301025674,301026113
301025952,301025674
301026113,301025674
301026251,301026777
301026251,301026872
301026251,301027043
301026251,301027180
301026251,301027301
301026251,301027513
301026251,301027796
301026251,301028022
301026251,301028159
301026251,301028285
301026251,301028579
301026251,301028689
301026251,301028854
301026777,301026251
301026872,301026251
301027043,301026251
301027180,301026251
301027301,301026251
301027513,301026251
301027796,301026251
301028022,301026251
301028159,301026251
301028285,301026251
301028579,301026251
301028689,301026251
301028854,301026251
301028965,301029281
301028965,301029457
301028965,301029706
301029281,301028965
301029457,301028965
301029706,301028965
301029887,301030103
301029887,301030211
301030103,301029887
301030211,301029887
301030668,301030971
301030668,301031261
301030668,301031389
301030668,301031530
301030668,301031614
301030668,301031732
301030971,301030668
301031261,301030668
301031389,301030668
301031530,301030668
301031614,301030668
301031732,301030668
301031893,301032136
301031893,301032309
301031893,301032605
301032136,301031893
301032309,301031893
301032605,301031893
301032676,301032831
301032676,301033003
301032831,301032676
301033003,301032676
301033200,301033415
301033200,301033816
301033200,301034001
301033200,301034214
301033200,301034336
301033415,301033200
301033816,301033200
301034001,301033200
301034214,301033200
301034336,301033200
301034517,301034772
301034772,301034517
301034884,301035178
301035178,301034884
301035348,301035538
301035538,301035348
301035890,301036313
301035890,301036459
301035890,301036615
301035890,301036790
301035890,301037091
301035890,301037247
301035890,301037420
301036313,301035890
301036459,301035890
301036615,301035890
301036790,301035890
301037091,301035890
301037247,301035890
301037420,301035890
301037668,301037775
301037775,301037668
301038646,301038913
301038646,301039026
301038646,301039179
301038646,301039269
301038646,301039355
301038913,301038646
301039026,301038646
301039179,301038646
301039269,301038646
301039355,301038646
301039490,301039702
301039490,301039779
301039702,301039490
301039779,301039490
301039896,301040069
301039896,301040180
301039896,301040279
301039896,301040378
301040069,301039896
301040180,301039896
301040279,301039896
301040378,301039896
301040474,301040585
301040585,301040474
301040706,301040904
301040706,301041017
301040706,301041129
301040904,301040706
301041017,301040706
301041129,301040706
301041388,301041523
301041388,301041669
301041523,301041388
301041669,301041388
301041772,301041940
301041940,301041772
301042062,301042233
301042062,301042307
301042233,301042062
301042307,301042062
301042687,301042844
301042844,301042687
301043148,301043567
301043148,301043716
301043148,301043986
301043148,301044131
301043148,301044268
301043148,301044434
301043148,301044567
301043148,301044685
301043567,301043148
301043716,301043148
301043986,301043148
301044131,301043148
301044268,301043148
301044434,301043148
301044567,301043148
301044685,301043148
301044792,301045092
301044792,301045463
301044792,301045583
301044792,301045731
301045092,301044792
301045463,301044792
301045583,301044792
301045731,301044792
301046232,301046455
301046232,301046577
301046455,301046232
301046577,301046232
301046794,301047024
301046794,301047272
301047024,301046794
301047272,301046794
301047503,301047898
301047503,301048061
301047503,301048155
301047503,301048251
301047503,301048382
301047898,301047503
301048061,301047503
301048155,301047503
301048251,301047503
301048382,301047503
301048538,301048782
301048782,301048538
301048934,301049026
301049026,301048934
301049105,301049239
301049105,301049448
301049105,301049521
301049239,301049105
301049448,301049105
301049521,301049105
301049680,301049905
301049680,301050104
301049905,301049680
301050104,301049680
301050177,301050330
301050330,301050177
301050616,301051191
301050616,301051403
301050616,301051621
301050616,301051770
301050616,301051926
301050616,301052059
301050616,301052190
301050616,301052304
301050616,301052448
301050616,301052626
301050616,301052820
301051191,301050616
301051403,301050616
301051621,301050616
301051770,301050616
301051926,301050616
301052059,301050616
301052190,301050616
301052304,301050616
301052448,301050616
301052626,301050616
301052820,301050616
301052942,301053259
301052942,301053432
301052942,301053624
301052942,301053769
301053259,301052942
301053432,301052942
301053624,301052942
301053769,301052942
301053918,301054220
301054220,301053918
301054413,301054665
301054413,301054928
301054413,301055255
301054413,301055486
301054413,301055696
301054413,301055846
301054665,301054413
301054928,301054413
301055255,301054413
301055486,301054413
301055696,301054413
301055846,301054413
301056264,301056455
301056455,301056264
301056577,301056905
301056577,301057109
301056577,301057290
301056577,301057465
301056577,301057679
301056577,301057913
301056577,301058055
301056905,301056577
301057109,301056577
301057290,301056577
301057465,301056577
301057679,301056577
301057913,301056577
301058055,301056577
301058165,301058644
301058165,301058791
301058165,301059308
301058165,301059599
301058165,301060120
301058165,301060429
301058165,301060525
301058165,301060750
301058644,301058165
301058791,301058165
301059308,301058165
301059599,301058165
301060120,301058165
301060429,301058165
301060525,301058165
301060750,301058165
301060960,301061140
301060960,301061324
301060960,301061601
301060960,301061759
301061140,301060960
301061324,301060960
301061601,301060960
301061759,301060960
301061857,301062252
301061857,301062347
301061857,301062647
301061857,301062779
301061857,301062936
301061857,301063099
301061857,301063236
301061857,301063362
301061857,301063473
301061857,301063564
301061857,301063654
301062252,301061857
301062347,301061857
301062647,301061857
301062779,301061857
301062936,301061857
301063099,301061857
301063236,301061857
301063362,301061857
301063473,301061857
301063564,301061857
301063654,301061857
301063805,301064414
301063805,301064499
301063805,301064578
301063805,301064655
301063805,301064733
301063805,301064818
301063805,301064895
301063805,301064974
301063805,301065057
301063805,301065134
301063805,301065213
301063805,301065290
301063805,301065368
301063805,301065443
301063805,301065534
301063805,301065629
301063805,301065843
301063805,301066010
301063805,301066088
301063805,301066187
301063805,301066281
301063805,301066354
301063805,301066435
301064414,301063805
301064499,301063805
301064578,301063805
301064655,301063805
301064733,301063805
301064818,301063805
301064895,301063805
301064974,301063805
301065057,301063805
301065134,301063805
301065213,301063805
301065290,301063805
301065368,301063805
301065443,301063805
301065534,301063805
301065629,301063805
301065843,301063805
301066010,301063805
301066088,301063805
301066187,301063805
301066281,301063805
301066354,301063805
301066435,301063805
301066515,301066698
301066515,301066769
301066698,301066515
301066769,301066515
301067103,301067390
301067103,301067496
301067390,301067103
301067496,301067103
301067594,301067798
301067594,301067992
301067798,301067594
301067992,301067594
301068140,301068451
301068140,301068651
301068140,301068850
301068140,301069044
301068140,301069185
301068140,301069310
301068140,301069452
301068451,301068140
301068651,301068140
301068850,301068140
301069044,301068140
301069185,301068140
301069310,301068140
301069452,301068140
301069525,301069687
301069525,301069840
301069525,301070050
301069687,301069525
301069840,301069525
301070050,301069525
301070229,301070844
301070229,301071123
301070229,301071379
301070229,301071567
301070229,301071686
301070229,301071850
301070229,301072034
301070229,301072238
301070229,301072386
301070229,301072501
301070229,301072706
301070229,301072915
301070844,301070229
301071123,301070229
301071379,301070229
301071567,301070229
301071686,301070229
301071850,301070229
301072034,301070229
301072238,301070229
301072386,301070229
301072501,301070229
301072706,301070229
301072915,301070229
301073034,301073385
301073034,301073572
301073034,301073679
301073034,301073892
301073034,301074087
301073034,301074167
301073034,301074304
301073034,301074380
301073385,301073034
301073572,301073034
301073679,301073034
301073892,301073034
301074087,301073034
301074167,301073034
301074304,301073034
301074380,301073034
301074460,301074627
301074460,301074707
301074627,301074460
301074707,301074460
301074836,301074993
301074836,301075208
301074993,301074836
301075208,301074836
301075309,301075554
301075309,301075770
301075554,301075309
301075770,301075309
301075960,301076182
301075960,301076305
301076182,301075960
301076305,301075960
301076461,301076797
301076461,301076889
301076461,301077001
301076461,301077090
301076461,301077207
301076461,301077289
301076461,301077367
301076461,301077463
301076797,301076461
301076889,301076461
301077001,301076461
301077090,301076461
301077207,301076461
301077289,301076461
301077367,301076461
301077463,301076461
301077580,301078023
301077580,301078119
301077580,301078347
301077580,301078500
301077580,301078608
301077580,301078716
301077580,301078895
301077580,301079128
301077580,301079345
301077580,301079523
301077580,301079655
301077580,301079879
301078023,301077580
301078119,301077580
301078347,301077580
301078500,301077580
301078608,301077580
301078716,301077580
301078895,301077580
301079128,301077580
301079345,301077580
301079523,301077580
301079655,301077580
301079879,301077580
301080028,301080151
301080151,301080028
301080253,301080624
301080253,301080732
301080253,301080903
301080253,301081025
301080253,301081126
301080253,301081211
301080253,301081415
301080253,301081611
301080253,301081737
301080253,301081923
301080253,301082023
301080253,301082140
301080253,301082264
301080253,301082421
301080624,301080253
301080732,301080253
301080903,301080253
301081025,301080253
301081126,301080253
301081211,301080253
301081415,301080253
301081611,301080253
301081737,301080253
301081923,301080253
301082023,301080253
301082140,301080253
301082264,301080253
301082421,301080253
301082651,301082891
301082651,301083164
301082651,301083396
301082651,301083519
301082891,301082651
301083164,301082651
301083396,301082651
301083519,301082651
301083587,301084115
301083587,301084461
301083587,301084679
301083587,301084801
301083587,301084961
301083587,301085082
301083587,301085436
301083587,301085635
301084115,301083587
301084461,301083587
301084679,301083587
301084801,301083587
301084961,301083587
301085082,301083587
301085436,301083587
301085635,301083587
301085794,301086159
301085794,301086264
301085794,301086363
301085794,301086486
301086159,301085794
301086264,301085794
301086363,301085794
301086486,301085794
301087303,301087674
301087303,301087841
301087303,301087933
301087303,301088053
301087303,301088144
301087303,301088241
301087303,301088397
301087303,301088533
301087674,301087303
301087841,301087303
301087933,301087303
301088053,301087303
301088144,301087303
301088241,301087303
301088397,301087303
301088533,301087303
301088684,301088858
301088684,301088979
301088684,301089061
301088684,301089198
301088858,301088684
301088979,301088684
301089061,301088684
301089198,301088684
301089298,301089718
301089298,301089824
301089298,301089901
301089298,301090052
301089298,301090247
301089298,301090324
301089298,301090576
301089298,301090901
301089298,301091022
301089298,301091099
301089298,301091286
301089298,301091361
301089298,301091440
301089718,301089298
301089824,301089298
301089901,301089298
301090052,301089298
301090247,301089298
301090324,301089298
301090576,301089298
301090901,301089298
301091022,301089298
301091099,301089298
301091286,301089298
301091361,301089298
301091440,301089298
301091519,301091698
301091519,301091909
301091519,301091982
301091698,301091519
301091909,301091519
301091982,301091519
301092141,301092738
301092141,301093007
301092141,301093075
301092141,301093272
301092141,301093461
301092141,301093550
301092141,301093619
301092141,301093879
301092141,301094076
301092141,301094146
301092141,301094247
301092141,301094421
301092141,301094654
301092141,301094845
301092141,301094934
301092141,301095039
301092141,301095115
301092141,301095210
301092141,301095336
301092141,301095450
301092738,301092141
301093007,301092141
301093075,301092141
301093272,301092141
301093461,301092141
301093550,301092141
301093619,301092141
301093879,301092141
301094076,301092141
301094146,301092141
301094247,301092141
301094421,301092141
301094654,301092141
301094845,301092141
301094934,301092141
301095039,301092141
301095115,301092141
301095210,301092141
301095336,301092141
301095450,301092141
301095542,301095912
301095542,301096090
301095542,301096297
301095542,301096385
301095542,301096554
301095542,301096754
301095542,301096974
301095542,301097161
301095542,301097250
301095912,301095542
301096090,301095542
301096297,301095542
301096385,301095542
301096554,301095542
301096754,301095542
301096974,301095542
301097161,301095542
301097250,301095542
301097377,301097650
301097377,301097782
301097650,301097377
301097782,301097377
301098040,301098179
301098179,301098040
301098273,301098521
301098273,301098680
301098273,301098854
301098273,301098966
301098521,301098273
301098680,301098273
301098854,301098273
301098966,301098273
301099213,301099498
301099213,301099725
301099498,301099213
301099725,301099213
301099898,301100065
301099898,301100139
301100065,301099898
301100139,301099898
301100461,301100633
301100461,301100900
301100633,301100461
301100900,301100461
301101047,301101276
301101047,301101477
301101047,301101632
301101047,301101794
301101276,301101047
301101477,301101047
301101632,301101047
301101794,301101047
301102228,301102430
301102228,301102537
301102228,301102756
301102430,301102228
301102537,301102228
301102756,301102228
301102955,301103304
301102955,301103553
301102955,301103673
301102955,301103761
301102955,301103916
301102955,301104108
301102955,301104237
301103304,301102955
301103553,301102955
301103673,301102955
301103761,301102955
301103916,301102955
301104108,301102955
301104237,301102955
301104386,301104616
301104616,301104386
301104745,301104954
301104745,301105139
301104954,301104745
301105139,301104745
301105302,301105479
301105479,301105302
301105821,301106146
301105821,301106315
301105821,301106521
301105821,301106678
301105821,301106797
301106146,301105821
301106315,301105821
301106521,301105821
301106678,301105821
301106797,301105821
301107323,301107576
301107323,301107724
301107323,301107839
301107323,301107949
301107323,301108032
301107576,301107323
301107724,301107323
301107839,301107323
301107949,301107323
301108032,301107323
301108133,301108246
301108133,301108333
301108246,301108133
301108333,301108133
301108434,301108605
301108434,301108708
301108434,301108849
301108605,301108434
301108708,301108434
301108849,301108434
301109108,301109292
301109108,301109493
301109108,301109715
301109108,301109920
301109292,301109108
301109493,301109108
301109715,301109108
301109920,301109108
301110016,301110162
301110162,301110016
301110289,301110789
301110289,301110956
301110289,301111062
301110289,301111206
301110289,301111349
301110289,301111466
301110289,301111572
301110289,301111774
301110789,301110289
301110956,301110289
301111062,301110289
301111206,301110289
301111349,301110289
301111466,301110289
301111572,301110289
301111774,301110289
301111919,301112431
301111919,301112578
301111919,301112746
301111919,301112928
301111919,301113362
301111919,301113611
301111919,301113791
301111919,301113944
301112431,301111919
301112578,301111919
301112746,301111919
301112928,301111919
301113362,301111919
301113611,301111919
301113791,301111919
301113944,301111919
301114746,301115035
301115035,301114746
301115311,303183343
301116915,301117218
301116915,301117369
301116915,301117528
301117218,301116915
301117369,301116915
301117528,301116915
301118319,301118559
301118319,301118750
301118559,301118319
301118750,301118319
301118882,301119227
301118882,301119446
301118882,301119662
301118882,301119795
301119227,301118882
301119446,301118882
301119662,301118882
301119795,301118882
301119992,301120288
301119992,301120394
301119992,301120941
301119992,301121445
301120288,301119992
301120394,301119992
301120941,301119992
301121445,301119992
301121547,301121974
301121547,301122119
301121547,301122230
301121547,301122510
301121547,301122641
301121547,301122812
301121547,301123121
301121974,301121547
301122119,301121547
301122230,301121547
301122510,301121547
301122641,301121547
301122812,301121547
301123121,301121547
301123442,301123666
301123442,301123981
301123666,301123442
301123981,301123442
301124376,301124662
301124376,301124947
301124376,301125053
301124376,301125145
301124662,301124376
301124947,301124376
301125053,301124376
301125145,301124376
301125407,301125884
301125407,301126253
301125407,301126390
301125407,301126505
301125407,301126705
301125407,301126872
301125407,301126991
301125407,301127167
301125407,301127281
301125407,301127458
301125884,301125407
301126253,301125407
301126390,301125407
301126505,301125407
301126705,301125407
301126872,301125407
301126991,301125407
301127167,301125407
301127281,301125407
301127458,301125407
301127618,301127723
301127723,301127618
301127978,301128083
301128083,301127978
301128471,301128711
301128471,301128969
301128471,301129042
301128471,301129273
301128711,301128471
301128969,301128471
301129042,301128471
301129273,301128471
301129429,301129546
301129546,301129429
301129956,301130269
301129956,301130433
301129956,301130538
301129956,301130788
301129956,301131022
301129956,301131154
301129956,301131302
301130269,301129956
301130433,301129956
301130538,301129956
301130788,301129956
301131022,301129956
301131154,301129956
301131302,301129956
301131444,301131628
301131628,301131444
301131809,301131940
301131940,301131809
301132181,301132948
301132181,301133297
301132181,301133447
301132181,301133546
301132181,301133679
301132181,301133873
301132181,301134180
301132181,301134328
301132181,301134415
301132181,303185530
301132181,303187644
301132948,301132181
301133297,301132181
301133447,301132181
301133546,301132181
301133679,301132181
301133873,301132181
301134180,301132181
301134328,301132181
301134415,301132181
301134603,301135429
301134603,301135821
301134603,301135979
301134603,301136285
301134603,301136440
301134603,301136578
301134603,301136799
301134603,301136920
301134603,301137167
301134603,301137260
301134603,301137429
301134603,301137582
301134603,301137684
301134603,301137895
301134603,301138045
301134603,301138209
301134603,301138395
301134603,301138557
301134603,301138668
301135429,301134603
301135821,301134603
301135979,301134603
301136285,301134603
301136440,301134603
301136578,301134603
301136799,301134603
301136920,301134603
301137167,301134603
301137260,301134603
301137429,301134603
301137582,301134603
301137684,301134603
301137895,301134603
301138045,301134603
301138209,301134603
301138395,301134603
301138557,301134603
301138668,301134603
301138822,301139106
301138822,301139459
301138822,301139578
301138822,301139777
301139106,301138822
301139459,301138822
301139578,301138822
301139777,301138822
301139888,301140317
301139888,301140666
301139888,301140798
301139888,301141231
301139888,301141380
301139888,301141885
301139888,301142242
301139888,301142652
301140317,301139888
301140666,301139888
301140798,301139888
301141231,301139888
301141380,301139888
301141885,301139888
301142242,301139888
301142652,301139888
301142744,301143118
301142744,301143373
301143118,301142744
301143373,301142744
301143656,301144156
301143656,301144307
301143656,301144560
301143656,301144802
301143656,301145015
301143656,301145137
301143656,301145430
301143656,301145889
301143656,301146178
301143656,301146267
301143656,301146772
301143656,301146884
301143656,301147051
301143656,301147206
301143656,301147340
301143656,301147500
301143656,301147660
301143656,301147792
301143656,301148014
301143656,301148192
301144156,301143656
301144307,301143656
301144560,301143656
301144802,301143656
301145015,301143656
301145137,301143656
301145430,301143656
301145889,301143656
301146178,301143656
301146267,301143656
301146772,301143656
301146884,301143656
301147051,301143656
301147206,301143656
301147340,301143656
301147500,301143656
301147660,301143656
301147792,301143656
301148014,301143656
301148192,301143656
301148299,301148560
301148299,301148780
301148299,301149002
301148299,301149136
301148299,301149238
301148560,301148299
301148780,301148299
301149002,301148299
301149136,301148299
301149238,301148299
301149478,301149879
301149478,301150244
301149478,301150473
301149478,301150676
301149879,301149478
301150244,301149478
301150473,301149478
301150676,301149478
301150824,301151150
301150824,301151277
301151150,301150824
301151277,301150824
301151430,301151676
301151430,301151747
301151676,301151430
301151747,301151430
301151854,301152056
301151854,301152188
301152056,301151854
301152188,301151854
301152329,301152635
301152329,301152800
301152329,301152905
301152329,301153059
301152329,301153152
301152329,301153280
301152635,301152329
301152800,301152329
301152905,301152329
301153059,301152329
301153152,301152329
301153280,301152329
301153409,301153621
301153409,301153780
301153621,301153409
301153780,301153409
301153937,301154201
301153937,301154474
301153937,301154691
301153937,301154776
301153937,301154932
301153937,301155001
301154201,301153937
301154474,301153937
301154691,301153937
301154776,301153937
301154932,301153937
301155001,301153937
301155277,301155441
301155441,301155277
301155563,301155802
301155563,301155990
301155802,301155563
301155990,301155563
301156114,301156371
301156371,301156114
301156907,301157157
301157157,301156907
301157354,301157835
301157354,301157968
301157354,301158121
301157354,301158266
301157354,301158429
301157835,301157354
301157968,301157354
301158121,301157354
301158266,301157354
301158429,301157354
301158565,301159138
301158565,301159280
301159138,301158565
301159280,301158565
301159990,301160339
301159990,301160428
301159990,301160545
301159990,301160685
301159990,301160833
301159990,301161044
301159990,301161184
301159990,301161282
301159990,301161413
301159990,301161546
301159990,301161614
301159990,301161713
301160339,301159990
301160428,301159990
301160545,301159990
301160685,301159990
301160833,301159990
301161044,301159990
301161184,301159990
301161282,301159990
301161413,301159990
301161546,301159990
301161614,301159990
301161713,301159990
301161839,301162234
301161839,301162439
301161839,301162528
301161839,301162688
301161839,301162796
301161839,301162937
301161839,301163123
301161839,301163322
301161839,301163444
301161839,301163593
301161839,301163732
301161839,301163868
301161839,301163979
301161839,301164057
301161839,301164299
301162234,301161839
301162439,301161839
301162528,301161839
301162688,301161839
301162796,301161839
301162937,301161839
301163123,301161839
301163322,301161839
301163444,301161839
301163593,301161839
301163732,301161839
301163868,301161839
301163979,301161839
301164057,301161839
301164299,301161839
301164447,301164695
301164447,301164919
301164447,301165072
301164695,301164447
301164919,301164447
301165072,301164447
301165216,301165460
301165460,301165216
301165656,301165901
301165901,301165656
301166100,301166362
301166100,301166701
301166362,301166100
301166701,301166100
301167247,301167407
301167407,301167247
301167823,301168064
301167823,301168201
301167823,301168346
301167823,301168481
301167823,301168669
301168064,301167823
301168201,301167823
301168346,301167823
301168481,301167823
301168669,301167823
301168919,301169171
301169171,301168919
301169295,301169848
301169295,301170041
301169295,301170146
301169295,301170326
301169295,301170500
301169295,301170902
301169295,301171144
301169295,301171251
301169295,301171538
301169295,301171677
301169295,301171904
301169295,301172088
301169295,301172172
301169848,301169295
301170041,301169295
301170146,301169295
301170326,301169295
301170500,301169295
301170902,301169295
301171144,301169295
301171251,301169295
301171538,301169295
301171677,301169295
301171904,301169295
301172088,301169295
301172172,301169295
301172354,301172591
301172354,301172860
301172354,301173030
301172354,301173131
301172354,301173212
301172591,301172354
301172860,301172354
301173030,301172354
301173131,301172354
301173212,301172354
301173343,301173521
301173343,301173691
301173343,301173832
301173521,301173343
301173691,301173343
301173832,301173343
301174034,301174537
301174034,301174745
301174034,301174936
301174034,301175101
301174034,301175214
301174034,301175585
301174034,301175684
301174034,301175927
301174034,301176146
301174034,301176264
301174034,301176540
301174034,301176811
301174537,301174034
301174745,301174034
301174936,301174034
301175101,301174034
301175214,301174034
301175585,301174034
301175684,301174034
301175927,301174034
301176146,301174034
301176264,301174034
301176540,301174034
301176811,301174034
301177088,301177437
301177088,301177586
301177088,301177705
301177088,301177903
301177088,301178116
301177437,301177088
301177586,301177088
301177705,301177088
301177903,301177088
301178116,301177088
301178465,301178804
301178465,301178931
301178804,301178465
301178931,301178465
301179514,301180112
301179514,301180273
301179514,301180365
301179514,301180502
301179514,301180685
301179514,301180895
301179514,301181035
301179514,301181244
301179514,301181324
301179514,301181428
301179514,301181683
301179514,301181782
301179514,301181883
301179514,301181981
301180112,301179514
301180273,301179514
301180365,301179514
301180502,301179514
301180685,301179514
301180895,301179514
301181035,301179514
301181244,301179514
301181324,301179514
301181428,301179514
301181683,301179514
301181782,301179514
301181883,301179514
301181981,301179514
301182178,301183004
301182178,301183102
301182178,301183355
301182178,301183529
301182178,301183745
301182178,301183872
301182178,301184346
301182178,301184497
301182178,301184637
301182178,301184766
301182178,301184880
301182178,301184975
301182178,301185080
301182178,301185278
301182178,301185396
301182178,301185585
301182178,301185883
301182178,301186034
301182178,301186126
301182178,301186312
301182178,301186444
301182178,301186585
301182178,301186774
301182178,301186895
301182178,301187043
301182178,301187238
301182178,301187363
301182178,301187473
301182178,301187570
301182178,301187684
301182178,301187797
301182178,301187916
301183004,301182178
301183102,301182178
301183355,301182178
301183529,301182178
301183745,301182178
301183872,301182178
301184346,301182178
301184497,301182178
301184637,301182178
301184766,301182178
301184880,301182178
301184975,301182178
301185080,301182178
301185278,301182178
301185396,301182178
301185585,301182178
301185883,301182178
301186034,301182178
301186126,301182178
301186312,301182178
301186444,301182178
301186585,301182178
301186774,301182178
301186895,301182178
301187043,301182178
301187238,301182178
301187363,301182178
301187473,301182178
301187570,301182178
301187684,301182178
301187797,301182178
301187916,301182178
301188313,301188580
301188313,301188684
301188313,301188886
301188313,301189110
301188313,301189433
301188313,301189712
301188313,301189898
301188580,301188313
301188684,301188313
301188886,301188313
301189110,301188313
301189433,301188313
301189712,301188313
301189898,301188313
301190044,301190483
301190044,301190618
301190044,301190696
301190044,301190813
301190044,301191028
301190044,301191271
301190483,301190044
301190618,301190044
301190696,301190044
301190813,301190044
301191028,301190044
301191271,301190044
301191391,301191669
301191391,301191781
301191391,301191921
301191669,301191391
301191781,301191391
301191921,301191391
301192114,301192341
301192114,301192481
301192114,301192641
301192114,301192715
301192114,301192803
301192341,301192114
301192481,301192114
301192641,301192114
301192715,301192114
301192803,301192114
301192968,301193259
301192968,301193333
301192968,301193452
301192968,301193550
301193259,301192968
301193333,301192968
301193452,301192968
301193550,301192968
301193628,301193814
301193628,301193950
301193814,301193628
301193950,301193628
301194298,301194630
301194298,301194783
301194298,301195002
301194298,301195141
301194298,301195282
301194298,301195473
301194298,301195573
301194630,301194298
301194783,301194298
301195002,301194298
301195141,301194298
301195282,301194298
301195473,301194298
301195573,301194298
301195774,301196102
301195774,301196282
301195774,301196441
301195774,301196691
301195774,301196872
301196102,301195774
301196282,301195774
301196441,301195774
301196691,301195774
301196872,301195774
301197429,301197557
301197557,301197429
301197699,301197862
301197699,301198019
301197862,301197699
301198019,301197699
301198133,301198480
301198133,301198757
301198133,301199224
301198133,301199369
301198133,301199539
301198480,301198133
301198757,301198133
301199224,301198133
301199369,301198133
301199539,301198133
301199687,301199855
301199855,301199687
301200054,301200287
301200287,301200054
301200989,301201151
301201151,301200989
301201247,301201406
301201406,301201247
301201619,301201764
301201764,301201619
301202010,301202157
301202157,301202010
301202417,301202646
301202646,301202417
301203085,301203471
301203085,301203704
301203471,301203085
301203704,301203085
301204186,301204354
301204186,301204508
301204354,301204186
301204508,301204186
301204916,301205343
301204916,301205478
301204916,301205656
301204916,301205747
301204916,301205864
301204916,301206028
301204916,301206155
301204916,301206404
301204916,301206587
301204916,301206778
301204916,301207026
301204916,301207129
301204916,301207348
301205343,301204916
301205478,301204916
301205656,301204916
301205747,301204916
301205864,301204916
301206028,301204916
301206155,301204916
301206404,301204916
301206587,301204916
301206778,301204916
301207026,301204916
301207129,301204916
301207348,301204916
301207468,301207637
301207468,301207838
301207637,301207468
301207838,301207468
301208219,301208565
301208219,301208959
301208219,301209146
301208565,301208219
301208959,301208219
301209146,301208219
301209234,301209578
301209234,301209822
301209234,301209974
301209234,301210100
301209578,301209234
301209822,301209234
301209974,301209234
301210100,301209234
301210583,301210799
301210799,301210583
301210923,301211169
301210923,301211348
301210923,301211516
301210923,301211623
301211169,301210923
301211348,301210923
301211516,301210923
301211623,301210923
301211918,301212333
301211918,301212503
301211918,301212616
301211918,301212772
301212333,301211918
301212503,301211918
301212616,301211918
301212772,301211918
301212948,301213073
301213073,301212948
301213187,301213765
301213187,301213866
301213187,301214107
301213187,301214380
301213187,301214520
301213187,301214680
301213187,301214798
301213187,301214952
301213765,301213187
301213866,301213187
301214107,301213187
301214380,301213187
301214520,301213187
301214680,301213187
301214798,301213187
301214952,301213187
301215108,301215550
301215108,301215641
301215108,301215779
301215108,301215916
301215108,301216057
301215108,301216180
301215108,301216331
301215550,301215108
301215641,301215108
301215779,301215108
301215916,301215108
301216057,301215108
301216180,301215108
301216331,301215108
301216469,301216678
301216469,301216780
301216469,301216855
301216678,301216469
301216780,301216469
301216855,301216469
301216986,301217126
301217126,301216986
301217205,301217372
301217372,301217205
301217637,301217816
301217637,301217957
301217637,301218076
301217637,301218148
301217816,301217637
301217957,301217637
301218076,301217637
301218148,301217637
301218376,301218590
301218376,301218686
301218376,301218780
301218590,301218376
301218686,301218376
301218780,301218376
301219460,301219891
301219460,301220126
301219460,301220260
301219460,301220423
301219460,301220557
301219460,301220690
301219460,301220916
301219891,301219460
301220126,301219460
301220260,301219460
301220423,301219460
301220557,301219460
301220690,301219460
301220916,301219460
301221039,301221302
301221039,301221485
301221039,301221618
301221039,301221708
301221302,301221039
301221485,301221039
301221618,301221039
301221708,301221039
301221815,301222168
301221815,301222339
301221815,301222404
301221815,301222579
301221815,301222733
301221815,301222873
301221815,301223048
301221815,301223223
301221815,301223459
301221815,301223645
301221815,301223753
301221815,301223880
301222168,301221815
301222339,301221815
301222404,301221815
301222579,301221815
301222733,301221815
301222873,301221815
301223048,301221815
301223223,301221815
301223459,301221815
301223645,301221815
301223753,301221815
301223880,301221815
301224038,301224280
301224038,301224414
301224038,301224552
301224038,301224762
301224038,301224934
301224280,301224038
301224414,301224038
301224552,301224038
301224762,301224038
301224934,301224038
301225073,301225327
301225073,301225424
301225073,301225599
301225073,301225753
301225073,301225957
301225327,301225073
301225424,301225073
301225599,301225073
301225753,301225073
301225957,301225073
301226961,301227168
301226961,301227280
301227168,301226961
301227280,301226961
301227417,301227627
301227627,301227417
301227731,301227899
301227731,301227993
301227731,301228122
301227899,301227731
301227993,301227731
301228122,301227731
301228223,301228329
301228329,301228223
301229260,301229502
301229502,301229260
301230339,301230495
301230495,301230339
301230981,301231421
301231421,301230981
301231583,301232006
301231583,301232518
301231583,301232678
301231583,301232990
301231583,301233348
301231583,301233453
301231583,301233662
301231583,301233992
301231583,301234215
301232006,301231583
301232518,301231583
301232678,301231583
301232990,301231583
301233348,301231583
301233453,301231583
301233662,301231583
301233992,301231583
301234215,301231583
301234319,301234546
301234546,301234319
301234672,301234903
301234903,301234672
301235014,301235434
301235014,301235583
301235014,301235772
301235434,301235014
301235583,301235014
301235772,301235014
301235912,301236321
301235912,301236828
301235912,301236937
301235912,301237060
301235912,301237148
301236321,301235912
301236828,301235912
301236937,301235912
301237060,301235912
301237148,301235912
301237310,301237577
301237577,301237310
301237800,301238215
301237800,301238341
301237800,301238607
301237800,301238937
301237800,301239171
301237800,301239305
301237800,301239400
301237800,301239512
301238215,301237800
301238341,301237800
301238607,301237800
301238937,301237800
301239171,301237800
301239305,301237800
301239400,301237800
301239512,301237800
301239975,301240153
301239975,301240422
301240153,301239975
301240422,301239975
301241098,301241307
301241307,301241098
301241435,301241717
301241435,301241820
301241435,301241904
301241435,301242025
301241717,301241435
301241820,301241435
301241904,301241435
301242025,301241435
301242147,301242651
301242147,301242760
301242147,301242830
301242651,301242147
301242760,301242147
301242830,301242147
301242967,301243327
301242967,301243547
301242967,301243752
301242967,301243871
301242967,301243978
301242967,301244134
301242967,301244239
301242967,301244368
301242967,301244506
301243327,301242967
301243547,301242967
301243752,301242967
301243871,301242967
301243978,301242967
301244134,301242967
301244239,301242967
301244368,301242967
301244506,301242967
301244659,301245243
301244659,301245365
301244659,301245516
301244659,301245642
301244659,301245764
301244659,301245962
301244659,301246054
301244659,301246142
301244659,301246233
301244659,301246334
301244659,301246456
301244659,301246554
301245243,301244659
301245365,301244659
301245516,301244659
301245642,301244659
301245764,301244659
301245962,301244659
301246054,301244659
301246142,301244659
301246233,301244659
301246334,301244659
301246456,301244659
301246554,301244659
301246697,301247001
301246697,301247143
301246697,301247286
301246697,301247573
301246697,301247714
301246697,301247840
301246697,301247999
301246697,301248210
301246697,301248334
301246697,301248417
301246697,301248581
301247001,301246697
301247143,301246697
301247286,301246697
301247573,301246697
301247714,301246697
301247840,301246697
301247999,301246697
301248210,301246697
301248334,301246697
301248417,301246697
301248581,301246697
301249391,301249605
301249391,301249731
301249605,301249391
301249731,301249391
301249865,301250048
301249865,301250255
301249865,301250400
301250048,301249865
301250255,301249865
301250400,301249865
301250901,301251082
301251082,301250901
301251290,301251551
301251290,301251903
301251290,301252174
301251290,301252410
301251290,301252523
301251551,301251290
301251903,301251290
301252174,301251290
301252410,301251290
301252523,301251290
301252626,301252907
301252907,301252626
301253211,301253683
301253211,301253975
301253211,301254278
301253211,301254447
301253211,301254615
301253211,301254726
301253211,301254841
301253211,301254985
301253211,301255225
301253211,303180028
301253683,301253211
301253975,301253211
301254278,301253211
301254447,301253211
301254615,301253211
301254726,301253211
301254841,301253211
301254985,301253211
301255225,301253211
301255416,301255663
301255416,301256022
301255663,301255416
301256022,301255416
301256239,301256974
301256239,301257063
301256239,301257197
301256239,301257357
301256239,301257476
301256239,301257604
301256239,301257712
301256239,301258013
301256239,301258192
301256239,301258364
301256239,301258618
301256239,301258684
301256239,301258831
301256239,301258906
301256239,301259025
301256239,301259184
301256239,301259513
301256239,301259685
301256239,301259814
301256239,301259944
301256239,301260100
301256974,301256239
301257063,301256239
301257197,301256239
301257357,301256239
301257476,301256239
301257604,301256239
301257712,301256239
301258013,301256239
301258192,301256239
301258364,301256239
301258618,301256239
301258684,301256239
301258831,301256239
301258906,301256239
301259025,301256239
301259184,301256239
301259513,301256239
301259685,301256239
301259814,301256239
301259944,301256239
301260100,301256239
301260237,301260938
301260237,301261067
301260237,301261260
301260237,301261508
301260237,301261675
301260237,301261823
301260237,301262131
301260237,301262221
301260237,301262366
301260237,301262583
301260237,301262706
301260237,301262775
301260237,301262993
301260237,301263140
301260237,301263279
301260237,301263410
301260938,301260237
301261067,301260237
301261260,301260237
301261508,301260237
301261675,301260237
301261823,301260237
301262131,301260237
301262221,301260237
301262366,301260237
301262583,301260237
301262706,301260237
301262775,301260237
301262993,301260237
301263140,301260237
301263279,301260237
301263410,301260237
301263546,301263721
301263721,301263546
301263898,301264136
301263898,301264291
301264136,301263898
301264291,301263898
301264410,301264644
301264410,301264829
301264644,301264410
301264829,301264410
301264921,301265190
301264921,301265327
301265190,301264921
301265327,301264921
301265446,301265850
301265446,301265996
301265446,301266104
301265446,301266276
301265446,301266461
301265446,301266632
301265850,301265446
301265996,301265446
301266104,301265446
301266276,301265446
301266461,301265446
301266632,301265446
301266743,301267121
301266743,301267397
301267121,301266743
301267397,301266743
301267750,301268166
301267750,301268274
301267750,301268431
301267750,301268542
301267750,301268795
301267750,301268897
301267750,301269092
301268166,301267750
301268274,301267750
301268431,301267750
301268542,301267750
301268795,301267750
301268897,301267750
301269092,301267750
301269174,301269433
301269174,301269602
301269174,301269735
301269174,301269858
301269433,301269174
301269602,301269174
301269735,301269174
301269858,301269174
301270024,301270278
301270024,301270516
301270278,301270024
301270516,301270024
301270681,301270880
301270880,301270681
301271020,301271281
301271020,301271437
301271281,301271020
301271437,301271020
301271780,301272182
301271780,301272614
301271780,301273001
301271780,301273140
301271780,301273348
301272182,301271780
301272614,301271780
301273001,301271780
301273140,301271780
301273348,301271780
301273505,301274082
301273505,301274277
301273505,301274477
301273505,301275125
301273505,301275279
301273505,301275584
301273505,301275836
301273505,301276029
301273505,301276264
301273505,301276527
301273505,301276668
301273505,301276820
301273505,301276950
301273505,301277193
301273505,301277386
301274082,301273505
301274277,301273505
301274477,301273505
301275125,301273505
301275279,301273505
301275584,301273505
301275836,301273505
301276029,301273505
301276264,301273505
301276527,301273505
301276668,301273505
301276820,301273505
301276950,301273505
301277193,301273505
301277386,301273505
301277618,301277829
301277618,301278030
301277618,301278130
301277829,301277618
301278030,301277618
301278130,301277618
301278266,301278512
301278266,301278699
301278266,301279011
301278266,301279099
301278512,301278266
301278699,301278266
301279011,301278266
301279099,301278266
301279367,301279678
301279367,301279896
301279367,301280060
301279367,301280604
301279367,301280798
301279678,301279367
301279896,301279367
301280060,301279367
301280604,301279367
301280798,301279367
301280894,301281173
301280894,301281388
301281173,301280894
301281388,301280894
301281609,301281821
301281609,301281930
301281609,301282048
301281609,301282132
301281609,301282245
301281821,301281609
301281930,301281609
301282048,301281609
301282132,301281609
301282245,301281609
301282355,301282528
301282355,301282666
301282355,301282816
301282355,301282901
301282355,301282985
301282528,301282355
301282666,301282355
301282816,301282355
301282901,301282355
301282985,301282355
301283473,301283736
301283473,301283838
301283473,301283953
301283473,301284158
301283473,301284270
301283473,301284408
301283736,301283473
301283838,301283473
301283953,301283473
301284158,301283473
301284270,301283473
301284408,301283473
301284775,301285363
301284775,301285695
301284775,301285906
301284775,301286084
301284775,301286204
301284775,301286309
301284775,301286638
301284775,301286965
301284775,301287164
301284775,301287292
301284775,301287463
301284775,301287635
301284775,301288030
301284775,301288239
301284775,301288394
301284775,301288521
301284775,301288642
301284775,301288822
301284775,301288946
301285363,301284775
301285695,301284775
301285906,301284775
301286084,301284775
301286204,301284775
301286309,301284775
301286638,301284775
301286965,301284775
301287164,301284775
301287292,301284775
301287463,301284775
301287635,301284775
301288030,301284775
301288239,301284775
301288394,301284775
301288521,301284775
301288642,301284775
301288822,301284775
301288946,301284775
301289189,301289560
301289189,301289787
301289189,301290123
301289189,301290774
301289189,301290910
301289189,301291089
301289560,301289189
301289787,301289189
301290123,301289189
301290774,301289189
301290910,301289189
301291089,301289189
301291229,301291725
301291229,301292137
301291229,301292374
301291229,301292727
301291229,301293023
301291229,301293456
301291229,301293788
301291229,301294080
301291229,301294380
301291229,301294620
301291229,301294957
301291229,301295094
301291229,301295249
301291229,301295395
301291229,301295531
301291725,301291229
301292137,301291229
301292374,301291229
301292727,301291229
301293023,301291229
301293456,301291229
301293788,301291229
301294080,301291229
301294380,301291229
301294620,301291229
301294957,301291229
301295094,301291229
301295249,301291229
301295395,301291229
301295531,301291229
301295695,301295815
301295815,301295695
301295955,301296314
301295955,301296436
301295955,301296640
301295955,301296962
301295955,301297126
301296314,301295955
301296436,301295955
301296640,301295955
301296962,301295955
301297126,301295955
301297305,301297513
301297513,301297305
301297672,301297966
301297672,301298171
301297672,301298359
301297966,301297672
301298171,301297672
301298359,301297672
301298505,301298756
301298505,301298883
301298756,301298505
301298883,301298505
301298977,301299304
301298977,301299450
301299304,301298977
301299450,301298977
301299609,301299823
301299823,301299609
301300223,301300374
301300374,301300223
301300667,301300865
301300865,301300667
301301033,301301126
301301126,301301033
301301404,301301691
301301404,301301967
301301404,301302176
301301404,301302341
301301691,301301404
301301967,301301404
301302176,301301404
301302341,301301404
301302450,301302688
301302450,301302834
301302450,301303178
301302688,301302450
301302834,301302450
301303178,301302450
301303596,301303879
301303596,301304052
301303596,301304153
301303596,301304271
301303596,301304439
301303596,301304551
301303596,301304632
301303879,301303596
301304052,301303596
301304153,301303596
301304271,301303596
301304439,301303596
301304551,301303596
301304632,301303596
301304737,301304954
301304737,301305143
301304737,301305252
301304737,301305397
301304954,301304737
301305143,301304737
301305252,301304737
301305397,301304737
301305780,301306024
301305780,301306122
301305780,301306271
301305780,301306462
301306024,301305780
301306122,301305780
301306271,301305780
301306462,301305780
301306625,301306967
301306625,301307083
301306625,301307387
301306625,301307856
301306625,301308032
301306625,301308321
301306625,301308533
301306625,301308632
301306625,301308835
301306967,301306625
301307083,301306625
301307387,301306625
301307856,301306625
301308032,301306625
301308321,301306625
301308533,301306625
301308632,301306625
301308835,301306625
301309039,301309338
301309039,301309521
301309039,301309781
301309039,301310081
301309039,301310176
301309039,301310326
301309039,301310436
301309338,301309039
301309521,301309039
301309781,301309039
301310081,301309039
301310176,301309039
301310326,301309039
301310436,301309039
301310745,301310961
301310745,301311113
301310745,301311258
301310961,301310745
301311113,301310745
301311258,301310745
301311489,301311665
301311489,301311820
301311665,301311489
301311820,301311489
301311932,301312164
301311932,301312420
301311932,301312571
301312164,301311932
301312420,301311932
301312571,301311932
301312666,301312758
301312758,301312666
301312898,301313068
301312898,301313203
301312898,301313372
301313068,301312898
301313203,301312898
301313372,301312898
301313696,301313928
301313696,301314249
301313696,301314370
301313696,301314470
301313928,301313696
301314249,301313696
301314370,301313696
301314470,301313696
301314753,301314850
301314850,301314753
301315075,301315233
301315233,301315075
301315419,301315791
301315419,301316113
301315419,301316213
301315419,301316525
301315419,301316721
301315419,301316840
301315419,301317000
301315419,301317239
301315419,301317413
301315791,301315419
301316113,301315419
301316213,301315419
301316525,301315419
301316721,301315419
301316840,301315419
301317000,301315419
301317239,301315419
301317413,301315419
301317579,301317890
301317579,301318048
301317579,301318374
301317579,301318582
301317579,301318680
301317579,301318811
301317579,301318989
301317890,301317579
301318048,301317579
301318374,301317579
301318582,301317579
301318680,301317579
301318811,301317579
301318989,301317579
301319146,301319446
301319146,301319718
301319446,301319146
301319718,301319146
301319858,301320245
301320245,301319858
301320499,301320783
301320499,301320883
301320499,301320992
301320499,301321151
301320499,301321283
301320499,301321393
301320499,301321554
301320499,301321644
301320499,301321745
301320783,301320499
301320883,301320499
301320992,301320499
301321151,301320499
301321283,301320499
301321393,301320499
301321554,301320499
301321644,301320499
301321745,301320499
301321917,301322182
301321917,301322355
301321917,301322523
301321917,301322702
301321917,301322826
301321917,301323012
301322182,301321917
301322355,301321917
301322523,301321917
301322702,301321917
301322826,301321917
301323012,301321917
301323106,301323374
301323106,301323714
301323106,301324040
301323106,301324202
301323106,301324426
301323106,301324516
301323374,301323106
301323714,301323106
301324040,301323106
301324202,301323106
301324426,301323106
301324516,301323106
301324688,301324851
301324688,301325025
301324688,301325200
301324688,301325308
301324851,301324688
301325025,301324688
301325200,301324688
301325308,301324688
301325403,301325648
301325403,301325886
301325648,301325403
301325886,301325403
301326090,301326309
301326090,301326449
301326090,301326549
301326090,301326647
301326309,301326090
301326449,301326090
301326549,301326090
301326647,301326090
301327041,301327319
301327041,301327397
301327041,301327577
301327041,301327726
301327041,301327808
301327041,301328006
301327041,301328130
301327319,301327041
301327397,301327041
301327577,301327041
301327726,301327041
301327808,301327041
301328006,301327041
301328130,301327041
301328251,301328503
301328251,301328652
301328251,301328797
301328251,301328902
301328503,301328251
301328652,301328251
301328797,301328251
301328902,301328251
301328969,301329279
301328969,301329569
301328969,301329800
301329279,301328969
301329569,301328969
301329800,301328969
301330083,301330524
301330083,301330624
301330083,301331072
301330083,301331177
301330083,301331369
301330083,301331456
301330083,301331621
301330083,301331754
301330083,301331873
301330083,301332017
301330083,301332130
301330524,301330083
301330624,301330083
301331072,301330083
301331177,301330083
301331369,301330083
301331456,301330083
301331621,301330083
301331754,301330083
301331873,301330083
301332017,301330083
301332130,301330083
301332267,301332378
301332378,301332267
301332620,301332986
301332620,301333133
301332620,301333302
301332620,301333442
301332620,301333595
301332620,301333736
301332620,301333854
301332620,301334041
301332620,301334188
301332620,301334364
301332620,301334444
301332986,301332620
301333133,301332620
301333302,301332620
301333442,301332620
301333595,301332620
301333736,301332620
301333854,301332620
301334041,301332620
301334188,301332620
301334364,301332620
301334444,301332620
301335319,301335586
301335319,301335687
301335319,301335823
301335319,301335976
301335586,301335319
301335687,301335319
301335823,301335319
301335976,301335319
301336088,301336376
301336088,301336542
301336088,301336745
301336088,301336851
301336376,301336088
301336542,301336088
301336745,301336088
301336851,301336088
301337096,301337401
301337096,301337591
301337096,301337776
301337096,301337925
301337096,301338049
301337401,301337096
301337591,301337096
301337776,301337096
301337925,301337096
301338049,301337096
301338310,301338478
301338310,301338585
301338478,301338310
301338585,301338310
301338788,301338891
301338891,301338788
301339002,301339180
301339002,301339286
301339002,301339479
301339002,301339678
301339002,301339834
301339180,301339002
301339286,301339002
301339479,301339002
301339678,301339002
301339834,301339002
301339958,301340062
301340062,301339958
301340158,301340416
301340158,301340631
301340158,301340712
301340158,301340847
301340416,301340158
301340631,301340158
301340712,301340158
301340847,301340158
301341050,301341242
301341050,301341457
301341242,301341050
301341457,301341050
301341558,301342079
301341558,301342290
301341558,301342503
301341558,301342649
301341558,301342781
301342079,301341558
301342290,301341558
301342503,301341558
301342649,301341558
301342781,301341558
301342890,301343058
301342890,301343247
301342890,301343449
301343058,301342890
301343247,301342890
301343449,301342890
301343570,301343978
301343570,301344103
301343570,301344305
301343570,301344608
301343570,301344858
301343570,301345053
301343570,301345234
301343570,301345385
301343570,301345525
301343978,301343570
301344103,301343570
301344305,301343570
301344608,301343570
301344858,301343570
301345053,301343570
301345234,301343570
301345385,301343570
301345525,301343570
301345741,301346010
301346010,301345741
301346313,301346506
301346506,301346313
301346678,301346977
301346678,301347149
301346678,301347385
301346678,301347658
301346977,301346678
301347149,301346678
301347385,301346678
301347658,301346678
301348026,301348205
301348026,301348498
301348026,301348792
301348205,301348026
301348498,301348026
301348792,301348026
301349006,301349311
301349311,301349006
301349551,301349717
301349551,301349817
301349551,301349986
301349551,301350170
301349717,301349551
301349817,301349551
301349986,301349551
301350170,301349551
301350285,301350448
301350285,301350785
301350285,301351026
301350285,301351117
301350448,301350285
301350785,301350285
301351026,301350285
301351117,301350285
301351867,301352075
301351867,301352326
301351867,301352537
301351867,301352813
301352075,301351867
301352326,301351867
301352537,301351867
301352813,301351867
301353052,301353305
301353052,301353478
301353052,301353619
301353052,301353818
301353052,301353968
301353305,301353052
301353478,301353052
301353619,301353052
301353818,301353052
301353968,301353052
301354097,301354441
301354097,301355133
301354097,301355334
301354097,301355479
301354097,301355674
301354097,301355786
301354441,301354097
301355133,301354097
301355334,301354097
301355479,301354097
301355674,301354097
301355786,301354097
301355891,301356114
301356114,301355891
301356274,301356484
301356274,301356628
301356274,301356749
301356274,301356885
301356484,301356274
301356628,301356274
301356749,301356274
301356885,301356274
301357391,301357662
301357391,301357969
301357662,301357391
301357969,301357391
301358175,301358569
301358175,301358776
301358175,301358943
301358175,301359241
301358175,301359510
301358569,301358175
301358776,301358175
301358943,301358175
301359241,301358175
301359510,301358175
301360037,301360318
301360318,301360037
301360407,301360653
301360407,301360853
301360653,301360407
301360853,301360407
301361083,301361336
301361083,301361577
301361336,301361083
301361577,301361083
301362030,301362169
301362169,301362030
301362242,301362532
301362242,301362634
301362242,301362882
301362242,301362998
301362242,301363324
301362242,301363446
301362242,301363597
301362242,301363766
301362532,301362242
301362634,301362242
301362882,301362242
301362998,301362242
301363324,301362242
301363446,301362242
301363597,301362242
301363766,301362242
301364223,301364394
301364394,301364223
301364572,301364762
301364762,301364572
301364982,301365159
301365159,301364982
301365699,301365948
301365699,301366043
301365699,301366222
301365699,301366358
301365699,301366500
301365699,301366759
301365948,301365699
301366043,301365699
301366222,301365699
301366358,301365699
301366500,301365699
301366759,301365699
301367040,301367170
301367040,301367305
301367170,301367040
301367305,301367040
301367437,301367608
301367437,301367769
301367437,301367977
301367608,301367437
301367769,301367437
301367977,301367437
301368223,301368347
301368347,301368223
301368799,301368953
301368799,301369027
301368953,301368799
301369027,301368799
301369117,301369341
301369117,301369487
301369117,301369577
301369341,301369117
301369487,301369117
301369577,301369117
301369669,301369827
301369827,301369669
301370060,301370218
301370218,301370060
301370363,301370520
301370520,301370363
301370670,301370979
301370979,301370670
301371137,301371566
301371137,301371680
301371137,301371891
301371137,301371977
301371137,301372243
301371137,301372446
301371137,301372663
301371566,301371137
301371680,301371137
301371891,301371137
301371977,301371137
301372243,301371137
301372446,301371137
301372663,301371137
301372907,301373118
301372907,301373230
301373118,301372907
301373230,301372907
301373302,301373891
301373302,301374123
301373302,301374299
301373302,301374409
301373302,301374545
301373302,301374713
301373302,301374850
301373302,301375091
301373302,301375369
301373302,301375464
301373302,301375584
301373302,301375833
301373891,301373302
301374123,301373302
301374299,301373302
301374409,301373302
301374545,301373302
301374713,301373302
301374850,301373302
301375091,301373302
301375369,301373302
301375464,301373302
301375584,301373302
301375833,301373302
301376033,301376323
301376033,301376526
301376033,301376746
301376033,301376966
301376323,301376033
301376526,301376033
301376746,301376033
301376966,301376033
301377508,301377780
301377508,301377973
301377508,301378042
301377780,301377508
301377973,301377508
301378042,301377508
301378109,301378269
301378109,301378399
301378109,301378606
301378269,301378109
301378399,301378109
301378606,301378109
301378736,301378823
301378823,301378736
301378996,301379405
301378996,301379493
301378996,301379656
301378996,301379826
301379405,301378996
301379493,301378996
301379656,301378996
301379826,301378996
301379941,301380215
301379941,301380360
301380215,301379941
301380360,301379941
301380488,301380609
301380609,301380488
301380748,301380904
301380748,301380997
301380904,301380748
301380997,301380748
301381400,301381973
301381400,301382178
301381400,301382353
301381400,301382719
301381400,301382950
301381973,301381400
301382178,301381400
301382353,301381400
301382719,301381400
301382950,301381400
301383133,301383409
301383133,301383588
301383133,301383765
301383133,301383865
301383409,301383133
301383588,301383133
301383765,301383133
301383865,301383133
301384174,301384297
301384297,301384174
301384559,301384931
301384559,301385078
301384559,301385220
301384559,301385597
301384559,301385744
301384559,301385911
301384559,301386094
301384931,301384559
301385078,301384559
301385220,301384559
301385597,301384559
301385744,301384559
301385911,301384559
301386094,301384559
301386283,301386646
301386283,301386796
301386283,301386877
301386283,301387114
301386283,301387212
301386283,301387326
301386283,301387481
301386646,301386283
301386796,301386283
301386877,301386283
301387114,301386283
301387212,301386283
301387326,301386283
301387481,301386283
301387612,301387822
301387612,301388064
301387822,301387612
301388064,301387612
301388271,301388510
301388271,301388645
301388271,301388755
301388271,301388956
301388510,301388271
301388645,301388271
301388755,301388271
301388956,301388271
301389720,301390024
301390024,301389720
301390174,301390379
301390174,301390527
301390174,301390649
301390174,301390793
301390174,301390926
301390174,301391068
301390379,301390174
301390527,301390174
301390649,301390174
301390793,301390174
301390926,301390174
301391068,301390174
301391540,301392884
301391540,301393118
301391540,301393220
301391540,301393292
301391540,301393393
301391540,301393471
301391540,301393617
301391540,301393748
301391540,301393974
301391540,301394108
301391540,301394266
301391540,301394582
301391540,301394685
301391540,301394791
301391540,301395200
301391540,301395310
301391540,301395547
301391540,301395771
301391540,301396075
301391540,301396420
301391540,301396686
301391540,301396856
301391540,301397442
301391540,301397602
301391540,301397768
301391540,301397867
301391540,301397958
301391540,301398082
301391540,301398195
301391540,301398349
301391540,301398468
301391540,301398562
301391540,301398710
301391540,301398991
301391540,301399174
301391540,301399278
301391540,301399386
301391540,301399533
301391540,301399670
301391540,301399755
301391540,301399884
301391540,301400027
301391540,301400128
301391540,301400223
301391540,301400318
301391540,301400440
301391540,301400632
301391540,301400795
301392884,301391540
301393118,301391540
301393220,301391540
301393292,301391540
301393393,301391540
301393471,301391540
301393617,301391540
301393748,301391540
301393974,301391540
301394108,301391540
301394266,301391540
301394582,301391540
301394685,301391540
301394791,301391540
301395200,301391540
301395310,301391540
301395547,301391540
301395771,301391540
301396075,301391540
301396420,301391540
301396686,301391540
301396856,301391540
301397442,301391540
301397602,301391540
301397768,301391540
301397867,301391540
301397958,301391540
301398082,301391540
301398195,301391540
301398349,301391540
301398468,301391540
301398562,301391540
301398710,301391540
301398991,301391540
301399174,301391540
301399278,301391540
301399386,301391540
301399533,301391540
301399670,301391540
301399755,301391540
301399884,301391540
301400027,301391540
301400128,301391540
301400223,301391540
301400318,301391540
301400440,301391540
301400632,301391540
301400795,301391540
301400909,301401647
301400909,301401736
301400909,301401825
301400909,301402209
301400909,301402476
301400909,301402652
301400909,301402817
301400909,301402990
301400909,301403076
301400909,301403162
301400909,301403355
301400909,301403496
301400909,301403650
301400909,301403749
301400909,301403854
301400909,301403995
301400909,301404079
301400909,301404237
301400909,301404423
301400909,301404603
301400909,301404709
301400909,301404776
301400909,301404910
301400909,303185441
301401647,301400909
301401736,301400909
301401825,301400909
301402209,301400909
301402476,301400909
301402652,301400909
301402817,301400909
301402990,301400909
301403076,301400909
301403162,301400909
301403355,301400909
301403496,301400909
301403650,301400909
301403749,301400909
301403854,301400909
301403995,301400909
301404079,301400909
301404237,301400909
301404423,301400909
301404603,301400909
301404709,301400909
301404776,301400909
301404910,301400909
301405298,301405520
301405520,301405298
301405746,301406032
301405746,301406202
301405746,301406327
301406032,301405746
301406202,301405746
301406327,301405746
301406499,301406630
301406630,301406499
301406824,301406950
301406950,301406824
301407084,301407372
301407084,301407484
301407084,301407590
301407084,301407696
301407372,301407084
301407484,301407084
301407590,301407084
301407696,301407084
301407897,301408226
301407897,301408346
301407897,301408470
301407897,301408563
301407897,301408639
301407897,301408794
301407897,301408933
301408226,301407897
301408346,301407897
301408470,301407897
301408563,301407897
301408639,301407897
301408794,301407897
301408933,301407897
301409026,301409167
301409026,301409262
301409167,301409026
301409262,301409026
301409796,301409935
301409935,301409796
301410034,301410162
301410162,301410034
301410260,301410574
301410260,301410659
301410260,301410803
301410260,301410922
301410260,301411111
301410260,301411230
301410260,301411432
301410574,301410260
301410659,301410260
301410803,301410260
301410922,301410260
301411111,301410260
301411230,301410260
301411432,301410260
301411552,301412041
301411552,301412196
301411552,301412278
301411552,301412461
301411552,301412710
301411552,301412849
301411552,301413014
301411552,301413167
301411552,301413330
301411552,301413458
301411552,301413740
301411552,301413893
301411552,301414068
301411552,301414203
301411552,301414302
301412041,301411552
301412196,301411552
301412278,301411552
301412461,301411552
301412710,301411552
301412849,301411552
301413014,301411552
301413167,301411552
301413330,301411552
301413458,301411552
301413740,301411552
301413893,301411552
301414068,301411552
301414203,301411552
301414302,301411552
301414422,301414618
301414422,301414767
301414618,301414422
301414767,301414422
301414934,301415110
301414934,301415243
301415110,301414934
301415243,301414934
301415624,301415807
301415807,301415624
301415929,301416084
301416084,301415929
301416306,301416519
301416306,301416627
301416306,301416933
301416519,301416306
301416627,301416306
301416933,301416306
301417129,301417402
301417129,301417480
301417129,301417573
301417129,301417800
301417129,301417905
301417129,301418086
301417402,301417129
301417480,301417129
301417573,301417129
301417800,301417129
301417905,301417129
301418086,301417129
301419246,301419701
301419246,301419783
301419246,301419887
301419701,301419246
301419783,301419246
301419887,301419246
301420997,301421465
301420997,301421680
301420997,301421832
301421465,301420997
301421680,301420997
301421832,301420997
301421961,301422267
301421961,301422438
301421961,301422610
301422267,301421961
301422438,301421961
301422610,301421961
301422777,301423004
301422777,301423079
301422777,301423266
301423004,301422777
301423079,301422777
301423266,301422777
301423374,301423640
301423640,301423374
301423753,301423991
301423753,301424069
301423753,301424166
301423753,301424243
301423991,301423753
301424069,301423753
301424166,301423753
301424243,301423753
301424320,301424441
301424441,301424320
301424524,301424722
301424524,301424997
301424722,301424524
301424997,301424524
301425124,301425437
301425124,301425601
301425124,301425775
301425437,301425124
301425601,301425124
301425775,301425124
301426030,301426331
301426030,301426481
301426030,301426627
301426331,301426030
301426481,301426030
301426627,301426030
301426973,301427200
301427200,301426973
301427482,301427645
301427645,301427482
301427891,301428027
301427891,301428191
301428027,301427891
301428191,301427891
301428333,301428533
301428533,301428333
301428693,301429006
301428693,301429182
301428693,301429336
301428693,301429551
301428693,301429893
301428693,301430046
301428693,301430482
301429006,301428693
301429182,301428693
301429336,301428693
301429551,301428693
301429893,301428693
301430046,301428693
301430482,301428693
301430660,301430832
301430660,301430951
301430832,301430660
301430951,301430660
301431298,301431506
301431298,301431717
301431298,301431862
301431298,301431973
301431298,301432087
301431506,301431298
301431717,301431298
301431862,301431298
301431973,301431298
301432087,301431298
301432175,301432482
301432482,301432175
301432575,301432824
301432575,301432981
301432575,301433146
301432575,301433247
301432575,303185750
301432824,301432575
301432981,301432575
301433146,301432575
301433247,301432575
301433331,301433544
301433544,301433331
301433691,301433887
301433887,301433691
301434186,301434327
301434186,301434437
301434327,301434186
301434437,301434186
301434599,301434787
301434599,301434885
301434787,301434599
301434885,301434599
301435260,301435439
301435260,301435626
301435439,301435260
301435626,301435260
301435808,301436004
301436004,301435808
301436106,301436480
301436106,301436741
301436106,301436919
301436106,301437064
301436480,301436106
301436741,301436106
301436919,301436106
301437064,301436106
301437489,301437854
301437854,301437489
301438014,301438121
301438121,301438014
301438313,301438499
301438499,301438313
301438704,301438870
301438704,301438992
301438870,301438704
301438992,301438704
301439217,301439408
301439217,301439520
301439217,301439602
301439408,301439217
301439520,301439217
301439602,301439217
301439843,301440184
301439843,301440360
301439843,301440448
301440184,301439843
301440360,301439843
301440448,301439843
301440579,301440844
301440579,301441102
301440579,301441204
301440844,301440579
301441102,301440579
301441204,301440579
301441371,301441671
301441371,301441803
301441371,301441935
301441371,301442053
301441371,301442187
301441671,301441371
301441803,301441371
301441935,301441371
301442053,301441371
301442187,301441371
301443228,301443760
301443228,301443971
301443228,301444283
301443228,301444470
301443228,301444612
301443228,301444737
301443228,301444831
301443228,301444960
301443228,301445061
301443228,301445170
301443228,301445278
301443228,301445446
301443228,301445662
301443228,303187251
301443760,301443228
301443971,301443228
301444283,301443228
301444470,301443228
301444612,301443228
301444737,301443228
301444831,301443228
301444960,301443228
301445061,301443228
301445170,301443228
301445278,301443228
301445446,301443228
301445662,301443228
301445774,301446241
301445774,301446376
301445774,301446480
301445774,301446596
301445774,301446773
301445774,301446842
301445774,301446970
301445774,301447073
301445774,301447154
301445774,301447277
301445774,301447557
301446241,301445774
301446376,301445774
301446480,301445774
301446596,301445774
301446773,301445774
301446842,301445774
301446970,301445774
301447073,301445774
301447154,301445774
301447277,301445774
301447557,301445774
301447768,301448566
301447768,301448676
301447768,301448786
301447768,301448905
301447768,301448988
301447768,301449329
301447768,301449539
301447768,301449617
301447768,301449891
301447768,301449992
301447768,301450164
301447768,301450255
301447768,301450407
301447768,301450474
301447768,301450609
301447768,301450722
301447768,301450833
301447768,301451104
301447768,301451268
301447768,301451380
301447768,301451579
301447768,301451716
301447768,301451815
301447768,301451929
301447768,303187336
301448566,301447768
301448676,301447768
301448786,301447768
301448905,301447768
301448988,301447768
301449329,301447768
301449539,301447768
301449617,301447768
301449891,301447768
301449992,301447768
301450164,301447768
301450255,301447768
301450407,301447768
301450474,301447768
301450609,301447768
301450722,301447768
301450833,301447768
301451104,301447768
301451268,301447768
301451380,301447768
301451579,301447768
301451716,301447768
301451815,301447768
301451929,301447768
301452036,301452465
301452036,301452694
301452036,301452842
301452036,301452965
301452036,301453270
301452036,301453449
301452036,301453601
301452036,301453710
301452465,301452036
301452694,301452036
301452842,301452036
301452965,301452036
301453270,301452036
301453449,301452036
301453601,301452036
301453710,301452036
301454722,301454972
301454722,301455093
301454722,301455229
301454722,301455347
301454722,301455467
301454972,301454722
301455093,301454722
301455229,301454722
301455347,301454722
301455467,301454722
301455614,301455826
301455614,301456149
301455826,301455614
301456149,301455614
301456658,301456900
301456658,301457087
301456900,301456658
301457087,301456658
301457211,301457592
301457211,301457690
301457211,301457846
301457211,301457967
301457211,301458087
301457211,301458271
301457592,301457211
301457690,301457211
301457846,301457211
301457967,301457211
301458087,301457211
301458271,301457211
301458365,301458606
301458365,301458770
301458365,301458916
301458606,301458365
301458770,301458365
301458916,301458365
301459093,301459263
301459263,301459093
301459473,301459775
301459473,301459975
301459473,301460090
301459473,301460240
301459473,301460404
301459775,301459473
301459975,301459473
301460090,301459473
301460240,301459473
301460404,301459473
301460510,301460685
301460685,301460510
301460766,301461022
301460766,301461199
301461022,301460766
301461199,301460766
301461295,301461565
301461295,301461647
301461295,301461734
301461295,301461821
301461295,301461935
301461565,301461295
301461647,301461295
301461734,301461295
301461821,301461295
301461935,301461295
301462063,301462182
301462182,301462063
301462390,301462881
301462390,301462984
301462390,301463178
301462390,301463264
301462390,301463422
301462390,301463516
301462390,301463606
301462390,301463693
301462390,301463781
301462390,301464041
301462390,301464199
301462390,301464291
301462881,301462390
301462984,301462390
301463178,301462390
301463264,301462390
301463422,301462390
301463516,301462390
301463606,301462390
301463693,301462390
301463781,301462390
301464041,301462390
301464199,301462390
301464291,301462390
301464433,301464782
301464433,301465018
301464433,301465209
301464433,301465337
301464433,301465529
301464433,301465685
301464433,301465835
301464433,301466018
301464433,301466285
301464433,301466370
301464782,301464433
301465018,301464433
301465209,301464433
301465337,301464433
301465529,301464433
301465685,301464433
301465835,301464433
301466018,301464433
301466285,301464433
301466370,301464433
301466508,301466775
301466508,301466906
301466508,301467061
301466508,301467196
301466508,301467313
301466508,301467519
301466508,301467698
301466775,301466508
301466906,301466508
301467061,301466508
301467196,301466508
301467313,301466508
301467519,301466508
301467698,301466508
301467882,301468028
301468028,301467882
301468131,301468351
301468131,301468481
301468351,301468131
301468481,301468131
301468604,301468891
301468604,301469009
301468891,301468604
301469009,301468604
301469414,301469785
301469414,301469979
301469414,301470296
301469785,301469414
301469979,301469414
301470296,301469414
301470451,301470710
301470451,301471014
301470710,301470451
301471014,301470451
301471174,301471328
301471328,301471174
301471529,301471671
301471529,301471754
301471671,301471529
301471754,301471529
301471934,301472158
301471934,301472236
301471934,301472436
301471934,301472573
301471934,301472737
301471934,301472994
301472158,301471934
301472236,301471934
301472436,301471934
301472573,301471934
301472737,301471934
301472994,301471934
301473412,301473601
301473412,301473689
301473412,301473812
301473412,301473928
301473412,301474021
301473412,301474155
301473601,301473412
301473689,301473412
301473812,301473412
301473928,301473412
301474021,301473412
301474155,301473412
301474251,301474737
301474251,301475004
301474251,301475322
301474251,301475475
301474251,301475729
301474251,301475862
301474251,301475947
301474251,301476244
301474251,301476342
301474251,301476440
301474251,301476511
301474251,301476609
301474251,301476780
301474251,303186294
301474737,301474251
301475004,301474251
301475322,301474251
301475475,301474251
301475729,301474251
301475862,301474251
301475947,301474251
301476244,301474251
301476342,301474251
301476440,301474251
301476511,301474251
301476609,301474251
301476780,301474251
301476897,301477079
301476897,301477260
301476897,301477350
301476897,301477488
301477079,301476897
301477260,301476897
301477350,301476897
301477488,301476897
301477602,301477839
301477839,301477602
301478005,301478225
301478225,301478005
301478403,301478625
301478403,301478726
301478403,301478858
301478625,301478403
301478726,301478403
301478858,301478403
301478988,301479156
301479156,301478988
301479983,301480233
301480233,301479983
301480802,301480955
301480955,301480802
301481308,301481566
301481566,301481308
301483162,301483324
301483324,301483162
301483617,301483887
301483617,301484092
301483887,301483617
301484092,301483617
301484530,301484730
301484730,301484530
301485047,301485340
301485047,301485476
301485047,301485575
301485047,301485694
301485340,301485047
301485476,301485047
301485575,301485047
301485694,301485047
301485816,301486078
301485816,301486304
301485816,301486431
301486078,301485816
301486304,301485816
301486431,301485816
301486529,301486744
301486744,301486529
301486852,301487023
301486852,301487214
301487023,301486852
301487214,301486852
301487383,301487775
301487383,301487949
301487383,301488089
301487383,301488262
301487383,301488409
301487775,301487383
301487949,301487383
301488089,301487383
301488262,301487383
301488409,301487383
301488504,301488880
301488504,301489051
301488504,301489180
301488880,301488504
301489051,301488504
301489180,301488504
301489324,301489605
301489324,301489723
301489324,301489879
301489324,301490074
301489324,301490207
301489324,301490413
301489605,301489324
301489723,301489324
301489879,301489324
301490074,301489324
301490207,301489324
301490413,301489324
301490638,301490778
301490778,301490638
301490884,301491208
301490884,301491319
301490884,301491400
301490884,301491632
301490884,301491730
301490884,303184185
301491208,301490884
301491319,301490884
301491400,301490884
301491632,301490884
301491730,301490884
301491851,301491998
301491998,301491851
301492328,301492528
301492328,301492648
301492328,301492736
301492328,301492857
301492528,301492328
301492648,301492328
301492736,301492328
301492857,301492328
301492945,301493268
301492945,301493375
301492945,301493468
301492945,301493582
301493268,301492945
301493375,301492945
301493468,301492945
301493582,301492945
301493673,301493793
301493793,301493673
301493866,301493974
301493974,301493866
301494050,301494288
301494050,301494403
301494050,301494676
301494288,301494050
301494403,301494050
301494676,301494050
301494809,301495068
301494809,301495177
301494809,301495377
301494809,301495540
301495068,301494809
301495177,301494809
301495377,301494809
301495540,301494809
301495713,301495980
301495713,301496127
301495980,301495713
301496127,301495713
301496228,301496436
301496228,301496556
301496228,301496699
301496436,301496228
301496556,301496228
301496699,301496228
301497263,301497478
301497263,301497628
301497263,301497734
301497263,301497859
301497478,301497263
301497628,301497263
301497734,301497263
301497859,301497263
301498012,301498163
301498012,301498307
301498163,301498012
301498307,301498012
301498457,301498773
301498773,301498457
301499053,301499442
301499053,301499682
301499053,301499892
301499053,301499971
301499053,301500093
301499053,301500211
301499053,301500340
301499053,301500443
301499442,301499053
301499682,301499053
301499892,301499053
301499971,301499053
301500093,301499053
301500211,301499053
301500340,301499053
301500443,301499053
301500609,301500948
301500609,301501144
301500609,301501392
301500609,301501501
301500609,301501753
301500609,301501965
301500609,301502138
301500609,301502439
301500609,301502589
301500948,301500609
301501144,301500609
301501392,301500609
301501501,301500609
301501753,301500609
301501965,301500609
301502138,301500609
301502439,301500609
301502589,301500609
301502673,301502810
301502673,301502941
301502810,301502673
301502941,301502673
301503078,301503280
301503078,301503591
301503078,301503700
301503280,301503078
301503591,301503078
301503700,301503078
301503876,301504126
301503876,301504343
301503876,301504514
301504126,301503876
301504343,301503876
301504514,301503876
301504604,301504853
301504853,301504604
301505666,301505773
301505773,301505666
301505888,301506005
301506005,301505888
301506432,301506619
301506619,301506432
301506875,301507183
301506875,301507334
301506875,301507464
301506875,301507691
301507183,301506875
301507334,301506875
301507464,301506875
301507691,301506875
301507851,301508120
301507851,301508262
301507851,301508494
301508120,301507851
301508262,301507851
301508494,301507851
301508636,301509002
301508636,301509216
301508636,301509336
301508636,301509512
301508636,301509687
301509002,301508636
301509216,301508636
301509336,301508636
301509512,301508636
301509687,301508636
301510023,301510234
301510023,301510348
301510234,301510023
301510348,301510023
301510949,301511280
301510949,301511532
301510949,301511702
301510949,301511841
301510949,301511958
301511280,301510949
301511532,301510949
301511702,301510949
301511841,301510949
301511958,301510949
301512052,301512162
301512052,301512238
301512162,301512052
301512238,301512052
301512400,301512792
301512400,301512906
301512400,301513005
301512400,301513108
301512400,301513277
301512792,301512400
301512906,301512400
301513005,301512400
301513108,301512400
301513277,301512400
301513794,301514083
301513794,301514212
301513794,301514339
301513794,301514466
301513794,301514662
301513794,301514791
301513794,301514920
301513794,301515047
301514083,301513794
301514212,301513794
301514339,301513794
301514466,301513794
301514662,301513794
301514791,301513794
301514920,301513794
301515047,301513794
301515265,301515434
301515265,301515569
301515265,301515717
301515434,301515265
301515569,301515265
301515717,301515265
301515912,301516213
301515912,301516328
301515912,301516468
301516213,301515912
301516328,301515912
301516468,301515912
301516750,301516907
301516907,301516750
301517279,301517546
301517279,301517673
301517279,301517814
301517279,301517949
301517546,301517279
301517673,301517279
301517814,301517279
301517949,301517279
301518058,301518233
301518058,301518296
301518233,301518058
301518296,301518058
301518690,301519096
301518690,301519280
301518690,301519374
301518690,301519608
301519096,301518690
301519280,301518690
301519374,301518690
301519608,301518690
301520007,301520354
301520007,301520550
301520007,301520655
301520354,301520007
301520550,301520007
301520655,301520007
301520815,301521644
301520815,301521768
301520815,301521957
301520815,301522127
301520815,301522255
301520815,301522372
301520815,301522493
301520815,301522647
301520815,301522753
301520815,301522886
301520815,301523220
301520815,301523508
301520815,301523641
301520815,301523893
301520815,301524011
301520815,301524156
301520815,301524315
301520815,301524420
301520815,301524561
301520815,301524887
301520815,301525073
301520815,301525209
301520815,301525316
301520815,301525467
301520815,301525642
301520815,301525832
301521644,301520815
301521768,301520815
301521957,301520815
301522127,301520815
301522255,301520815
301522372,301520815
301522493,301520815
301522647,301520815
301522753,301520815
301522886,301520815
301523220,301520815
301523508,301520815
301523641,301520815
301523893,301520815
301524011,301520815
301524156,301520815
301524315,301520815
301524420,301520815
301524561,301520815
301524887,301520815
301525073,301520815
301525209,301520815
301525316,301520815
301525467,301520815
301525642,301520815
301525832,301520815
301526518,301526989
301526518,301527234
301526518,301527401
301526518,301527723
301526518,301527916
301526518,301528055
301526518,301528314
301526518,303181773
301526989,301526518
301527234,301526518
301527401,301526518
301527723,301526518
301527916,301526518
301528055,301526518
301528314,301526518
301528541,301528671
301528671,301528541
301528791,301529027
301528791,301529236
301528791,301529342
301528791,301529465
301529027,301528791
301529236,301528791
301529342,301528791
301529465,301528791
301529631,301529871
301529631,301530005
301529871,301529631
301530005,301529631
301530096,301530287
301530096,301530404
301530096,301530595
301530287,301530096
301530404,301530096
301530595,301530096
301530690,301530902
301530902,301530690
301531019,301531200
301531019,301531315
301531019,301531408
301531200,301531019
301531315,301531019
301531408,301531019
301531539,301531827
301531539,301532428
301531539,301532699
301531539,301532808
301531827,301531539
301532428,301531539
301532699,301531539
301532808,301531539
301533084,301533218
301533218,301533084
301533333,301533567
301533333,301533696
301533567,301533333
301533696,301533333
301533829,301534005
301534005,301533829
301534167,301534688
301534167,301534778
301534167,301534929
301534167,301535042
301534167,301535243
301534167,301535360
301534167,301535517
301534167,301535799
301534167,301535933
301534167,301536046
301534167,301536213
301534167,301536314
301534167,301536431
301534167,301536501
301534167,301536591
301534167,301536886
301534688,301534167
301534778,301534167
301534929,301534167
301535042,301534167
301535243,301534167
301535360,301534167
301535517,301534167
301535799,301534167
301535933,301534167
301536046,301534167
301536213,301534167
301536314,301534167
301536431,301534167
301536501,301534167
301536591,301534167
301536886,301534167
301536985,301537189
301536985,301537409
301536985,301537566
301537189,301536985
301537409,301536985
301537566,301536985
301537683,301537891
301537683,301537969
301537683,301538169
301537891,301537683
301537969,301537683
301538169,301537683
301538493,301538680
301538493,301538818
301538680,301538493
301538818,301538493
301538988,301539158
301539158,301538988
301539307,301539818
301539307,301539927
301539307,301540014
301539307,301540127
301539307,301540237
301539307,301540351
301539307,301540532
301539307,301540618
301539307,301540834
301539307,301540941
301539307,301541055
301539818,301539307
301539927,301539307
301540014,301539307
301540127,301539307
301540237,301539307
301540351,301539307
301540532,301539307
301540618,301539307
301540834,301539307
301540941,301539307
301541055,301539307
301541181,301541367
301541367,301541181
301541531,301541767
301541531,301541946
301541531,301542248
301541531,301542492
301541531,301542671
301541767,301541531
301541946,301541531
301542248,301541531
301542492,301541531
301542671,301541531
301542889,301542983
301542983,301542889
301543084,301543666
301543084,301543858
301543084,301543970
301543084,301544163
301543084,301544295
301543084,301544362
301543084,301544469
301543084,301544621
301543666,301543084
301543858,301543084
301543970,301543084
301544163,301543084
301544295,301543084
301544362,301543084
301544469,301543084
301544621,301543084
301544829,301545244
301544829,301545368
301544829,301545501
301544829,301545669
301544829,301545977
301544829,301546343
301544829,301546553
301544829,301546777
301544829,301546965
301544829,301547176
301544829,301547278
301545244,301544829
301545368,301544829
301545501,301544829
301545669,301544829
301545977,301544829
301546343,301544829
301546553,301544829
301546777,301544829
301546965,301544829
301547176,301544829
301547278,301544829
301547404,301547789
301547404,301547971
301547404,301548148
301547404,301548344
301547404,301548448
301547789,301547404
301547971,301547404
301548148,301547404
301548344,301547404
301548448,301547404
301548614,301548847
301548614,301548972
301548614,301549151
301548614,301549388
301548614,301549519
301548847,301548614
301548972,301548614
301549151,301548614
301549388,301548614
301549519,301548614
301549645,301549945
301549645,301550138
301549645,301550376
301549645,301550523
301549945,301549645
301550138,301549645
301550376,301549645
301550523,301549645
301550692,301550827
301550827,301550692
301551049,301551268
301551268,301551049
301551466,301551711
301551466,301551926
301551711,301551466
301551926,301551466
301552191,301552463
301552191,301552697
301552463,301552191
301552697,301552191
301552847,301552990
301552847,301553092
301552990,301552847
301553092,301552847
301553282,301553401
301553401,301553282
301553466,301553661
301553661,301553466
301554324,301554464
301554464,301554324
301554700,301554923
301554700,301555060
301554700,301555196
301554700,301555337
301554923,301554700
301555060,301554700
301555196,301554700
301555337,301554700
301555607,301555772
301555607,301555894
301555772,301555607
301555894,301555607
301556182,301556415
301556182,301556523
301556415,301556182
301556523,301556182
301556691,301556894
301556691,301557038
301556691,301557152
301556894,301556691
301557038,301556691
301557152,301556691
301557406,301557612
301557406,301557739
301557406,301557945
301557612,301557406
301557739,301557406
301557945,301557406
301559055,301559305
301559055,301559430
301559305,301559055
301559430,301559055
301560028,301560529
301560028,301560643
301560028,301560760
301560028,301560922
301560529,301560028
301560643,301560028
301560760,301560028
301560922,301560028
301561020,301561351
301561020,301561747
301561020,301561993
301561020,301562334
301561351,301561020
301561747,301561020
301561993,301561020
301562334,301561020
301562603,301562829
301562603,301563095
301562829,301562603
301563095,301562603
301563199,301563446
301563446,301563199
301563703,301564296
301563703,301564389
301563703,301564553
301563703,301564768
301563703,301564936
301564296,301563703
301564389,301563703
301564553,301563703
301564768,301563703
301564936,301563703
301565019,301565478
301565019,301565632
301565478,301565019
301565632,301565019
301565767,301566045
301565767,301566183
301565767,301566427
301566045,301565767
301566183,301565767
301566427,301565767
301566561,301566995
301566995,301566561
301568753,301569054
301569054,301568753
301569771,301569947
301569947,301569771
301570060,301570243
301570060,301570351
301570060,301570448
301570243,301570060
301570351,301570060
301570448,301570060
301570542,301570798
301570542,301570906
301570798,301570542
301570906,301570542
301571069,301571199
301571069,301571427
301571199,301571069
301571427,301571069
301571642,301571813
301571642,301571886
301571813,301571642
301571886,301571642
301572061,301572323
301572323,301572061
301572671,301572980
301572671,301573238
301572671,301573441
301572671,301573590
301572980,301572671
301573238,301572671
301573441,301572671
301573590,301572671
301573725,301573855
301573855,301573725
301573932,301574328
301573932,301574445
301573932,301574577
301573932,301574649
301573932,301574829
301573932,301574970
301573932,301575153
301573932,301575308
301573932,301575510
301573932,301575655
301573932,301575739
301573932,301575874
301573932,301576084
301574328,301573932
301574445,301573932
301574577,301573932
301574649,301573932
301574829,301573932
301574970,301573932
301575153,301573932
301575308,301573932
301575510,301573932
301575655,301573932
301575739,301573932
301575874,301573932
301576084,301573932
301576234,301576476
301576234,301576691
301576234,301576782
301576234,301577061
301576234,301577218
301576234,301577319
301576234,301577432
301576476,301576234
301576691,301576234
301576782,301576234
301577061,301576234
301577218,301576234
301577319,301576234
301577432,301576234
301577576,301577792
301577792,301577576
301578211,301578407
301578407,301578211
301578818,301578909
301578909,301578818
301579100,301579387
301579100,301579478
301579387,301579100
301579478,301579100
301579684,301579878
301579878,301579684
301580046,301580276
301580276,301580046
301580559,301580868
301580559,301581186
301580559,301581350
301580559,301581550
301580868,301580559
301581186,301580559
301581350,301580559
301581550,301580559
301582149,301582488
301582488,301582149
301582672,301582949
301582949,301582672
301583094,301583383
301583383,301583094
301583565,301584071
301583565,301584211
301583565,301584373
301583565,301584603
301583565,301584736
301583565,301584882
301583565,301585109
301583565,301585252
301583565,301585379
301583565,301585516
301583565,301585846
301583565,301586040
301583565,301586167
301584071,301583565
301584211,301583565
301584373,301583565
301584603,301583565
301584736,301583565
301584882,301583565
301585109,301583565
301585252,301583565
301585379,301583565
301585516,301583565
301585846,301583565
301586040,301583565
301586167,301583565
301586314,301586555
301586555,301586314
301586742,301587239
301586742,301587613
301586742,301587738
301586742,301588128
301586742,301588390
301586742,301588871
301586742,301589049
301586742,301589181
301586742,301589422
301586742,301589665
301586742,301589836
301586742,301590015
301587239,301586742
301587613,301586742
301587738,301586742
301588128,301586742
301588390,301586742
301588871,301586742
301589049,301586742
301589181,301586742
301589422,301586742
301589665,301586742
301589836,301586742
301590015,301586742
301590654,301591025
301590654,301591198
301590654,301591470
301590654,301591646
301590654,301591809
301591025,301590654
301591198,301590654
301591470,301590654
301591646,301590654
301591809,301590654
301591950,301592195
301592195,301591950
301592392,301592648
301592392,301592943
301592392,301593117
301592392,301593310
301592648,301592392
301592943,301592392
301593117,301592392
301593310,301592392
301593457,301593665
301593457,301594409
301593457,301594586
301593457,301594668
301593665,301593457
301594409,301593457
301594586,301593457
301594668,301593457
301594795,301594932
301594795,301595032
301594932,301594795
301595032,301594795
301595155,301595280
301595280,301595155
301595374,301595820
301595374,301595993
301595374,301596214
301595374,301596351
301595374,301596498
301595374,301596621
301595374,301596904
301595374,301597059
301595374,301597192
301595374,301597357
301595374,301597647
301595374,301597826
301595374,301598014
301595374,301598116
301595374,301598227
301595820,301595374
301595993,301595374
301596214,301595374
301596351,301595374
301596498,301595374
301596621,301595374
301596904,301595374
301597059,301595374
301597192,301595374
301597357,301595374
301597647,301595374
301597826,301595374
301598014,301595374
301598116,301595374
301598227,301595374
301598344,301598532
301598532,301598344
301598680,301599109
301598680,301599223
301598680,303185625
301599109,301598680
301599223,301598680
301599452,301599850
301599452,301600019
301599452,301600162
301599850,301599452
301600019,301599452
301600162,301599452
301600547,301600801
301600547,301600994
301600547,301601421
301600801,301600547
301600994,301600547
301601421,301600547
301601593,301602027
301601593,301602423
301602027,301601593
301602423,301601593
301602494,301602863
301602494,301603429
301602494,301603588
301602494,301603755
301602494,301604060
301602494,301604256
301602494,301604469
301602494,301604623
301602494,301604870
301602863,301602494
301603429,301602494
301603588,301602494
301603755,301602494
301604060,301602494
301604256,301602494
301604469,301602494
301604623,301602494
301604870,301602494
301605003,301605236
301605003,301605462
301605003,301605863
301605003,301606020
301605236,301605003
301605462,301605003
301605863,301605003
301606020,301605003
301606189,301606686
301606189,301607012
301606189,301607351
301606189,301607590
301606189,301607852
301606189,301607980
301606686,301606189
301607012,301606189
301607351,301606189
301607590,301606189
301607852,301606189
301607980,301606189
301608136,301608680
301608136,301609013
301608136,301609232
301608136,301609367
301608136,301609663
301608136,301609798
301608136,301609945
301608136,301610067
301608136,301610260
301608136,301610486
301608136,301610683
301608680,301608136
301609013,301608136
301609232,301608136
301609367,301608136
301609663,301608136
301609798,301608136
301609945,301608136
301610067,301608136
301610260,301608136
301610486,301608136
301610683,301608136
301611150,301611417
301611417,301611150
301612090,301612340
301612090,301612456
301612090,301612599
301612090,301612732
301612340,301612090
301612456,301612090
301612599,301612090
301612732,301612090
301612891,301613271
301612891,301613419
301612891,301613600
301612891,301613800
301612891,301613950
301612891,301614080
301612891,301614251
301612891,301614389
301612891,301614469
301612891,301614600
301612891,301614738
301613271,301612891
301613419,301612891
301613600,301612891
301613800,301612891
301613950,301612891
301614080,301612891
301614251,301612891
301614389,301612891
301614469,301612891
301614600,301612891
301614738,301612891
301614818,301615171
301614818,301615285
301614818,301615454
301614818,301615667
301614818,301615842
301614818,301616006
301614818,301616137
301614818,301616277
301614818,301616357
301614818,301616488
301614818,301616634
301615171,301614818
301615285,301614818
301615454,301614818
301615667,301614818
301615842,301614818
301616006,301614818
301616137,301614818
301616277,301614818
301616357,301614818
301616488,301614818
301616634,301614818
301616714,301616926
301616714,301617039
301616714,301617418
301616926,301616714
301617039,301616714
301617418,301616714
301617554,301617800
301617554,301617918
301617554,301618042
301617800,301617554
301617918,301617554
301618042,301617554
301618226,301618531
301618226,301618687
301618226,301618943
301618531,301618226
301618687,301618226
301618943,301618226
301619121,301619415
301619121,301619593
301619415,301619121
301619593,301619121
301619823,301620022
301619823,301620102
301619823,301620274
301619823,301620361
301620022,301619823
301620102,301619823
301620274,301619823
301620361,301619823
301620508,301620657
301620657,301620508
301620794,301620995
301620794,301621186
301620794,301621382
301620794,301621531
301620794,301621666
301620995,301620794
301621186,301620794
301621382,301620794
301621531,301620794
301621666,301620794
301621766,301621938
301621766,301622066
301621766,301622327
301621938,301621766
301622066,301621766
301622327,301621766
301622465,301622673
301622673,301622465
301622808,301622953
301622953,301622808
301623272,301623421
301623421,301623272
301623536,301623798
301623536,301623959
301623536,301624152
301623798,301623536
301623959,301623536
301624152,301623536
301624308,301624442
301624442,301624308
301624522,301625099
301624522,301625377
301624522,301625548
301624522,301625809
301625099,301624522
301625377,301624522
301625548,301624522
301625809,301624522
301625963,301626357
301625963,301626647
301625963,301626892
301625963,301627078
301626357,301625963
301626647,301625963
301626892,301625963
301627078,301625963
301627301,301627581
301627301,301627746
301627301,301627906
301627581,301627301
301627746,301627301
301627906,301627301
301628046,301628260
301628046,301628366
301628260,301628046
301628366,301628046
301628490,301628814
301628490,301628907
301628490,301629020
301628490,301629160
301628490,301629271
301628490,301629426
301628814,301628490
301628907,301628490
301629020,301628490
301629160,301628490
301629271,301628490
301629426,301628490
301629518,301629607
301629607,301629518
301630069,301630370
301630069,301630918
301630069,301631128
301630069,301631387
301630069,301631483
301630069,301631612
301630069,301631697
301630069,301631888
301630370,301630069
301630918,301630069
301631128,301630069
301631387,301630069
301631483,301630069
301631612,301630069
301631697,301630069
301631888,301630069
301632062,301632299
301632062,301632414
301632299,301632062
301632414,301632062
301632522,301632906
301632522,301633093
301632522,301633281
301632522,301633437
301632522,301633693
301632522,301633820
301632522,301633907
301632522,301634046
301632522,301634201
301632906,301632522
301633093,301632522
301633281,301632522
301633437,301632522
301633693,301632522
301633820,301632522
301633907,301632522
301634046,301632522
301634201,301632522
301634315,301634518
301634315,301634761
301634315,301634921
301634315,301635101
301634518,301634315
301634761,301634315
301634921,301634315
301635101,301634315
301635200,301635373
301635200,301635761
301635373,301635200
301635761,301635200
301635853,301636027
301635853,301636132
301636027,301635853
301636132,301635853
301636420,301636550
301636550,301636420
301636650,301637080
301636650,301637509
301636650,301637777
301636650,301637910
301636650,301638476
301636650,301638598
301636650,301638910
301636650,301639085
301636650,301639202
301636650,301639352
301637080,301636650
301637509,301636650
301637777,301636650
301637910,301636650
301638476,301636650
301638598,301636650
301638910,301636650
301639085,301636650
301639202,301636650
301639352,301636650
301639496,301639672
301639672,301639496
301640219,301640448
301640448,301640219
301640594,301640756
301640756,301640594
301640863,301641129
301640863,301641266
301640863,301641410
301640863,301641598
301640863,301641749
301640863,301641950
301641129,301640863
301641266,301640863
301641410,301640863
301641598,301640863
301641749,301640863
301641950,301640863
301642034,301642356
301642034,301642496
301642034,301642590
301642034,301642690
301642034,301642856
301642356,301642034
301642496,301642034
301642590,301642034
301642690,301642034
301642856,301642034
301642942,301643134
301642942,301643304
301643134,301642942
301643304,301642942
301643748,301643984
301643748,301644214
301643984,301643748
301644214,301643748
301644437,300180466
301644437,301644708
301644437,301644873
301644437,301645033
301644437,301645207
301644708,301644437
301644873,301644437
301645033,301644437
301645207,301644437
301645308,301645597
301645308,301645744
301645308,301645916
301645308,301646081
301645597,301645308
301645744,301645308
301645916,301645308
301646081,301645308
301646212,301646453
301646453,301646212
301646568,301646735
301646735,301646568
301646863,301647368
301646863,301647697
301646863,301647825
301646863,301647940
301646863,301648098
301646863,301648242
301646863,301648371
301646863,301648492
301647368,301646863
301647697,301646863
301647825,301646863
301647940,301646863
301648098,301646863
301648242,301646863
301648371,301646863
301648492,301646863
301648573,301648703
301648703,301648573
301649000,301649187
301649187,301649000
301649270,301649399
301649399,301649270
301650254,301650796
301650254,301651064
301650254,301651280
301650254,301651470
301650254,301651554
301650254,301651725
301650254,301651807
301650254,301651958
301650254,301652095
301650254,301652275
301650254,301652401
301650254,301652537
301650254,301652648
301650796,301650254
301651064,301650254
301651280,301650254
301651470,301650254
301651554,301650254
301651725,301650254
301651807,301650254
301651958,301650254
301652095,301650254
301652275,301650254
301652401,301650254
301652537,301650254
301652648,301650254
301652769,301653415
301652769,301653603
301652769,301653746
301652769,301653876
301652769,301654043
301652769,301654240
301652769,301654404
301652769,301654538
301652769,301654636
301652769,301654816
301652769,301655002
301652769,301655110
301652769,301655253
301652769,301655419
301652769,301655532
301652769,301655639
301653415,301652769
301653603,301652769
301653746,301652769
301653876,301652769
301654043,301652769
301654240,301652769
301654404,301652769
301654538,301652769
301654636,301652769
301654816,301652769
301655002,301652769
301655110,301652769
301655253,301652769
301655419,301652769
301655532,301652769
301655639,301652769
301655779,301656384
301655779,301656704
301655779,301656876
301655779,301657014
301655779,301657134
301655779,301657215
301655779,301657319
301655779,301657463
301655779,301657657
301655779,301657853
301655779,301658255
301655779,301658354
301655779,301658512
301655779,301658600
301655779,301658669
301655779,301658883
301655779,301659031
301656384,301655779
301656704,301655779
301656876,301655779
301657014,301655779
301657134,301655779
301657215,301655779
301657319,301655779
301657463,301655779
301657657,301655779
301657853,301655779
301658255,301655779
301658354,301655779
301658512,301655779
301658600,301655779
301658669,301655779
301658883,301655779
301659031,301655779
301659178,301659838
301659178,301659912
301659178,301659987
301659178,301660066
301659178,301660143
301659178,301660220
301659178,301660426
301659178,301660550
301659178,301660728
301659178,301660854
301659178,301660935
301659178,301661128
301659178,301661268
301659178,301661421
301659178,301661508
301659178,301661706
301659178,301661798
301659178,301661888
301659178,301661957
301659838,301659178
301659912,301659178
301659987,301659178
301660066,301659178
301660143,301659178
301660220,301659178
301660426,301659178
301660550,301659178
301660728,301659178
301660854,301659178
301660935,301659178
301661128,301659178
301661268,301659178
301661421,301659178
301661508,301659178
301661706,301659178
301661798,301659178
301661888,301659178
301661957,301659178
301662638,301662818
301662818,301662638
301663433,301663583
301663583,301663433
301663706,301663846
301663846,301663706
301664617,301664838
301664617,301664926
301664838,301664617
301664926,301664617
301665139,301665372
301665139,301665468
301665139,301665616
301665372,301665139
301665468,301665139
301665616,301665139
301665775,301666094
301665775,301666213
301665775,301666383
301665775,301666520
301666094,301665775
301666213,301665775
301666383,301665775
301666520,301665775
301666598,301666803
301666598,301666990
301666598,301667121
301666598,301667246
301666803,301666598
301666990,301666598
301667121,301666598
301667246,301666598
301667383,301667607
301667383,301667759
301667383,301667872
301667607,301667383
301667759,301667383
301667872,301667383
301668004,301668193
301668004,301668350
301668004,301668474
301668193,301668004
301668350,301668004
301668474,301668004
301668637,301668741
301668741,301668637
301668849,301669277
301668849,301669350
301668849,301669454
301668849,301669641
301668849,301669783
301668849,301669981
301668849,301670088
301668849,301670188
301668849,301670416
301668849,301670490
301668849,301670607
301668849,301670754
301668849,301670887
301669277,301668849
301669350,301668849
301669454,301668849
301669641,301668849
301669783,301668849
301669981,301668849
301670088,301668849
301670188,301668849
301670416,301668849
301670490,301668849
301670607,301668849
301670754,301668849
301670887,301668849
301671035,301671234
301671035,301671337
301671035,301671497
301671234,301671035
301671337,301671035
301671497,301671035
301671797,301671982
301671982,301671797
301672487,301672664
301672487,301672932
301672664,301672487
301672932,301672487
301673214,301673548
301673214,301673788
301673548,301673214
301673788,301673214
301674173,301674378
301674173,301674643
301674378,301674173
301674643,301674173
301675015,301675189
301675015,303181898
301675189,301675015
301675850,301676195
301675850,301676294
301675850,301676435
301675850,301676589
301675850,301676734
301676195,301675850
301676294,301675850
301676435,301675850
301676589,301675850
301676734,301675850
301676874,301677076
301676874,301677173
301677076,301676874
301677173,301676874
301678342,301678556
301678342,301678994
301678342,301679177
301678342,301679338
301678556,301678342
301678994,301678342
301679177,301678342
301679338,301678342
301679586,301679796
301679586,301680078
301679796,301679586
301680078,301679586
301680407,301680634
301680407,301680790
301680634,301680407
301680790,301680407
301680925,301681313
301680925,301681574
301680925,301681684
301680925,301681844
301680925,301681969
301680925,301682107
301681313,301680925
301681574,301680925
301681684,301680925
301681844,301680925
301681969,301680925
301682107,301680925
301682291,301682550
301682291,301682653
301682291,301682798
301682291,301682985
301682291,301683111
301682550,301682291
301682653,301682291
301682798,301682291
301682985,301682291
301683111,301682291
301683224,301683465
301683224,301683637
301683224,301683748
301683465,301683224
301683637,301683224
301683748,301683224
301684009,301684385
301684009,301684633
301684009,301684865
301684385,301684009
301684633,301684009
301684865,301684009
301684985,301685439
301684985,301685812
301684985,301685968
301684985,301686193
301684985,301686324
301684985,301686512
301684985,301686620
301684985,301686985
301684985,301687195
301685439,301684985
301685812,301684985
301685968,301684985
301686193,301684985
301686324,301684985
301686512,301684985
301686620,301684985
301686985,301684985
301687195,301684985
301687499,301688231
301687499,301688326
301687499,301688650
301687499,301688817
301687499,301689305
301687499,301689538
301687499,301689728
301687499,301689905
301687499,301690129
301687499,301690284
301687499,301690591
301687499,301690760
301687499,301690903
301687499,301691120
301688231,301687499
301688326,301687499
301688650,301687499
301688817,301687499
301689305,301687499
301689538,301687499
301689728,301687499
301689905,301687499
301690129,301687499
301690284,301687499
301690591,301687499
301690760,301687499
301690903,301687499
301691120,301687499
301691633,301691918
301691633,301692081
301691918,301691633
301692081,301691633
301692253,301692420
301692253,301692554
301692253,301692696
301692420,301692253
301692554,301692253
301692696,301692253
301693165,301693444
301693165,301693615
301693444,301693165
301693615,301693165
301693745,301693927
301693745,301694020
301693745,301694211
301693927,301693745
301694020,301693745
301694211,301693745
301694367,301694815
301694367,301694960
301694367,301695203
301694367,301695363
301694367,301695491
301694367,301695638
301694815,301694367
301694960,301694367
301695203,301694367
301695363,301694367
301695491,301694367
301695638,301694367
301695809,301696050
301695809,301696275
301696050,301695809
301696275,301695809
301696568,301696953
301696568,301697064
301696568,301697273
301696568,301697430
301696953,301696568
301697064,301696568
301697273,301696568
301697430,301696568
301697576,301697905
301697576,301698105
301697576,301698235
301697576,301698468
301697905,301697576
301698105,301697576
301698235,301697576
301698468,301697576
301698638,301699087
301698638,301699211
301698638,301699348
301698638,301699544
301698638,301699767
301698638,301700146
301699087,301698638
301699211,301698638
301699348,301698638
301699544,301698638
301699767,301698638
301700146,301698638
301700263,301700750
301700263,301701200
301700263,301701419
301700263,301701557
301700263,301701752
301700750,301700263
301701200,301700263
301701419,301700263
301701557,301700263
301701752,301700263
301701857,301702144
301701857,301702221
301701857,301702426
301701857,301702584
301701857,301702745
301701857,301702965
301702144,301701857
301702221,301701857
301702426,301701857
301702584,301701857
301702745,301701857
301702965,301701857
301703051,301703280
301703051,301703452
301703051,301703665
301703051,301703804
301703051,301703953
301703280,301703051
301703452,301703051
301703665,301703051
301703804,301703051
301703953,301703051
301704200,301704490
301704200,301704618
301704490,301704200
301704618,301704200
301704947,301705167
301704947,301705289
301704947,301705403
301704947,301705563
301705167,301704947
301705289,301704947
301705403,301704947
301705563,301704947
301705777,301706059
301706059,301705777
301706201,301706870
301706201,301707019
301706201,301707138
301706201,301707247
301706201,301707341
301706201,301707483
301706201,301707727
301706201,301707869
301706201,301708143
301706201,301708324
301706201,301708480
301706201,301708610
301706201,301708712
301706201,301708833
301706201,301708977
301706201,301709107
301706201,301709213
301706201,301709296
301706201,301709403
301706201,301709570
301706201,301709748
301706201,301709856
301706201,301709978
301706201,301710096
301706201,301710224
301706870,301706201
301707019,301706201
301707138,301706201
301707247,301706201
301707341,301706201
301707483,301706201
301707727,301706201
301707869,301706201
301708143,301706201
301708324,301706201
301708480,301706201
301708610,301706201
301708712,301706201
301708833,301706201
301708977,301706201
301709107,301706201
301709213,301706201
301709296,301706201
301709403,301706201
301709570,301706201
301709748,301706201
301709856,301706201
301709978,301706201
301710096,301706201
301710224,301706201
301710393,301710603
301710393,301710753
301710393,301710896
301710393,301710999
301710603,301710393
301710753,301710393
301710896,301710393
301710999,301710393
301711088,301711403
301711088,301711569
301711088,301711645
301711088,301711831
301711403,301711088
301711569,301711088
301711645,301711088
301711831,301711088
301712407,301712919
301712407,301713018
301712407,301713135
301712407,301713228
301712407,301713322
301712407,301713412
301712407,301713513
301712407,301713782
301712407,301714056
301712407,301714165
301712407,301714278
301712407,301714382
301712407,301714568
301712407,301714652
301712407,301714752
301712407,301714839
301712407,301714938
301712407,301715037
301712407,301715131
301712407,301715262
301712407,301715355
301712919,301712407
301713018,301712407
301713135,301712407
301713228,301712407
301713322,301712407
301713412,301712407
301713513,301712407
301713782,301712407
301714056,301712407
301714165,301712407
301714278,301712407
301714382,301712407
301714568,301712407
301714652,301712407
301714752,301712407
301714839,301712407
301714938,301712407
301715037,301712407
301715131,301712407
301715262,301712407
301715355,301712407
301715432,301715557
301715432,301715648
301715432,301715735
301715557,301715432
301715648,301715432
301715735,301715432
301716011,301716212
301716011,301716359
301716011,301716462
301716011,301716538
301716212,301716011
301716359,301716011
301716462,301716011
301716538,301716011
301716700,301717045
301716700,301717152
301716700,301717375
301716700,301717470
301717045,301716700
301717152,301716700
301717375,301716700
301717470,301716700
301717612,301718068
301717612,301718299
301717612,301718423
301717612,301718944
301717612,301719042
301717612,301719188
301717612,301719345
301717612,301719472
301717612,301719674
301717612,301719991
301717612,301720106
301718068,301717612
301718299,301717612
301718423,301717612
301718944,301717612
301719042,301717612
301719188,301717612
301719345,301717612
301719472,301717612
301719674,301717612
301719991,301717612
301720106,301717612
301720191,301720505
301720191,301720605
301720191,301720840
301720191,301721023
301720191,301721187
301720191,301721296
301720191,301721379
301720191,301721484
301720191,301721623
301720505,301720191
301720605,301720191
301720840,301720191
301721023,301720191
301721187,301720191
301721296,301720191
301721379,301720191
301721484,301720191
301721623,301720191
301721757,301721996
301721757,301722203
301721757,301722364
301721757,301722486
301721757,301722659
301721757,301722759
301721757,301722896
301721996,301721757
301722203,301721757
301722364,301721757
301722486,301721757
301722659,301721757
301722759,301721757
301722896,301721757
301723021,301723415
301723021,301723564
301723021,301723674
301723021,301723917
301723021,301724083
301723021,301724181
301723021,301724334
301723021,301724536
301723021,301724664
301723021,301724760
301723021,301724947
301723415,301723021
301723564,301723021
301723674,301723021
301723917,301723021
301724083,301723021
301724181,301723021
301724334,301723021
301724536,301723021
301724664,301723021
301724760,301723021
301724947,301723021
301725102,301725257
301725257,301725102
301725380,301725557
301725380,301725720
301725380,301725822
301725557,301725380
301725720,301725380
301725822,301725380
301725932,301726164
301725932,301726321
301725932,301726413
301726164,301725932
301726321,301725932
301726413,301725932
301726523,301726640
301726640,301726523
301726781,301726903
301726903,301726781
301726992,301727164
301726992,301727294
301726992,301727437
301727164,301726992
301727294,301726992
301727437,301726992
301727581,301727715
301727581,301727797
301727715,301727581
301727797,301727581
301728502,301728856
301728502,301728982
301728856,301728502
301728982,301728502
301729467,301729699
301729699,301729467
301729955,301730267
301729955,301730406
301729955,301730529
301730267,301729955
301730406,301729955
301730529,301729955
301730664,301731193
301730664,301731307
301730664,301731579
301730664,301731670
301730664,301731890
301730664,301731997
301731193,301730664
301731307,301730664
301731579,301730664
301731670,301730664
301731890,301730664
301731997,301730664
301732079,301732348
301732079,301732441
301732079,301732729
301732348,301732079
301732441,301732079
301732729,301732079
301732858,301732996
301732858,301733118
301732858,301733200
301732996,301732858
301733118,301732858
301733200,301732858
301733329,301733490
301733329,301733666
301733329,301733752
301733490,301733329
301733666,301733329
301733752,301733329
301733838,301733939
301733939,301733838
301734041,301734148
301734148,301734041
301734480,301734627
301734627,301734480
301734746,301734872
301734872,301734746
301735165,301735418
301735165,301735523
301735165,301735731
301735165,301735944
301735418,301735165
301735523,301735165
301735731,301735165
301735944,301735165
301736423,301736597
301736423,301736770
301736423,301736885
301736597,301736423
301736770,301736423
301736885,301736423
301737029,301737178
301737029,301737293
301737029,301737379
301737178,301737029
301737293,301737029
301737379,301737029
301737467,301737776
301737467,301737991
301737467,301738369
301737467,301738532
301737467,301738616
301737467,301738908
301737467,301739078
301737776,301737467
301737991,301737467
301738369,301737467
301738532,301737467
301738616,301737467
301738908,301737467
301739078,301737467
301739214,301739419
301739214,301739516
301739419,301739214
301739516,301739214
301739701,301740269
301739701,301740415
301739701,301740720
301739701,301740958
301739701,301741254
301739701,301741436
301739701,301741689
301739701,301741930
301739701,301742199
301739701,301742314
301739701,301742615
301739701,301742707
301739701,301742796
301739701,301742995
301739701,301743095
301740269,301739701
301740415,301739701
301740720,301739701
301740958,301739701
301741254,301739701
301741436,301739701
301741689,301739701
301741930,301739701
301742199,301739701
301742314,301739701
301742615,301739701
301742707,301739701
301742796,301739701
301742995,301739701
301743095,301739701
301743238,301743673
301743238,301743769
301743238,301743899
301743238,301744018
301743673,301743238
301743769,301743238
301743899,301743238
301744018,301743238
301744157,301744488
301744157,301744780
301744157,301744883
301744157,301745007
301744157,301745114
301744157,301745255
301744488,301744157
301744780,301744157
301744883,301744157
301745007,301744157
301745114,301744157
301745255,301744157
301745387,301745513
301745513,301745387
301745586,301745709
301745709,301745586
301745907,301746096
301745907,301746192
301745907,301746272
301746096,301745907
301746192,301745907
301746272,301745907
301746361,301746532
301746361,301746697
301746532,301746361
301746697,301746361
301746809,301747056
301746809,301747178
301746809,301747272
301747056,301746809
301747178,301746809
301747272,301746809
301747662,301748048
301747662,301748310
301747662,301748497
301747662,301748811
301747662,301749012
301748048,301747662
301748310,301747662
301748497,301747662
301748811,301747662
301749012,301747662
301749169,301749431
301749169,301749626
301749431,301749169
301749626,301749169
301749753,301750027
301749753,301750179
301750027,301749753
301750179,301749753
301750262,301750422
301750262,301750590
301750422,301750262
301750590,301750262
301750822,301751007
301751007,301750822
301751105,301751242
301751242,301751105
301751383,301751509
301751509,301751383
301751620,301751735
301751620,301751848
301751735,301751620
301751848,301751620
301751992,301752090
301752090,301751992
301752212,301752363
301752363,301752212
301752635,301752777
301752777,301752635
301752897,301753293
301752897,301753431
301752897,301753586
301752897,301753692
301752897,301753976
301752897,301754142
301753293,301752897
301753431,301752897
301753586,301752897
301753692,301752897
301753976,301752897
301754142,301752897
301754319,301754560
301754319,301754738
301754319,301754935
301754319,301755161
301754560,301754319
301754738,301754319
301754935,301754319
301755161,301754319
301755240,301755529
301755240,301755727
301755529,301755240
301755727,301755240
301756134,301756538
301756134,301757050
301756134,301757215
301756134,301757320
301756134,301757543
301756134,301757679
301756134,301757873
301756134,301757973
301756538,301756134
301757050,301756134
301757215,301756134
301757320,301756134
301757543,301756134
301757679,301756134
301757873,301756134
301757973,301756134
301758141,301758337
301758141,301758492
301758141,301758664
301758337,301758141
301758492,301758141
301758664,301758141
301758805,301759264
301758805,301759464
301758805,301759633
301758805,301759982
301758805,301760129
301758805,301760276
301758805,301760432
301759264,301758805
301759464,301758805
301759633,301758805
301759982,301758805
301760129,301758805
301760276,301758805
301760432,301758805
301760598,301760996
301760598,301761104
301760598,301761216
301760598,301761405
301760598,301761505
301760996,301760598
301761104,301760598
301761216,301760598
301761405,301760598
301761505,301760598
301761600,301762195
301761600,301762353
301761600,301762536
301761600,301762666
301761600,301762897
301761600,301763026
301761600,301763127
301761600,301763374
301761600,301763495
301761600,301763647
301761600,301763759
301761600,301763903
301761600,301763987
301761600,301764122
301761600,301764234
301762195,301761600
301762353,301761600
301762536,301761600
301762666,301761600
301762897,301761600
301763026,301761600
301763127,301761600
301763374,301761600
301763495,301761600
301763647,301761600
301763759,301761600
301763903,301761600
301763987,301761600
301764122,301761600
301764234,301761600
301764462,301764848
301764462,301764957
301764462,301765057
301764462,301765218
301764462,301765405
301764462,301765514
301764848,301764462
301764957,301764462
301765057,301764462
301765218,301764462
301765405,301764462
301765514,301764462
301765664,301765951
301765664,301766084
301765951,301765664
301766084,301765664
301766221,301766348
301766221,301766640
301766348,301766221
301766640,301766221
301766720,301767172
301766720,301767333
301766720,301767727
301766720,301767817
301767172,301766720
301767333,301766720
301767727,301766720
301767817,301766720
301767936,301768476
301767936,301768602
301767936,301769068
301767936,301769250
301767936,301769392
301767936,301769521
301767936,301769793
301767936,301769918
301767936,301770093
301767936,301770225
301767936,301770350
301767936,301770506
301768476,301767936
301768602,301767936
301769068,301767936
301769250,301767936
301769392,301767936
301769521,301767936
301769793,301767936
301769918,301767936
301770093,301767936
301770225,301767936
301770350,301767936
301770506,301767936
301770894,301771102
301771102,301770894
301771246,301771404
301771246,301771563
301771404,301771246
301771563,301771246
301771674,301771839
301771839,301771674
301771988,301772188
301772188,301771988
301772444,301772605
301772444,301772800
301772605,301772444
301772800,301772444
301772982,301773160
301773160,301772982
301773499,301773688
301773499,301773922
301773499,301774055
301773688,301773499
301773922,301773499
301774055,301773499
301774184,301774378
301774184,301774570
301774184,301774717
301774378,301774184
301774570,301774184
301774717,301774184
301774895,301775061
301775061,301774895
301775152,301775472
301775472,301775152
301775907,301775996
301775996,301775907
301776126,301776496
301776126,301776664
301776126,301776856
301776126,301777058
301776126,301777208
301776126,301777445
301776126,301777550
301776126,301777811
301776496,301776126
301776664,301776126
301776856,301776126
301777058,301776126
301777208,301776126
301777445,301776126
301777550,301776126
301777811,301776126
301777956,301778239
301777956,301778446
301777956,301778863
301777956,301779098
301777956,301779272
301778239,301777956
301778446,301777956
301778863,301777956
301779098,301777956
301779272,301777956
301779390,301779521
301779521,301779390
301779643,301780140
301779643,301780289
301779643,301780400
301779643,301780566
301779643,301780780
301779643,301781038
301779643,301781287
301779643,301781497
301779643,301781696
301780140,301779643
301780289,301779643
301780400,301779643
301780566,301779643
301780780,301779643
301781038,301779643
301781287,301779643
301781497,301779643
301781696,301779643
301781895,301782074
301782074,301781895
301782173,301782507
301782173,301782722
301782173,301782921
301782173,301783056
301782507,301782173
301782722,301782173
301782921,301782173
301783056,301782173
301783233,301783454
301783233,301783711
301783454,301783233
301783711,301783233
301783983,301784190
301784190,301783983
301784383,301784656
301784383,301784863
301784656,301784383
301784863,301784383
301784960,301785265
301784960,301785445
301785265,301784960
301785445,301784960
301785585,301785771
301785771,301785585
301786016,301786442
301786016,301786542
301786016,301786727
301786016,301786834
301786016,301786970
301786016,301787071
301786016,301787220
301786016,301787385
301786016,301787551
301786016,301787631
301786016,301787771
301786442,301786016
301786542,301786016
301786727,301786016
301786834,301786016
301786970,301786016
301787071,301786016
301787220,301786016
301787385,301786016
301787551,301786016
301787631,301786016
301787771,301786016
301787891,301788119
301787891,301788225
301787891,301788331
301787891,301788512
301787891,301788633
301787891,301788774
301788119,301787891
301788225,301787891
301788331,301787891
301788512,301787891
301788633,301787891
301788774,301787891
301789064,301789196
301789196,301789064
301789325,301789563
301789325,301789718
301789325,301789877
301789325,301790013
301789325,301790173
301789563,301789325
301789718,301789325
301789877,301789325
301790013,301789325
301790173,301789325
301790563,301790923
301790563,301791286
301790563,301791544
301790563,301791780
301790563,301791910
301790563,301792144
301790923,301790563
301791286,301790563
301791544,301790563
301791780,301790563
301791910,301790563
301792144,301790563
301792338,301792713
301792338,301792966
301792338,301793110
301792338,301793307
301792338,301793446
301792713,301792338
301792966,301792338
301793110,301792338
301793307,301792338
301793446,301792338
301793848,301794151
301793848,301794252
301793848,301794470
301793848,301794796
301794151,301793848
301794252,301793848
301794470,301793848
301794796,301793848
301794889,301795087
301795087,301794889
301795510,301795786
301795510,301795874
301795510,301796062
301795510,301796218
301795786,301795510
301795874,301795510
301796062,301795510
301796218,301795510
301796372,301796572
301796372,301796738
301796372,301796939
301796372,301797060
301796572,301796372
301796738,301796372
301796939,301796372
301797060,301796372
301797167,301797283
301797167,301797415
301797283,301797167
301797415,301797167
301797516,301797677
301797516,301798119
301797677,301797516
301798119,301797516
301798242,301798362
301798362,301798242
301798469,301799345
301798469,301799474
301798469,301799567
301798469,301799667
301798469,301799744
301798469,301799884
301798469,301800076
301798469,301800178
301798469,301800277
301798469,301800384
301798469,301800600
301798469,301800704
301798469,301800800
301798469,301800876
301798469,301800995
301798469,301801137
301798469,301801275
301798469,301801426
301798469,301801549
301798469,301801711
301798469,301801791
301798469,301801913
301798469,301802166
301798469,301802305
301798469,301802386
301798469,301802502
301798469,301802582
301798469,301802691
301798469,301802780
301798469,301802942
301798469,301803048
301798469,301803242
301798469,301803373
301798469,301803471
301798469,301803573
301798469,301803692
301798469,301803784
301798469,301803869
301798469,301803945
301798469,301804026
301798469,301804105
301798469,301804184
301798469,301804264
301799345,301798469
301799474,301798469
301799567,301798469
301799667,301798469
301799744,301798469
301799884,301798469
301800076,301798469
301800178,301798469
301800277,301798469
301800384,301798469
301800600,301798469
301800704,301798469
301800800,301798469
301800876,301798469
301800995,301798469
301801137,301798469
301801275,301798469
301801426,301798469
301801549,301798469
301801711,301798469
301801791,301798469
301801913,301798469
301802166,301798469
301802305,301798469
301802386,301798469
301802502,301798469
301802582,301798469
301802691,301798469
301802780,301798469
301802942,301798469
301803048,301798469
301803242,301798469
301803373,301798469
301803471,301798469
301803573,301798469
301803692,301798469
301803784,301798469
301803869,301798469
301803945,301798469
301804026,301798469
301804105,301798469
301804184,301798469
301804264,301798469
301804346,301804822
301804346,301805008
301804346,301805256
301804346,301805408
301804346,301805541
301804346,301805689
301804346,301805840
301804346,301805992
301804346,301806109
301804346,301806247
301804346,301806423
301804346,301806563
301804822,301804346
301805008,301804346
301805256,301804346
301805408,301804346
301805541,301804346
301805689,301804346
301805840,301804346
301805992,301804346
301806109,301804346
301806247,301804346
301806423,301804346
301806563,301804346
301806778,301807209
301806778,301807433
301806778,301807645
301806778,301807795
301806778,301807902
301806778,301808052
301806778,301808241
301806778,301808375
301806778,301808551
301806778,301808759
301806778,301808907
301806778,301809055
301806778,301809191
301806778,301809299
301806778,301809432
301807209,301806778
301807433,301806778
301807645,301806778
301807795,301806778
301807902,301806778
301808052,301806778
301808241,301806778
301808375,301806778
301808551,301806778
301808759,301806778
301808907,301806778
301809055,301806778
301809191,301806778
301809299,301806778
301809432,301806778
301809603,301809849
301809603,301809983
301809603,301810088
301809603,301810225
301809849,301809603
301809983,301809603
301810088,301809603
301810225,301809603
301810317,301810635
301810317,301810844
301810317,301810957
301810317,301811170
301810635,301810317
301810844,301810317
301810957,301810317
301811170,301810317
301811509,301811771
301811771,301811509
301811931,301812159
301811931,301812270
301812159,301811931
301812270,301811931
301812446,301812694
301812446,301812874
301812446,301813084
301812694,301812446
301812874,301812446
301813084,301812446
301813264,301813733
301813264,301813842
301813264,301813998
301813264,301814296
301813264,301814415
301813264,301814569
301813733,301813264
301813842,301813264
301813998,301813264
301814296,301813264
301814415,301813264
301814569,301813264
301814697,301815323
301814697,301815989
301814697,301816177
301814697,301816493
301814697,301816759
301814697,301816968
301814697,301817227
301814697,301817368
301814697,301817615
301814697,301817921
301814697,301818099
301814697,301818258
301814697,301818351
301814697,303186176
301815323,301814697
301815989,301814697
301816177,301814697
301816493,301814697
301816759,301814697
301816968,301814697
301817227,301814697
301817368,301814697
301817615,301814697
301817921,301814697
301818099,301814697
301818258,301814697
301818351,301814697
301818466,301818664
301818466,301818799
301818466,301818928
301818466,301819040
301818466,301819111
301818664,301818466
301818799,301818466
301818928,301818466
301819040,301818466
301819111,301818466
301819199,301819416
301819199,301819793
301819199,301819987
301819199,301820302
301819199,301820385
301819416,301819199
301819793,301819199
301819987,301819199
301820302,301819199
301820385,301819199
301820582,301820949
301820582,301821143
301820582,301821308
301820582,301821483
301820582,301821571
301820582,301821673
301820582,301821757
301820582,301821888
301820582,301822015
301820949,301820582
301821143,301820582
301821308,301820582
301821483,301820582
301821571,301820582
301821673,301820582
301821757,301820582
301821888,301820582
301822015,301820582
301822166,301822383
301822166,301822610
301822166,301822906
301822383,301822166
301822610,301822166
301822906,301822166
301823020,301823376
301823020,301823554
301823020,301823713
301823020,301823818
301823020,301823901
301823020,301823978
301823020,301824085
301823020,301824233
301823020,301824363
301823020,301824537
301823020,301824642
301823020,301824717
301823020,301824795
301823376,301823020
301823554,301823020
301823713,301823020
301823818,301823020
301823901,301823020
301823978,301823020
301824085,301823020
301824233,301823020
301824363,301823020
301824537,301823020
301824642,301823020
301824717,301823020
301824795,301823020
301824869,301825048
301825048,301824869
301825362,301825620
301825362,301826013
301825620,301825362
301826013,301825362
301826229,301826482
301826229,301826584
301826229,301826690
301826482,301826229
301826584,301826229
301826690,301826229
301826801,301827170
301826801,301827357
301827170,301826801
301827357,301826801
301827522,301827689
301827689,301827522
301827822,301828149
301827822,301828367
301827822,301828468
301828149,301827822
301828367,301827822
301828468,301827822
301828567,301828657
301828657,301828567
301828747,301828982
301828982,301828747
301829280,301829637
301829280,301829747
301829280,301829877
301829280,301830102
301829280,301830273
301829637,301829280
301829747,301829280
301829877,301829280
301830102,301829280
301830273,301829280
301830535,301830752
301830535,301830898
301830752,301830535
301830898,301830535
301831239,301831647
301831239,301831816
301831647,301831239
301831816,301831239
301831973,301832419
301831973,301832559
301832419,301831973
301832559,301831973
301832731,301832891
301832731,301833032
301832891,301832731
301833032,301832731
301833129,301833331
301833129,301833431
301833331,301833129
301833431,301833129
301833560,301833715
301833715,301833560
301834220,301834423
301834423,301834220
301834600,301834817
301834817,301834600
301835005,301835447
301835005,301835677
301835005,301835910
301835005,301836168
301835005,301836320
301835005,301836672
301835005,303184973
301835447,301835005
301835677,301835005
301835910,301835005
301836168,301835005
301836320,301835005
301836672,301835005
301836831,301837232
301836831,301837331
301836831,301837743
301836831,301837876
301836831,303180914
301837232,301836831
301837331,301836831
301837743,301836831
301837876,301836831
301838039,301838358
301838039,301838448
301838358,301838039
301838448,301838039
301838546,301838894
301838546,301839108
301838546,301839338
301838894,301838546
301839108,301838546
301839338,301838546
301839718,301840233
301839718,301840374
301839718,301840524
301839718,301840622
301839718,301840876
301839718,301841027
301839718,301841209
301839718,301841324
301839718,301841495
301840233,301839718
301840374,301839718
301840524,301839718
301840622,301839718
301840876,301839718
301841027,301839718
301841209,301839718
301841324,301839718
301841495,301839718
301841598,301841829
301841598,301842010
301841598,301842194
301841598,301842306
301841829,301841598
301842010,301841598
301842194,301841598
301842306,301841598
301842455,301842770
301842455,301842900
301842455,301843051
301842455,301843213
301842455,301843318
301842455,301843433
301842770,301842455
301842900,301842455
301843051,301842455
301843213,301842455
301843318,301842455
301843433,301842455
301843716,301843899
301843899,301843716
301844198,301844467
301844198,301844663
301844198,301844767
301844467,301844198
301844663,301844198
301844767,301844198
301845010,301845267
301845267,301845010
301845537,301845743
301845537,301845853
301845537,301846006
301845537,301846172
301845537,301846309
301845537,301846405
301845537,301846555
301845743,301845537
301845853,301845537
301846006,301845537
301846172,301845537
301846309,301845537
301846405,301845537
301846555,301845537
301846668,301846771
301846668,301846871
301846771,301846668
301846871,301846668
301847009,301847156
301847156,301847009
301847290,301847465
301847290,301847605
301847465,301847290
301847605,301847290
301847855,301848003
301848003,301847855
301848371,301848879
301848371,301849090
301848371,301849343
301848371,301849476
301848371,301849730
301848371,301849910
301848371,301850091
301848371,301850183
301848879,301848371
301849090,301848371
301849343,301848371
301849476,301848371
301849730,301848371
301849910,301848371
301850091,301848371
301850183,301848371
301850416,301850832
301850416,301851091
301850416,301851248
301850416,301851553
301850416,301851671
301850832,301850416
301851091,301850416
301851248,301850416
301851553,301850416
301851671,301850416
301851809,301852234
301851809,301852336
301851809,301852462
301851809,301852612
301851809,301852855
301851809,301852999
301851809,301853182
301851809,301853400
301851809,301853581
301852234,301851809
301852336,301851809
301852462,301851809
301852612,301851809
301852855,301851809
301852999,301851809
301853182,301851809
301853400,301851809
301853581,301851809
301853681,301853927
301853927,301853681
301854093,301854385
301854385,301854093
301854634,301854941
301854634,301855148
301854634,301855322
301854634,301855447
301854634,301855563
301854634,301855658
301854941,301854634
301855148,301854634
301855322,301854634
301855447,301854634
301855563,301854634
301855658,301854634
301855812,301855967
301855812,301856102
301855967,301855812
301856102,301855812
301856269,301856466
301856269,301856572
301856269,301856755
301856269,301856930
301856466,301856269
301856572,301856269
301856755,301856269
301856930,301856269
301857050,301857250
301857250,301857050
301857388,301857501
301857501,301857388
301857676,301858042
301857676,301858202
301857676,301858298
301857676,301858437
301857676,301858537
301857676,301858737
301857676,301858881
301857676,301859020
301857676,301859136
301857676,301859280
301858042,301857676
301858202,301857676
301858298,301857676
301858437,301857676
301858537,301857676
301858737,301857676
301858881,301857676
301859020,301857676
301859136,301857676
301859280,301857676
301859446,301859738
301859446,301860208
301859738,301859446
301860208,301859446
301860700,301861101
301860700,301861313
301860700,301861392
301860700,301861533
301860700,301861640
301860700,301861806
301861101,301860700
301861313,301860700
301861392,301860700
301861533,301860700
301861640,301860700
301861806,301860700
301861963,301862154
301861963,301862346
301861963,301862461
301862154,301861963
301862346,301861963
301862461,301861963
301862645,301862901
301862645,301862991
301862901,301862645
301862991,301862645
301863260,301863460
301863460,301863260
301863578,301864030
301863578,301864134
301863578,301864250
301863578,301864579
301863578,301864805
301863578,301865101
301863578,301865221
301863578,301865477
301863578,301865690
301864030,301863578
301864134,301863578
301864250,301863578
301864579,301863578
301864805,301863578
301865101,301863578
301865221,301863578
301865477,301863578
301865690,301863578
301865883,301866155
301865883,301866276
301865883,301866467
301866155,301865883
301866276,301865883
301866467,301865883
301866534,301866908
301866534,301867028
301866534,301867174
301866534,301867286
301866534,301867401
301866534,301867590
301866908,301866534
301867028,301866534
301867174,301866534
301867286,301866534
301867401,301866534
301867590,301866534
301867823,301868296
301867823,301868491
301867823,301868782
301867823,301868875
301867823,301869031
301867823,301869264
301867823,301869415
301867823,301869533
301867823,301869677
301867823,301869775
301867823,301869950
301868296,301867823
301868491,301867823
301868782,301867823
301868875,301867823
301869031,301867823
301869264,301867823
301869415,301867823
301869533,301867823
301869677,301867823
301869775,301867823
301869950,301867823
301870093,301870395
301870093,301870585
301870093,301870792
301870093,301871060
301870093,301871176
301870395,301870093
301870585,301870093
301870792,301870093
301871060,301870093
301871176,301870093
301871303,301871788
301871303,301871905
301871303,301872121
301871303,301872334
301871788,301871303
301871905,301871303
301872121,301871303
301872334,301871303
301872472,301873118
301872472,301873433
301872472,301873746
301872472,301873844
301872472,301873949
301872472,301874179
301872472,301874348
301872472,301874586
301872472,301874707
301872472,301874844
301872472,301874959
301872472,301875144
301872472,301875269
301872472,301875474
301873118,301872472
301873433,301872472
301873746,301872472
301873844,301872472
301873949,301872472
301874179,301872472
301874348,301872472
301874586,301872472
301874707,301872472
301874844,301872472
301874959,301872472
301875144,301872472
301875269,301872472
301875474,301872472
301875584,301876027
301875584,301876155
301875584,301876289
301875584,301876434
301875584,301876540
301875584,301876685
301876027,301875584
301876155,301875584
301876289,301875584
301876434,301875584
301876540,301875584
301876685,301875584
301876785,301877096
301876785,301877290
301876785,301877465
301876785,301877645
301876785,301877841
301877096,301876785
301877290,301876785
301877465,301876785
301877645,301876785
301877841,301876785
301878079,301878369
301878369,301878079
301878522,301878678
301878678,301878522
301878870,301879065
301878870,301879442
301879065,301878870
301879442,301878870
301879596,301880039
301879596,301880206
301879596,301880366
301879596,301880528
301879596,301880642
301879596,301880735
301879596,301880828
301880039,301879596
301880206,301879596
301880366,301879596
301880528,301879596
301880642,301879596
301880735,301879596
301880828,301879596
301880934,301881211
301880934,301881451
301880934,301881588
301881211,301880934
301881451,301880934
301881588,301880934
301881901,301882203
301881901,303180262
301881901,303182648
301882203,301881901
301882431,301882620
301882620,301882431
301882737,301882905
301882737,301883013
301882905,301882737
301883013,301882737
301883160,301883562
301883160,301883694
301883562,301883160
301883694,301883160
301883806,301884023
301883806,301884364
301884023,301883806
301884364,301883806
301884710,301885025
301885025,301884710
301885278,301885629
301885278,301885774
301885278,301885898
301885278,301885990
301885278,301886199
301885629,301885278
301885774,301885278
301885898,301885278
301885990,301885278
301886199,301885278
301886374,301886690
301886374,301886799
301886374,301886911
301886374,301887044
301886690,301886374
301886799,301886374
301886911,301886374
301887044,301886374
301887170,301887588
301887170,301887720
301887588,301887170
301887720,301887170
301887831,301888410
301887831,301888757
301887831,301888987
301887831,301889273
301887831,301889443
301887831,301889784
301887831,301889994
301888410,301887831
301888757,301887831
301888987,301887831
301889273,301887831
301889443,301887831
301889784,301887831
301889994,301887831
301890086,301890237
301890237,301890086
301890355,301890455
301890455,301890355
301890532,301890787
301890532,301891081
301890532,301891196
301890532,301891306
301890787,301890532
301891081,301890532
301891196,301890532
301891306,301890532
301891483,301891708
301891483,301891825
301891483,301891942
301891483,301892047
301891708,301891483
301891825,301891483
301891942,301891483
301892047,301891483
301892143,301892318
301892318,301892143
301892601,301892753
301892753,301892601
301892992,301893396
301892992,301893741
301892992,301893944
301892992,301894147
301892992,301894422
301892992,301894605
301892992,301894697
301893396,301892992
301893741,301892992
301893944,301892992
301894147,301892992
301894422,301892992
301894605,301892992
301894697,301892992
301895065,301895489
301895065,301895936
301895065,301896066
301895489,301895065
301895936,301895065
301896066,301895065
301896284,301896750
301896284,301896880
301896284,301897062
301896284,301897209
301896284,301897342
301896284,301897694
301896284,301897814
301896284,301897913
301896750,301896284
301896880,301896284
301897062,301896284
301897209,301896284
301897342,301896284
301897694,301896284
301897814,301896284
301897913,301896284
301898174,301898307
301898174,301898401
301898307,301898174
301898401,301898174
301898486,301898764
301898486,301898941
301898764,301898486
301898941,301898486
301899127,301899332
301899332,301899127
301899518,301899863
301899518,301899970
301899518,301900120
301899518,301900202
301899518,301900345
301899518,301900454
301899518,301900579
301899518,301900727
301899518,301900829
301899863,301899518
301899970,301899518
301900120,301899518
301900202,301899518
301900345,301899518
301900454,301899518
301900579,301899518
301900727,301899518
301900829,301899518
301900995,301901208
301900995,301901371
301900995,301901552
301901208,301900995
301901371,301900995
301901552,301900995
301901665,301902227
301901665,301902411
301901665,301902609
301901665,301902856
301901665,301903022
301901665,301903126
301901665,301903337
301901665,301903513
301901665,301903656
301902227,301901665
301902411,301901665
301902609,301901665
301902856,301901665
301903022,301901665
301903126,301901665
301903337,301901665
301903513,301901665
301903656,301901665
301903828,301904359
301903828,301904637
301903828,301904727
301903828,301904922
301903828,301905297
301903828,301905590
301903828,301905711
301903828,301906376
301903828,301906930
301903828,301907036
301903828,301907109
301903828,301907286
301903828,301907433
301904359,301903828
301904637,301903828
301904727,301903828
301904922,301903828
301905297,301903828
301905590,301903828
301905711,301903828
301906376,301903828
301906930,301903828
301907036,301903828
301907109,301903828
301907286,301903828
301907433,301903828
301907556,301907963
301907556,301908170
301907963,301907556
301908170,301907556
301908384,301908637
301908384,301908775
301908384,301908894
301908384,301909022
301908637,301908384
301908775,301908384
301908894,301908384
301909022,301908384
301909114,301909274
301909114,301909368
301909274,301909114
301909368,301909114
301909456,301909797
301909456,301909994
301909456,301910328
301909456,301910415
301909797,301909456
301909994,301909456
301910328,301909456
301910415,301909456
301910535,301910744
301910535,301910997
301910535,301911094
301910744,301910535
301910997,301910535
301911094,301910535
301911176,301911626
301911176,301911807
301911176,301911925
301911176,301912079
301911176,301912308
301911626,301911176
301911807,301911176
301911925,301911176
301912079,301911176
301912308,301911176
301912488,301912649
301912488,301912752
301912649,301912488
301912752,301912488
301912830,301913209
301912830,301913441
301912830,301913693
301912830,301913886
301913209,301912830
301913441,301912830
301913693,301912830
301913886,301912830
301914079,301914498
301914079,301914726
301914079,301914944
301914498,301914079
301914726,301914079
301914944,301914079
301915106,301915432
301915106,301915573
301915432,301915106
301915573,301915106
301915717,301915884
301915717,301915988
301915717,301916298
301915717,301916451
301915884,301915717
301915988,301915717
301916298,301915717
301916451,301915717
301916579,301916805
301916805,301916579
301916973,301917115
301917115,301916973
301917270,301917505
301917270,301917668
301917270,301917849
301917270,301918029
301917505,301917270
301917668,301917270
301917849,301917270
301918029,301917270
301918487,301918683
301918487,301918835
301918683,301918487
301918835,301918487
301919026,301919241
301919026,301919355
301919026,301919466
301919026,301919568
301919241,301919026
301919355,301919026
301919466,301919026
301919568,301919026
301919715,301920011
301919715,301920106
301920011,301919715
301920106,301919715
301920248,301920423
301920423,301920248
301920524,301921062
301920524,301921209
301920524,301921353
301920524,301921706
301920524,301921864
301920524,301921992
301920524,301922182
301920524,301922305
301920524,301922489
301920524,301922554
301920524,301922668
301920524,301922784
301920524,301922954
301921062,301920524
301921209,301920524
301921353,301920524
301921706,301920524
301921864,301920524
301921992,301920524
301922182,301920524
301922305,301920524
301922489,301920524
301922554,301920524
301922668,301920524
301922784,301920524
301922954,301920524
301923116,301923418
301923116,301923616
301923116,301923718
301923116,301923832
301923116,301923966
301923116,301924154
301923116,301924502
301923418,301923116
301923616,301923116
301923718,301923116
301923832,301923116
301923966,301923116
301924154,301923116
301924502,301923116
301924572,301924709
301924709,301924572
301924971,301925195
301924971,301925330
301924971,301925440
301925195,301924971
301925330,301924971
301925440,301924971
301925569,301925733
301925569,301925900
301925733,301925569
301925900,301925569
301926134,301926377
301926377,301926134
301926496,301926670
301926670,301926496
301926764,301927032
301926764,301927226
301926764,301927361
301926764,301927568
301927032,301926764
301927226,301926764
301927361,301926764
301927568,301926764
301927698,301927943
301927698,301928174
301927943,301927698
301928174,301927698
301928285,301928498
301928285,301928599
301928285,301928727
301928498,301928285
301928599,301928285
301928727,301928285
301928800,301929016
301928800,301929193
301928800,301929335
301928800,301929492
301929016,301928800
301929193,301928800
301929335,301928800
301929492,301928800
301929606,301929852
301929852,301929606
301930015,301930438
301930015,301930567
301930015,301930671
301930015,301930830
301930015,301930934
301930015,301931076
301930015,301931227
301930438,301930015
301930567,301930015
301930671,301930015
301930830,301930015
301930934,301930015
301931076,301930015
301931227,301930015
301931314,301931640
301931314,301931778
301931314,301931869
301931314,301932064
301931314,301932456
301931314,301932682
301931314,301933022
301931314,301933107
301931640,301931314
301931778,301931314
301931869,301931314
301932064,301931314
301932456,301931314
301932682,301931314
301933022,301931314
301933107,301931314
301933294,301933574
301933294,301933651
301933294,301933770
301933294,301933881
301933294,301933983
301933574,301933294
301933651,301933294
301933770,301933294
301933881,301933294
301933983,301933294
301934094,301934374
301934094,301934521
301934094,301934769
301934374,301934094
301934521,301934094
301934769,301934094
301934886,301935322
301934886,301935652
301934886,301935789
301934886,301935966
301934886,301936126
301934886,301936290
301934886,301936421
301934886,301936594
301934886,301936707
301934886,301936823
301934886,301936989
301934886,301937090
301935322,301934886
301935652,301934886
301935789,301934886
301935966,301934886
301936126,301934886
301936290,301934886
301936421,301934886
301936594,301934886
301936707,301934886
301936823,301934886
301936989,301934886
301937090,301934886
301937186,301937369
301937369,301937186
301937722,301938095
301937722,301938263
301938095,301937722
301938263,301937722
301938368,301938717
301938368,301939145
301938717,301938368
301939145,301938368
301939313,301939582
301939313,301939800
301939313,301939997
301939582,301939313
301939800,301939313
301939997,301939313
301940155,301940239
301940239,301940155
301940369,301940723
301940369,301940994
301940369,301941104
301940369,301941244
301940723,301940369
301940994,301940369
301941104,301940369
301941244,301940369
301941411,301941707
301941411,301941856
301941411,301941974
301941411,301942114
301941707,301941411
301941856,301941411
301941974,301941411
301942114,301941411
301942707,301942957
301942707,301943072
301942707,301943167
301942707,301943336
301942957,301942707
301943072,301942707
301943167,301942707
301943336,301942707
301943661,301943979
301943661,301944115
301943661,301944255
301943661,301944365
301943661,301944509
301943979,301943661
301944115,301943661
301944255,301943661
301944365,301943661
301944509,301943661
301944653,301944855
301944653,301945057
301944653,301945297
301944653,301945470
301944855,301944653
301945057,301944653
301945297,301944653
301945470,301944653
301945565,301946087
301945565,301946256
301945565,301946578
301945565,301946737
301945565,301946885
301945565,301947004
301946087,301945565
301946256,301945565
301946578,301945565
301946737,301945565
301946885,301945565
301947004,301945565
301947312,301947559
301947312,301947724
301947312,301947993
301947559,301947312
301947724,301947312
301947993,301947312
301948064,301948648
301948064,301948859
301948064,301949156
301948064,301949365
301948064,301949577
301948648,301948064
301948859,301948064
301949156,301948064
301949365,301948064
301949577,301948064
301949846,301950431
301949846,301950593
301949846,301950873
301949846,301951036
301949846,301951227
301949846,301951476
301949846,301951820
301949846,301952097
301949846,301952317
301949846,301952507
301949846,301952710
301949846,301953079
301950431,301949846
301950593,301949846
301950873,301949846
301951036,301949846
301951227,301949846
301951476,301949846
301951820,301949846
301952097,301949846
301952317,301949846
301952507,301949846
301952710,301949846
301953079,301949846
301953300,301953634
301953300,301953820
301953634,301953300
301953820,301953300
301953971,301954287
301953971,301954538
301953971,301954714
301954287,301953971
301954538,301953971
301954714,301953971
301955296,301955784
301955296,301955963
301955296,301956338
301955296,301956586
301955296,301956695
301955296,301956916
301955296,301957129
301955784,301955296
301955963,301955296
301956338,301955296
301956586,301955296
301956695,301955296
301956916,301955296
301957129,301955296
301957314,301957594
301957314,301957823
301957314,301958048
301957314,301958204
301957314,301958383
301957594,301957314
301957823,301957314
301958048,301957314
301958204,301957314
301958383,301957314
301958723,301959063
301958723,301959405
301958723,301959809
301959063,301958723
301959405,301958723
301959809,301958723
301959977,301960239
301959977,301960345
301959977,301960475
301959977,301960686
301960239,301959977
301960345,301959977
301960475,301959977
301960686,301959977
301960886,301961348
301960886,301961503
301960886,301961603
301960886,301961775
301960886,301961931
301960886,301962100
301961348,301960886
301961503,301960886
301961603,301960886
301961775,301960886
301961931,301960886
301962100,301960886
301962247,301962357
301962247,301962463
301962357,301962247
301962463,301962247
301962602,301963095
301962602,301963368
301962602,301963501
301962602,301963631
301962602,301963789
301962602,301963930
301962602,301964114
301962602,301964262
301962602,301964389
301962602,301964499
301962602,301964600
301963095,301962602
301963368,301962602
301963501,301962602
301963631,301962602
301963789,301962602
301963930,301962602
301964114,301962602
301964262,301962602
301964389,301962602
301964499,301962602
301964600,301962602
301964690,301965152
301964690,301965281
301964690,301965400
301964690,301965739
301964690,301966255
301964690,301966401
301964690,301966552
301964690,301966656
301964690,301966741
301964690,301966916
301964690,301967000
301964690,301967103
301965152,301964690
301965281,301964690
301965400,301964690
301965739,301964690
301966255,301964690
301966401,301964690
301966552,301964690
301966656,301964690
301966741,301964690
301966916,301964690
301967000,301964690
301967103,301964690
301967228,301967487
301967228,301967697
301967228,301967845
301967487,301967228
301967697,301967228
301967845,301967228
301967949,301968187
301967949,301968451
301967949,301968811
301968187,301967949
301968451,301967949
301968811,301967949
301969286,301969656
301969286,301969779
301969286,301969914
301969286,301970126
301969286,301970225
301969286,301970348
301969656,301969286
301969779,301969286
301969914,301969286
301970126,301969286
301970225,301969286
301970348,301969286
301970489,301970651
301970651,301970489
301970980,301971202
301970980,301971378
301970980,301971504
301971202,301970980
301971378,301970980
301971504,301970980
301971768,301971937
301971768,301972078
301971937,301971768
301972078,301971768
301972231,301972383
301972231,301972563
301972383,301972231
301972563,301972231
301972663,301972876
301972663,301972999
301972876,301972663
301972999,301972663
301973141,301973399
301973141,301973542
301973141,301973629
301973399,301973141
301973542,301973141
301973629,301973141
301973714,301973950
301973714,301974203
301973950,301973714
301974203,301973714
301974350,301974468
301974468,301974350
301974985,301975402
301974985,301975498
301974985,301975609
301974985,301975767
301974985,301975898
301974985,301976001
301974985,301976123
301974985,301976248
301975402,301974985
301975498,301974985
301975609,301974985
301975767,301974985
301975898,301974985
301976001,301974985
301976123,301974985
301976248,301974985
301976347,301976739
301976347,301976896
301976347,301977117
301976347,301977392
301976347,301977512
301976739,301976347
301976896,301976347
301977117,301976347
301977392,301976347
301977512,301976347
301979238,301979417
301979417,301979238
301980096,301980361
301980361,301980096
301981117,301981259
301981117,301981417
301981259,301981117
301981417,301981117
301981605,301981818
301981605,301981985
301981605,301982181
301981818,301981605
301981985,301981605
301982181,301981605
301982457,301982727
301982727,301982457
301982840,301983029
301983029,301982840
301983228,301983791
301983228,301983905
301983228,301984021
301983228,301984153
301983228,301984340
301983228,301984491
301983228,301984709
301983228,301984799
301983228,301984944
301983228,301985026
301983228,301985138
301983228,301985336
301983228,301985465
301983228,301985594
301983228,301985695
301983228,301985869
301983228,301986002
301983228,301986124
301983228,301986310
301983791,301983228
301983905,301983228
301984021,301983228
301984153,301983228
301984340,301983228
301984491,301983228
301984709,301983228
301984799,301983228
301984944,301983228
301985026,301983228
301985138,301983228
301985336,301983228
301985465,301983228
301985594,301983228
301985695,301983228
301985869,301983228
301986002,301983228
301986124,301983228
301986310,301983228
301986452,301986592
301986452,301986674
301986592,301986452
301986674,301986452
301986765,301986951
301986951,301986765
301987225,301987507
301987225,301987659
301987225,301987834
301987225,301988058
301987225,301988192
301987225,301988337
301987225,301988467
301987507,301987225
301987659,301987225
301987834,301987225
301988058,301987225
301988192,301987225
301988337,301987225
301988467,301987225
301988584,301988700
301988700,301988584
301988808,301989300
301988808,301989518
301988808,301989644
301988808,301989812
301988808,301989958
301988808,301990060
301988808,301990287
301988808,301990440
301988808,301990573
301989300,301988808
301989518,301988808
301989644,301988808
301989812,301988808
301989958,301988808
301990060,301988808
301990287,301988808
301990440,301988808
301990573,301988808
301990729,301990911
301990729,301990986
301990729,301991066
301990911,301990729
301990986,301990729
301991066,301990729
301991145,301991455
301991145,301991678
301991145,301991840
301991455,301991145
301991678,301991145
301991840,301991145
301992106,301992382
301992106,301992554
301992106,301992873
301992106,301993047
301992382,301992106
301992554,301992106
301992873,301992106
301993047,301992106
301993177,301993528
301993177,301993709
301993528,301993177
301993709,301993177
301994044,301994315
301994315,301994044
301994473,301994610
301994610,301994473
301995132,301995405
301995132,301995580
301995132,301995683
301995132,301995883
301995132,301996065
301995405,301995132
301995580,301995132
301995683,301995132
301995883,301995132
301996065,301995132
301996330,301996637
301996330,301996876
301996330,301997089
301996330,301997323
301996330,301997528
301996330,301997663
301996637,301996330
301996876,301996330
301997089,301996330
301997323,301996330
301997528,301996330
301997663,301996330
301997779,301997996
301997779,301998266
301997996,301997779
301998266,301997779
301998726,301999037
301998726,301999329
301998726,301999647
301998726,301999763
301998726,301999887
301999037,301998726
301999329,301998726
301999647,301998726
301999763,301998726
301999887,301998726
302000038,302000338
302000038,302000493
302000038,302000652
302000038,302000909
302000038,302001065
302000338,302000038
302000493,302000038
302000652,302000038
302000909,302000038
302001065,302000038
302001510,302001838
302001510,302002093
302001510,302002257
302001510,302002414
302001838,302001510
302002093,302001510
302002257,302001510
302002414,302001510
302002517,302002606
302002606,302002517
302002740,302002911
302002740,302003016
302002911,302002740
302003016,302002740
302003183,302003350
302003183,302003464
302003350,302003183
302003464,302003183
302003598,302003905
302003598,302004115
302003598,302004283
302003905,302003598
302004115,302003598
302004283,302003598
302004583,302004727
302004583,302004824
302004727,302004583
302004824,302004583
302004983,302005088
302004983,302005193
302005088,302004983
302005193,302004983
302005434,302005705
302005705,302005434
302005928,302006449
302005928,302006650
302005928,302006784
302005928,302006930
302005928,302007306
302005928,302007443
302005928,302007544
302005928,302007739
302005928,302007863
302005928,302008060
302005928,302008238
302006449,302005928
302006650,302005928
302006784,302005928
302006930,302005928
302007306,302005928
302007443,302005928
302007544,302005928
302007739,302005928
302007863,302005928
302008060,302005928
302008238,302005928
302008429,302008716
302008429,302008853
302008429,302009013
302008429,302009168
302008429,302009297
302008716,302008429
302008853,302008429
302009013,302008429
302009168,302008429
302009297,302008429
302009441,302009709
302009441,302009917
302009441,302010012
302009709,302009441
302009917,302009441
302010012,302009441
302010277,302010517
302010277,302010741
302010517,302010277
302010741,302010277
302010939,302011384
302010939,302011626
302010939,302011838
302010939,302011934
302010939,302012209
302010939,302012397
302010939,302012634
302011384,302010939
302011626,302010939
302011838,302010939
302011934,302010939
302012209,302010939
302012397,302010939
302012634,302010939
302012723,302013221
302012723,302013580
302012723,302013774
302012723,302013942
302012723,302014107
302013221,302012723
302013580,302012723
302013774,302012723
302013942,302012723
302014107,302012723
302014269,302014619
302014269,302014894
302014269,302015089
302014269,302015194
302014269,302015386
302014269,302015482
302014269,302015577
302014619,302014269
302014894,302014269
302015089,302014269
302015194,302014269
302015386,302014269
302015482,302014269
302015577,302014269
302015703,302016005
302016005,302015703
302016163,302016356
302016356,302016163
302016529,302016709
302016529,302016817
302016529,302016970
302016709,302016529
302016817,302016529
302016970,302016529
302017091,302017379
302017091,302017651
302017091,302017817
302017091,302018008
302017091,302018188
302017091,302018397
302017379,302017091
302017651,302017091
302017817,302017091
302018008,302017091
302018188,302017091
302018397,302017091
302018640,302018883
302018640,302018993
302018640,302019096
302018883,302018640
302018993,302018640
302019096,302018640
302019227,302019436
302019227,302019599
302019227,302019770
302019227,302019890
302019227,302020017
302019436,302019227
302019599,302019227
302019770,302019227
302019890,302019227
302020017,302019227
302020138,302020436
302020138,302020589
302020138,302020798
302020138,302021102
302020138,302021255
302020138,302021482
302020436,302020138
302020589,302020138
302020798,302020138
302021102,302020138
302021255,302020138
302021482,302020138
302021662,302021781
302021662,302021877
302021781,302021662
302021877,302021662
302022648,302022958
302022648,302023120
302022648,302023218
302022648,302023353
302022648,302023487
302022648,302023645
302022648,302023742
302022958,302022648
302023120,302022648
302023218,302022648
302023353,302022648
302023487,302022648
302023645,302022648
302023742,302022648
302023928,302024083
302024083,302023928
302024302,302024502
302024302,302024665
302024502,302024302
302024665,302024302
302024800,302024928
302024928,302024800
302025035,302025240
302025035,302025337
302025240,302025035
302025337,302025035
302025432,302025586
302025586,302025432
302025700,302026108
302025700,302026300
302025700,302026413
302025700,302026547
302025700,302026686
302025700,302026861
302025700,302026956
302025700,302027223
302025700,302027394
302026108,302025700
302026300,302025700
302026413,302025700
302026547,302025700
302026686,302025700
302026861,302025700
302026956,302025700
302027223,302025700
302027394,302025700
302027534,302027712
302027534,302027837
302027534,302028014
302027712,302027534
302027837,302027534
302028014,302027534
302028202,302028465
302028202,302028549
302028202,302028725
302028465,302028202
302028549,302028202
302028725,302028202
302028896,302029140
302028896,302029475
302029140,302028896
302029475,302028896
302029589,302029814
302029589,302030022
302029589,302030154
302029589,302030260
302029589,302030444
302029589,302030536
302029814,302029589
302030022,302029589
302030154,302029589
302030260,302029589
302030444,302029589
302030536,302029589
302030900,302031027
302031027,302030900
302031228,302031485
302031485,302031228
302031568,302031647
302031647,302031568
302032084,302032280
302032084,302032404
302032280,302032084
302032404,302032084
302032514,302032658
302032514,302032808
302032658,302032514
302032808,302032514
302033050,302033413
302033050,302033673
302033050,302033906
302033050,302034147
302033050,302034255
302033050,302034467
302033050,302034676
302033050,302034831
302033413,302033050
302033673,302033050
302033906,302033050
302034147,302033050
302034255,302033050
302034467,302033050
302034676,302033050
302034831,302033050
302035021,302035184
302035021,302035434
302035184,302035021
302035434,302035021
302035556,302036006
302035556,302036170
302035556,302036340
302035556,302036416
302035556,302036546
302035556,302036845
302035556,302037048
302035556,302037162
302035556,302037363
302035556,302037450
302036006,302035556
302036170,302035556
302036340,302035556
302036416,302035556
302036546,302035556
302036845,302035556
302037048,302035556
302037162,302035556
302037363,302035556
302037450,302035556
302037603,302037788
302037603,302037885
302037603,302037968
302037788,302037603
302037885,302037603
302037968,302037603
302038093,302038217
302038093,302038301
302038217,302038093
302038301,302038093
302038458,302038720
302038458,302039147
302038720,302038458
302039147,302038458
302039544,302039878
302039544,302040025
302039544,302040256
302039544,302040509
302039544,302040617
302039878,302039544
302040025,302039544
302040256,302039544
302040509,302039544
302040617,302039544
302041006,302041279
302041279,302041006
302041379,302041549
302041379,302042021
302041549,302041379
302042021,302041379
302042220,302042439
302042220,302042606
302042439,302042220
302042606,302042220
302043201,302043388
302043388,302043201
302043906,302044078
302043906,302044239
302044078,302043906
302044239,302043906
302044463,302044665
302044463,302044805
302044665,302044463
302044805,302044463
302045371,302045624
302045371,302045806
302045624,302045371
302045806,302045371
302045926,302046197
302045926,302046327
302046197,302045926
302046327,302045926
302046511,302046713
302046713,302046511
302046839,302047071
302046839,302047184
302046839,302047321
302046839,302047492
302046839,302047581
302047071,302046839
302047184,302046839
302047321,302046839
302047492,302046839
302047581,302046839
302047723,302047953
302047723,302048036
302047723,302048123
302047723,302048261
302047953,302047723
302048036,302047723
302048123,302047723
302048261,302047723
302048412,302048683
302048683,302048412
302048859,302049259
302048859,302049490
302048859,302049603
302048859,302049723
302049259,302048859
302049490,302048859
302049603,302048859
302049723,302048859
302049826,302050196
302049826,302050323
302049826,302050429
302049826,302050615
302050196,302049826
302050323,302049826
302050429,302049826
302050615,302049826
302050741,302051055
302050741,302051124
302050741,302051200
302050741,302051380
302050741,302051468
302051055,302050741
302051124,302050741
302051200,302050741
302051380,302050741
302051468,302050741
302051704,302051962
302051962,302051704
302052213,302052641
302052213,302052953
302052213,302053292
302052641,302052213
302052953,302052213
302053292,302052213
302053473,302053843
302053473,302054061
302053843,302053473
302054061,302053473
302054181,302054440
302054440,302054181
302054617,302055035
302054617,302055334
302054617,302055468
302054617,302055648
302054617,302055804
302054617,302055907
302054617,302056217
302054617,302056404
302054617,302056545
302054617,302056676
302054617,302056758
302055035,302054617
302055334,302054617
302055468,302054617
302055648,302054617
302055804,302054617
302055907,302054617
302056217,302054617
302056404,302054617
302056545,302054617
302056676,302054617
302056758,302054617
302056963,302057165
302056963,302057451
302057165,302056963
302057451,302056963
302057584,302058079
302057584,302058174
302057584,302058657
302057584,302058753
302057584,302058886
302057584,302059024
302057584,302059129
302057584,302059213
302057584,302059357
302057584,302059449
302057584,302059545
302057584,302059633
302057584,302059721
302057584,302059818
302057584,302059916
302057584,302059997
302057584,302060088
302058079,302057584
302058174,302057584
302058657,302057584
302058753,302057584
302058886,302057584
302059024,302057584
302059129,302057584
302059213,302057584
302059357,302057584
302059449,302057584
302059545,302057584
302059633,302057584
302059721,302057584
302059818,302057584
302059916,302057584
302059997,302057584
302060088,302057584
302060163,302060445
302060163,302060533
302060163,302060675
302060163,302060752
302060445,302060163
302060533,302060163
302060675,302060163
302060752,302060163
302060844,302061588
302060844,302061682
302060844,302061806
302060844,302061954
302060844,302062090
302060844,302062201
302060844,302062291
302060844,302062419
302060844,302062566
302060844,302062669
302060844,302062840
302060844,302062963
302060844,302063061
302060844,302063145
302060844,302063392
302060844,302063571
302060844,302063682
302060844,302063774
302060844,302063862
302060844,302063997
302060844,302064106
302060844,302064198
302060844,302064281
302060844,302064359
302060844,302064442
302060844,302064549
302060844,302064672
302061588,302060844
302061682,302060844
302061806,302060844
302061954,302060844
302062090,302060844
302062201,302060844
302062291,302060844
302062419,302060844
302062566,302060844
302062669,302060844
302062840,302060844
302062963,302060844
302063061,302060844
302063145,302060844
302063392,302060844
302063571,302060844
302063682,302060844
302063774,302060844
302063862,302060844
302063997,302060844
302064106,302060844
302064198,302060844
302064281,302060844
302064359,302060844
302064442,302060844
302064549,302060844
302064672,302060844
302064753,302065193
302064753,302065290
302064753,302065395
302064753,302065572
302064753,302065740
302064753,302065821
302064753,302065923
302064753,302066093
302064753,302066189
302064753,302066269
302064753,302066374
302064753,302066594
302064753,302066758
302065193,302064753
302065290,302064753
302065395,302064753
302065572,302064753
302065740,302064753
302065821,302064753
302065923,302064753
302066093,302064753
302066189,302064753
302066269,302064753
302066374,302064753
302066594,302064753
302066758,302064753
302067062,302067314
302067314,302067062
302067398,302067837
302067398,302068018
302067398,302068184
302067398,302068483
302067398,302068599
302067398,302068771
302067398,302068935
302067398,302069107
302067398,302069274
302067837,302067398
302068018,302067398
302068184,302067398
302068483,302067398
302068599,302067398
302068771,302067398
302068935,302067398
302069107,302067398
302069274,302067398
302069410,302069680
302069410,302069834
302069410,302069907
302069680,302069410
302069834,302069410
302069907,302069410
302070060,302070171
302070171,302070060
302070330,302070469
302070330,302070537
302070330,302070630
302070330,302070708
302070469,302070330
302070537,302070330
302070630,302070330
302070708,302070330
302070895,302071152
302070895,302071293
302070895,302071387
302070895,302071687
302071152,302070895
302071293,302070895
302071387,302070895
302071687,302070895
302071856,302072003
302072003,302071856
302072139,302072555
302072139,302072712
302072139,302072868
302072139,302072995
302072139,302073096
302072139,302073260
302072139,302073360
302072139,302073661
302072139,302073758
302072139,302073856
302072555,302072139
302072712,302072139
302072868,302072139
302072995,302072139
302073096,302072139
302073260,302072139
302073360,302072139
302073661,302072139
302073758,302072139
302073856,302072139
302073975,302074321
302073975,302074539
302074321,302073975
302074539,302073975
302074924,302075243
302074924,302075474
302074924,302075624
302074924,302075751
302075243,302074924
302075474,302074924
302075624,302074924
302075751,302074924
302075889,302076375
302075889,302076476
302075889,302076722
302075889,302076907
302075889,302077202
302075889,302077294
302075889,302077455
302075889,302077592
302075889,302077988
302075889,302078182
302076375,302075889
302076476,302075889
302076722,302075889
302076907,302075889
302077202,302075889
302077294,302075889
302077455,302075889
302077592,302075889
302077988,302075889
302078182,302075889
302078543,302078734
302078734,302078543
302078881,302079118
302078881,302079253
302079118,302078881
302079253,302078881
302079478,302079639
302079478,302079723
302079639,302079478
302079723,302079478
302079828,302080455
302079828,302080734
302079828,302080939
302079828,302081083
302079828,302081193
302079828,302081307
302079828,302081607
302079828,302081717
302080455,302079828
302080734,302079828
302080939,302079828
302081083,302079828
302081193,302079828
302081307,302079828
302081607,302079828
302081717,302079828
302081925,302082602
302081925,302082863
302081925,302083156
302081925,302083340
302081925,302083510
302081925,302083860
302081925,302084034
302081925,302084261
302081925,302084697
302081925,302084925
302081925,302085119
302081925,302085381
302081925,302085484
302082602,302081925
302082863,302081925
302083156,302081925
302083340,302081925
302083510,302081925
302083860,302081925
302084034,302081925
302084261,302081925
302084697,302081925
302084925,302081925
302085119,302081925
302085381,302081925
302085484,302081925
302085683,302085937
302085683,302086153
302085937,302085683
302086153,302085683
302086512,302087207
302086512,302087365
302086512,302087583
302086512,302087732
302086512,302087952
302086512,302088128
302086512,302088381
302086512,302088543
302087207,302086512
302087365,302086512
302087583,302086512
302087732,302086512
302087952,302086512
302088128,302086512
302088381,302086512
302088543,302086512
302088662,302089024
302088662,302089164
302088662,302089532
302088662,302089728
302088662,302089852
302088662,302089998
302088662,302090115
302089024,302088662
302089164,302088662
302089532,302088662
302089728,302088662
302089852,302088662
302089998,302088662
302090115,302088662
302090653,302090906
302090653,302091062
302090653,302091198
302090906,302090653
302091062,302090653
302091198,302090653
302091320,302091901
302091320,302092293
302091320,302092566
302091320,302092709
302091320,302092819
302091320,302092910
302091320,302092988
302091320,302093206
302091320,302093388
302091320,302093529
302091320,302093685
302091320,302093789
302091320,302093960
302091320,302094129
302091320,302094225
302091320,302094441
302091320,302094597
302091320,302094722
302091320,302094885
302091901,302091320
302092293,302091320
302092566,302091320
302092709,302091320
302092819,302091320
302092910,302091320
302092988,302091320
302093206,302091320
302093388,302091320
302093529,302091320
302093685,302091320
302093789,302091320
302093960,302091320
302094129,302091320
302094225,302091320
302094441,302091320
302094597,302091320
302094722,302091320
302094885,302091320
302094992,302095134
302094992,302095245
302095134,302094992
302095245,302094992
302095380,302095654
302095380,302095769
302095380,302095875
302095654,302095380
302095769,302095380
302095875,302095380
302096010,302096294
302096010,302096488
302096010,302096713
302096010,302096812
302096010,302097027
302096010,302097235
302096294,302096010
302096488,302096010
302096713,302096010
302096812,302096010
302097027,302096010
302097235,302096010
302097497,302097857
302097497,302098034
302097497,302098419
302097497,302098490
302097497,302098599
302097497,302098861
302097497,302099009
302097857,302097497
302098034,302097497
302098419,302097497
302098490,302097497
302098599,302097497
302098861,302097497
302099009,302097497
302099146,302099540
302099146,302099741
302099146,302099853
302099146,302099982
302099540,302099146
302099741,302099146
302099853,302099146
302099982,302099146
302100151,302100320
302100320,302100151
302100558,302100851
302100558,302101044
302100558,302101301
302100851,302100558
302101044,302100558
302101301,302100558
302101481,302101624
302101481,302101696
302101624,302101481
302101696,302101481
302101765,302101940
302101940,302101765
302102093,302102283
302102283,302102093
302102410,302102701
302102701,302102410
302103319,302103434
302103434,302103319
302103629,302103841
302103841,302103629
302103953,302104140
302104140,302103953
302105366,302105722
302105366,302105845
302105366,302105936
302105366,302106339
302105366,302106476
302105366,302106686
302105366,302106773
302105366,302106899
302105366,302107058
302105366,302107191
302105722,302105366
302105845,302105366
302105936,302105366
302106339,302105366
302106476,302105366
302106686,302105366
302106773,302105366
302106899,302105366
302107058,302105366
302107191,302105366
302107304,302107530
302107304,302107786
302107530,302107304
302107786,302107304
302108128,302108265
302108128,302108543
302108265,302108128
302108543,302108128
302108917,302109249
302108917,302109530
302108917,302109776
302108917,302109923
302109249,302108917
302109530,302108917
302109776,302108917
302109923,302108917
302110281,302110491
302110281,302110590
302110491,302110281
302110590,302110281
302110676,302110991
302110676,302111176
302110676,302111302
302110676,302111421
302110991,302110676
302111176,302110676
302111302,302110676
302111421,302110676
302111543,302111825
302111543,302111981
302111825,302111543
302111981,302111543
302112099,302112330
302112099,302112458
302112330,302112099
302112458,302112099
302112724,302112871
302112871,302112724
302113001,302113170
302113001,302113392
302113170,302113001
302113392,302113001
302113547,302113711
302113711,302113547
302113817,302113940
302113940,302113817
302114056,302114268
302114056,302114584
302114056,302114672
302114056,302114790
302114268,302114056
302114584,302114056
302114672,302114056
302114790,302114056
302114924,302115031
302115031,302114924
302115113,300102830
302115113,302116448
302116448,302115113
302116672,302116955
302116672,302117094
302116672,302117213
302116672,302117303
302116955,302116672
302117094,302116672
302117213,302116672
302117303,302116672
302117426,302117683
302117426,302117888
302117426,302118028
302117426,302118218
302117683,302117426
302117888,302117426
302118028,302117426
302118218,302117426
302118361,302118620
302118361,302118841
302118361,302118983
302118620,302118361
302118841,302118361
302118983,302118361
302119190,302119367
302119190,302119552
302119190,302119788
302119367,302119190
302119552,302119190
302119788,302119190
302120406,302120662
302120406,302121003
302120662,302120406
302121003,302120406
302121151,302121634
302121151,302121842
302121151,302121929
302121151,302122048
302121151,302122175
302121151,302122338
302121151,302122503
302121151,302122624
302121634,302121151
302121842,302121151
302121929,302121151
302122048,302121151
302122175,302121151
302122338,302121151
302122503,302121151
302122624,302121151
302122823,302123051
302122823,302123346
302123051,302122823
302123346,302122823
302123438,302123814
302123438,302123965
302123438,302124107
302123814,302123438
302123965,302123438
302124107,302123438
302124217,302124618
302124217,302124842
302124217,302125094
302124217,302125288
302124217,302125452
302124217,302125559
302124618,302124217
302124842,302124217
302125094,302124217
302125288,302124217
302125452,302124217
302125559,302124217
302125877,302126122
302126122,302125877
302126402,302126587
302126402,302126737
302126402,302126901
302126587,302126402
302126737,302126402
302126901,302126402
302127253,302127736
302127253,302127893
302127253,302128023
302127253,302128355
302127253,302128570
302127253,302128672
302127253,302128917
302127253,302129064
302127736,302127253
302127893,302127253
302128023,302127253
302128355,302127253
302128570,302127253
302128672,302127253
302128917,302127253
302129064,302127253
302129262,302129559
302129262,302129686
302129262,302130013
302129262,302130260
302129262,302130430
302129559,302129262
302129686,302129262
302130013,302129262
302130260,302129262
302130430,302129262
302130515,302130730
302130730,302130515
302130988,302131211
302131211,302130988
302131366,302131729
302131366,302131835
302131366,302132023
302131366,302132153
302131366,302132286
302131366,302132574
302131366,302132727
302131729,302131366
302131835,302131366
302132023,302131366
302132153,302131366
302132286,302131366
302132574,302131366
302132727,302131366
302132864,302133299
302132864,302133594
302132864,302133844
302132864,302133937
302132864,302134013
302133299,302132864
302133594,302132864
302133844,302132864
302133937,302132864
302134013,302132864
302134158,302134323
302134323,302134158
302134454,302134664
302134664,302134454
302134752,302134984
302134984,302134752
302135214,302135386
302135214,302135567
302135214,302135701
302135386,302135214
302135567,302135214
302135701,302135214
302135899,302136360
302135899,302136733
302135899,302137159
302135899,302137236
302135899,302137509
302135899,302137749
302135899,302137875
302136360,302135899
302136733,302135899
302137159,302135899
302137236,302135899
302137509,302135899
302137749,302135899
302137875,302135899
302138057,302138427
302138057,302138722
302138057,302138889
302138057,302139023
302138057,302139171
302138057,302139334
302138427,302138057
302138722,302138057
302138889,302138057
302139023,302138057
302139171,302138057
302139334,302138057
302139458,302139749
302139458,302139996
302139458,302140160
302139458,302140332
302139458,302140624
302139458,302140735
302139458,302140818
302139749,302139458
302139996,302139458
302140160,302139458
302140332,302139458
302140624,302139458
302140735,302139458
302140818,302139458
302141176,302141280
302141280,302141176
302141513,302141797
302141513,302141954
302141797,302141513
302141954,302141513
302142351,302142583
302142351,302142754
302142351,302142895
302142351,302142991
302142583,302142351
302142754,302142351
302142895,302142351
302142991,302142351
302143494,302143839
302143494,302144031
302143494,302144129
302143494,302144393
302143494,302144495
302143839,302143494
302144031,302143494
302144129,302143494
302144393,302143494
302144495,302143494
302144588,302144858
302144588,302145208
302144588,302145392
302144588,302145514
302144588,302145783
302144588,302146086
302144588,302146264
302144588,302146434
302144588,302146620
302144858,302144588
302145208,302144588
302145392,302144588
302145514,302144588
302145783,302144588
302146086,302144588
302146264,302144588
302146434,302144588
302146620,302144588
302146957,302147233
302146957,302147416
302146957,302147606
302146957,302147835
302146957,302147970
302146957,302148089
302147233,302146957
302147416,302146957
302147606,302146957
302147835,302146957
302147970,302146957
302148089,302146957
302148212,302148370
302148212,302148519
302148370,302148212
302148519,302148212
302148770,302149385
302148770,302149551
302148770,302149675
302148770,302149797
302148770,302149960
302148770,302150362
302148770,302150490
302148770,302150689
302148770,302150936
302148770,302151198
302148770,302151458
302148770,302151584
302148770,302151898
302148770,302152022
302148770,302152133
302148770,302152312
302148770,302152470
302148770,302152571
302148770,302152665
302149385,302148770
302149551,302148770
302149675,302148770
302149797,302148770
302149960,302148770
302150362,302148770
302150490,302148770
302150689,302148770
302150936,302148770
302151198,302148770
302151458,302148770
302151584,302148770
302151898,302148770
302152022,302148770
302152133,302148770
302152312,302148770
302152470,302148770
302152571,302148770
302152665,302148770
302152768,302152907
302152768,302152982
302152768,302153059
302152907,302152768
302152982,302152768
302153059,302152768
302153158,302153382
302153158,302153479
302153158,302153612
302153158,302153693
302153382,302153158
302153479,302153158
302153612,302153158
302153693,302153158
302153833,302154078
302153833,302154343
302153833,302154442
302153833,302154585
302154078,302153833
302154343,302153833
302154442,302153833
302154585,302153833
302154722,302154890
302154722,302154990
302154722,302155125
302154890,302154722
302154990,302154722
302155125,302154722
302155225,302155314
302155314,302155225
302155748,302155976
302155748,302156080
302155976,302155748
302156080,302155748
302156199,302156370
302156370,302156199
302156601,302156931
302156601,302157345
302156601,302157505
302156601,302157594
302156601,302157735
302156601,302157826
302156601,302158156
302156601,302158317
302156601,302158404
302156931,302156601
302157345,302156601
302157505,302156601
302157594,302156601
302157735,302156601
302157826,302156601
302158156,302156601
302158317,302156601
302158404,302156601
302158504,302158846
302158504,302159033
302158504,302159221
302158504,302159310
302158504,302159656
302158504,302159747
302158504,302159879
302158504,302160075
302158504,302160151
302158504,302160318
302158504,302160458
302158846,302158504
302159033,302158504
302159221,302158504
302159310,302158504
302159656,302158504
302159747,302158504
302159879,302158504
302160075,302158504
302160151,302158504
302160318,302158504
302160458,302158504
302160604,302160799
302160799,302160604
302161068,302162448
302161068,302162846
302161068,302162925
302161068,302163000
302161068,302163147
302161068,302163221
302161068,302163320
302161068,302163400
302161068,302163476
302161068,302163610
302161068,302163686
302161068,302163766
302161068,302163845
302161068,302163931
302161068,302164042
302161068,302164172
302161068,302164248
302161068,302164360
302161068,302164494
302161068,302164570
302161068,302164658
302161068,302164773
302161068,302164877
302161068,302164962
302161068,302165046
302161068,302165130
302161068,302165216
302161068,302165310
302161068,302165400
302161068,302165490
302161068,302165580
302161068,302165666
302161068,302165752
302161068,302165838
302161068,302165935
302161068,302166024
302161068,302166122
302161068,302166200
302161068,302166290
302161068,302166374
302161068,302166463
302161068,302166539
302161068,302166661
302161068,302166741
302161068,302166818
302161068,302166930
302161068,302167083
302161068,302167166
302161068,302167258
302161068,302167425
302161068,302167515
302161068,302167610
302161068,302167708
302161068,302167800
302161068,302168042
302161068,302168143
302161068,302168233
302161068,302168321
302161068,302168410
302161068,302168502
302161068,302168582
302161068,302168671
302161068,302168763
302161068,302168855
302161068,302168973
302161068,302169063
302161068,302169158
302161068,302169247
302161068,302169333
302161068,302169451
302161068,302169540
302161068,302169629
302162448,302161068
302162846,302161068
302162925,302161068
302163000,302161068
302163147,302161068
302163221,302161068
302163320,302161068
302163400,302161068
302163476,302161068
302163610,302161068
302163686,302161068
302163766,302161068
302163845,302161068
302163931,302161068
302164042,302161068
302164172,302161068
302164248,302161068
302164360,302161068
302164494,302161068
302164570,302161068
302164658,302161068
302164773,302161068
302164877,302161068
302164962,302161068
302165046,302161068
302165130,302161068
302165216,302161068
302165310,302161068
302165400,302161068
302165490,302161068
302165580,302161068
302165666,302161068
302165752,302161068
302165838,302161068
302165935,302161068
302166024,302161068
302166122,302161068
302166200,302161068
302166290,302161068
302166374,302161068
302166463,302161068
302166539,302161068
302166661,302161068
302166741,302161068
302166818,302161068
302166930,302161068
302167083,302161068
302167166,302161068
302167258,302161068
302167425,302161068
302167515,302161068
302167610,302161068
302167708,302161068
302167800,302161068
302168042,302161068
302168143,302161068
302168233,302161068
302168321,302161068
302168410,302161068
302168502,302161068
302168582,302161068
302168671,302161068
302168763,302161068
302168855,302161068
302168973,302161068
302169063,302161068
302169158,302161068
302169247,302161068
302169333,302161068
302169451,302161068
302169540,302161068
302169629,302161068
302169718,302169850
302169718,302170091
302169850,302169718
302170091,302169718
302170229,302170486
302170229,302170747
302170486,302170229
302170747,302170229
302170879,302171016
302170879,302171205
302170879,302171390
302171016,302170879
302171205,302170879
302171390,302170879
302171503,302171651
302171503,302171736
302171651,302171503
302171736,302171503
302171848,302171996
302171848,302172149
302171848,302172278
302171848,302172365
302171996,302171848
302172149,302171848
302172278,302171848
302172365,302171848
302172787,302173085
302172787,302173264
302172787,302173392
302172787,302173485
302173085,302172787
302173264,302172787
302173392,302172787
302173485,302172787
302173967,302174142
302173967,302174208
302173967,302174324
302173967,302174452
302173967,302174536
302174142,302173967
302174208,302173967
302174324,302173967
302174452,302173967
302174536,302173967
302174610,302174717
302174610,302174853
302174717,302174610
302174853,302174610
302175430,302175643
302175430,302175796
302175430,302175985
302175643,302175430
302175796,302175430
302175985,302175430
302176350,302176487
302176350,302176695
302176350,302176780
302176487,302176350
302176695,302176350
302176780,302176350
302176875,302177343
302176875,302177414
302176875,302177503
302176875,302177662
302176875,302177837
302176875,302178019
302176875,302178185
302176875,302178341
302176875,302178515
302176875,302178672
302176875,302178746
302177343,302176875
302177414,302176875
302177503,302176875
302177662,302176875
302177837,302176875
302178019,302176875
302178185,302176875
302178341,302176875
302178515,302176875
302178672,302176875
302178746,302176875
302178928,302179066
302178928,302179186
302179066,302178928
302179186,302178928
302179482,302180032
302179482,302180235
302179482,302180514
302179482,302180791
302179482,302180992
302179482,302181383
302179482,302181544
302179482,302181678
302179482,302181946
302179482,302182222
302179482,302182337
302180032,302179482
302180235,302179482
302180514,302179482
302180791,302179482
302180992,302179482
302181383,302179482
302181544,302179482
302181678,302179482
302181946,302179482
302182222,302179482
302182337,302179482
302182577,302182888
302182577,302183089
302182577,302183348
302182577,302183495
302182577,302183609
302182888,302182577
302183089,302182577
302183348,302182577
302183495,302182577
302183609,302182577
302184204,302184336
302184336,302184204
302184523,302185328
302184523,302185480
302184523,302185600
302184523,302185708
302184523,302185823
302184523,302185935
302184523,302186089
302184523,302186209
302184523,302186327
302184523,302186443
302184523,302186595
302184523,302186744
302184523,302186894
302184523,302186991
302184523,302187099
302184523,302187186
302184523,302187276
302184523,302187370
302184523,302187462
302184523,302187554
302184523,302187662
302184523,302187786
302184523,302187923
302184523,302188039
302184523,302188135
302184523,302188247
302184523,302188394
302184523,302188606
302184523,302188741
302184523,302188868
302184523,302189016
302184523,302189152
302185328,302184523
302185480,302184523
302185600,302184523
302185708,302184523
302185823,302184523
302185935,302184523
302186089,302184523
302186209,302184523
302186327,302184523
302186443,302184523
302186595,302184523
302186744,302184523
302186894,302184523
302186991,302184523
302187099,302184523
302187186,302184523
302187276,302184523
302187370,302184523
302187462,302184523
302187554,302184523
302187662,302184523
302187786,302184523
302187923,302184523
302188039,302184523
302188135,302184523
302188247,302184523
302188394,302184523
302188606,302184523
302188741,302184523
302188868,302184523
302189016,302184523
302189152,302184523
302189219,302189919
302189219,302190081
302189219,302190183
302189219,302190283
302189219,302190397
302189219,302190500
302189219,302190625
302189219,302190736
302189219,302190865
302189219,302191018
302189219,302191099
302189219,302191243
302189219,302191373
302189219,302191512
302189219,302191619
302189219,302191758
302189219,302191880
302189219,302192021
302189219,302192178
302189219,302192337
302189219,302192436
302189219,302192553
302189219,302192665
302189219,302192790
302189219,302192926
302189219,302193029
302189919,302189219
302190081,302189219
302190183,302189219
302190283,302189219
302190397,302189219
302190500,302189219
302190625,302189219
302190736,302189219
302190865,302189219
302191018,302189219
302191099,302189219
302191243,302189219
302191373,302189219
302191512,302189219
302191619,302189219
302191758,302189219
302191880,302189219
302192021,302189219
302192178,302189219
302192337,302189219
302192436,302189219
302192553,302189219
302192665,302189219
302192790,302189219
302192926,302189219
302193029,302189219
302193144,302193515
302193144,302193754
302193144,302193950
302193144,302194249
302193515,302193144
302193754,302193144
302193950,302193144
302194249,302193144
302194466,302195029
302194466,302195129
302194466,302195701
302194466,302195888
302194466,302196119
302194466,302196236
302194466,302196480
302194466,302196605
302194466,302196716
302194466,302196868
302194466,302196996
302194466,302197205
302194466,302197412
302194466,302197535
302195029,302194466
302195129,302194466
302195701,302194466
302195888,302194466
302196119,302194466
302196236,302194466
302196480,302194466
302196605,302194466
302196716,302194466
302196868,302194466
302196996,302194466
302197205,302194466
302197412,302194466
302197535,302194466
302197647,302198075
302197647,302198176
302197647,302198336
302197647,302198535
302197647,302198655
302197647,302198864
302198075,302197647
302198176,302197647
302198336,302197647
302198535,302197647
302198655,302197647
302198864,302197647
302199175,302199609
302199175,302199810
302199175,302200304
302199175,302200466
302199175,302200595
302199175,302200680
302199175,302200949
302199175,302201115
302199609,302199175
302199810,302199175
302200304,302199175
302200466,302199175
302200595,302199175
302200680,302199175
302200949,302199175
302201115,302199175
302201366,302201522
302201522,302201366
302201998,302204519
302201998,302204652
302201998,302204725
302201998,302204861
302201998,302204971
302201998,302205056
302201998,302205141
302201998,302205224
302201998,302205333
302201998,302205436
302201998,302205524
302201998,302205609
302201998,302205692
302201998,302205778
302201998,302205894
302201998,302205987
302201998,302206081
302201998,302206191
302201998,302206283
302201998,302206396
302201998,302206493
302201998,302206605
302201998,302206696
302201998,302206790
302201998,302206885
302201998,302206985
302201998,302207082
302201998,302207178
302201998,302207273
302201998,302207373
302201998,302207474
302201998,302207571
302201998,302207661
302201998,302207756
302201998,302207852
302201998,302207953
302201998,302208051
302201998,302208148
302201998,302208244
302201998,302208345
302201998,302208447
302201998,302208543
302201998,302208642
302201998,302208734
302201998,302208827
302201998,302208925
302201998,302209020
302201998,302209114
302201998,302209207
302201998,302209305
302201998,302209404
302201998,302209497
302201998,302209601
302201998,302209692
302201998,302209784
302201998,302209881
302201998,302209975
302201998,302210068
302201998,302210160
302201998,302210257
302201998,302210355
302201998,302210449
302201998,302210549
302201998,302210641
302201998,302210734
302201998,302210832
302201998,302210927
302201998,302211021
302201998,302211114
302201998,302211212
302201998,302211311
302201998,302211425
302201998,302211533
302201998,302211630
302201998,302211728
302201998,302211831
302201998,302211931
302201998,302212030
302201998,302212128
302201998,302212231
302201998,302212335
302201998,302212435
302201998,302212539
302201998,302212635
302201998,302212732
302201998,302212834
302201998,302212933
302201998,302213031
302201998,302213128
302201998,302213230
302201998,302213333
302201998,302213429
302201998,302213518
302201998,302213612
302201998,302213707
302201998,302213807
302201998,302213904
302201998,302214000
302201998,302214095
302201998,302214195
302201998,302214296
302201998,302214421
302201998,302214525
302201998,302214647
302201998,302214753
302201998,302214857
302201998,302214971
302201998,302215083
302201998,302215205
302201998,302215321
302201998,302215444
302201998,302215558
302201998,302215678
302201998,302215790
302201998,302215909
302201998,302216022
302201998,302216142
302201998,302216258
302201998,302216383
302201998,302216501
302201998,302216616
302201998,302216723
302201998,302216834
302201998,302216945
302201998,302217066
302201998,302217205
302201998,302217319
302201998,302217491
302201998,302217656
302201998,302217837
302201998,302218013
302201998,302218127
302201998,302218233
302204519,302201998
302204652,302201998
302204725,302201998
302204861,302201998
302204971,302201998
302205056,302201998
302205141,302201998
302205224,302201998
302205333,302201998
302205436,302201998
302205524,302201998
302205609,302201998
302205692,302201998
302205778,302201998
302205894,302201998
302205987,302201998
302206081,302201998
302206191,302201998
302206283,302201998
302206396,302201998
302206493,302201998
302206605,302201998
302206696,302201998
302206790,302201998
302206885,302201998
302206985,302201998
302207082,302201998
302207178,302201998
302207273,302201998
302207373,302201998
302207474,302201998
302207571,302201998
302207661,302201998
302207756,302201998
302207852,302201998
302207953,302201998
302208051,302201998
302208148,302201998
302208244,302201998
302208345,302201998
302208447,302201998
302208543,302201998
302208642,302201998
302208734,302201998
302208827,302201998
302208925,302201998
302209020,302201998
302209114,302201998
302209207,302201998
302209305,302201998
302209404,302201998
302209497,302201998
302209601,302201998
302209692,302201998
302209784,302201998
302209881,302201998
302209975,302201998
302210068,302201998
302210160,302201998
302210257,302201998
302210355,302201998
302210449,302201998
302210549,302201998
302210641,302201998
302210734,302201998
302210832,302201998
302210927,302201998
302211021,302201998
302211114,302201998
302211212,302201998
302211311,302201998
302211425,302201998
302211533,302201998
302211630,302201998
302211728,302201998
302211831,302201998
302211931,302201998
302212030,302201998
302212128,302201998
302212231,302201998
302212335,302201998
302212435,302201998
302212539,302201998
302212635,302201998
302212732,302201998
302212834,302201998
302212933,302201998
302213031,302201998
302213128,302201998
302213230,302201998
302213333,302201998
302213429,302201998
302213518,302201998
302213612,302201998
302213707,302201998
302213807,302201998
302213904,302201998
302214000,302201998
302214095,302201998
302214195,302201998
302214296,302201998
302214421,302201998
302214525,302201998
302214647,302201998
302214753,302201998
302214857,302201998
302214971,302201998
302215083,302201998
302215205,302201998
302215321,302201998
302215444,302201998
302215558,302201998
302215678,302201998
302215790,302201998
302215909,302201998
302216022,302201998
302216142,302201998
302216258,302201998
302216383,302201998
302216501,302201998
302216616,302201998
302216723,302201998
302216834,302201998
302216945,302201998
302217066,302201998
302217205,302201998
302217319,302201998
302217491,302201998
302217656,302201998
302217837,302201998
302218013,302201998
302218127,302201998
302218233,302201998
302218349,301019286
302218349,302220196
302218349,302220284
302218349,302220361
302218349,302220522
302218349,302220658
302218349,302220927
302218349,302221069
302218349,302221194
302218349,302221338
302218349,302221464
302218349,302221588
302218349,302221715
302218349,302221844
302218349,302221978
302218349,302222083
302218349,302222191
302218349,302222346
302218349,302222452
302218349,302222578
302218349,302222687
302218349,302222795
302218349,302222931
302218349,302223038
302218349,302223147
302218349,302223260
302218349,302223373
302218349,302223486
302218349,302223599
302218349,302223711
302218349,302223825
302218349,302223940
302218349,302224053
302218349,302224162
302218349,302224271
302218349,302224388
302218349,302224506
302218349,302224624
302218349,302224741
302218349,302224857
302218349,302224977
302218349,302225096
302218349,302225213
302218349,302225320
302218349,302225434
302218349,302225549
302218349,302225665
302218349,302225781
302218349,302225896
302218349,302226010
302218349,302226128
302218349,302226245
302218349,302226360
302218349,302226485
302218349,302226600
302218349,302226707
302218349,302226823
302218349,302226938
302218349,302227067
302218349,302227186
302218349,302227295
302218349,302227412
302218349,302227521
302218349,302227638
302218349,302227766
302218349,302227893
302218349,302228021
302218349,302228148
302218349,302228283
302218349,302228417
302218349,302228559
302218349,302228693
302218349,302228835
302218349,302228967
302218349,302229107
302218349,302229239
302218349,302229379
302218349,302229511
302218349,302229651
302218349,302229787
302218349,302229931
302218349,302230065
302218349,302230204
302218349,302230323
302218349,302230446
302218349,302230567
302218349,302230688
302218349,302230806
302218349,302230913
302218349,302231020
302218349,302231129
302218349,302231244
302218349,302231359
302220196,302218349
302220284,302218349
302220361,302218349
302220522,302218349
302220658,302218349
302220927,302218349
302221069,302218349
302221194,302218349
302221338,302218349
302221464,302218349
302221588,302218349
302221715,302218349
302221844,302218349
302221978,302218349
302222083,302218349
302222191,302218349
302222346,302218349
302222452,302218349
302222578,302218349
302222687,302218349
302222795,302218349
302222931,302218349
302223038,302218349
302223147,302218349
302223260,302218349
302223373,302218349
302223486,302218349
302223599,302218349
302223711,302218349
302223825,302218349
302223940,302218349
302224053,302218349
302224162,302218349
302224271,302218349
302224388,302218349
302224506,302218349
302224624,302218349
302224741,302218349
302224857,302218349
302224977,302218349
302225096,302218349
302225213,302218349
302225320,302218349
302225434,302218349
302225549,302218349
302225665,302218349
302225781,302218349
302225896,302218349
302226010,302218349
302226128,302218349
302226245,302218349
302226360,302218349
302226485,302218349
302226600,302218349
302226707,302218349
302226823,302218349
302226938,302218349
302227067,302218349
302227186,302218349
302227295,302218349
302227412,302218349
302227521,302218349
302227638,302218349
302227766,302218349
302227893,302218349
302228021,302218349
302228148,302218349
302228283,302218349
302228417,302218349
302228559,302218349
302228693,302218349
302228835,302218349
302228967,302218349
302229107,302218349
302229239,302218349
302229379,302218349
302229511,302218349
302229651,302218349
302229787,302218349
302229931,302218349
302230065,302218349
302230204,302218349
302230323,302218349
302230446,302218349
302230567,302218349
302230688,302218349
302230806,302218349
302230913,302218349
302231020,302218349
302231129,302218349
302231244,302218349
302231359,302218349
302231610,302231790
302231790,302231610
302232180,302232599
302232180,302232751
302232180,302232969
302232180,302233320
302232180,302233615
302232180,302233800
302232180,302234002
302232599,302232180
302232751,302232180
302232969,302232180
302233320,302232180
302233615,302232180
302233800,302232180
302234002,302232180
302234210,302234945
302234210,302235141
302234210,302235236
302234210,302235492
302234210,302235703
302234210,302236050
302234210,302236433
302234210,302236573
302234210,302236708
302234210,302236941
302234210,302237228
302234210,302237409
302234210,302237538
302234210,302237681
302234210,302237886
302234210,302238054
302234210,302238164
302234210,302238270
302234210,302238382
302234210,302238493
302234210,302238601
302234945,302234210
302235141,302234210
302235236,302234210
302235492,302234210
302235703,302234210
302236050,302234210
302236433,302234210
302236573,302234210
302236708,302234210
302236941,302234210
302237228,302234210
302237409,302234210
302237538,302234210
302237681,302234210
302237886,302234210
302238054,302234210
302238164,302234210
302238270,302234210
302238382,302234210
302238493,302234210
302238601,302234210
302239756,302239944
302239756,302240117
302239756,302240215
302239756,302240345
302239944,302239756
302240117,302239756
302240215,302239756
302240345,302239756
302240447,302240972
302240447,302241069
302240447,302241167
302240447,302241265
302240447,302241359
302240447,302241460
302240447,302241559
302240447,302241657
302240447,302241755
302240447,302241851
302240447,302241953
302240447,302242053
302240447,302242179
302240447,302242275
302240447,302242371
302240447,302242470
302240447,302242562
302240447,302242660
302240447,302242756
302240447,302242903
302240447,302242982
302240447,302243082
302240447,302243184
302240447,302243273
302240447,302243371
302240972,302240447
302241069,302240447
302241167,302240447
302241265,302240447
302241359,302240447
302241460,302240447
302241559,302240447
302241657,302240447
302241755,302240447
302241851,302240447
302241953,302240447
302242053,302240447
302242179,302240447
302242275,302240447
302242371,302240447
302242470,302240447
302242562,302240447
302242660,302240447
302242756,302240447
302242903,302240447
302242982,302240447
302243082,302240447
302243184,302240447
302243273,302240447
302243371,302240447
302243465,302243596
302243596,302243465
302243904,302244404
302243904,302244538
302243904,302245037
302243904,302245260
302243904,302245625
302243904,302245766
302243904,302245944
302243904,302246120
302243904,302246337
302244404,302243904
302244538,302243904
302245037,302243904
302245260,302243904
302245625,302243904
302245766,302243904
302245944,302243904
302246120,302243904
302246337,302243904
302246509,302247093
302246509,302247192
302246509,302247393
302246509,302247516
302246509,302247776
302246509,302248004
302246509,302248153
302246509,302248272
302246509,302248397
302246509,302248516
302246509,302248663
302247093,302246509
302247192,302246509
302247393,302246509
302247516,302246509
302247776,302246509
302248004,302246509
302248153,302246509
302248272,302246509
302248397,302246509
302248516,302246509
302248663,302246509
302249182,302249547
302249182,302249694
302249182,302250078
302249182,302250190
302249182,302250304
302249547,302249182
302249694,302249182
302250078,302249182
302250190,302249182
302250304,302249182
302250443,302250931
302250443,302251061
302250443,302251264
302250443,302251346
302250443,302251474
302250443,302251582
302250443,302251872
302250443,302251991
302250931,302250443
302251061,302250443
302251264,302250443
302251346,302250443
302251474,302250443
302251582,302250443
302251872,302250443
302251991,302250443
302252119,302252379
302252119,302252473
302252119,302252580
302252379,302252119
302252473,302252119
302252580,302252119
302252677,302252865
302252865,302252677
302252973,302253380
302252973,302253522
302252973,302253712
302252973,302253932
302252973,302254018
302252973,302254186
302252973,302254338
302253380,302252973
302253522,302252973
302253712,302252973
302253932,302252973
302254018,302252973
302254186,302252973
302254338,302252973
302254462,302254614
302254462,302254723
302254614,302254462
302254723,302254462
302255033,302255512
302255033,302255629
302255033,302255711
302255033,302255853
302255033,302255970
302255033,302256190
302255033,302256340
302255033,302256523
302255512,302255033
302255629,302255033
302255711,302255033
302255853,302255033
302255970,302255033
302256190,302255033
302256340,302255033
302256523,302255033
302256675,302257520
302256675,302257710
302256675,302257838
302256675,302257977
302256675,302258119
302256675,302258237
302256675,302258360
302256675,302258506
302256675,302258610
302256675,302258721
302256675,302258899
302256675,302259026
302256675,302259309
302256675,302259478
302256675,302259674
302256675,302259774
302256675,302259945
302256675,302260065
302256675,302260219
302256675,302260454
302256675,302260643
302256675,302260712
302256675,302260813
302256675,302260928
302256675,302261029
302256675,302261118
302256675,302261317
302256675,302261486
302257520,302256675
302257710,302256675
302257838,302256675
302257977,302256675
302258119,302256675
302258237,302256675
302258360,302256675
302258506,302256675
302258610,302256675
302258721,302256675
302258899,302256675
302259026,302256675
302259309,302256675
302259478,302256675
302259674,302256675
302259774,302256675
302259945,302256675
302260065,302256675
302260219,302256675
302260454,302256675
302260643,302256675
302260712,302256675
302260813,302256675
302260928,302256675
302261029,302256675
302261118,302256675
302261317,302256675
302261486,302256675
302262037,302262314
302262037,302262447
302262037,302262610
302262314,302262037
302262447,302262037
302262610,302262037
302262886,302263157
302262886,302263287
302262886,302263375
302262886,302263490
302262886,302263585
302263157,302262886
302263287,302262886
302263375,302262886
302263490,302262886
302263585,302262886
302263670,302264211
302263670,302264323
302263670,302264448
302263670,302264562
302263670,302264676
302263670,302264805
302263670,302264903
302263670,302264999
302263670,302265092
302263670,302265169
302263670,302265340
302263670,302265432
302263670,302265561
302263670,302265688
302263670,302265755
302263670,302265903
302263670,302266051
302263670,302266204
302263670,302266277
302264211,302263670
302264323,302263670
302264448,302263670
302264562,302263670
302264676,302263670
302264805,302263670
302264903,302263670
302264999,302263670
302265092,302263670
302265169,302263670
302265340,302263670
302265432,302263670
302265561,302263670
302265688,302263670
302265755,302263670
302265903,302263670
302266051,302263670
302266204,302263670
302266277,302263670
302266619,302266963
302266619,302267255
302266619,302267454
302266619,302267608
302266963,302266619
302267255,302266619
302267454,302266619
302267608,302266619
302267712,302268037
302267712,302268219
302267712,302268504
302267712,302268703
302267712,302268964
302268037,302267712
302268219,302267712
302268504,302267712
302268703,302267712
302268964,302267712
302269330,302269485
302269330,302269849
302269330,302270046
302269330,302270172
302269485,302269330
302269849,302269330
302270046,302269330
302270172,302269330
302270454,302270624
302270454,302270764
302270624,302270454
302270764,302270454
302270918,302271161
302271161,302270918
302271349,302271489
302271489,302271349
302271673,302271820
302271820,302271673
302271939,302272101
302272101,302271939
302272248,302272372
302272248,302272456
302272372,302272248
302272456,302272248
302272548,302272718
302272548,302272830
302272548,302272953
302272718,302272548
302272830,302272548
302272953,302272548
302273353,302273601
302273353,302273678
302273353,302273771
302273353,302273892
302273353,302274020
302273353,302274124
302273353,302274212
302273353,302274289
302273601,302273353
302273678,302273353
302273771,302273353
302273892,302273353
302274020,302273353
302274124,302273353
302274212,302273353
302274289,302273353
302274366,302274493
302274366,302274590
302274493,302274366
302274590,302274366
302274721,302274943
302274943,302274721
302275425,302275885
302275425,302276015
302275425,302276140
302275425,302276286
302275425,302276533
302275425,302276644
302275885,302275425
302276015,302275425
302276140,302275425
302276286,302275425
302276533,302275425
302276644,302275425
302276884,302277276
302276884,302277424
302277276,302276884
302277424,302276884
302277543,302277684
302277543,302277844
302277684,302277543
302277844,302277543
302278339,302278686
302278339,302278781
302278339,302278874
302278339,302279034
302278339,302279151
302278339,302279317
302278339,302279466
302278686,302278339
302278781,302278339
302278874,302278339
302279034,302278339
302279151,302278339
302279317,302278339
302279466,302278339
302279690,302280050
302279690,302280289
302279690,302280477
302279690,302280597
302279690,302280669
302280050,302279690
302280289,302279690
302280477,302279690
302280597,302279690
302280669,302279690
302280846,302281183
302280846,302281288
302280846,302281454
302280846,302281574
302280846,302281711
302280846,302281795
302281183,302280846
302281288,302280846
302281454,302280846
302281574,302280846
302281711,302280846
302281795,302280846
302281984,302282179
302282179,302281984
302282286,302282670
302282286,302282825
302282286,302282961
302282286,302283111
302282670,302282286
302282825,302282286
302282961,302282286
302283111,302282286
302283319,302283610
302283319,302283690
302283319,302283800
302283319,302283898
302283319,302284023
302283319,302284119
302283610,302283319
302283690,302283319
302283800,302283319
302283898,302283319
302284023,302283319
302284119,302283319
302284195,302284347
302284347,302284195
302284449,302284655
302284449,302284755
302284655,302284449
302284755,302284449
302284904,302285075
302285075,302284904
302285617,302285996
302285617,302286515
302285617,302286650
302285996,302285617
302286515,302285617
302286650,302285617
302286867,302287265
302286867,302287434
302286867,302287563
302287265,302286867
302287434,302286867
302287563,302286867
302287707,302288057
302287707,302288290
302287707,302288553
302287707,302288682
302288057,302287707
302288290,302287707
302288553,302287707
302288682,302287707
302288838,302289296
302288838,302289570
302288838,302289695
302288838,302289946
302289296,302288838
302289570,302288838
302289695,302288838
302289946,302288838
302290053,302290592
302290053,302290850
302290053,302291030
302290053,302291215
302290053,302291499
302290053,302291633
302290592,302290053
302290850,302290053
302291030,302290053
302291215,302290053
302291499,302290053
302291633,302290053
302291872,302292189
302291872,302292383
302291872,302292497
302291872,302292639
302292189,302291872
302292383,302291872
302292497,302291872
302292639,302291872
302292803,302293087
302292803,302293419
302292803,302293509
302293087,302292803
302293419,302292803
302293509,302292803
302293759,302293962
302293962,302293759
302294179,302294353
302294179,302294442
302294353,302294179
302294442,302294179
302294638,302294855
302294638,302295210
302294638,302295302
302294638,302295402
302294855,302294638
302295210,302294638
302295302,302294638
302295402,302294638
302295514,302295628
302295514,302295732
302295628,302295514
302295732,302295514
302296157,302296379
302296157,302296561
302296157,302296745
302296379,302296157
302296561,302296157
302296745,302296157
302296887,302297063
302297063,302296887
302297489,302297910
302297489,302298073
302297489,302298157
302297489,302298258
302297489,302298435
302297489,302298625
302297489,302298868
302297489,302298992
302297489,302299101
302297489,302299215
302297489,302299356
302297489,302299504
302297489,302299717
302297910,302297489
302298073,302297489
302298157,302297489
302298258,302297489
302298435,302297489
302298625,302297489
302298868,302297489
302298992,302297489
302299101,302297489
302299215,302297489
302299356,302297489
302299504,302297489
302299717,302297489
302299860,302300146
302299860,302300348
302299860,302300473
302299860,302300706
302299860,302300812
302300146,302299860
302300348,302299860
302300473,302299860
302300706,302299860
302300812,302299860
302300911,302301186
302300911,302301378
302300911,302301520
302301186,302300911
302301378,302300911
302301520,302300911
302301723,302301891
302301723,302302060
302301891,302301723
302302060,302301723
302302238,302302558
302302238,302302713
302302238,302302868
302302238,302302967
302302558,302302238
302302713,302302238
302302868,302302238
302302967,302302238
302303122,302303436
302303122,302303579
302303122,302303692
302303122,302303823
302303122,302303952
302303122,302304025
302303122,302304152
302303122,302304284
302303122,302304399
302303122,302304514
302303436,302303122
302303579,302303122
302303692,302303122
302303823,302303122
302303952,302303122
302304025,302303122
302304152,302303122
302304284,302303122
302304399,302303122
302304514,302303122
302304818,302305043
302305043,302304818
302305197,302305326
302305326,302305197
302305463,302305714
302305714,302305463
302305815,302306050
302306050,302305815
302306422,302306566
302306566,302306422
302306662,302306796
302306796,302306662
302307227,302307463
302307227,302307577
302307227,302307710
302307227,302307846
302307227,302307964
302307227,302308102
302307227,302308218
302307463,302307227
302307577,302307227
302307710,302307227
302307846,302307227
302307964,302307227
302308102,302307227
302308218,302307227
302308297,302308758
302308758,302308297
302309523,302309861
302309523,302310025
302309523,302310157
302309523,302310279
302309861,302309523
302310025,302309523
302310157,302309523
302310279,302309523
302310368,302310828
302310368,302310946
302310368,302311098
302310368,302311322
302310368,302311666
302310368,302311755
302310368,302311911
302310368,302312022
302310368,302312117
302310368,302312285
302310828,302310368
302310946,302310368
302311098,302310368
302311322,302310368
302311666,302310368
302311755,302310368
302311911,302310368
302312022,302310368
302312117,302310368
302312285,302310368
302312381,302312647
302312647,302312381
302313088,302313187
302313187,302313088
302313302,302313560
302313302,302313703
302313302,302313916
302313302,302314115
302313560,302313302
302313703,302313302
302313916,302313302
302314115,302313302
302314403,302314820
302314403,302315037
302314403,302315229
302314403,302315355
302314403,302315494
302314820,302314403
302315037,302314403
302315229,302314403
302315355,302314403
302315494,302314403
302315571,302315814
302315571,302315991
302315814,302315571
302315991,302315571
302316069,302316361
302316069,302316547
302316361,302316069
302316547,302316069
302316686,302317044
302316686,302317168
302317044,302316686
302317168,302316686
302317458,302317599
302317599,302317458
302317847,302318083
302317847,302318158
302317847,302318299
302317847,302318412
302318083,302317847
302318158,302317847
302318299,302317847
302318412,302317847
302318637,302318823
302318637,302318911
302318637,302319034
302318637,302319124
302318637,302319196
302318823,302318637
302318911,302318637
302319034,302318637
302319124,302318637
302319196,302318637
302319324,302319517
302319324,302319590
302319324,302319748
302319324,302319840
302319324,302319899
302319517,302319324
302319590,302319324
302319748,302319324
302319840,302319324
302319899,302319324
302319970,302320379
302319970,302320597
302319970,302320776
302319970,302320947
302319970,302321116
302319970,302321233
302319970,302321352
302320379,302319970
302320597,302319970
302320776,302319970
302320947,302319970
302321116,302319970
302321233,302319970
302321352,302319970
302321488,302321986
302321488,302322165
302321488,302322446
302321488,302322530
302321488,302322619
302321488,302322733
302321488,302322976
302321488,302323344
302321488,302323533
302321488,302323751
302321488,302323841
302321488,302324008
302321488,302324142
302321986,302321488
302322165,302321488
302322446,302321488
302322530,302321488
302322619,302321488
302322733,302321488
302322976,302321488
302323344,302321488
302323533,302321488
302323751,302321488
302323841,302321488
302324008,302321488
302324142,302321488
302324436,302324548
302324548,302324436
302324644,302324954
302324644,302325119
302324644,302325230
302324644,302325382
302324644,302325555
302324954,302324644
302325119,302324644
302325230,302324644
302325382,302324644
302325555,302324644
302325723,302325919
302325723,302326085
302325723,302326360
302325919,302325723
302326085,302325723
302326360,302325723
302326573,302326831
302326573,302327313
302326573,302327534
302326573,302327717
302326831,302326573
302327313,302326573
302327534,302326573
302327717,302326573
302327871,302328198
302327871,302328330
302327871,302328501
302327871,302328715
302327871,302328901
302328198,302327871
302328330,302327871
302328501,302327871
302328715,302327871
302328901,302327871
302329063,302329209
302329209,302329063
302329425,302329720
302329425,302329823
302329425,302329972
302329720,302329425
302329823,302329425
302329972,302329425
302330074,302330590
302330074,302330780
302330074,302330884
302330074,302330980
302330074,302331252
302330074,302331452
302330074,302331672
302330074,302331769
302330074,302331988
302330074,302332097
302330074,302332210
302330074,302332318
302330074,302332604
302330074,302332770
302330074,302332905
302330074,302332985
302330590,302330074
302330780,302330074
302330884,302330074
302330980,302330074
302331252,302330074
302331452,302330074
302331672,302330074
302331769,302330074
302331988,302330074
302332097,302330074
302332210,302330074
302332318,302330074
302332604,302330074
302332770,302330074
302332905,302330074
302332985,302330074
302333118,302333290
302333118,302333453
302333290,302333118
302333453,302333118
302333536,302333995
302333536,302334182
302333536,302334342
302333536,302334448
302333536,302334605
302333536,302334787
302333536,302334900
302333536,302335056
302333536,302335158
302333536,302335250
302333536,302335352
302333536,302335524
302333536,302335677
302333536,302335790
302333995,302333536
302334182,302333536
302334342,302333536
302334448,302333536
302334605,302333536
302334787,302333536
302334900,302333536
302335056,302333536
302335158,302333536
302335250,302333536
302335352,302333536
302335524,302333536
302335677,302333536
302335790,302333536
302335859,302336166
302335859,302336438
302335859,302336580
302335859,302336695
302335859,302336845
302336166,302335859
302336438,302335859
302336580,302335859
302336695,302335859
302336845,302335859
302336910,302337010
302337010,302336910
302337102,302337366
302337102,302337588
302337102,302337672
302337366,302337102
302337588,302337102
302337672,302337102
302337784,302338001
302338001,302337784
302338193,302338424
302338193,302338581
302338424,302338193
302338581,302338193
302338780,302338952
302338780,302339105
302338780,302339343
302338952,302338780
302339105,302338780
302339343,302338780
302339765,302340349
302339765,302340476
302339765,302340583
302339765,302340949
302339765,302341040
302339765,302341183
302339765,302341304
302339765,302341480
302339765,302341661
302339765,302341848
302339765,302341980
302339765,302342143
302339765,302342348
302339765,302342439
302339765,302342544
302339765,302342726
302339765,302342886
302339765,303186727
302340349,302339765
302340476,302339765
302340583,302339765
302340949,302339765
302341040,302339765
302341183,302339765
302341304,302339765
302341480,302339765
302341661,302339765
302341848,302339765
302341980,302339765
302342143,302339765
302342348,302339765
302342439,302339765
302342544,302339765
302342726,302339765
302342886,302339765
302343119,302343521
302343119,302343684
302343119,302343838
302343119,302344045
302343119,302344225
302343119,302344484
302343119,302344598
302343119,302344956
302343119,302345096
302343119,302345235
302343119,302345309
302343521,302343119
302343684,302343119
302343838,302343119
302344045,302343119
302344225,302343119
302344484,302343119
302344598,302343119
302344956,302343119
302345096,302343119
302345235,302343119
302345309,302343119
302345535,302345918
302345535,302346158
302345535,302346271
302345535,302346412
302345535,302346856
302345535,302346969
302345535,302347158
302345535,302347306
302345535,302347420
302345918,302345535
302346158,302345535
302346271,302345535
302346412,302345535
302346856,302345535
302346969,302345535
302347158,302345535
302347306,302345535
302347420,302345535
302347520,302347777
302347520,302347937
302347520,302348082
302347777,302347520
302347937,302347520
302348082,302347520
302348217,302348486
302348217,302348645
302348217,302348744
302348217,302348944
302348486,302348217
302348645,302348217
302348744,302348217
302348944,302348217
302349218,302349456
302349218,302349644
302349218,302349817
302349218,302349970
302349456,302349218
302349644,302349218
302349817,302349218
302349970,302349218
302350144,302350567
302350144,302350703
302350144,302351125
302350144,302351207
302350144,302351343
302350144,302351609
302350144,302351727
302350144,302351868
302350144,302351979
302350567,302350144
302350703,302350144
302351125,302350144
302351207,302350144
302351343,302350144
302351609,302350144
302351727,302350144
302351868,302350144
302351979,302350144
302352118,302352545
302352118,302352641
302352118,302352986
302352118,302353101
302352118,302353226
302352118,302353383
302352118,302353520
302352118,302353639
302352118,302353785
302352118,302353919
302352118,302354073
302352118,302354282
302352118,302354388
302352545,302352118
302352641,302352118
302352986,302352118
302353101,302352118
302353226,302352118
302353383,302352118
302353520,302352118
302353639,302352118
302353785,302352118
302353919,302352118
302354073,302352118
302354282,302352118
302354388,302352118
302354508,302354789
302354508,302354992
302354789,302354508
302354992,302354508
302355103,302355413
302355103,302355558
302355103,302355934
302355103,302356075
302355103,302356304
302355413,302355103
302355558,302355103
302355934,302355103
302356075,302355103
302356304,302355103
302356413,302356658
302356413,302356783
302356413,302356871
302356413,302356943
302356658,302356413
302356783,302356413
302356871,302356413
302356943,302356413
302357073,302357214
302357073,302357289
302357214,302357073
302357289,302357073
302357361,302357663
302357361,302357923
302357361,302358144
302357361,302358354
302357361,302358568
302357361,302358780
302357361,302358873
302357663,302357361
302357923,302357361
302358144,302357361
302358354,302357361
302358568,302357361
302358780,302357361
302358873,302357361
302358990,302359235
302358990,302359487
302358990,302359655
302358990,302359791
302358990,302359909
302359235,302358990
302359487,302358990
302359655,302358990
302359791,302358990
302359909,302358990
302360043,302360695
302360043,302361027
302360043,302361140
302360043,302361294
302360043,302361439
302360043,302361609
302360043,302361730
302360043,302361941
302360043,302362306
302360043,302362445
302360043,302362564
302360043,302362690
302360043,302362859
302360043,302363039
302360043,302363194
302360043,302363364
302360043,302363535
302360043,302363675
302360043,302363806
302360043,302363964
302360043,302364085
302360043,302364290
302360043,302364486
302360695,302360043
302361027,302360043
302361140,302360043
302361294,302360043
302361439,302360043
302361609,302360043
302361730,302360043
302361941,302360043
302362306,302360043
302362445,302360043
302362564,302360043
302362690,302360043
302362859,302360043
302363039,302360043
302363194,302360043
302363364,302360043
302363535,302360043
302363675,302360043
302363806,302360043
302363964,302360043
302364085,302360043
302364290,302360043
302364486,302360043
302364564,302365005
302364564,302365151
302364564,302365305
302364564,302365534
302364564,302365643
302364564,302365896
302364564,302366127
302364564,302366220
302364564,302366428
302364564,302366713
302364564,302366835
302364564,302366910
302364564,302367088
302364564,302367261
302364564,302367486
302364564,302367631
302364564,302367722
302365005,302364564
302365151,302364564
302365305,302364564
302365534,302364564
302365643,302364564
302365896,302364564
302366127,302364564
302366220,302364564
302366428,302364564
302366713,302364564
302366835,302364564
302366910,302364564
302367088,302364564
302367261,302364564
302367486,302364564
302367631,302364564
302367722,302364564
302368193,302368349
302368193,302368495
302368193,302368620
302368349,302368193
302368495,302368193
302368620,302368193
302368823,302368950
302368950,302368823
302369699,302369936
302369936,302369699
302370075,302370410
302370075,302370495
302370075,302370592
302370075,302370716
302370075,302370853
302370075,302371055
302370075,302371348
302370075,302371513
302370410,302370075
302370495,302370075
302370592,302370075
302370716,302370075
302370853,302370075
302371055,302370075
302371348,302370075
302371513,302370075
302371661,302371832
302371661,302371932
302371832,302371661
302371932,302371661
302372010,302372228
302372228,302372010
302372386,302372571
302372386,302372848
302372386,302372959
302372571,302372386
302372848,302372386
302372959,302372386
302373067,302373209
302373067,302373361
302373209,302373067
302373361,302373067
302373489,302373594
302373489,302373763
302373594,302373489
302373763,302373489
302373897,302374257
302373897,302374608
302373897,302374758
302373897,302374881
302373897,302375408
302373897,302375607
302374257,302373897
302374608,302373897
302374758,302373897
302374881,302373897
302375408,302373897
302375607,302373897
302375793,302375942
302375793,302376075
302375942,302375793
302376075,302375793
302376183,302376369
302376369,302376183
302376478,302376685
302376685,302376478
302376842,302377173
302376842,302377640
302376842,302378012
302376842,302378124
302376842,302378260
302376842,302378413
302377173,302376842
302377640,302376842
302378012,302376842
302378124,302376842
302378260,302376842
302378413,302376842
302378827,302379152
302378827,302379321
302378827,302379534
302379152,302378827
302379321,302378827
302379534,302378827
302379811,302380315
302379811,302380696
302379811,302380911
302379811,302381218
302379811,302381400
302379811,302381548
302379811,302381722
302379811,302381873
302379811,302382096
302379811,302382292
302379811,302382481
302379811,302382554
302380315,302379811
302380696,302379811
302380911,302379811
302381218,302379811
302381400,302379811
302381548,302379811
302381722,302379811
302381873,302379811
302382096,302379811
302382292,302379811
302382481,302379811
302382554,302379811
302382746,302383002
302382746,302383199
302382746,302383327
302382746,302383454
302382746,302383637
302382746,302383739
302383002,302382746
302383199,302382746
302383327,302382746
302383454,302382746
302383637,302382746
302383739,302382746
302383840,302384113
302383840,302384226
302383840,302384346
302383840,302384534
302384113,302383840
302384226,302383840
302384346,302383840
302384534,302383840
302384789,302385186
302384789,302385310
302384789,302385488
302385186,302384789
302385310,302384789
302385488,302384789
302385610,302385793
302385610,302385902
302385610,302386046
302385793,302385610
302385902,302385610
302386046,302385610
302386144,302386355
302386355,302386144
302386523,302386747
302386523,302386905
302386747,302386523
302386905,302386523
302387213,302387496
302387213,302387575
302387213,302387675
302387496,302387213
302387575,302387213
302387675,302387213
302387764,302387994
302387764,302388146
302387994,302387764
302388146,302387764
302388215,302388455
302388215,302388607
302388215,302388763
302388215,302388888
302388215,302389111
302388455,302388215
302388607,302388215
302388763,302388215
302388888,302388215
302389111,302388215
302389191,302389297
302389297,302389191
302389417,302389511
302389511,302389417
302389757,302390053
302390053,302389757
302390180,302390322
302390180,302390505
302390322,302390180
302390505,302390180
302390771,302390924
302390924,302390771
302391147,302391547
302391147,302391732
302391147,302391863
302391147,302391949
302391147,302392126
302391147,302392384
302391147,302392488
302391147,302392742
302391147,302392900
302391547,302391147
302391732,302391147
302391863,302391147
302391949,302391147
302392126,302391147
302392384,302391147
302392488,302391147
302392742,302391147
302392900,302391147
302393032,302393319
302393032,302393432
302393032,302393714
302393319,302393032
302393432,302393032
302393714,302393032
302393804,302394012
302394012,302393804
302394372,302394770
302394372,302394950
302394372,302395098
302394770,302394372
302394950,302394372
302395098,302394372
302395287,302395577
302395577,302395287
302397243,302397784
302397243,302397940
302397243,302398089
302397243,302398465
302397243,302398750
302397243,302398916
302397243,302399048
302397784,302397243
302397940,302397243
302398089,302397243
302398465,302397243
302398750,302397243
302398916,302397243
302399048,302397243
302399188,302399413
302399188,302399518
302399188,302399818
302399188,302399951
302399413,302399188
302399518,302399188
302399818,302399188
302399951,302399188
302400895,302401088
302400895,302401206
302401088,302400895
302401206,302400895
302401357,302401556
302401357,302401745
302401357,302402005
302401357,302402189
302401357,302402387
302401556,302401357
302401745,302401357
302402005,302401357
302402189,302401357
302402387,302401357
302403013,302403197
302403013,302403342
302403197,302403013
302403342,302403013
302403464,302403710
302403710,302403464
302404016,302404305
302404305,302404016
302404735,302405125
302404735,302405359
302404735,302405491
302404735,302405642
302404735,302405765
302404735,302405946
302404735,302406059
302404735,302406186
302405125,302404735
302405359,302404735
302405491,302404735
302405642,302404735
302405765,302404735
302405946,302404735
302406059,302404735
302406186,302404735
302406253,302406668
302406253,302407119
302406253,302407386
302406253,302407514
302406253,302407694
302406253,302407794
302406668,302406253
302407119,302406253
302407386,302406253
302407514,302406253
302407694,302406253
302407794,302406253
302407869,302408165
302407869,302408320
302407869,302408497
302407869,302408645
302407869,302408823
302408165,302407869
302408320,302407869
302408497,302407869
302408645,302407869
302408823,302407869
302408944,302409244
302408944,302409373
302408944,302409443
302408944,302409557
302409244,302408944
302409373,302408944
302409443,302408944
302409557,302408944
302409670,302409918
302409918,302409670
302410059,302410293
302410059,302410448
302410059,302410727
302410059,302411067
302410293,302410059
302410448,302410059
302410727,302410059
302411067,302410059
302411180,302411408
302411408,302411180
302411860,302412131
302411860,302412262
302412131,302411860
302412262,302411860
302412603,302412811
302412603,302412945
302412811,302412603
302412945,302412603
302413126,302413395
302413126,302413516
302413126,302414091
302413126,302414212
302413126,302414518
302413126,302414776
302413395,302413126
302413516,302413126
302414091,302413126
302414212,302413126
302414518,302413126
302414776,302413126
302414916,302415646
302414916,302415746
302414916,302415934
302414916,302416104
302414916,302416191
302414916,302416321
302414916,302416415
302414916,302416556
302414916,302416747
302414916,302416955
302414916,302417070
302414916,302417332
302414916,302417480
302414916,302417568
302414916,302417805
302414916,302417953
302414916,302418031
302414916,302418129
302414916,302418255
302414916,302418378
302414916,302418582
302414916,302418748
302414916,302418903
302414916,302418989
302414916,302419151
302414916,302419234
302415646,302414916
302415746,302414916
302415934,302414916
302416104,302414916
302416191,302414916
302416321,302414916
302416415,302414916
302416556,302414916
302416747,302414916
302416955,302414916
302417070,302414916
302417332,302414916
302417480,302414916
302417568,302414916
302417805,302414916
302417953,302414916
302418031,302414916
302418129,302414916
302418255,302414916
302418378,302414916
302418582,302414916
302418748,302414916
302418903,302414916
302418989,302414916
302419151,302414916
302419234,302414916
302419374,302419570
302419374,302419977
302419374,302420100
302419570,302419374
302419977,302419374
302420100,302419374
302420193,302420446
302420193,302420603
302420193,302420699
302420446,302420193
302420603,302420193
302420699,302420193
302420942,302421209
302420942,302421301
302420942,302421458
302421209,302420942
302421301,302420942
302421458,302420942
302421603,302421876
302421603,302422091
302421876,302421603
302422091,302421603
302422281,302422452
302422452,302422281
302422572,302422859
302422572,302422956
302422859,302422572
302422956,302422572
302423219,302423414
302423219,302423518
302423414,302423219
302423518,302423219
302423684,302423950
302423684,302424087
302423684,302424231
302423684,302424346
302423684,302424611
302423684,302424734
302423684,302424809
302423950,302423684
302424087,302423684
302424231,302423684
302424346,302423684
302424611,302423684
302424734,302423684
302424809,302423684
302424953,302425127
302425127,302424953
302425419,302425770
302425419,302425898
302425419,302426052
302425419,302426259
302425419,302426474
302425419,302426744
302425419,302426894
302425419,302427012
302425419,302427145
302425419,302427297
302425419,302427451
302425770,302425419
302425898,302425419
302426052,302425419
302426259,302425419
302426474,302425419
302426744,302425419
302426894,302425419
302427012,302425419
302427145,302425419
302427297,302425419
302427451,302425419
302427708,302427960
302427708,302428117
302427708,302428246
302427960,302427708
302428117,302427708
302428246,302427708
302428717,302428899
302428717,302429083
302428717,302429201
302428899,302428717
302429083,302428717
302429201,302428717
302430499,302431089
302430499,302431222
302430499,302431330
302430499,302431428
302430499,302431553
302430499,302431665
302430499,302431789
302430499,302431904
302430499,302432019
302430499,302432165
302431089,302430499
302431222,302430499
302431330,302430499
302431428,302430499
302431553,302430499
302431665,302430499
302431789,302430499
302431904,302430499
302432019,302430499
302432165,302430499
302432270,302432838
302432270,302432986
302432270,302433143
302432270,302433327
302432270,302433496
302432270,302433957
302432270,302434137
302432270,302434294
302432270,302434415
302432270,302434592
302432270,302434691
302432270,302434841
302432270,302435000
302432270,302435117
302432270,302435264
302432270,302435386
302432838,302432270
302432986,302432270
302433143,302432270
302433327,302432270
302433496,302432270
302433957,302432270
302434137,302432270
302434294,302432270
302434415,302432270
302434592,302432270
302434691,302432270
302434841,302432270
302435000,302432270
302435117,302432270
302435264,302432270
302435386,302432270
302435482,302435856
302435482,302436030
302435482,302436128
302435482,302436377
302435482,302436482
302435482,302436702
302435482,302436857
302435482,302436990
302435482,302437120
302435482,302437262
302435856,302435482
302436030,302435482
302436128,302435482
302436377,302435482
302436482,302435482
302436702,302435482
302436857,302435482
302436990,302435482
302437120,302435482
302437262,302435482
302437393,302437703
302437393,302437817
302437703,302437393
302437817,302437393
302437987,302438185
302437987,302438341
302437987,302438505
302438185,302437987
302438341,302437987
302438505,302437987
302438631,302438785
302438785,302438631
302438965,302439252
302438965,302439506
302438965,302440008
302438965,302440160
302438965,302440290
302438965,302440465
302439252,302438965
302439506,302438965
302440008,302438965
302440160,302438965
302440290,302438965
302440465,302438965
302440605,302440832
302440605,302441078
302440832,302440605
302441078,302440605
302441233,302441439
302441233,302441858
302441233,302441944
302441439,302441233
302441858,302441233
302441944,302441233
302442094,302442268
302442094,302442525
302442094,302442618
302442268,302442094
302442525,302442094
302442618,302442094
302442711,302443099
302442711,302443309
302442711,302443457
302442711,302443588
302442711,302443674
302442711,302443879
302442711,302443995
302442711,302444109
302443099,302442711
302443309,302442711
302443457,302442711
302443588,302442711
302443674,302442711
302443879,302442711
302443995,302442711
302444109,302442711
302444268,302444749
302444268,302445020
302444268,302445293
302444268,302445603
302444268,302445823
302444268,302446135
302444268,302446363
302444268,302446525
302444268,302446674
302444268,302446803
302444268,302447041
302444749,302444268
302445020,302444268
302445293,302444268
302445603,302444268
302445823,302444268
302446135,302444268
302446363,302444268
302446525,302444268
302446674,302444268
302446803,302444268
302447041,302444268
302447239,302447564
302447239,302447746
302447239,302447870
302447239,302448034
302447239,302448133
302447239,302448302
302447239,302448403
302447564,302447239
302447746,302447239
302447870,302447239
302448034,302447239
302448133,302447239
302448302,302447239
302448403,302447239
302448529,302448762
302448529,302448962
302448529,302449036
302448762,302448529
302448962,302448529
302449036,302448529
302449334,302449508
302449334,302449592
302449508,302449334
302449592,302449334
302449702,302449852
302449702,302450011
302449852,302449702
302450011,302449702
302450512,302450719
302450719,302450512
302450912,302451180
302450912,302451334
302450912,302451418
302450912,302451507
302450912,302451596
302450912,302451685
302451180,302450912
302451334,302450912
302451418,302450912
302451507,302450912
302451596,302450912
302451685,302450912
302451884,302452310
302451884,302452584
302451884,302452722
302451884,302452842
302451884,302453011
302451884,302453160
302451884,302453526
302451884,302453612
302451884,302454063
302451884,302454143
302451884,302454284
302451884,302454388
302451884,302454485
302451884,302454558
302451884,302454650
302452310,302451884
302452584,302451884
302452722,302451884
302452842,302451884
302453011,302451884
302453160,302451884
302453526,302451884
302453612,302451884
302454063,302451884
302454143,302451884
302454284,302451884
302454388,302451884
302454485,302451884
302454558,302451884
302454650,302451884
302454782,302454974
302454782,302455106
302454974,302454782
302455106,302454782
302455203,302455383
302455203,302455560
302455383,302455203
302455560,302455203
302455848,302456141
302455848,302456265
302455848,302456478
302455848,302456673
302455848,302456808
302456141,302455848
302456265,302455848
302456478,302455848
302456673,302455848
302456808,302455848
302456904,302457114
302457114,302456904
302457185,302457357
302457185,302457558
302457357,302457185
302457558,302457185
302457711,302458025
302457711,302458097
302457711,302458248
302457711,302458416
302457711,302458606
302458025,302457711
302458097,302457711
302458248,302457711
302458416,302457711
302458606,302457711
302458909,302459218
302458909,302459312
302458909,302459394
302458909,302459531
302458909,302459639
302458909,302459788
302458909,302459866
302458909,302459940
302458909,302460062
302459218,302458909
302459312,302458909
302459394,302458909
302459531,302458909
302459639,302458909
302459788,302458909
302459866,302458909
302459940,302458909
302460062,302458909
302460145,302460303
302460145,302460438
302460303,302460145
302460438,302460145
302460512,302460747
302460512,302460855
302460512,302461024
302460747,302460512
302460855,302460512
302461024,302460512
302461279,302461487
302461279,302461602
302461279,302461738
302461487,302461279
302461602,302461279
302461738,302461279
302461821,302461979
302461821,302462075
302461979,302461821
302462075,302461821
302462249,302462393
302462249,302462502
302462249,302462597
302462393,302462249
302462502,302462249
302462597,302462249
302462689,302462791
302462791,302462689
302462881,302463030
302462881,302463193
302462881,302463354
302463030,302462881
302463193,302462881
302463354,302462881
302464094,302464274
302464094,302464378
302464274,302464094
302464378,302464094
302464618,302464846
302464618,302464946
302464618,302465098
302464846,302464618
302464946,302464618
302465098,302464618
302465564,302465678
302465564,302465865
302465678,302465564
302465865,302465564
302466107,302466334
302466107,302466449
302466107,302466541
302466107,302466710
302466107,302466851
302466107,302467022
302466334,302466107
302466449,302466107
302466541,302466107
302466710,302466107
302466851,302466107
302467022,302466107
302467122,302467317
302467122,302467407
302467122,302467580
302467122,302467691
302467317,302467122
302467407,302467122
302467580,302467122
302467691,302467122
302467820,302468045
302467820,302468255
302467820,302468520
302468045,302467820
302468255,302467820
302468520,302467820
302468646,302468804
302468804,302468646
302468955,302469141
302468955,302469267
302469141,302468955
302469267,302468955
302469407,302469695
302469407,302469805
302469695,302469407
302469805,302469407
302469948,302470293
302469948,302470470
302469948,302470711
302469948,302470805
302469948,302470900
302469948,302471048
302470293,302469948
302470470,302469948
302470711,302469948
302470805,302469948
302470900,302469948
302471048,302469948
302471176,302471350
302471176,302471455
302471176,302471550
302471350,302471176
302471455,302471176
302471550,302471176
302471649,302472092
302471649,302472175
302471649,302472369
302472092,302471649
302472175,302471649
302472369,302471649
302472530,302472958
302472530,302473137
302472530,302473345
302472530,302473475
302472958,302472530
302473137,302472530
302473345,302472530
302473475,302472530
302474172,302474326
302474172,302474477
302474326,302474172
302474477,302474172
302474762,302474895
302474895,302474762
302475196,302475331
302475331,302475196
302475515,302475634
302475634,302475515
302475743,302476309
302475743,302476621
302475743,302476994
302475743,302477162
302475743,302477352
302475743,302477508
302475743,302477660
302475743,302478051
302475743,302478425
302475743,302478601
302475743,302478715
302475743,302478934
302475743,302479080
302475743,302479169
302475743,302479363
302475743,302479543
302475743,302479645
302476309,302475743
302476621,302475743
302476994,302475743
302477162,302475743
302477352,302475743
302477508,302475743
302477660,302475743
302478051,302475743
302478425,302475743
302478601,302475743
302478715,302475743
302478934,302475743
302479080,302475743
302479169,302475743
302479363,302475743
302479543,302475743
302479645,302475743
302479781,302480137
302479781,302480339
302479781,302480534
302479781,302480641
302479781,302480771
302479781,302480934
302479781,302481076
302480137,302479781
302480339,302479781
302480534,302479781
302480641,302479781
302480771,302479781
302480934,302479781
302481076,302479781
302481174,302481637
302481174,302481969
302481174,302482112
302481174,302482210
302481637,302481174
302481969,302481174
302482112,302481174
302482210,302481174
302482347,302482713
302482347,302482834
302482347,302482998
302482347,302483112
302482713,302482347
302482834,302482347
302482998,302482347
302483112,302482347
302483242,302483507
302483242,302483653
302483507,302483242
302483653,302483242
302483778,302484210
302483778,302484475
302483778,302484790
302483778,302484962
302483778,302485176
302483778,302485300
302484210,302483778
302484475,302483778
302484790,302483778
302484962,302483778
302485176,302483778
302485300,302483778
302485378,302485800
302485378,302486035
302485378,302486204
302485378,302486591
302485378,302486660
302485800,302485378
302486035,302485378
302486204,302485378
302486591,302485378
302486660,302485378
302486793,302487064
302486793,302487248
302486793,302487414
302487064,302486793
302487248,302486793
302487414,302486793
302488067,302488240
302488067,302488447
302488067,302488663
302488067,302488791
302488067,302488889
302488240,302488067
302488447,302488067
302488663,302488067
302488791,302488067
302488889,302488067
302489007,302489134
302489007,302489219
302489134,302489007
302489219,302489007
302489316,302489818
302489316,302490105
302489316,302490275
302489316,302490454
302489316,302490626
302489818,302489316
302490105,302489316
302490275,302489316
302490454,302489316
302490626,302489316
302490885,302491249
302491249,302490885
302491606,302491824
302491824,302491606
302491963,302492136
302491963,302492262
302491963,302492398
302492136,302491963
302492262,302491963
302492398,302491963
302492578,302492780
302492578,302492933
302492578,302493048
302492578,302493180
302492780,302492578
302492933,302492578
302493048,302492578
302493180,302492578
302493907,302494137
302493907,302494327
302493907,302494439
302493907,302494541
302493907,302494670
302494137,302493907
302494327,302493907
302494439,302493907
302494541,302493907
302494670,302493907
302494761,302494860
302494860,302494761
302494975,302495161
302494975,302495260
302495161,302494975
302495260,302494975
302495458,302495660
302495458,302495785
302495660,302495458
302495785,302495458
302496076,302496214
302496214,302496076
302496388,302496476
302496476,302496388
302496639,302497122
302496639,302497269
302496639,302497421
302496639,302497633
302496639,302497808
302496639,302497972
302496639,302498096
302496639,302498218
302496639,302498318
302496639,302498452
302496639,302498650
302496639,302498817
302496639,302498980
302496639,302499148
302496639,302499269
302496639,302499354
302497122,302496639
302497269,302496639
302497421,302496639
302497633,302496639
302497808,302496639
302497972,302496639
302498096,302496639
302498218,302496639
302498318,302496639
302498452,302496639
302498650,302496639
302498817,302496639
302498980,302496639
302499148,302496639
302499269,302496639
302499354,302496639
302499514,302500126
302499514,302500257
302499514,302500679
302499514,302500807
302499514,302500973
302499514,302501287
302499514,302501403
302499514,302501588
302499514,302501702
302499514,302501853
302499514,302502202
302499514,302502305
302499514,302502456
302499514,302502641
302499514,302502718
302499514,302502799
302499514,302503007
302499514,302503146
302499514,302503357
302499514,302503492
302499514,302503638
302499514,302503780
302499514,302503859
302499514,302504046
302499514,302504159
302500126,302499514
302500257,302499514
302500679,302499514
302500807,302499514
302500973,302499514
302501287,302499514
302501403,302499514
302501588,302499514
302501702,302499514
302501853,302499514
302502202,302499514
302502305,302499514
302502456,302499514
302502641,302499514
302502718,302499514
302502799,302499514
302503007,302499514
302503146,302499514
302503357,302499514
302503492,302499514
302503638,302499514
302503780,302499514
302503859,302499514
302504046,302499514
302504159,302499514
302504540,302504687
302504687,302504540
302504756,302504926
302504926,302504756
302505056,302505378
302505056,302505486
302505056,302505768
302505056,302505899
302505056,302506017
302505056,302506168
302505056,302506337
302505378,302505056
302505486,302505056
302505768,302505056
302505899,302505056
302506017,302505056
302506168,302505056
302506337,302505056
302506499,302506744
302506499,302506895
302506499,302506971
302506499,302507097
302506499,302507274
302506499,302507353
302506499,302507478
302506499,302507647
302506744,302506499
302506895,302506499
302506971,302506499
302507097,302506499
302507274,302506499
302507353,302506499
302507478,302506499
302507647,302506499
302507782,302507958
302507958,302507782
302508095,302508265
302508095,302508391
302508265,302508095
302508391,302508095
302508969,302509158
302509158,302508969
302509299,302509407
302509407,302509299
302510339,302510521
302510521,302510339
302510599,302510815
302510599,302510952
302510815,302510599
302510952,302510599
302511024,302511485
302511024,302511685
302511024,302511803
302511024,302512025
302511024,302512162
302511024,302512275
302511024,302512432
302511024,302512562
302511024,302512690
302511485,302511024
302511685,302511024
302511803,302511024
302512025,302511024
302512162,302511024
302512275,302511024
302512432,302511024
302512562,302511024
302512690,302511024
302512815,302513237
302512815,302513419
302512815,302513573
302512815,302513666
302512815,302513859
302512815,302514015
302512815,302514178
302512815,302514273
302512815,302514452
302513237,302512815
302513419,302512815
302513573,302512815
302513666,302512815
302513859,302512815
302514015,302512815
302514178,302512815
302514273,302512815
302514452,302512815
302514970,302515131
302515131,302514970
302515801,302516035
302515801,302516149
302516035,302515801
302516149,302515801
302516237,302516455
302516237,302516578
302516455,302516237
302516578,302516237
302516814,302517233
302516814,302517324
302516814,302517426
302516814,302517535
302516814,302517693
302516814,302517914
302516814,302518070
302517233,302516814
302517324,302516814
302517426,302516814
302517535,302516814
302517693,302516814
302517914,302516814
302518070,302516814
302518198,302518528
302518198,302518814
302518198,302518901
302518528,302518198
302518814,302518198
302518901,302518198
302519047,302519322
302519322,302519047
302519818,302520146
302519818,302520258
302519818,302520411
302519818,302520621
302519818,302520753
302520146,302519818
302520258,302519818
302520411,302519818
302520621,302519818
302520753,302519818
302520860,302521178
302520860,302521307
302520860,302521507
302520860,302521625
302520860,302521743
302520860,302521836
302520860,302521982
302521178,302520860
302521307,302520860
302521507,302520860
302521625,302520860
302521743,302520860
302521836,302520860
302521982,302520860
302522130,302522493
302522130,302522613
302522130,302522780
302522130,302522939
302522130,302523066
302522130,302523262
302522493,302522130
302522613,302522130
302522780,302522130
302522939,302522130
302523066,302522130
302523262,302522130
302523476,302523781
302523476,302523890
302523476,302524262
302523476,302524355
302523476,302524577
302523476,302524666
302523476,302525017
302523476,302525261
302523476,302525407
302523781,302523476
302523890,302523476
302524262,302523476
302524355,302523476
302524577,302523476
302524666,302523476
302525017,302523476
302525261,302523476
302525407,302523476
302525492,302525919
302525492,302526191
302525492,302526365
302525492,302526502
302525492,302526671
302525492,302526778
302525492,302526980
302525919,302525492
302526191,302525492
302526365,302525492
302526502,302525492
302526671,302525492
302526778,302525492
302526980,302525492
302527079,302527392
302527079,302527630
302527079,302527771
302527392,302527079
302527630,302527079
302527771,302527079
302527918,302528285
302527918,302528585
302527918,302528700
302527918,302528812
302527918,302528891
302527918,302529166
302528285,302527918
302528585,302527918
302528700,302527918
302528812,302527918
302528891,302527918
302529166,302527918
302529689,302529926
302529689,302530081
302529926,302529689
302530081,302529689
302530178,302530329
302530178,302530471
302530178,302530582
302530329,302530178
302530471,302530178
302530582,302530178
302530704,302530896
302530704,302531122
302530704,302531266
302530704,302531396
302530896,302530704
302531122,302530704
302531266,302530704
302531396,302530704
302532016,302532198
302532198,302532016
302532291,302532752
302532291,302532940
302532291,302533212
302532291,302533456
302532291,302533617
302532291,302533746
302532291,302533882
302532291,302534054
302532291,302534207
302532752,302532291
302532940,302532291
302533212,302532291
302533456,302532291
302533617,302532291
302533746,302532291
302533882,302532291
302534054,302532291
302534207,302532291
302534335,302534514
302534514,302534335
302534682,302534934
302534682,302535027
302534934,302534682
302535027,302534682
302535153,302535512
302535153,302535652
302535153,302535797
302535153,302535960
302535153,302536236
302535153,302536418
302535153,302536631
302535512,302535153
302535652,302535153
302535797,302535153
302535960,302535153
302536236,302535153
302536418,302535153
302536631,302535153
302536759,302537225
302536759,302537410
302536759,302537575
302536759,302537744
302536759,302537863
302536759,302537998
302536759,302538118
302536759,302538213
302536759,302538430
302536759,302538597
302537225,302536759
302537410,302536759
302537575,302536759
302537744,302536759
302537863,302536759
302537998,302536759
302538118,302536759
302538213,302536759
302538430,302536759
302538597,302536759
302538693,302539141
302538693,302539245
302538693,302539427
302538693,302539657
302538693,302539802
302538693,302539902
302538693,302540033
302538693,302540284
302538693,302540358
302539141,302538693
302539245,302538693
302539427,302538693
302539657,302538693
302539802,302538693
302539902,302538693
302540033,302538693
302540284,302538693
302540358,302538693
302540602,302540723
302540723,302540602
302540986,302541244
302541244,302540986
302541650,302542124
302541650,302542225
302541650,302542326
302541650,302542437
302541650,302542584
302542124,302541650
302542225,302541650
302542326,302541650
302542437,302541650
302542584,302541650
302542754,302543160
302542754,302543292
302542754,302543400
302542754,302543484
302542754,302543648
302543160,302542754
302543292,302542754
302543400,302542754
302543484,302542754
302543648,302542754
302543949,302544201
302543949,302544470
302543949,302544624
302544201,302543949
302544470,302543949
302544624,302543949
302544807,302545196
302544807,302545399
302544807,302545564
302544807,302545724
302544807,302545877
302544807,302545975
302544807,302546095
302544807,302546220
302544807,302546432
302544807,302546590
302545196,302544807
302545399,302544807
302545564,302544807
302545724,302544807
302545877,302544807
302545975,302544807
302546095,302544807
302546220,302544807
302546432,302544807
302546590,302544807
302546738,302547129
302546738,302547264
302546738,302547408
302546738,302547593
302546738,302547656
302546738,302547973
302546738,302548143
302546738,302548257
302547129,302546738
302547264,302546738
302547408,302546738
302547593,302546738
302547656,302546738
302547973,302546738
302548143,302546738
302548257,302546738
302548458,302548753
302548458,302548935
302548458,302549022
302548458,302549121
302548753,302548458
302548935,302548458
302549022,302548458
302549121,302548458
302549267,302549617
302549267,302549776
302549267,302550010
302549267,302550136
302549267,302550379
302549267,302550476
302549267,302550588
302549267,302550714
302549267,302550815
302549267,302550928
302549617,302549267
302549776,302549267
302550010,302549267
302550136,302549267
302550379,302549267
302550476,302549267
302550588,302549267
302550714,302549267
302550815,302549267
302550928,302549267
302551044,302551361
302551044,302551541
302551044,302551639
302551361,302551044
302551541,302551044
302551639,302551044
302551725,302552062
302551725,302552150
302551725,302552254
302551725,302552388
302551725,302552461
302552062,302551725
302552150,302551725
302552254,302551725
302552388,302551725
302552461,302551725
302552629,302552890
302552629,302553011
302552890,302552629
302553011,302552629
302553189,302553542
302553542,302553189
302553686,302553897
302553897,302553686
302553983,302554232
302554232,302553983
302554342,302554515
302554515,302554342
302554732,302554909
302554909,302554732
302555392,302555534
302555534,302555392
302555662,302555894
302555894,302555662
302556729,302557013
302556729,302557187
302556729,302557385
302556729,302557497
302556729,302557691
302556729,302557886
302556729,302558040
302556729,302558282
302556729,302558492
302556729,302558579
302557013,302556729
302557187,302556729
302557385,302556729
302557497,302556729
302557691,302556729
302557886,302556729
302558040,302556729
302558282,302556729
302558492,302556729
302558579,302556729
302558714,302558885
302558714,302559155
302558714,302559325
302558714,302559487
302558714,302559610
302558885,302558714
302559155,302558714
302559325,302558714
302559487,302558714
302559610,302558714
302559717,302559870
302559717,302560002
302559870,302559717
302560002,302559717
302560133,302560322
302560133,302560460
302560133,302560581
302560133,302560727
302560322,302560133
302560460,302560133
302560581,302560133
302560727,302560133
302562482,302562722
302562722,302562482
302562868,302563189
302562868,302563302
302563189,302562868
302563302,302562868
302563593,302564457
302563593,302564565
302563593,302564634
302563593,302564984
302563593,302565187
302563593,302565343
302563593,302565458
302563593,302565633
302563593,302565745
302563593,302565907
302563593,302566132
302563593,302566243
302563593,302566357
302563593,302566736
302563593,302566834
302563593,302567201
302563593,302567332
302563593,302567477
302563593,302567566
302563593,302567694
302563593,302567793
302563593,302567901
302563593,302567998
302563593,302568183
302563593,302568298
302563593,302568425
302563593,302568625
302563593,302568835
302563593,302568933
302563593,302569022
302563593,302569163
302563593,302569440
302563593,302569526
302563593,303187515
302564457,302563593
302564565,302563593
302564634,302563593
302564984,302563593
302565187,302563593
302565343,302563593
302565458,302563593
302565633,302563593
302565745,302563593
302565907,302563593
302566132,302563593
302566243,302563593
302566357,302563593
302566736,302563593
302566834,302563593
302567201,302563593
302567332,302563593
302567477,302563593
302567566,302563593
302567694,302563593
302567793,302563593
302567901,302563593
302567998,302563593
302568183,302563593
302568298,302563593
302568425,302563593
302568625,302563593
302568835,302563593
302568933,302563593
302569022,302563593
302569163,302563593
302569440,302563593
302569526,302563593
302569626,302570171
302569626,302570262
302569626,302570375
302569626,302570928
302569626,302571129
302569626,302571341
302569626,302571543
302569626,302571702
302569626,302571878
302569626,302572000
302569626,302572166
302569626,302572332
302569626,302572479
302569626,302572641
302569626,302572825
302569626,302573012
302569626,302573199
302569626,302573377
302569626,302573449
302569626,302573567
302570171,302569626
302570262,302569626
302570375,302569626
302570928,302569626
302571129,302569626
302571341,302569626
302571543,302569626
302571702,302569626
302571878,302569626
302572000,302569626
302572166,302569626
302572332,302569626
302572479,302569626
302572641,302569626
302572825,302569626
302573012,302569626
302573199,302569626
302573377,302569626
302573449,302569626
302573567,302569626
302573688,302574254
302573688,302574530
302573688,302574623
302573688,302574723
302573688,302574954
302573688,302575157
302573688,302575325
302573688,302575445
302573688,302575542
302573688,302575868
302573688,302576033
302573688,302576105
302573688,302576210
302573688,302576327
302573688,302576448
302574254,302573688
302574530,302573688
302574623,302573688
302574723,302573688
302574954,302573688
302575157,302573688
302575325,302573688
302575445,302573688
302575542,302573688
302575868,302573688
302576033,302573688
302576105,302573688
302576210,302573688
302576327,302573688
302576448,302573688
302576575,302576728
302576728,302576575
302576854,302576971
302576971,302576854
302578262,302578537
302578262,302578710
302578262,302578876
302578537,302578262
302578710,302578262
302578876,302578262
302579028,302579209
302579028,302579331
302579028,302579453
302579209,302579028
302579331,302579028
302579453,302579028
302579665,302580027
302579665,302580340
302579665,302580492
302579665,302580837
302579665,302581076
302579665,302581305
302580027,302579665
302580340,302579665
302580492,302579665
302580837,302579665
302581076,302579665
302581305,302579665
302581489,302581843
302581489,302582003
302581489,302582131
302581489,302582304
302581489,302582671
302581843,302581489
302582003,302581489
302582131,302581489
302582304,302581489
302582671,302581489
302582817,302583283
302582817,302583392
302582817,302583571
302582817,302583660
302582817,302583759
302582817,302583829
302582817,302584021
302583283,302582817
302583392,302582817
302583571,302582817
302583660,302582817
302583759,302582817
302583829,302582817
302584021,302582817
302584157,302584504
302584157,302584637
302584157,302584753
302584157,302584835
302584157,302584974
302584157,302585074
302584157,302585178
302584504,302584157
302584637,302584157
302584753,302584157
302584835,302584157
302584974,302584157
302585074,302584157
302585178,302584157
302585337,302585463
302585463,302585337
302585581,302585737
302585737,302585581
302585998,302586294
302585998,302586601
302586294,302585998
302586601,302585998
302586817,302586954
302586817,302587081
302586954,302586817
302587081,302586817
302587257,302587598
302587257,302587696
302587257,302587854
302587257,302587972
302587257,302588072
302587257,302588210
302587598,302587257
302587696,302587257
302587854,302587257
302587972,302587257
302588072,302587257
302588210,302587257
302588286,302588539
302588286,302588693
302588539,302588286
302588693,302588286
302588884,302589201
302588884,302589365
302588884,302589557
302588884,302589677
302588884,302589822
302588884,302589899
302588884,302590002
302588884,302590083
302588884,302590160
302588884,302590276
302589201,302588884
302589365,302588884
302589557,302588884
302589677,302588884
302589822,302588884
302589899,302588884
302590002,302588884
302590083,302588884
302590160,302588884
302590276,302588884
302590369,302590473
302590369,302590564
302590473,302590369
302590564,302590369
302590640,302590822
302590640,302590976
302590822,302590640
302590976,302590640
302591222,302591546
302591222,302591650
302591222,302592037
302591222,302592138
302591222,302592275
302591546,302591222
302591650,302591222
302592037,302591222
302592138,302591222
302592275,302591222
302592374,302592754
302592374,302593396
302592374,302593635
302592374,302593943
302592374,302594078
302592374,302594307
302592374,302594460
302592374,302594698
302592754,302592374
302593396,302592374
302593635,302592374
302593943,302592374
302594078,302592374
302594307,302592374
302594460,302592374
302594698,302592374
302594864,302595233
302594864,302595484
302594864,302595754
302594864,302595905
302594864,302596033
302594864,302596138
302594864,302596234
302594864,302596340
302594864,302596527
302594864,302596660
302594864,302596752
302594864,302596936
302595233,302594864
302595484,302594864
302595754,302594864
302595905,302594864
302596033,302594864
302596138,302594864
302596234,302594864
302596340,302594864
302596527,302594864
302596660,302594864
302596752,302594864
302596936,302594864
302597054,302597184
302597054,302597284
302597184,302597054
302597284,302597054
302597376,302597699
302597376,302597779
302597376,302597880
302597376,302597998
302597376,302598104
302597376,302598269
302597376,302598411
302597376,302598535
302597699,302597376
302597779,302597376
302597880,302597376
302597998,302597376
302598104,302597376
302598269,302597376
302598411,302597376
302598535,302597376
302598703,302598841
302598703,302598964
302598841,302598703
302598964,302598703
302599107,302599499
302599107,302599779
302599107,302599952
302599107,302600080
302599499,302599107
302599779,302599107
302599952,302599107
302600080,302599107
302600280,302600592
302600280,302600940
302600280,302601182
302600280,302601409
302600592,302600280
302600940,302600280
302601182,302600280
302601409,302600280
302601515,302601806
302601515,302601910
302601806,302601515
302601910,302601515
302601998,302602172
302601998,302602313
302602172,302601998
302602313,302601998
302602495,302603093
302602495,302603218
302602495,302603300
302602495,302603411
302602495,302603576
302602495,302603877
302602495,302604116
302602495,302604215
302602495,302604321
302602495,302604525
302602495,302604654
302602495,302604749
302602495,302604925
302602495,302605095
302602495,302605323
302602495,302605520
302602495,302605672
302602495,302605951
302602495,302606084
302602495,302606256
302602495,302606400
302602495,302606512
302602495,302606663
302603093,302602495
302603218,302602495
302603300,302602495
302603411,302602495
302603576,302602495
302603877,302602495
302604116,302602495
302604215,302602495
302604321,302602495
302604525,302602495
302604654,302602495
302604749,302602495
302604925,302602495
302605095,302602495
302605323,302602495
302605520,302602495
302605672,302602495
302605951,302602495
302606084,302602495
302606256,302602495
302606400,302602495
302606512,302602495
302606663,302602495
302606752,302606870
302606870,302606752
302607034,302607598
302607034,302607972
302607034,302608148
302607034,302608265
302607034,302608526
302607034,302608688
302607034,302608827
302607034,302609037
302607034,302609215
302607034,302609361
302607034,302609510
302607034,302609692
302607034,302609890
302607598,302607034
302607972,302607034
302608148,302607034
302608265,302607034
302608526,302607034
302608688,302607034
302608827,302607034
302609037,302607034
302609215,302607034
302609361,302607034
302609510,302607034
302609692,302607034
302609890,302607034
302610053,302610375
302610053,302610481
302610053,302610601
302610375,302610053
302610481,302610053
302610601,302610053
302610718,302610871
302610871,302610718
302611042,302611214
302611042,302611358
302611214,302611042
302611358,302611042
302611507,302611686
302611686,302611507
302612013,302612124
302612124,302612013
302613044,302613195
302613195,302613044
302614846,302615080
302615080,302614846
302615225,302615538
302615538,302615225
302616674,302616900
302616900,302616674
302618423,302618587
302618423,302618689
302618423,302618771
302618423,302618866
302618587,302618423
302618689,302618423
302618771,302618423
302618866,302618423
302619076,302619206
302619076,302619290
302619206,302619076
302619290,302619076
302619457,302619578
302619457,302619657
302619578,302619457
302619657,302619457
302619966,302620125
302620125,302619966
303179767,300836580
303180028,301253211
303180125,300369417
303180262,301881901
303180721,300836580
303180914,301836831
303181773,301526518
303181898,301675015
303182537,300271698
303182648,301881901
303183343,301115311
303183898,300833397
303184047,301018431
303184185,301490884
303184973,301835005
303185157,300085846
303185276,300308281
303185357,300222970
303185441,301400909
303185530,301132181
303185625,301598680
303185750,301432575
303185862,300444015
303186176,301814697
303186294,301474251
303186727,302339765
303186814,300804823
303186897,300222970
303186961,300812278
303187156,300287117
303187251,301443228
303187336,301447768
303187515,302563593
303187644,301132181
303187734,300996192
303187894,300195008
